cargo_id,t_index,temperature_c,target_temp_c,is_anomalous_series
CARGO-1000,0,-79.7867569086145,-80,0
CARGO-1000,1,-79.67366711551061,-80,0
CARGO-1000,2,-80.21607432274438,-80,0
CARGO-1000,3,-80.64365147717126,-80,0
CARGO-1000,4,-79.91097024221718,-80,0
CARGO-1000,5,-79.98375917789018,-80,0
CARGO-1000,6,-80.32435678926994,-80,0
CARGO-1000,7,-80.03728450964881,-80,0
CARGO-1000,8,-80.84132830688984,-80,0
CARGO-1000,9,-80.018275282154,-80,0
CARGO-1000,10,-80.07438185340955,-80,0
CARGO-1000,11,-79.61908363549243,-80,0
CARGO-1000,12,-79.94330774191187,-80,0
CARGO-1000,13,-79.98765284327533,-80,0
CARGO-1000,14,-79.4348923621649,-80,0
CARGO-1000,15,-80.26450758639729,-80,0
CARGO-1000,16,-80.46566598310133,-80,0
CARGO-1000,17,-79.74192995276229,-80,0
CARGO-1000,18,-79.70421436820726,-80,0
CARGO-1000,19,-79.69252719278181,-80,0
CARGO-1000,20,-80.08062878538153,-80,0
CARGO-1000,21,-80.2074143265739,-80,0
CARGO-1000,22,-80.3666836997003,-80,0
CARGO-1000,23,-80.25478641047295,-80,0
CARGO-1000,24,-80.44114767653825,-80,0
CARGO-1000,25,-80.12950384585481,-80,0
CARGO-1000,26,-79.49641659455823,-80,0
CARGO-1000,27,-80.16934218613797,-80,0
CARGO-1000,28,-79.95949955459946,-80,0
CARGO-1000,29,-79.84440907930701,-80,0
CARGO-1000,30,-80.12393386224122,-80,0
CARGO-1000,31,-80.13401076078382,-80,0
CARGO-1000,32,-79.63265449016397,-80,0
CARGO-1000,33,-79.97145434167548,-80,0
CARGO-1000,34,-79.68453458614734,-80,0
CARGO-1000,35,-79.31235256506011,-80,0
CARGO-1000,36,-80.29060211870149,-80,0
CARGO-1000,37,-80.08060439592239,-80,0
CARGO-1000,38,-80.06541584142948,-80,0
CARGO-1000,39,-80.17729123097745,-80,0
CARGO-1000,40,-80.1541591540745,-80,0
CARGO-1000,41,-79.60391001253922,-80,0
CARGO-1000,42,-80.00124393284311,-80,0
CARGO-1000,43,-79.28102127674585,-80,0
CARGO-1000,44,-80.1574404213978,-80,0
CARGO-1000,45,-79.59230883936605,-80,0
CARGO-1000,46,-79.52562028778934,-80,0
CARGO-1000,47,-80.07753486830968,-80,0
CARGO-1000,48,-79.92327689467915,-80,0
CARGO-1000,49,-79.79952605704668,-80,0
CARGO-1000,50,-80.22870513464966,-80,0
CARGO-1000,51,-79.5538929633811,-80,0
CARGO-1000,52,-80.30776257373395,-80,0
CARGO-1000,53,-80.21790789674904,-80,0
CARGO-1000,54,-80.21041722401029,-80,0
CARGO-1000,55,-79.97975419588572,-80,0
CARGO-1000,56,-79.9512957315781,-80,0
CARGO-1000,57,-80.22821017378283,-80,0
CARGO-1000,58,-80.06656405834289,-80,0
CARGO-1000,59,-80.38199816799182,-80,0
CARGO-1000,60,-79.69588659233452,-80,0
CARGO-1000,61,-79.8368883602729,-80,0
CARGO-1000,62,-80.14169740013617,-80,0
CARGO-1000,63,-80.08574150154551,-80,0
CARGO-1000,64,-80.23478920820786,-80,0
CARGO-1000,65,-80.30738256809622,-80,0
CARGO-1000,66,-80.35388061612237,-80,0
CARGO-1000,67,-80.31306791647845,-80,0
CARGO-1000,68,-79.73616374191572,-80,0
CARGO-1000,69,-79.71679654624562,-80,0
CARGO-1000,70,-80.43810175670548,-80,0
CARGO-1000,71,-79.81826302757439,-80,0
CARGO-1000,72,-80.39003918053854,-80,0
CARGO-1000,73,-79.78383078181254,-80,0
CARGO-1000,74,-79.9750930676598,-80,0
CARGO-1000,75,-80.14931440121127,-80,0
CARGO-1000,76,-79.87283454440426,-80,0
CARGO-1000,77,-79.59034789847561,-80,0
CARGO-1000,78,-80.55253869232277,-80,0
CARGO-1000,79,-79.63996204267993,-80,0
CARGO-1000,80,-80.22236161224232,-80,0
CARGO-1000,81,-79.55676466739355,-80,0
CARGO-1000,82,-79.71628951324695,-80,0
CARGO-1000,83,-80.296565299389,-80,0
CARGO-1000,84,-80.1332346915046,-80,0
CARGO-1000,85,-79.82448785655448,-80,0
CARGO-1000,86,-79.67976179092888,-80,0
CARGO-1000,87,-79.82249001874915,-80,0
CARGO-1000,88,-79.85674705664455,-80,0
CARGO-1000,89,-80.1664642591371,-80,0
CARGO-1000,90,-79.96086494353204,-80,0
CARGO-1000,91,-79.98459325413542,-80,0
CARGO-1000,92,-80.4167975369277,-80,0
CARGO-1000,93,-79.86931443119629,-80,0
CARGO-1000,94,-80.08088363494468,-80,0
CARGO-1000,95,-79.54395818558882,-80,0
CARGO-1000,96,-79.59507085389399,-80,0
CARGO-1000,97,-79.88620027029533,-80,0
CARGO-1000,98,-79.60600145267455,-80,0
CARGO-1000,99,-79.75520893105512,-80,0
CARGO-1000,100,-79.94031855668709,-80,0
CARGO-1000,101,-80.36628017458385,-80,0
CARGO-1000,102,-79.98558855637329,-80,0
CARGO-1000,103,-80.05411184580797,-80,0
CARGO-1000,104,-80.00028349160736,-80,0
CARGO-1000,105,-80.05122638720235,-80,0
CARGO-1000,106,-79.6365018536663,-80,0
CARGO-1000,107,-79.60459838568885,-80,0
CARGO-1000,108,-80.12604743125554,-80,0
CARGO-1000,109,-80.3574639151868,-80,0
CARGO-1000,110,-80.25752080971111,-80,0
CARGO-1000,111,-79.58959626312463,-80,0
CARGO-1000,112,-79.68127250827969,-80,0
CARGO-1000,113,-80.30389473222806,-80,0
CARGO-1000,114,-80.40218449324436,-80,0
CARGO-1000,115,-80.14548685627271,-80,0
CARGO-1000,116,-79.44005319348754,-80,0
CARGO-1000,117,-79.85870631773228,-80,0
CARGO-1000,118,-80.06342313989691,-80,0
CARGO-1000,119,-80.04430516035983,-80,0
CARGO-1001,0,-80.27353914007756,-80,1
CARGO-1001,1,-80.25404495479022,-80,1
CARGO-1001,2,-80.03638226248755,-80,1
CARGO-1001,3,-79.72208348229975,-80,1
CARGO-1001,4,-80.09619465325198,-80,1
CARGO-1001,5,-80.23653819627751,-80,1
CARGO-1001,6,-80.68087125353867,-80,1
CARGO-1001,7,-80.28080078183707,-80,1
CARGO-1001,8,-80.22131498074455,-80,1
CARGO-1001,9,-79.91843489523646,-80,1
CARGO-1001,10,-79.89622838257738,-80,1
CARGO-1001,11,-79.58541472362204,-80,1
CARGO-1001,12,-80.37476580622307,-80,1
CARGO-1001,13,-79.97906226409758,-80,1
CARGO-1001,14,-79.969970420824,-80,1
CARGO-1001,15,-80.32537901914425,-80,1
CARGO-1001,16,-79.7687976176849,-80,1
CARGO-1001,17,-79.53145566309385,-80,1
CARGO-1001,18,-80.04107180646687,-80,1
CARGO-1001,19,-80.18781523564358,-80,1
CARGO-1001,20,-79.60084154133841,-80,1
CARGO-1001,21,-79.93317221013369,-80,1
CARGO-1001,22,-80.42967157149309,-80,1
CARGO-1001,23,-80.11489966847341,-80,1
CARGO-1001,24,-80.16283045425953,-80,1
CARGO-1001,25,-80.31934604527657,-80,1
CARGO-1001,26,-80.31036254511923,-80,1
CARGO-1001,27,-80.275401223109,-80,1
CARGO-1001,28,-79.83283200260598,-80,1
CARGO-1001,29,-80.16904862746583,-80,1
CARGO-1001,30,-80.06897963082193,-80,1
CARGO-1001,31,-79.8056178002925,-80,1
CARGO-1001,32,-80.17407900857341,-80,1
CARGO-1001,33,-80.45045997037724,-80,1
CARGO-1001,34,-79.81635086227088,-80,1
CARGO-1001,35,-80.20234147189383,-80,1
CARGO-1001,36,-79.53834539042461,-80,1
CARGO-1001,37,-79.77348660193951,-80,1
CARGO-1001,38,-79.91542096155368,-80,1
CARGO-1001,39,-80.00453432042524,-80,1
CARGO-1001,40,-79.72853209544299,-80,1
CARGO-1001,41,-79.99947978198306,-80,1
CARGO-1001,42,-80.72597190719601,-80,1
CARGO-1001,43,-80.1137395353352,-80,1
CARGO-1001,44,-79.90897444208244,-80,1
CARGO-1001,45,-80.3695951664305,-80,1
CARGO-1001,46,-79.28800581997763,-80,1
CARGO-1001,47,-80.11642722911247,-80,1
CARGO-1001,48,-79.89600916354736,-80,1
CARGO-1001,49,-79.71773565330061,-80,1
CARGO-1001,50,-79.88436513694762,-80,1
CARGO-1001,51,-80.10382773625776,-80,1
CARGO-1001,52,-79.96223826353874,-80,1
CARGO-1001,53,-80.14650313417083,-80,1
CARGO-1001,54,-80.1384574910011,-80,1
CARGO-1001,55,-80.4630258810063,-80,1
CARGO-1001,56,-80.17975456367087,-80,1
CARGO-1001,57,-80.48512065965085,-80,1
CARGO-1001,58,-80.13826527949233,-80,1
CARGO-1001,59,-80.24499911057741,-80,1
CARGO-1001,60,-79.98006049128058,-80,1
CARGO-1001,61,-80.5824671614994,-80,1
CARGO-1001,62,-80.41240200423839,-80,1
CARGO-1001,63,-80.42316940401659,-80,1
CARGO-1001,64,-80.14316011227764,-80,1
CARGO-1001,65,-80.21322127640761,-80,1
CARGO-1001,66,-79.81582258378593,-80,1
CARGO-1001,67,-80.12469296552342,-80,1
CARGO-1001,68,-80.14785478162115,-80,1
CARGO-1001,69,-80.46412552043792,-80,1
CARGO-1001,70,-80.24234415503838,-80,1
CARGO-1001,71,-80.56607813892988,-80,1
CARGO-1001,72,-80.00161344703453,-80,1
CARGO-1001,73,-79.89947660773373,-80,1
CARGO-1001,74,-80.59342523654564,-80,1
CARGO-1001,75,-80.13195244444542,-80,1
CARGO-1001,76,-80.18487333981676,-80,1
CARGO-1001,77,-79.81718084027297,-80,1
CARGO-1001,78,-80.48088075347306,-80,1
CARGO-1001,79,-80.42220497836185,-80,1
CARGO-1001,80,-80.11430410949689,-80,1
CARGO-1001,81,-80.35020316964746,-80,1
CARGO-1001,82,-80.33070654840067,-80,1
CARGO-1001,83,-80.31977450172003,-80,1
CARGO-1001,84,-80.00425296598937,-80,1
CARGO-1001,85,-79.38777721510922,-80,1
CARGO-1001,86,-79.32359176662311,-80,1
CARGO-1001,87,-78.95581212112081,-80,1
CARGO-1001,88,-78.25169144630277,-80,1
CARGO-1001,89,-77.96651357119524,-80,1
CARGO-1001,90,-77.5391582509176,-80,1
CARGO-1001,91,-76.81999314414475,-80,1
CARGO-1001,92,-77.0329662799853,-80,1
CARGO-1001,93,-76.36951775404505,-80,1
CARGO-1001,94,-76.15607584912779,-80,1
CARGO-1001,95,-75.60301739879054,-80,1
CARGO-1001,96,-75.39047202376068,-80,1
CARGO-1001,97,-74.69322473503843,-80,1
CARGO-1001,98,-74.03915497767373,-80,1
CARGO-1001,99,-74.51215943173139,-80,1
CARGO-1001,100,-73.38645049435921,-80,1
CARGO-1001,101,-72.88025092856891,-80,1
CARGO-1001,102,-72.4994889919167,-80,1
CARGO-1001,103,-72.49718321055155,-80,1
CARGO-1001,104,-71.27539403575912,-80,1
CARGO-1001,105,-70.85345387297963,-80,1
CARGO-1001,106,-70.35266350872912,-80,1
CARGO-1001,107,-70.43142111622552,-80,1
CARGO-1001,108,-69.77989950437927,-80,1
CARGO-1001,109,-69.62288426089005,-80,1
CARGO-1001,110,-69.30237750370219,-80,1
CARGO-1001,111,-68.88767456818265,-80,1
CARGO-1001,112,-68.05038007989818,-80,1
CARGO-1001,113,-67.43609247283928,-80,1
CARGO-1001,114,-66.86056396622675,-80,1
CARGO-1001,115,-66.82692947356587,-80,1
CARGO-1001,116,-66.60311337215082,-80,1
CARGO-1001,117,-66.00493424745605,-80,1
CARGO-1001,118,-65.23639670105287,-80,1
CARGO-1001,119,-64.61216947890819,-80,1
CARGO-1002,0,-80.19484851936652,-80,0
CARGO-1002,1,-80.21676018117763,-80,0
CARGO-1002,2,-80.4129741051269,-80,0
CARGO-1002,3,-79.91924842016577,-80,0
CARGO-1002,4,-80.19928264861132,-80,0
CARGO-1002,5,-79.97033668685103,-80,0
CARGO-1002,6,-80.41506960425167,-80,0
CARGO-1002,7,-79.79901253512624,-80,0
CARGO-1002,8,-79.837605454279,-80,0
CARGO-1002,9,-80.12112216330506,-80,0
CARGO-1002,10,-79.55935386695568,-80,0
CARGO-1002,11,-80.0115919316815,-80,0
CARGO-1002,12,-79.94833926495252,-80,0
CARGO-1002,13,-80.46763441302164,-80,0
CARGO-1002,14,-80.24122934645978,-80,0
CARGO-1002,15,-80.19761536518594,-80,0
CARGO-1002,16,-79.77988914252559,-80,0
CARGO-1002,17,-79.71554674916739,-80,0
CARGO-1002,18,-80.15554330858593,-80,0
CARGO-1002,19,-79.93725225769104,-80,0
CARGO-1002,20,-79.72168646239588,-80,0
CARGO-1002,21,-80.09188174363288,-80,0
CARGO-1002,22,-80.42534074967887,-80,0
CARGO-1002,23,-79.77058437887388,-80,0
CARGO-1002,24,-79.83178823090445,-80,0
CARGO-1002,25,-79.87490501129192,-80,0
CARGO-1002,26,-79.67064545721651,-80,0
CARGO-1002,27,-79.64744347752044,-80,0
CARGO-1002,28,-79.7766310074338,-80,0
CARGO-1002,29,-80.3153715155869,-80,0
CARGO-1002,30,-80.41942220968923,-80,0
CARGO-1002,31,-79.865503386085,-80,0
CARGO-1002,32,-79.94892159993545,-80,0
CARGO-1002,33,-79.9335789092481,-80,0
CARGO-1002,34,-79.47160391665116,-80,0
CARGO-1002,35,-79.68822721012658,-80,0
CARGO-1002,36,-80.01969948664261,-80,0
CARGO-1002,37,-80.1781860156604,-80,0
CARGO-1002,38,-79.7644729953423,-80,0
CARGO-1002,39,-79.8130693237283,-80,0
CARGO-1002,40,-80.01775308766761,-80,0
CARGO-1002,41,-80.79464266343038,-80,0
CARGO-1002,42,-80.26166867749869,-80,0
CARGO-1002,43,-79.7279415153908,-80,0
CARGO-1002,44,-80.37221637263175,-80,0
CARGO-1002,45,-79.8053102293859,-80,0
CARGO-1002,46,-79.83140333478306,-80,0
CARGO-1002,47,-80.2730865383777,-80,0
CARGO-1002,48,-79.70771633396792,-80,0
CARGO-1002,49,-80.00140208368656,-80,0
CARGO-1002,50,-80.02169283065666,-80,0
CARGO-1002,51,-80.32158843400093,-80,0
CARGO-1002,52,-79.58292647003378,-80,0
CARGO-1002,53,-80.33335298286346,-80,0
CARGO-1002,54,-80.33835372375003,-80,0
CARGO-1002,55,-79.93168903570296,-80,0
CARGO-1002,56,-80.27383750453392,-80,0
CARGO-1002,57,-79.36406723987908,-80,0
CARGO-1002,58,-80.28140272948691,-80,0
CARGO-1002,59,-79.75176966484244,-80,0
CARGO-1002,60,-79.50466122745395,-80,0
CARGO-1002,61,-79.7916022675207,-80,0
CARGO-1002,62,-80.23322480101544,-80,0
CARGO-1002,63,-79.89267773975622,-80,0
CARGO-1002,64,-79.58596419249854,-80,0
CARGO-1002,65,-80.44990844284501,-80,0
CARGO-1002,66,-79.65850569989881,-80,0
CARGO-1002,67,-79.8444635249731,-80,0
CARGO-1002,68,-79.41209365240225,-80,0
CARGO-1002,69,-79.85117850894355,-80,0
CARGO-1002,70,-79.93190382172409,-80,0
CARGO-1002,71,-79.77534901071016,-80,0
CARGO-1002,72,-80.35485842829164,-80,0
CARGO-1002,73,-80.21651113317827,-80,0
CARGO-1002,74,-79.95244686901422,-80,0
CARGO-1002,75,-80.12281604730278,-80,0
CARGO-1002,76,-80.14878956692415,-80,0
CARGO-1002,77,-79.35488456380673,-80,0
CARGO-1002,78,-79.4230751798455,-80,0
CARGO-1002,79,-80.72465410668411,-80,0
CARGO-1002,80,-79.9564876177324,-80,0
CARGO-1002,81,-80.33210972155621,-80,0
CARGO-1002,82,-79.6247631530803,-80,0
CARGO-1002,83,-79.92085681355898,-80,0
CARGO-1002,84,-79.54507811939614,-80,0
CARGO-1002,85,-80.25453318593287,-80,0
CARGO-1002,86,-80.2797394989179,-80,0
CARGO-1002,87,-80.04970651386029,-80,0
CARGO-1002,88,-80.17024273346942,-80,0
CARGO-1002,89,-80.01460898474637,-80,0
CARGO-1002,90,-79.62180698664986,-80,0
CARGO-1002,91,-79.84229733075142,-80,0
CARGO-1002,92,-80.0766249861399,-80,0
CARGO-1002,93,-79.96850282180169,-80,0
CARGO-1002,94,-80.44943955486187,-80,0
CARGO-1002,95,-80.54229479392701,-80,0
CARGO-1002,96,-79.59901632352714,-80,0
CARGO-1002,97,-80.18556764096111,-80,0
CARGO-1002,98,-79.53084242988506,-80,0
CARGO-1002,99,-80.06198222566096,-80,0
CARGO-1002,100,-79.9316182022456,-80,0
CARGO-1002,101,-79.7245801714712,-80,0
CARGO-1002,102,-79.68878730144111,-80,0
CARGO-1002,103,-80.12399412490662,-80,0
CARGO-1002,104,-79.94652510254043,-80,0
CARGO-1002,105,-79.96358878348182,-80,0
CARGO-1002,106,-79.82959657564182,-80,0
CARGO-1002,107,-79.88503176380027,-80,0
CARGO-1002,108,-80.16595734002038,-80,0
CARGO-1002,109,-79.90367320887344,-80,0
CARGO-1002,110,-80.38935511704804,-80,0
CARGO-1002,111,-79.95417198044146,-80,0
CARGO-1002,112,-79.93155880437023,-80,0
CARGO-1002,113,-80.27202019383171,-80,0
CARGO-1002,114,-80.05697793522137,-80,0
CARGO-1002,115,-80.12042676621448,-80,0
CARGO-1002,116,-80.11213885269188,-80,0
CARGO-1002,117,-79.7384337569961,-80,0
CARGO-1002,118,-79.8310617398875,-80,0
CARGO-1002,119,-79.69235349362579,-80,0
CARGO-1003,0,-79.86041760130476,-80,1
CARGO-1003,1,-80.53533996407562,-80,1
CARGO-1003,2,-80.46843585125836,-80,1
CARGO-1003,3,-80.06332785947603,-80,1
CARGO-1003,4,-79.75848644473895,-80,1
CARGO-1003,5,-79.90859919886056,-80,1
CARGO-1003,6,-80.18723633608622,-80,1
CARGO-1003,7,-80.50927671709967,-80,1
CARGO-1003,8,-79.55014172555215,-80,1
CARGO-1003,9,-79.56577459969883,-80,1
CARGO-1003,10,-80.39497417923131,-80,1
CARGO-1003,11,-79.77793405951046,-80,1
CARGO-1003,12,-79.9059569206698,-80,1
CARGO-1003,13,-79.78395588603111,-80,1
CARGO-1003,14,-79.54012459274017,-80,1
CARGO-1003,15,-79.56214795503635,-80,1
CARGO-1003,16,-79.84856561680155,-80,1
CARGO-1003,17,-80.08163767260626,-80,1
CARGO-1003,18,-80.09417994708187,-80,1
CARGO-1003,19,-80.08733870427488,-80,1
CARGO-1003,20,-79.21451021370284,-80,1
CARGO-1003,21,-80.02034378647312,-80,1
CARGO-1003,22,-79.79671555072395,-80,1
CARGO-1003,23,-79.90852048208362,-80,1
CARGO-1003,24,-80.32664688354573,-80,1
CARGO-1003,25,-79.89340338249112,-80,1
CARGO-1003,26,-80.22330579476716,-80,1
CARGO-1003,27,-80.3012865174347,-80,1
CARGO-1003,28,-79.84557954315542,-80,1
CARGO-1003,29,-80.40473774585892,-80,1
CARGO-1003,30,-79.77780933940309,-80,1
CARGO-1003,31,-79.86257178429142,-80,1
CARGO-1003,32,-79.66439076916078,-80,1
CARGO-1003,33,-79.90418386352516,-80,1
CARGO-1003,34,-80.33719962131951,-80,1
CARGO-1003,35,-79.72727060362247,-80,1
CARGO-1003,36,-79.71844915938942,-80,1
CARGO-1003,37,-79.79717698625187,-80,1
CARGO-1003,38,-79.84927113290497,-80,1
CARGO-1003,39,-80.5055990417379,-80,1
CARGO-1003,40,-79.79950050053651,-80,1
CARGO-1003,41,-80.43782858826633,-80,1
CARGO-1003,42,-80.2532005230861,-80,1
CARGO-1003,43,-80.31983899284006,-80,1
CARGO-1003,44,-80.54415248987242,-80,1
CARGO-1003,45,-80.00856205806348,-80,1
CARGO-1003,46,-80.0695627196726,-80,1
CARGO-1003,47,-79.67504414796691,-80,1
CARGO-1003,48,-79.71715745516667,-80,1
CARGO-1003,49,-80.02938039269391,-80,1
CARGO-1003,50,-79.84262539813295,-80,1
CARGO-1003,51,-80.09590804843182,-80,1
CARGO-1003,52,-80.09148178278625,-80,1
CARGO-1003,53,-80.02148210288472,-80,1
CARGO-1003,54,-80.11118591745631,-80,1
CARGO-1003,55,-79.99097951563722,-80,1
CARGO-1003,56,-79.85794050228311,-80,1
CARGO-1003,57,-80.4342377479057,-80,1
CARGO-1003,58,-80.18790769551167,-80,1
CARGO-1003,59,-79.84259857073926,-80,1
CARGO-1003,60,-80.23636343869799,-80,1
CARGO-1003,61,-80.23319853515002,-80,1
CARGO-1003,62,-79.77104476601103,-80,1
CARGO-1003,63,-80.31963069547885,-80,1
CARGO-1003,64,-79.95898995588092,-80,1
CARGO-1003,65,-80.05351413215796,-80,1
CARGO-1003,66,-79.83796094715709,-80,1
CARGO-1003,67,-80.12253952859469,-80,1
CARGO-1003,68,-80.34102552815027,-80,1
CARGO-1003,69,-80.28116516061012,-80,1
CARGO-1003,70,-79.6025454353868,-80,1
CARGO-1003,71,-80.26245893750387,-80,1
CARGO-1003,72,-80.2757763574098,-80,1
CARGO-1003,73,-80.23812522491771,-80,1
CARGO-1003,74,-80.18083525340053,-80,1
CARGO-1003,75,-80.20140700447347,-80,1
CARGO-1003,76,-79.90905362005813,-80,1
CARGO-1003,77,-80.0367553239476,-80,1
CARGO-1003,78,-80.23910880825628,-80,1
CARGO-1003,79,-79.83938138736553,-80,1
CARGO-1003,80,-79.97322697309492,-80,1
CARGO-1003,81,-79.67268374396448,-80,1
CARGO-1003,82,-79.96714758111925,-80,1
CARGO-1003,83,-80.09604789326823,-80,1
CARGO-1003,84,-80.11437702470771,-80,1
CARGO-1003,85,-80.01097707869947,-80,1
CARGO-1003,86,-79.94960667730537,-80,1
CARGO-1003,87,-80.04974263351549,-80,1
CARGO-1003,88,-80.17873313726302,-80,1
CARGO-1003,89,-79.2886130915627,-80,1
CARGO-1003,90,-78.76258293398831,-80,1
CARGO-1003,91,-78.30480652237625,-80,1
CARGO-1003,92,-77.54635030069646,-80,1
CARGO-1003,93,-77.19123543264604,-80,1
CARGO-1003,94,-76.55937405433362,-80,1
CARGO-1003,95,-75.80790776414257,-80,1
CARGO-1003,96,-75.18179608483464,-80,1
CARGO-1003,97,-74.6609967909343,-80,1
CARGO-1003,98,-74.51449797775577,-80,1
CARGO-1003,99,-73.60254229886247,-80,1
CARGO-1003,100,-73.12718759012199,-80,1
CARGO-1003,101,-72.42442554354858,-80,1
CARGO-1003,102,-71.40312466656579,-80,1
CARGO-1003,103,-71.43088607042667,-80,1
CARGO-1003,104,-70.76320146032643,-80,1
CARGO-1003,105,-70.35789509972071,-80,1
CARGO-1003,106,-69.6697185894773,-80,1
CARGO-1003,107,-69.23433905470316,-80,1
CARGO-1003,108,-68.78115412291302,-80,1
CARGO-1003,109,-68.47650416097298,-80,1
CARGO-1003,110,-67.50860137082168,-80,1
CARGO-1003,111,-66.90074942478041,-80,1
CARGO-1003,112,-66.15621692761556,-80,1
CARGO-1003,113,-65.71207690431399,-80,1
CARGO-1003,114,-64.65195713973321,-80,1
CARGO-1003,115,-64.31398130022772,-80,1
CARGO-1003,116,-63.582482537087,-80,1
CARGO-1003,117,-62.9193158680294,-80,1
CARGO-1003,118,-62.21002043869626,-80,1
CARGO-1003,119,-61.73575568148775,-80,1
CARGO-1004,0,-80.0393183735854,-80,0
CARGO-1004,1,-79.81144014737393,-80,0
CARGO-1004,2,-79.48206307746132,-80,0
CARGO-1004,3,-80.14204220941257,-80,0
CARGO-1004,4,-79.78812913736077,-80,0
CARGO-1004,5,-80.41785670307439,-80,0
CARGO-1004,6,-79.81829728412991,-80,0
CARGO-1004,7,-79.431464411524,-80,0
CARGO-1004,8,-79.96108556040558,-80,0
CARGO-1004,9,-80.15352651941103,-80,0
CARGO-1004,10,-80.13590111391008,-80,0
CARGO-1004,11,-79.84141822067153,-80,0
CARGO-1004,12,-79.96412310222425,-80,0
CARGO-1004,13,-80.1285095988775,-80,0
CARGO-1004,14,-79.82561989957827,-80,0
CARGO-1004,15,-80.28457355668196,-80,0
CARGO-1004,16,-79.76115315340476,-80,0
CARGO-1004,17,-80.11719241488288,-80,0
CARGO-1004,18,-79.81924087311657,-80,0
CARGO-1004,19,-79.75752533059276,-80,0
CARGO-1004,20,-80.5719439226202,-80,0
CARGO-1004,21,-80.01010176040744,-80,0
CARGO-1004,22,-80.43927737922021,-80,0
CARGO-1004,23,-80.50649375757793,-80,0
CARGO-1004,24,-80.0619508876686,-80,0
CARGO-1004,25,-79.9060087024252,-80,0
CARGO-1004,26,-80.46248124882055,-80,0
CARGO-1004,27,-79.91584351809273,-80,0
CARGO-1004,28,-80.25121234924869,-80,0
CARGO-1004,29,-79.96577054228885,-80,0
CARGO-1004,30,-79.21660688517696,-80,0
CARGO-1004,31,-80.05982790195787,-80,0
CARGO-1004,32,-80.30581446185545,-80,0
CARGO-1004,33,-79.97050704240135,-80,0
CARGO-1004,34,-80.03436971706986,-80,0
CARGO-1004,35,-80.08534493550546,-80,0
CARGO-1004,36,-79.97786649379331,-80,0
CARGO-1004,37,-80.04972255348262,-80,0
CARGO-1004,38,-80.36895984717165,-80,0
CARGO-1004,39,-79.74613805045958,-80,0
CARGO-1004,40,-79.59707960745726,-80,0
CARGO-1004,41,-80.09486386587018,-80,0
CARGO-1004,42,-79.87494634079837,-80,0
CARGO-1004,43,-80.59854713686036,-80,0
CARGO-1004,44,-79.9843263055038,-80,0
CARGO-1004,45,-79.41275790229312,-80,0
CARGO-1004,46,-79.74197403755124,-80,0
CARGO-1004,47,-79.94188767514757,-80,0
CARGO-1004,48,-80.0197410561107,-80,0
CARGO-1004,49,-80.09179665112036,-80,0
CARGO-1004,50,-79.87865211575136,-80,0
CARGO-1004,51,-79.6866515390171,-80,0
CARGO-1004,52,-80.13797202329835,-80,0
CARGO-1004,53,-79.77003400522922,-80,0
CARGO-1004,54,-80.22575053728839,-80,0
CARGO-1004,55,-80.12940357612693,-80,0
CARGO-1004,56,-80.32800016968028,-80,0
CARGO-1004,57,-79.93506259843996,-80,0
CARGO-1004,58,-79.96622783363922,-80,0
CARGO-1004,59,-79.85541670914915,-80,0
CARGO-1004,60,-79.88051064821228,-80,0
CARGO-1004,61,-79.75314970017087,-80,0
CARGO-1004,62,-79.33523405196749,-80,0
CARGO-1004,63,-79.73746963985566,-80,0
CARGO-1004,64,-80.55992173237708,-80,0
CARGO-1004,65,-80.06806605214832,-80,0
CARGO-1004,66,-80.01206651581661,-80,0
CARGO-1004,67,-80.48397980518806,-80,0
CARGO-1004,68,-79.76716240136331,-80,0
CARGO-1004,69,-79.48466531174681,-80,0
CARGO-1004,70,-80.3040034928236,-80,0
CARGO-1004,71,-79.67460840639228,-80,0
CARGO-1004,72,-79.7272007508639,-80,0
CARGO-1004,73,-79.95857666994102,-80,0
CARGO-1004,74,-79.7974871483293,-80,0
CARGO-1004,75,-80.27050320196672,-80,0
CARGO-1004,76,-79.71660479955159,-80,0
CARGO-1004,77,-79.67989774329095,-80,0
CARGO-1004,78,-79.90710135992731,-80,0
CARGO-1004,79,-79.95446135147812,-80,0
CARGO-1004,80,-80.28431531699299,-80,0
CARGO-1004,81,-79.78281435995049,-80,0
CARGO-1004,82,-80.04730548905252,-80,0
CARGO-1004,83,-80.07700593106348,-80,0
CARGO-1004,84,-79.74721085209262,-80,0
CARGO-1004,85,-80.10641577166855,-80,0
CARGO-1004,86,-80.23143252026642,-80,0
CARGO-1004,87,-79.68737112478647,-80,0
CARGO-1004,88,-80.45977775245798,-80,0
CARGO-1004,89,-79.78912461558575,-80,0
CARGO-1004,90,-80.3834376889209,-80,0
CARGO-1004,91,-80.55023157208925,-80,0
CARGO-1004,92,-79.79495101445288,-80,0
CARGO-1004,93,-79.88481187746441,-80,0
CARGO-1004,94,-80.16904020635636,-80,0
CARGO-1004,95,-80.32401821943427,-80,0
CARGO-1004,96,-79.87321153325378,-80,0
CARGO-1004,97,-80.13344329618205,-80,0
CARGO-1004,98,-79.75656441351589,-80,0
CARGO-1004,99,-80.16837653272434,-80,0
CARGO-1004,100,-80.13280911997548,-80,0
CARGO-1004,101,-79.66414735301825,-80,0
CARGO-1004,102,-80.30286517526389,-80,0
CARGO-1004,103,-80.4521788662719,-80,0
CARGO-1004,104,-80.29406285837455,-80,0
CARGO-1004,105,-79.93084704001248,-80,0
CARGO-1004,106,-79.43478082335018,-80,0
CARGO-1004,107,-79.97070424071067,-80,0
CARGO-1004,108,-80.28822653739694,-80,0
CARGO-1004,109,-80.27456990139675,-80,0
CARGO-1004,110,-79.908564785452,-80,0
CARGO-1004,111,-80.56341992360305,-80,0
CARGO-1004,112,-80.59498998280893,-80,0
CARGO-1004,113,-79.96998247193547,-80,0
CARGO-1004,114,-79.7676465723124,-80,0
CARGO-1004,115,-79.74670615886969,-80,0
CARGO-1004,116,-79.91359926162576,-80,0
CARGO-1004,117,-79.65946469523472,-80,0
CARGO-1004,118,-80.07346183373603,-80,0
CARGO-1004,119,-80.13463646677396,-80,0
CARGO-1005,0,-80.0396414536468,-80,0
CARGO-1005,1,-79.9005124638098,-80,0
CARGO-1005,2,-79.94191868569094,-80,0
CARGO-1005,3,-79.95480319145759,-80,0
CARGO-1005,4,-79.6522065828925,-80,0
CARGO-1005,5,-79.96333939298401,-80,0
CARGO-1005,6,-80.1504778525792,-80,0
CARGO-1005,7,-80.02882095858673,-80,0
CARGO-1005,8,-80.03129536912702,-80,0
CARGO-1005,9,-79.83582362316157,-80,0
CARGO-1005,10,-80.13880262036739,-80,0
CARGO-1005,11,-79.63950931255589,-80,0
CARGO-1005,12,-80.06172849287593,-80,0
CARGO-1005,13,-79.51046329530612,-80,0
CARGO-1005,14,-79.9676240739561,-80,0
CARGO-1005,15,-79.80679592395384,-80,0
CARGO-1005,16,-79.65675042704268,-80,0
CARGO-1005,17,-79.5749619395672,-80,0
CARGO-1005,18,-79.75551516752972,-80,0
CARGO-1005,19,-79.17385769426177,-80,0
CARGO-1005,20,-79.97934536037855,-80,0
CARGO-1005,21,-80.42690911269233,-80,0
CARGO-1005,22,-79.98507908506798,-80,0
CARGO-1005,23,-79.72426223557744,-80,0
CARGO-1005,24,-79.82251639001903,-80,0
CARGO-1005,25,-80.2784761564566,-80,0
CARGO-1005,26,-80.079248775851,-80,0
CARGO-1005,27,-80.21732876879153,-80,0
CARGO-1005,28,-80.1825562288901,-80,0
CARGO-1005,29,-79.99933361505775,-80,0
CARGO-1005,30,-79.8348164733845,-80,0
CARGO-1005,31,-80.1960518178922,-80,0
CARGO-1005,32,-80.18054640655296,-80,0
CARGO-1005,33,-79.7606986084113,-80,0
CARGO-1005,34,-80.2324090849178,-80,0
CARGO-1005,35,-80.24359819847638,-80,0
CARGO-1005,36,-79.31983625889436,-80,0
CARGO-1005,37,-80.14053659197893,-80,0
CARGO-1005,38,-80.52766363742877,-80,0
CARGO-1005,39,-80.34852921982635,-80,0
CARGO-1005,40,-80.56989373432792,-80,0
CARGO-1005,41,-79.46902137303792,-80,0
CARGO-1005,42,-79.98001610500204,-80,0
CARGO-1005,43,-80.26626633930574,-80,0
CARGO-1005,44,-79.7908902264486,-80,0
CARGO-1005,45,-79.4473502831157,-80,0
CARGO-1005,46,-80.0221734512249,-80,0
CARGO-1005,47,-79.48495179059806,-80,0
CARGO-1005,48,-80.07230144296918,-80,0
CARGO-1005,49,-80.32121046726266,-80,0
CARGO-1005,50,-79.41994464838325,-80,0
CARGO-1005,51,-80.16753063365009,-80,0
CARGO-1005,52,-80.13129402561266,-80,0
CARGO-1005,53,-79.66487565536968,-80,0
CARGO-1005,54,-79.96805530761853,-80,0
CARGO-1005,55,-80.00000721267827,-80,0
CARGO-1005,56,-80.0317245757336,-80,0
CARGO-1005,57,-80.15361705748096,-80,0
CARGO-1005,58,-79.90179234278595,-80,0
CARGO-1005,59,-79.80774813372429,-80,0
CARGO-1005,60,-80.0119842988372,-80,0
CARGO-1005,61,-79.78126716125328,-80,0
CARGO-1005,62,-79.83213787750623,-80,0
CARGO-1005,63,-79.83883942480443,-80,0
CARGO-1005,64,-80.03132295492979,-80,0
CARGO-1005,65,-80.05084281779813,-80,0
CARGO-1005,66,-79.84400633872983,-80,0
CARGO-1005,67,-80.30834884857758,-80,0
CARGO-1005,68,-79.07869054360506,-80,0
CARGO-1005,69,-80.69800266966183,-80,0
CARGO-1005,70,-80.1134776859811,-80,0
CARGO-1005,71,-79.78697811465908,-80,0
CARGO-1005,72,-79.72186930756638,-80,0
CARGO-1005,73,-80.19860126611302,-80,0
CARGO-1005,74,-80.14634819881653,-80,0
CARGO-1005,75,-79.93783179357798,-80,0
CARGO-1005,76,-80.37059300421458,-80,0
CARGO-1005,77,-80.32738242767643,-80,0
CARGO-1005,78,-79.70628160210262,-80,0
CARGO-1005,79,-79.71584837305346,-80,0
CARGO-1005,80,-79.95216890013045,-80,0
CARGO-1005,81,-79.70862765423924,-80,0
CARGO-1005,82,-79.9250187851214,-80,0
CARGO-1005,83,-80.1872542133748,-80,0
CARGO-1005,84,-80.29272193086265,-80,0
CARGO-1005,85,-79.75562368148745,-80,0
CARGO-1005,86,-80.14709616566027,-80,0
CARGO-1005,87,-79.70949883786783,-80,0
CARGO-1005,88,-80.03829301450543,-80,0
CARGO-1005,89,-79.55537057236789,-80,0
CARGO-1005,90,-80.23481176550247,-80,0
CARGO-1005,91,-80.28149479940446,-80,0
CARGO-1005,92,-79.86004930452916,-80,0
CARGO-1005,93,-80.03342411629366,-80,0
CARGO-1005,94,-79.88002461691728,-80,0
CARGO-1005,95,-79.94513213705511,-80,0
CARGO-1005,96,-80.07262150840288,-80,0
CARGO-1005,97,-79.98799647304202,-80,0
CARGO-1005,98,-80.55295637065322,-80,0
CARGO-1005,99,-79.4530702893035,-80,0
CARGO-1005,100,-80.10579671856854,-80,0
CARGO-1005,101,-79.78341053892021,-80,0
CARGO-1005,102,-80.53886093565055,-80,0
CARGO-1005,103,-80.20294881591383,-80,0
CARGO-1005,104,-79.85372801808175,-80,0
CARGO-1005,105,-79.39098980744552,-80,0
CARGO-1005,106,-79.80086248874449,-80,0
CARGO-1005,107,-79.77315683601188,-80,0
CARGO-1005,108,-80.08914015939656,-80,0
CARGO-1005,109,-79.93587334379149,-80,0
CARGO-1005,110,-79.99083204511147,-80,0
CARGO-1005,111,-79.82247228730014,-80,0
CARGO-1005,112,-79.5375395162873,-80,0
CARGO-1005,113,-80.00937238087671,-80,0
CARGO-1005,114,-79.89805098647693,-80,0
CARGO-1005,115,-80.02447198894556,-80,0
CARGO-1005,116,-79.97594978612042,-80,0
CARGO-1005,117,-79.5483995914007,-80,0
CARGO-1005,118,-79.75203931029014,-80,0
CARGO-1005,119,-79.78638414579629,-80,0
CARGO-1006,0,-80.14279686378546,-80,0
CARGO-1006,1,-79.88454058176679,-80,0
CARGO-1006,2,-79.77422019581988,-80,0
CARGO-1006,3,-79.61153849898741,-80,0
CARGO-1006,4,-79.8813380922164,-80,0
CARGO-1006,5,-79.91718515477073,-80,0
CARGO-1006,6,-80.07052913074679,-80,0
CARGO-1006,7,-79.64432527688918,-80,0
CARGO-1006,8,-79.60099549342706,-80,0
CARGO-1006,9,-79.66731889879989,-80,0
CARGO-1006,10,-79.75487596485463,-80,0
CARGO-1006,11,-79.91954561511479,-80,0
CARGO-1006,12,-80.15863975337341,-80,0
CARGO-1006,13,-80.20320105102712,-80,0
CARGO-1006,14,-79.6706144146036,-80,0
CARGO-1006,15,-79.62745202001602,-80,0
CARGO-1006,16,-79.89831518040954,-80,0
CARGO-1006,17,-79.89764702225298,-80,0
CARGO-1006,18,-79.91396083378937,-80,0
CARGO-1006,19,-79.63035928805589,-80,0
CARGO-1006,20,-79.7607370001863,-80,0
CARGO-1006,21,-80.11502143776526,-80,0
CARGO-1006,22,-79.85012057160787,-80,0
CARGO-1006,23,-80.47188541744782,-80,0
CARGO-1006,24,-80.18257200879744,-80,0
CARGO-1006,25,-80.51603370332126,-80,0
CARGO-1006,26,-80.24644565291247,-80,0
CARGO-1006,27,-80.21022248991378,-80,0
CARGO-1006,28,-80.59667926098372,-80,0
CARGO-1006,29,-79.61846432458702,-80,0
CARGO-1006,30,-80.1154223020174,-80,0
CARGO-1006,31,-80.05264263036929,-80,0
CARGO-1006,32,-80.22348989306988,-80,0
CARGO-1006,33,-79.80259371903365,-80,0
CARGO-1006,34,-79.56610327166563,-80,0
CARGO-1006,35,-79.81821876301231,-80,0
CARGO-1006,36,-79.87628170092106,-80,0
CARGO-1006,37,-80.58927756099021,-80,0
CARGO-1006,38,-80.03542678200283,-80,0
CARGO-1006,39,-79.81390269124378,-80,0
CARGO-1006,40,-79.64464306913486,-80,0
CARGO-1006,41,-79.81209684216287,-80,0
CARGO-1006,42,-79.36007789922824,-80,0
CARGO-1006,43,-80.20353108086937,-80,0
CARGO-1006,44,-80.21013724525889,-80,0
CARGO-1006,45,-79.89265769217683,-80,0
CARGO-1006,46,-79.62824664736057,-80,0
CARGO-1006,47,-79.58219444506703,-80,0
CARGO-1006,48,-80.62365946975399,-80,0
CARGO-1006,49,-79.97276069185733,-80,0
CARGO-1006,50,-79.71477211017543,-80,0
CARGO-1006,51,-79.72238557465612,-80,0
CARGO-1006,52,-79.83350324732619,-80,0
CARGO-1006,53,-80.04071184201379,-80,0
CARGO-1006,54,-80.9321334869277,-80,0
CARGO-1006,55,-79.412389601591,-80,0
CARGO-1006,56,-79.82490443431917,-80,0
CARGO-1006,57,-80.25709748535911,-80,0
CARGO-1006,58,-80.09979827606291,-80,0
CARGO-1006,59,-79.92130621220025,-80,0
CARGO-1006,60,-79.86774614635739,-80,0
CARGO-1006,61,-80.42544834806101,-80,0
CARGO-1006,62,-80.30971883782834,-80,0
CARGO-1006,63,-79.86349455847532,-80,0
CARGO-1006,64,-80.17827635247569,-80,0
CARGO-1006,65,-80.5357669275423,-80,0
CARGO-1006,66,-80.23264955158798,-80,0
CARGO-1006,67,-79.99489507416682,-80,0
CARGO-1006,68,-80.48875937630733,-80,0
CARGO-1006,69,-79.5170695557327,-80,0
CARGO-1006,70,-79.65350437205333,-80,0
CARGO-1006,71,-79.73741959973451,-80,0
CARGO-1006,72,-79.98928637219275,-80,0
CARGO-1006,73,-80.39289476186534,-80,0
CARGO-1006,74,-80.27341270016507,-80,0
CARGO-1006,75,-79.6141396587307,-80,0
CARGO-1006,76,-80.265962601753,-80,0
CARGO-1006,77,-80.0475964540021,-80,0
CARGO-1006,78,-80.12259496503754,-80,0
CARGO-1006,79,-80.09757508697922,-80,0
CARGO-1006,80,-80.09989032150823,-80,0
CARGO-1006,81,-80.11681408168205,-80,0
CARGO-1006,82,-80.17615279951455,-80,0
CARGO-1006,83,-80.11512801886738,-80,0
CARGO-1006,84,-80.09562619865216,-80,0
CARGO-1006,85,-80.299657953525,-80,0
CARGO-1006,86,-80.4470611872336,-80,0
CARGO-1006,87,-80.13075660665942,-80,0
CARGO-1006,88,-80.29967173907131,-80,0
CARGO-1006,89,-80.05455588793663,-80,0
CARGO-1006,90,-80.3519450887307,-80,0
CARGO-1006,91,-80.60318513019473,-80,0
CARGO-1006,92,-79.61021122399859,-80,0
CARGO-1006,93,-80.23861052555843,-80,0
CARGO-1006,94,-80.71404839639085,-80,0
CARGO-1006,95,-79.83314454109822,-80,0
CARGO-1006,96,-80.2053881930749,-80,0
CARGO-1006,97,-80.07871181432631,-80,0
CARGO-1006,98,-80.01952137703921,-80,0
CARGO-1006,99,-79.79136430622263,-80,0
CARGO-1006,100,-80.00791567144543,-80,0
CARGO-1006,101,-80.51834605381949,-80,0
CARGO-1006,102,-80.4602179414843,-80,0
CARGO-1006,103,-80.54110626156029,-80,0
CARGO-1006,104,-80.25185035091751,-80,0
CARGO-1006,105,-79.97803364976207,-80,0
CARGO-1006,106,-80.33251668046691,-80,0
CARGO-1006,107,-80.29517955457449,-80,0
CARGO-1006,108,-80.30928145604031,-80,0
CARGO-1006,109,-80.25858171774229,-80,0
CARGO-1006,110,-79.87257408729971,-80,0
CARGO-1006,111,-80.15195387210356,-80,0
CARGO-1006,112,-79.73172179242954,-80,0
CARGO-1006,113,-80.21798696204571,-80,0
CARGO-1006,114,-80.04363447738955,-80,0
CARGO-1006,115,-80.09858187061192,-80,0
CARGO-1006,116,-79.9718135218026,-80,0
CARGO-1006,117,-79.8962734299296,-80,0
CARGO-1006,118,-80.0402565562782,-80,0
CARGO-1006,119,-79.22996103125935,-80,0
CARGO-1007,0,-80.0259897945765,-80,0
CARGO-1007,1,-80.77741147772541,-80,0
CARGO-1007,2,-80.41157496099476,-80,0
CARGO-1007,3,-79.67193810865601,-80,0
CARGO-1007,4,-80.23137493068639,-80,0
CARGO-1007,5,-79.83693302265489,-80,0
CARGO-1007,6,-79.63392961246367,-80,0
CARGO-1007,7,-80.65490069221518,-80,0
CARGO-1007,8,-79.5493207021466,-80,0
CARGO-1007,9,-80.08382495490518,-80,0
CARGO-1007,10,-79.9211993988682,-80,0
CARGO-1007,11,-79.44343271777261,-80,0
CARGO-1007,12,-79.7375368722272,-80,0
CARGO-1007,13,-80.08343373382112,-80,0
CARGO-1007,14,-80.19038560611767,-80,0
CARGO-1007,15,-80.17610713746595,-80,0
CARGO-1007,16,-80.21851811036179,-80,0
CARGO-1007,17,-79.69283663228558,-80,0
CARGO-1007,18,-79.90667485695553,-80,0
CARGO-1007,19,-79.99865027237635,-80,0
CARGO-1007,20,-80.1252146228517,-80,0
CARGO-1007,21,-79.83956705809894,-80,0
CARGO-1007,22,-80.62433227271906,-80,0
CARGO-1007,23,-79.48837628748609,-80,0
CARGO-1007,24,-80.12902331597577,-80,0
CARGO-1007,25,-80.32745082287545,-80,0
CARGO-1007,26,-79.69179418266077,-80,0
CARGO-1007,27,-79.71013586829835,-80,0
CARGO-1007,28,-80.06444303002304,-80,0
CARGO-1007,29,-79.65320175902028,-80,0
CARGO-1007,30,-79.75540885422252,-80,0
CARGO-1007,31,-79.94412519926789,-80,0
CARGO-1007,32,-80.54046606826313,-80,0
CARGO-1007,33,-80.01654796690904,-80,0
CARGO-1007,34,-80.04951269922174,-80,0
CARGO-1007,35,-80.13961681819423,-80,0
CARGO-1007,36,-80.17800992515485,-80,0
CARGO-1007,37,-79.8455101509795,-80,0
CARGO-1007,38,-80.43470276330655,-80,0
CARGO-1007,39,-79.70935743889834,-80,0
CARGO-1007,40,-80.09551029412167,-80,0
CARGO-1007,41,-80.33681170285064,-80,0
CARGO-1007,42,-80.17647931684549,-80,0
CARGO-1007,43,-80.02808415016517,-80,0
CARGO-1007,44,-79.6448554315707,-80,0
CARGO-1007,45,-79.86747313049298,-80,0
CARGO-1007,46,-79.72353670776354,-80,0
CARGO-1007,47,-80.09793438986813,-80,0
CARGO-1007,48,-80.1389251910426,-80,0
CARGO-1007,49,-79.5262915365303,-80,0
CARGO-1007,50,-80.12514888142697,-80,0
CARGO-1007,51,-80.24086121991,-80,0
CARGO-1007,52,-80.27785995875598,-80,0
CARGO-1007,53,-79.99611503426951,-80,0
CARGO-1007,54,-80.41062747690279,-80,0
CARGO-1007,55,-80.04261765856943,-80,0
CARGO-1007,56,-80.04288650330048,-80,0
CARGO-1007,57,-79.9195540888862,-80,0
CARGO-1007,58,-80.62248511944986,-80,0
CARGO-1007,59,-80.69246419152867,-80,0
CARGO-1007,60,-80.21882396156587,-80,0
CARGO-1007,61,-80.13910965607484,-80,0
CARGO-1007,62,-80.42938521735664,-80,0
CARGO-1007,63,-80.49716915486484,-80,0
CARGO-1007,64,-79.96246112112222,-80,0
CARGO-1007,65,-80.17966783077271,-80,0
CARGO-1007,66,-79.84047653048721,-80,0
CARGO-1007,67,-80.49217031799353,-80,0
CARGO-1007,68,-80.10519984142674,-80,0
CARGO-1007,69,-79.57832183884891,-80,0
CARGO-1007,70,-80.1770701282887,-80,0
CARGO-1007,71,-80.25382664682677,-80,0
CARGO-1007,72,-79.80785688141837,-80,0
CARGO-1007,73,-79.7276986247797,-80,0
CARGO-1007,74,-80.28527804481496,-80,0
CARGO-1007,75,-80.26423979029568,-80,0
CARGO-1007,76,-79.83427142594348,-80,0
CARGO-1007,77,-80.00705982116082,-80,0
CARGO-1007,78,-79.98651005178365,-80,0
CARGO-1007,79,-80.01955702755988,-80,0
CARGO-1007,80,-80.12138855202795,-80,0
CARGO-1007,81,-79.81727244406868,-80,0
CARGO-1007,82,-79.70749144643557,-80,0
CARGO-1007,83,-80.42930215864757,-80,0
CARGO-1007,84,-79.8559958043943,-80,0
CARGO-1007,85,-80.13265784377813,-80,0
CARGO-1007,86,-80.51076520915726,-80,0
CARGO-1007,87,-80.39911739975999,-80,0
CARGO-1007,88,-80.25747754869349,-80,0
CARGO-1007,89,-79.81606260839688,-80,0
CARGO-1007,90,-80.43913966579464,-80,0
CARGO-1007,91,-80.67662310531037,-80,0
CARGO-1007,92,-80.20257437278903,-80,0
CARGO-1007,93,-80.2815259681319,-80,0
CARGO-1007,94,-79.81166972478115,-80,0
CARGO-1007,95,-80.04927112007377,-80,0
CARGO-1007,96,-79.91970078140805,-80,0
CARGO-1007,97,-80.24909915479061,-80,0
CARGO-1007,98,-80.50343561021468,-80,0
CARGO-1007,99,-79.74230783010664,-80,0
CARGO-1007,100,-80.31486544592981,-80,0
CARGO-1007,101,-79.94386973441618,-80,0
CARGO-1007,102,-80.25336289325162,-80,0
CARGO-1007,103,-79.95049309915497,-80,0
CARGO-1007,104,-80.06353356145621,-80,0
CARGO-1007,105,-80.1107443319476,-80,0
CARGO-1007,106,-80.01204440960073,-80,0
CARGO-1007,107,-80.19031493281543,-80,0
CARGO-1007,108,-80.62214860770858,-80,0
CARGO-1007,109,-80.02424194781368,-80,0
CARGO-1007,110,-79.75947281975489,-80,0
CARGO-1007,111,-80.11377272620607,-80,0
CARGO-1007,112,-80.1974503148322,-80,0
CARGO-1007,113,-80.00942725413435,-80,0
CARGO-1007,114,-79.78631900355457,-80,0
CARGO-1007,115,-80.17049159506391,-80,0
CARGO-1007,116,-80.5269771432876,-80,0
CARGO-1007,117,-80.02673392332805,-80,0
CARGO-1007,118,-79.9723601965652,-80,0
CARGO-1007,119,-80.02901666553265,-80,0
CARGO-1008,0,-80.41646329593102,-80,0
CARGO-1008,1,-80.13258942600994,-80,0
CARGO-1008,2,-79.73795663846523,-80,0
CARGO-1008,3,-79.99344964415614,-80,0
CARGO-1008,4,-79.80973151645676,-80,0
CARGO-1008,5,-80.40411525186539,-80,0
CARGO-1008,6,-80.4985708431327,-80,0
CARGO-1008,7,-79.8386696578704,-80,0
CARGO-1008,8,-79.90460358634077,-80,0
CARGO-1008,9,-80.27962001824444,-80,0
CARGO-1008,10,-80.34496523432279,-80,0
CARGO-1008,11,-80.0401382240035,-80,0
CARGO-1008,12,-79.9986812083005,-80,0
CARGO-1008,13,-80.3349247141736,-80,0
CARGO-1008,14,-79.9816504389901,-80,0
CARGO-1008,15,-80.38791114126425,-80,0
CARGO-1008,16,-80.15357574340253,-80,0
CARGO-1008,17,-80.35074954251304,-80,0
CARGO-1008,18,-79.98220510131068,-80,0
CARGO-1008,19,-80.14180856573931,-80,0
CARGO-1008,20,-79.56124096483586,-80,0
CARGO-1008,21,-79.89329376654787,-80,0
CARGO-1008,22,-80.38071094293338,-80,0
CARGO-1008,23,-79.71796293269253,-80,0
CARGO-1008,24,-80.06255342559419,-80,0
CARGO-1008,25,-79.7733710191535,-80,0
CARGO-1008,26,-80.39733907614425,-80,0
CARGO-1008,27,-79.84232506101465,-80,0
CARGO-1008,28,-79.39114324324908,-80,0
CARGO-1008,29,-79.82685001853469,-80,0
CARGO-1008,30,-80.18330228563408,-80,0
CARGO-1008,31,-79.67172900623706,-80,0
CARGO-1008,32,-80.228905495997,-80,0
CARGO-1008,33,-79.88375178803692,-80,0
CARGO-1008,34,-79.35899272297571,-80,0
CARGO-1008,35,-80.20903624714073,-80,0
CARGO-1008,36,-79.8912237053558,-80,0
CARGO-1008,37,-79.45010619962632,-80,0
CARGO-1008,38,-79.77014103704106,-80,0
CARGO-1008,39,-79.867133153822,-80,0
CARGO-1008,40,-80.68277613379325,-80,0
CARGO-1008,41,-80.38714916620478,-80,0
CARGO-1008,42,-79.84067137512923,-80,0
CARGO-1008,43,-80.18996148430007,-80,0
CARGO-1008,44,-80.24201861218923,-80,0
CARGO-1008,45,-79.73573598345881,-80,0
CARGO-1008,46,-79.89268355859119,-80,0
CARGO-1008,47,-80.33249831563863,-80,0
CARGO-1008,48,-79.874597856864,-80,0
CARGO-1008,49,-80.38686710989897,-80,0
CARGO-1008,50,-80.57595318083034,-80,0
CARGO-1008,51,-79.99665237056371,-80,0
CARGO-1008,52,-80.48550874678163,-80,0
CARGO-1008,53,-80.48335940848297,-80,0
CARGO-1008,54,-80.42629705128473,-80,0
CARGO-1008,55,-80.0625168886561,-80,0
CARGO-1008,56,-79.88332977966593,-80,0
CARGO-1008,57,-80.20409824970909,-80,0
CARGO-1008,58,-80.47848331485231,-80,0
CARGO-1008,59,-80.44723615804482,-80,0
CARGO-1008,60,-80.57439649068591,-80,0
CARGO-1008,61,-79.88089473668198,-80,0
CARGO-1008,62,-80.37270906720758,-80,0
CARGO-1008,63,-80.042548699694,-80,0
CARGO-1008,64,-80.65778379612767,-80,0
CARGO-1008,65,-79.729831363339,-80,0
CARGO-1008,66,-80.10958600441579,-80,0
CARGO-1008,67,-80.58692538818478,-80,0
CARGO-1008,68,-80.30461084118872,-80,0
CARGO-1008,69,-80.0661761236621,-80,0
CARGO-1008,70,-80.37666020611191,-80,0
CARGO-1008,71,-80.00773275874081,-80,0
CARGO-1008,72,-79.74472003262082,-80,0
CARGO-1008,73,-79.84601341815139,-80,0
CARGO-1008,74,-80.14178981892333,-80,0
CARGO-1008,75,-79.70160590133658,-80,0
CARGO-1008,76,-80.08907914169549,-80,0
CARGO-1008,77,-80.186682198703,-80,0
CARGO-1008,78,-80.18158749203242,-80,0
CARGO-1008,79,-80.13160882637803,-80,0
CARGO-1008,80,-80.01606386794596,-80,0
CARGO-1008,81,-80.41564089385058,-80,0
CARGO-1008,82,-79.80872667473596,-80,0
CARGO-1008,83,-79.76156464352235,-80,0
CARGO-1008,84,-79.41554072427786,-80,0
CARGO-1008,85,-80.65709832835002,-80,0
CARGO-1008,86,-80.13487383214783,-80,0
CARGO-1008,87,-80.37066463247261,-80,0
CARGO-1008,88,-79.94211811713745,-80,0
CARGO-1008,89,-79.76943630973172,-80,0
CARGO-1008,90,-80.12775761646509,-80,0
CARGO-1008,91,-80.2375945000062,-80,0
CARGO-1008,92,-80.29113028731439,-80,0
CARGO-1008,93,-80.19021657317722,-80,0
CARGO-1008,94,-80.00887604475393,-80,0
CARGO-1008,95,-80.01060835011795,-80,0
CARGO-1008,96,-79.68310586831306,-80,0
CARGO-1008,97,-80.17696363109718,-80,0
CARGO-1008,98,-79.85849153120138,-80,0
CARGO-1008,99,-80.40559003387064,-80,0
CARGO-1008,100,-80.51300571079464,-80,0
CARGO-1008,101,-79.8405734866583,-80,0
CARGO-1008,102,-80.01671532489621,-80,0
CARGO-1008,103,-80.29307872979652,-80,0
CARGO-1008,104,-80.40527067903552,-80,0
CARGO-1008,105,-80.28177243907248,-80,0
CARGO-1008,106,-80.06022177111883,-80,0
CARGO-1008,107,-80.07609614368295,-80,0
CARGO-1008,108,-80.55715462552368,-80,0
CARGO-1008,109,-80.51493076376197,-80,0
CARGO-1008,110,-80.09922784766749,-80,0
CARGO-1008,111,-79.96766988724588,-80,0
CARGO-1008,112,-80.3800446739865,-80,0
CARGO-1008,113,-80.56693858110276,-80,0
CARGO-1008,114,-80.13372542786652,-80,0
CARGO-1008,115,-80.79347515564733,-80,0
CARGO-1008,116,-80.25150457425308,-80,0
CARGO-1008,117,-79.95498578198094,-80,0
CARGO-1008,118,-80.19820129515894,-80,0
CARGO-1008,119,-80.59921449826406,-80,0
CARGO-1009,0,-80.17544171602817,-80,0
CARGO-1009,1,-79.88638920894655,-80,0
CARGO-1009,2,-80.29191792611603,-80,0
CARGO-1009,3,-80.32386421753186,-80,0
CARGO-1009,4,-79.67235729437769,-80,0
CARGO-1009,5,-79.92650771277948,-80,0
CARGO-1009,6,-79.94002831665141,-80,0
CARGO-1009,7,-80.13613982974168,-80,0
CARGO-1009,8,-79.7658873174629,-80,0
CARGO-1009,9,-80.0540094222924,-80,0
CARGO-1009,10,-79.7634256418226,-80,0
CARGO-1009,11,-80.12148652503598,-80,0
CARGO-1009,12,-80.30298486607475,-80,0
CARGO-1009,13,-80.21347942946544,-80,0
CARGO-1009,14,-79.86278107155972,-80,0
CARGO-1009,15,-80.29260648671455,-80,0
CARGO-1009,16,-79.44754882665133,-80,0
CARGO-1009,17,-80.39701683778819,-80,0
CARGO-1009,18,-80.04568878547265,-80,0
CARGO-1009,19,-79.64061422797351,-80,0
CARGO-1009,20,-79.9221042655687,-80,0
CARGO-1009,21,-80.10280594411587,-80,0
CARGO-1009,22,-79.66439079446432,-80,0
CARGO-1009,23,-80.28940880822185,-80,0
CARGO-1009,24,-80.10491060950511,-80,0
CARGO-1009,25,-80.49229080071467,-80,0
CARGO-1009,26,-79.75432108058436,-80,0
CARGO-1009,27,-79.83281791214719,-80,0
CARGO-1009,28,-79.83496620101471,-80,0
CARGO-1009,29,-79.96919319075145,-80,0
CARGO-1009,30,-79.97768468438109,-80,0
CARGO-1009,31,-79.96992305998323,-80,0
CARGO-1009,32,-79.91767017325402,-80,0
CARGO-1009,33,-79.976194899402,-80,0
CARGO-1009,34,-80.29869696307304,-80,0
CARGO-1009,35,-80.70224152281016,-80,0
CARGO-1009,36,-79.39188830834318,-80,0
CARGO-1009,37,-80.21213255759103,-80,0
CARGO-1009,38,-80.0665988277557,-80,0
CARGO-1009,39,-79.68321028396181,-80,0
CARGO-1009,40,-79.91103186235655,-80,0
CARGO-1009,41,-80.4467748756183,-80,0
CARGO-1009,42,-80.37445578431509,-80,0
CARGO-1009,43,-79.76500997963198,-80,0
CARGO-1009,44,-79.83861816956917,-80,0
CARGO-1009,45,-80.1772037698835,-80,0
CARGO-1009,46,-80.03894902887015,-80,0
CARGO-1009,47,-80.01325985527255,-80,0
CARGO-1009,48,-79.95158369594846,-80,0
CARGO-1009,49,-79.90830196557987,-80,0
CARGO-1009,50,-80.16065071771212,-80,0
CARGO-1009,51,-79.82774194665842,-80,0
CARGO-1009,52,-79.86933474025832,-80,0
CARGO-1009,53,-79.77888918538599,-80,0
CARGO-1009,54,-79.81296625049295,-80,0
CARGO-1009,55,-79.83916841662806,-80,0
CARGO-1009,56,-80.19400297168555,-80,0
CARGO-1009,57,-80.08838700364822,-80,0
CARGO-1009,58,-80.30193504554,-80,0
CARGO-1009,59,-79.98992062743812,-80,0
CARGO-1009,60,-80.29351961810595,-80,0
CARGO-1009,61,-79.91575829924778,-80,0
CARGO-1009,62,-79.70265337964658,-80,0
CARGO-1009,63,-80.06046100277021,-80,0
CARGO-1009,64,-80.22431152497742,-80,0
CARGO-1009,65,-79.91740153254405,-80,0
CARGO-1009,66,-79.76162177485166,-80,0
CARGO-1009,67,-80.29445437639274,-80,0
CARGO-1009,68,-80.02531978236475,-80,0
CARGO-1009,69,-79.96495167713859,-80,0
CARGO-1009,70,-80.15327690118507,-80,0
CARGO-1009,71,-79.9162021199449,-80,0
CARGO-1009,72,-80.5574981992163,-80,0
CARGO-1009,73,-79.95738053266416,-80,0
CARGO-1009,74,-79.51834849169349,-80,0
CARGO-1009,75,-79.88721818451408,-80,0
CARGO-1009,76,-80.02216493955054,-80,0
CARGO-1009,77,-80.40801967383433,-80,0
CARGO-1009,78,-80.1341832631596,-80,0
CARGO-1009,79,-79.93415373186002,-80,0
CARGO-1009,80,-79.98048186967804,-80,0
CARGO-1009,81,-80.39031319430154,-80,0
CARGO-1009,82,-79.93299152076325,-80,0
CARGO-1009,83,-80.25191105258311,-80,0
CARGO-1009,84,-80.16829137199957,-80,0
CARGO-1009,85,-79.73366303885439,-80,0
CARGO-1009,86,-80.05732927354845,-80,0
CARGO-1009,87,-80.18620002720347,-80,0
CARGO-1009,88,-80.27936907720395,-80,0
CARGO-1009,89,-80.18658182411346,-80,0
CARGO-1009,90,-80.13514797133594,-80,0
CARGO-1009,91,-79.71723228753311,-80,0
CARGO-1009,92,-79.97011531269719,-80,0
CARGO-1009,93,-79.60170846923808,-80,0
CARGO-1009,94,-80.31790757387749,-80,0
CARGO-1009,95,-79.60174508972116,-80,0
CARGO-1009,96,-80.02493788988303,-80,0
CARGO-1009,97,-80.05085124128543,-80,0
CARGO-1009,98,-80.04802680629587,-80,0
CARGO-1009,99,-79.30006656257646,-80,0
CARGO-1009,100,-80.11027535564124,-80,0
CARGO-1009,101,-79.33501226505604,-80,0
CARGO-1009,102,-79.70517723633672,-80,0
CARGO-1009,103,-80.29948546996171,-80,0
CARGO-1009,104,-80.25177736349116,-80,0
CARGO-1009,105,-79.89442198615929,-80,0
CARGO-1009,106,-79.91998720957369,-80,0
CARGO-1009,107,-80.06891094649514,-80,0
CARGO-1009,108,-80.1071932409135,-80,0
CARGO-1009,109,-79.48898454014316,-80,0
CARGO-1009,110,-79.9110841349767,-80,0
CARGO-1009,111,-79.81765890672798,-80,0
CARGO-1009,112,-79.91553123625783,-80,0
CARGO-1009,113,-79.92336757186688,-80,0
CARGO-1009,114,-79.29730019367372,-80,0
CARGO-1009,115,-79.76594598419359,-80,0
CARGO-1009,116,-79.14704600827369,-80,0
CARGO-1009,117,-79.70663900364943,-80,0
CARGO-1009,118,-80.14351859920897,-80,0
CARGO-1009,119,-79.57285979470699,-80,0
CARGO-1010,0,-79.88730671346481,-80,0
CARGO-1010,1,-79.83441301714959,-80,0
CARGO-1010,2,-80.05919538249228,-80,0
CARGO-1010,3,-79.81920879704566,-80,0
CARGO-1010,4,-78.78482603700255,-80,0
CARGO-1010,5,-80.44532540935795,-80,0
CARGO-1010,6,-80.66555023847415,-80,0
CARGO-1010,7,-79.66211284166445,-80,0
CARGO-1010,8,-80.34634682601244,-80,0
CARGO-1010,9,-79.88363079740674,-80,0
CARGO-1010,10,-79.81020567307948,-80,0
CARGO-1010,11,-80.00541413755234,-80,0
CARGO-1010,12,-79.91766285857533,-80,0
CARGO-1010,13,-79.50360607492124,-80,0
CARGO-1010,14,-80.21045457285167,-80,0
CARGO-1010,15,-79.64599017303081,-80,0
CARGO-1010,16,-80.41841769145435,-80,0
CARGO-1010,17,-79.90531855393286,-80,0
CARGO-1010,18,-79.86872134658387,-80,0
CARGO-1010,19,-80.04274986944655,-80,0
CARGO-1010,20,-79.73939314320339,-80,0
CARGO-1010,21,-80.0106256979567,-80,0
CARGO-1010,22,-79.91928884778663,-80,0
CARGO-1010,23,-80.22724814127612,-80,0
CARGO-1010,24,-80.31217317772199,-80,0
CARGO-1010,25,-80.3226552181654,-80,0
CARGO-1010,26,-80.18872760887007,-80,0
CARGO-1010,27,-80.39539435378411,-80,0
CARGO-1010,28,-79.45451300272119,-80,0
CARGO-1010,29,-80.11536527715428,-80,0
CARGO-1010,30,-80.02671523014011,-80,0
CARGO-1010,31,-80.37451185589177,-80,0
CARGO-1010,32,-79.42190720154724,-80,0
CARGO-1010,33,-80.12125659427964,-80,0
CARGO-1010,34,-80.22923929064201,-80,0
CARGO-1010,35,-80.2144783880855,-80,0
CARGO-1010,36,-80.1257935288224,-80,0
CARGO-1010,37,-80.16053657470462,-80,0
CARGO-1010,38,-80.46028942656876,-80,0
CARGO-1010,39,-79.79086738139968,-80,0
CARGO-1010,40,-80.3825306125489,-80,0
CARGO-1010,41,-79.80097799274087,-80,0
CARGO-1010,42,-80.43605606345861,-80,0
CARGO-1010,43,-79.98893008971282,-80,0
CARGO-1010,44,-80.3498379527342,-80,0
CARGO-1010,45,-80.25224142557384,-80,0
CARGO-1010,46,-79.88044809487678,-80,0
CARGO-1010,47,-79.67664273662278,-80,0
CARGO-1010,48,-79.46580266629168,-80,0
CARGO-1010,49,-79.91145845877115,-80,0
CARGO-1010,50,-80.04330505806975,-80,0
CARGO-1010,51,-80.31688413174123,-80,0
CARGO-1010,52,-80.55887037332265,-80,0
CARGO-1010,53,-79.83447600435392,-80,0
CARGO-1010,54,-80.0901141545404,-80,0
CARGO-1010,55,-80.01681182246084,-80,0
CARGO-1010,56,-80.15288774463437,-80,0
CARGO-1010,57,-80.25239772141926,-80,0
CARGO-1010,58,-79.83961039124691,-80,0
CARGO-1010,59,-79.5390334244701,-80,0
CARGO-1010,60,-80.41528949764248,-80,0
CARGO-1010,61,-80.62224888016858,-80,0
CARGO-1010,62,-80.13430985870085,-80,0
CARGO-1010,63,-80.27610017188195,-80,0
CARGO-1010,64,-79.70120644871731,-80,0
CARGO-1010,65,-79.90209274293949,-80,0
CARGO-1010,66,-79.50555656847627,-80,0
CARGO-1010,67,-79.759035688415,-80,0
CARGO-1010,68,-80.05897003674289,-80,0
CARGO-1010,69,-80.03656496567824,-80,0
CARGO-1010,70,-79.97023704795872,-80,0
CARGO-1010,71,-80.37584125609918,-80,0
CARGO-1010,72,-79.96672606903269,-80,0
CARGO-1010,73,-79.68537813790778,-80,0
CARGO-1010,74,-80.26599049974715,-80,0
CARGO-1010,75,-80.1600454934416,-80,0
CARGO-1010,76,-79.89222246423982,-80,0
CARGO-1010,77,-79.64787078571914,-80,0
CARGO-1010,78,-80.32849289223904,-80,0
CARGO-1010,79,-80.03903641612222,-80,0
CARGO-1010,80,-80.13057809414298,-80,0
CARGO-1010,81,-80.20191680858719,-80,0
CARGO-1010,82,-80.67689554499525,-80,0
CARGO-1010,83,-80.34270143962148,-80,0
CARGO-1010,84,-80.47756129917462,-80,0
CARGO-1010,85,-80.14517214389869,-80,0
CARGO-1010,86,-80.23406260052755,-80,0
CARGO-1010,87,-80.45362523313962,-80,0
CARGO-1010,88,-80.17428808566798,-80,0
CARGO-1010,89,-79.52727055187019,-80,0
CARGO-1010,90,-80.2949900938969,-80,0
CARGO-1010,91,-80.21765373482481,-80,0
CARGO-1010,92,-80.16859549758023,-80,0
CARGO-1010,93,-80.31893320539324,-80,0
CARGO-1010,94,-80.5850855476942,-80,0
CARGO-1010,95,-79.56291271636823,-80,0
CARGO-1010,96,-80.64345671423571,-80,0
CARGO-1010,97,-80.59753837785091,-80,0
CARGO-1010,98,-79.86415278247752,-80,0
CARGO-1010,99,-80.69680241731254,-80,0
CARGO-1010,100,-79.85394119686477,-80,0
CARGO-1010,101,-79.82632715059222,-80,0
CARGO-1010,102,-80.31633130891407,-80,0
CARGO-1010,103,-80.05267687402012,-80,0
CARGO-1010,104,-80.08382279178123,-80,0
CARGO-1010,105,-80.31438614343766,-80,0
CARGO-1010,106,-80.24541103528321,-80,0
CARGO-1010,107,-80.10873378888279,-80,0
CARGO-1010,108,-80.22575757007196,-80,0
CARGO-1010,109,-79.90943781745081,-80,0
CARGO-1010,110,-80.13364939827872,-80,0
CARGO-1010,111,-79.95542690426863,-80,0
CARGO-1010,112,-80.20241314843756,-80,0
CARGO-1010,113,-79.90883017247437,-80,0
CARGO-1010,114,-79.82958917073917,-80,0
CARGO-1010,115,-80.70082433226715,-80,0
CARGO-1010,116,-79.99937423287255,-80,0
CARGO-1010,117,-80.31865840243026,-80,0
CARGO-1010,118,-80.25175208005359,-80,0
CARGO-1010,119,-80.03603157231095,-80,0
CARGO-1011,0,-80.06279363636045,-80,0
CARGO-1011,1,-79.65482106758456,-80,0
CARGO-1011,2,-80.06457481162145,-80,0
CARGO-1011,3,-79.93109201067838,-80,0
CARGO-1011,4,-80.06991171230167,-80,0
CARGO-1011,5,-79.87532175294508,-80,0
CARGO-1011,6,-80.20915633391203,-80,0
CARGO-1011,7,-80.32411642829076,-80,0
CARGO-1011,8,-80.14404097528289,-80,0
CARGO-1011,9,-80.25651654270253,-80,0
CARGO-1011,10,-80.04336944428397,-80,0
CARGO-1011,11,-79.74684129391372,-80,0
CARGO-1011,12,-80.3792520425424,-80,0
CARGO-1011,13,-80.12424948318699,-80,0
CARGO-1011,14,-79.35630922848247,-80,0
CARGO-1011,15,-80.52824216066708,-80,0
CARGO-1011,16,-80.34725559565842,-80,0
CARGO-1011,17,-79.93348993632873,-80,0
CARGO-1011,18,-80.50891798314791,-80,0
CARGO-1011,19,-80.07499311909493,-80,0
CARGO-1011,20,-79.53977194412519,-80,0
CARGO-1011,21,-80.23868570621357,-80,0
CARGO-1011,22,-80.32096464745561,-80,0
CARGO-1011,23,-80.5379337988608,-80,0
CARGO-1011,24,-80.31053850830604,-80,0
CARGO-1011,25,-80.12492802488069,-80,0
CARGO-1011,26,-79.40463061060457,-80,0
CARGO-1011,27,-80.09987852905108,-80,0
CARGO-1011,28,-80.0770953528207,-80,0
CARGO-1011,29,-80.04762560942041,-80,0
CARGO-1011,30,-80.29693568042585,-80,0
CARGO-1011,31,-80.74513886107967,-80,0
CARGO-1011,32,-79.60127209903173,-80,0
CARGO-1011,33,-79.84301724921555,-80,0
CARGO-1011,34,-79.68996695573587,-80,0
CARGO-1011,35,-79.95098311739955,-80,0
CARGO-1011,36,-79.66925447566094,-80,0
CARGO-1011,37,-80.49414088654358,-80,0
CARGO-1011,38,-80.0273262594657,-80,0
CARGO-1011,39,-79.8859901275605,-80,0
CARGO-1011,40,-79.65289521940997,-80,0
CARGO-1011,41,-79.92569908071098,-80,0
CARGO-1011,42,-79.92556875555246,-80,0
CARGO-1011,43,-79.96353797211651,-80,0
CARGO-1011,44,-80.47626592344892,-80,0
CARGO-1011,45,-80.22776764319224,-80,0
CARGO-1011,46,-80.19945074800872,-80,0
CARGO-1011,47,-79.78997528877669,-80,0
CARGO-1011,48,-79.88152265440655,-80,0
CARGO-1011,49,-79.58011055723397,-80,0
CARGO-1011,50,-79.89141522431828,-80,0
CARGO-1011,51,-80.1051676513524,-80,0
CARGO-1011,52,-79.6632338811251,-80,0
CARGO-1011,53,-80.42715547647006,-80,0
CARGO-1011,54,-80.14280346215432,-80,0
CARGO-1011,55,-80.33228214526022,-80,0
CARGO-1011,56,-80.36137717357282,-80,0
CARGO-1011,57,-80.34997148895174,-80,0
CARGO-1011,58,-80.21807555655799,-80,0
CARGO-1011,59,-79.98182674335534,-80,0
CARGO-1011,60,-80.14764199294505,-80,0
CARGO-1011,61,-79.95227871774237,-80,0
CARGO-1011,62,-79.96309303513269,-80,0
CARGO-1011,63,-80.73132375128417,-80,0
CARGO-1011,64,-79.96068395337106,-80,0
CARGO-1011,65,-80.22256865538567,-80,0
CARGO-1011,66,-80.48416487726395,-80,0
CARGO-1011,67,-79.92395963366229,-80,0
CARGO-1011,68,-79.97062085405295,-80,0
CARGO-1011,69,-79.9284618074259,-80,0
CARGO-1011,70,-79.74672303639795,-80,0
CARGO-1011,71,-80.16350463336204,-80,0
CARGO-1011,72,-80.26979257628993,-80,0
CARGO-1011,73,-79.98393251122111,-80,0
CARGO-1011,74,-80.10420402553767,-80,0
CARGO-1011,75,-79.14154587242027,-80,0
CARGO-1011,76,-79.99977420732502,-80,0
CARGO-1011,77,-79.96423031278293,-80,0
CARGO-1011,78,-80.22040314409506,-80,0
CARGO-1011,79,-80.27823121212792,-80,0
CARGO-1011,80,-80.47044906517695,-80,0
CARGO-1011,81,-80.07202130238281,-80,0
CARGO-1011,82,-80.0376863583655,-80,0
CARGO-1011,83,-79.63742221762463,-80,0
CARGO-1011,84,-80.03850951924244,-80,0
CARGO-1011,85,-80.09044174267021,-80,0
CARGO-1011,86,-79.90086604310342,-80,0
CARGO-1011,87,-79.98302063584414,-80,0
CARGO-1011,88,-79.67664072921312,-80,0
CARGO-1011,89,-79.54890472333133,-80,0
CARGO-1011,90,-80.00178399193061,-80,0
CARGO-1011,91,-80.28020892700918,-80,0
CARGO-1011,92,-80.02360166082302,-80,0
CARGO-1011,93,-79.91760878663075,-80,0
CARGO-1011,94,-80.3905048408648,-80,0
CARGO-1011,95,-80.07911336362663,-80,0
CARGO-1011,96,-80.45514885910129,-80,0
CARGO-1011,97,-79.86744056966643,-80,0
CARGO-1011,98,-80.32664538580563,-80,0
CARGO-1011,99,-80.08996190402769,-80,0
CARGO-1011,100,-80.03187144049787,-80,0
CARGO-1011,101,-80.36069347446286,-80,0
CARGO-1011,102,-79.96282075856254,-80,0
CARGO-1011,103,-80.30696196819822,-80,0
CARGO-1011,104,-79.53693174465843,-80,0
CARGO-1011,105,-79.58336440294674,-80,0
CARGO-1011,106,-79.63402347501346,-80,0
CARGO-1011,107,-79.95235180636016,-80,0
CARGO-1011,108,-79.89150758944338,-80,0
CARGO-1011,109,-80.03554969264043,-80,0
CARGO-1011,110,-79.8074500181098,-80,0
CARGO-1011,111,-79.48320040520247,-80,0
CARGO-1011,112,-80.25409988466376,-80,0
CARGO-1011,113,-79.83697430882704,-80,0
CARGO-1011,114,-80.48167696425163,-80,0
CARGO-1011,115,-80.08325046609589,-80,0
CARGO-1011,116,-79.9738394804738,-80,0
CARGO-1011,117,-79.84844319070038,-80,0
CARGO-1011,118,-79.74896242378271,-80,0
CARGO-1011,119,-79.56048441625904,-80,0
CARGO-1012,0,-79.876088760657,-80,0
CARGO-1012,1,-79.66012707716008,-80,0
CARGO-1012,2,-80.30075338043397,-80,0
CARGO-1012,3,-80.0147166387677,-80,0
CARGO-1012,4,-79.97594104270634,-80,0
CARGO-1012,5,-79.8968207361273,-80,0
CARGO-1012,6,-79.79717229909551,-80,0
CARGO-1012,7,-80.56936492246857,-80,0
CARGO-1012,8,-79.79909582988957,-80,0
CARGO-1012,9,-80.53513278209016,-80,0
CARGO-1012,10,-79.95515830427465,-80,0
CARGO-1012,11,-80.2634739854229,-80,0
CARGO-1012,12,-79.88186896641312,-80,0
CARGO-1012,13,-79.74952784934382,-80,0
CARGO-1012,14,-79.93912559477779,-80,0
CARGO-1012,15,-80.1548360660001,-80,0
CARGO-1012,16,-80.3470052552697,-80,0
CARGO-1012,17,-79.96166422894757,-80,0
CARGO-1012,18,-80.0858591336588,-80,0
CARGO-1012,19,-79.87344757048933,-80,0
CARGO-1012,20,-80.11741856077417,-80,0
CARGO-1012,21,-79.56504558963042,-80,0
CARGO-1012,22,-79.97050488287928,-80,0
CARGO-1012,23,-79.70765763441703,-80,0
CARGO-1012,24,-80.13228088922968,-80,0
CARGO-1012,25,-79.76810339335078,-80,0
CARGO-1012,26,-79.8000970875116,-80,0
CARGO-1012,27,-80.18001857542187,-80,0
CARGO-1012,28,-80.420509986559,-80,0
CARGO-1012,29,-79.6001565727873,-80,0
CARGO-1012,30,-80.10930108221127,-80,0
CARGO-1012,31,-80.18218161997741,-80,0
CARGO-1012,32,-80.07140023768903,-80,0
CARGO-1012,33,-80.2737807654138,-80,0
CARGO-1012,34,-79.79931765672487,-80,0
CARGO-1012,35,-79.99376361772784,-80,0
CARGO-1012,36,-79.98160078627636,-80,0
CARGO-1012,37,-79.6541290417054,-80,0
CARGO-1012,38,-79.96750300593176,-80,0
CARGO-1012,39,-79.51881047544376,-80,0
CARGO-1012,40,-80.00133196675219,-80,0
CARGO-1012,41,-80.45662332727409,-80,0
CARGO-1012,42,-80.27248986927961,-80,0
CARGO-1012,43,-80.22270589265531,-80,0
CARGO-1012,44,-79.96579843813305,-80,0
CARGO-1012,45,-79.54449767361265,-80,0
CARGO-1012,46,-79.93778711310561,-80,0
CARGO-1012,47,-80.07367835045942,-80,0
CARGO-1012,48,-80.08823491782468,-80,0
CARGO-1012,49,-79.82908524510947,-80,0
CARGO-1012,50,-79.87162160156038,-80,0
CARGO-1012,51,-79.74857113901646,-80,0
CARGO-1012,52,-80.19649834032519,-80,0
CARGO-1012,53,-79.2999275408796,-80,0
CARGO-1012,54,-80.08474159244895,-80,0
CARGO-1012,55,-80.17745415977446,-80,0
CARGO-1012,56,-79.62405869418386,-80,0
CARGO-1012,57,-79.71115388092238,-80,0
CARGO-1012,58,-80.1865878286882,-80,0
CARGO-1012,59,-79.77511782648483,-80,0
CARGO-1012,60,-80.09226166818468,-80,0
CARGO-1012,61,-79.837252720393,-80,0
CARGO-1012,62,-79.89802061971348,-80,0
CARGO-1012,63,-79.21000799925146,-80,0
CARGO-1012,64,-79.55353825489976,-80,0
CARGO-1012,65,-79.63916417393182,-80,0
CARGO-1012,66,-79.70831713772962,-80,0
CARGO-1012,67,-80.31639714547528,-80,0
CARGO-1012,68,-79.88773840210463,-80,0
CARGO-1012,69,-80.07623675579248,-80,0
CARGO-1012,70,-79.95668938901674,-80,0
CARGO-1012,71,-79.92234538508202,-80,0
CARGO-1012,72,-80.47348681352894,-80,0
CARGO-1012,73,-80.04606184003472,-80,0
CARGO-1012,74,-79.92030426258437,-80,0
CARGO-1012,75,-79.66709529077126,-80,0
CARGO-1012,76,-80.18843405583019,-80,0
CARGO-1012,77,-80.18141072160051,-80,0
CARGO-1012,78,-80.20213274100611,-80,0
CARGO-1012,79,-80.04252068602761,-80,0
CARGO-1012,80,-80.29779465178024,-80,0
CARGO-1012,81,-79.55829256515696,-80,0
CARGO-1012,82,-79.72138501433669,-80,0
CARGO-1012,83,-79.12149814875671,-80,0
CARGO-1012,84,-80.09750469341284,-80,0
CARGO-1012,85,-79.66750691319208,-80,0
CARGO-1012,86,-80.29214131438164,-80,0
CARGO-1012,87,-79.48996062731833,-80,0
CARGO-1012,88,-80.00863675145973,-80,0
CARGO-1012,89,-79.96034472268866,-80,0
CARGO-1012,90,-79.55133619065396,-80,0
CARGO-1012,91,-79.56963234731714,-80,0
CARGO-1012,92,-80.23031671579332,-80,0
CARGO-1012,93,-79.96624724101447,-80,0
CARGO-1012,94,-79.51265411272581,-80,0
CARGO-1012,95,-80.04691041781503,-80,0
CARGO-1012,96,-79.85239060432326,-80,0
CARGO-1012,97,-79.78382688748255,-80,0
CARGO-1012,98,-79.5185800218496,-80,0
CARGO-1012,99,-79.72966833690586,-80,0
CARGO-1012,100,-80.0013686608891,-80,0
CARGO-1012,101,-80.50697298003891,-80,0
CARGO-1012,102,-79.70698850034977,-80,0
CARGO-1012,103,-79.87382584477612,-80,0
CARGO-1012,104,-79.3761196710653,-80,0
CARGO-1012,105,-79.73707983988135,-80,0
CARGO-1012,106,-80.0722223937508,-80,0
CARGO-1012,107,-80.28108981077048,-80,0
CARGO-1012,108,-79.9547783922082,-80,0
CARGO-1012,109,-79.79143909518692,-80,0
CARGO-1012,110,-79.8688629829382,-80,0
CARGO-1012,111,-80.26267974740962,-80,0
CARGO-1012,112,-80.7166599538772,-80,0
CARGO-1012,113,-80.17067522515116,-80,0
CARGO-1012,114,-80.60276705676927,-80,0
CARGO-1012,115,-80.17995285758217,-80,0
CARGO-1012,116,-79.82469747221177,-80,0
CARGO-1012,117,-79.45627354142084,-80,0
CARGO-1012,118,-80.62257684819822,-80,0
CARGO-1012,119,-80.2002415312142,-80,0
CARGO-1013,0,-80.16587336143316,-80,0
CARGO-1013,1,-79.71088154616466,-80,0
CARGO-1013,2,-80.11180165083721,-80,0
CARGO-1013,3,-80.170906887372,-80,0
CARGO-1013,4,-79.66148172555188,-80,0
CARGO-1013,5,-79.93241683274329,-80,0
CARGO-1013,6,-80.69957463456177,-80,0
CARGO-1013,7,-80.77227183927994,-80,0
CARGO-1013,8,-79.47973846842976,-80,0
CARGO-1013,9,-79.9213228525323,-80,0
CARGO-1013,10,-80.00386833429586,-80,0
CARGO-1013,11,-80.61989074030419,-80,0
CARGO-1013,12,-80.0120700317788,-80,0
CARGO-1013,13,-80.28915474408296,-80,0
CARGO-1013,14,-80.0717445695562,-80,0
CARGO-1013,15,-80.19192352199782,-80,0
CARGO-1013,16,-80.06936830475051,-80,0
CARGO-1013,17,-79.92385135691302,-80,0
CARGO-1013,18,-79.8684188939559,-80,0
CARGO-1013,19,-80.00357837605479,-80,0
CARGO-1013,20,-79.94529248040801,-80,0
CARGO-1013,21,-80.51622143345338,-80,0
CARGO-1013,22,-80.00346345708063,-80,0
CARGO-1013,23,-79.92660305833337,-80,0
CARGO-1013,24,-80.01869541887336,-80,0
CARGO-1013,25,-79.54146586565317,-80,0
CARGO-1013,26,-80.07986836952945,-80,0
CARGO-1013,27,-80.39187269590222,-80,0
CARGO-1013,28,-79.99733397588727,-80,0
CARGO-1013,29,-80.18572577402448,-80,0
CARGO-1013,30,-80.53447167295934,-80,0
CARGO-1013,31,-80.1025005463488,-80,0
CARGO-1013,32,-79.54992744238918,-80,0
CARGO-1013,33,-80.08842318912966,-80,0
CARGO-1013,34,-79.6602108085895,-80,0
CARGO-1013,35,-79.76353241742575,-80,0
CARGO-1013,36,-79.27231956098797,-80,0
CARGO-1013,37,-79.85110558221241,-80,0
CARGO-1013,38,-79.95629511856416,-80,0
CARGO-1013,39,-79.95059275377169,-80,0
CARGO-1013,40,-79.89201858898117,-80,0
CARGO-1013,41,-80.06695345976742,-80,0
CARGO-1013,42,-80.14924338416436,-80,0
CARGO-1013,43,-79.86560536560954,-80,0
CARGO-1013,44,-80.18960666654876,-80,0
CARGO-1013,45,-80.55403369758781,-80,0
CARGO-1013,46,-80.37316566382901,-80,0
CARGO-1013,47,-79.49354182499535,-80,0
CARGO-1013,48,-80.06923924097941,-80,0
CARGO-1013,49,-79.74511739647586,-80,0
CARGO-1013,50,-80.1843244249243,-80,0
CARGO-1013,51,-79.7091416174814,-80,0
CARGO-1013,52,-79.85319113490287,-80,0
CARGO-1013,53,-79.37100070627129,-80,0
CARGO-1013,54,-79.5650314917903,-80,0
CARGO-1013,55,-79.74126076420617,-80,0
CARGO-1013,56,-80.13787994957472,-80,0
CARGO-1013,57,-80.32127336268105,-80,0
CARGO-1013,58,-80.00520322755698,-80,0
CARGO-1013,59,-79.95528395423052,-80,0
CARGO-1013,60,-80.08989214638164,-80,0
CARGO-1013,61,-79.76561804884301,-80,0
CARGO-1013,62,-79.952619144695,-80,0
CARGO-1013,63,-79.96614685875194,-80,0
CARGO-1013,64,-79.49549952763839,-80,0
CARGO-1013,65,-79.93168585348438,-80,0
CARGO-1013,66,-80.36218173853518,-80,0
CARGO-1013,67,-79.64204788173528,-80,0
CARGO-1013,68,-79.87529294046996,-80,0
CARGO-1013,69,-80.01609352087887,-80,0
CARGO-1013,70,-80.22380466527078,-80,0
CARGO-1013,71,-79.5523691773044,-80,0
CARGO-1013,72,-79.4442568962771,-80,0
CARGO-1013,73,-80.16099677219954,-80,0
CARGO-1013,74,-79.87695679957076,-80,0
CARGO-1013,75,-79.83991358816344,-80,0
CARGO-1013,76,-80.50683649791897,-80,0
CARGO-1013,77,-80.00139862677864,-80,0
CARGO-1013,78,-80.51508058900805,-80,0
CARGO-1013,79,-80.00030556070965,-80,0
CARGO-1013,80,-79.3136518825333,-80,0
CARGO-1013,81,-80.43731014993358,-80,0
CARGO-1013,82,-79.44331169526492,-80,0
CARGO-1013,83,-79.4740057704183,-80,0
CARGO-1013,84,-80.02342389597857,-80,0
CARGO-1013,85,-79.86779405608112,-80,0
CARGO-1013,86,-80.10545509836795,-80,0
CARGO-1013,87,-80.14852027979698,-80,0
CARGO-1013,88,-79.9639269370948,-80,0
CARGO-1013,89,-80.25856169220683,-80,0
CARGO-1013,90,-79.8742882070676,-80,0
CARGO-1013,91,-80.01765654980574,-80,0
CARGO-1013,92,-80.35036424912069,-80,0
CARGO-1013,93,-79.82948141854733,-80,0
CARGO-1013,94,-79.82506628686197,-80,0
CARGO-1013,95,-79.71531596629045,-80,0
CARGO-1013,96,-80.19313241197827,-80,0
CARGO-1013,97,-79.74290299420194,-80,0
CARGO-1013,98,-79.41179122510117,-80,0
CARGO-1013,99,-80.04070851467445,-80,0
CARGO-1013,100,-80.01258369163091,-80,0
CARGO-1013,101,-79.83669362557595,-80,0
CARGO-1013,102,-80.69875951253142,-80,0
CARGO-1013,103,-80.46203392915507,-80,0
CARGO-1013,104,-80.20942743724162,-80,0
CARGO-1013,105,-80.15252112038459,-80,0
CARGO-1013,106,-80.01659128284982,-80,0
CARGO-1013,107,-79.97059395220121,-80,0
CARGO-1013,108,-80.48157525821502,-80,0
CARGO-1013,109,-79.72454956493642,-80,0
CARGO-1013,110,-79.97363898416393,-80,0
CARGO-1013,111,-80.05696107161992,-80,0
CARGO-1013,112,-79.93349599086667,-80,0
CARGO-1013,113,-80.27557115690597,-80,0
CARGO-1013,114,-80.16903550751394,-80,0
CARGO-1013,115,-80.42649924593178,-80,0
CARGO-1013,116,-80.75804143664469,-80,0
CARGO-1013,117,-80.17223151197227,-80,0
CARGO-1013,118,-79.58305440123576,-80,0
CARGO-1013,119,-80.26943131673227,-80,0
CARGO-1014,0,-79.9174980129284,-80,0
CARGO-1014,1,-79.73976066671943,-80,0
CARGO-1014,2,-79.67510437450443,-80,0
CARGO-1014,3,-80.74300634734392,-80,0
CARGO-1014,4,-79.85342623518945,-80,0
CARGO-1014,5,-80.3038722335978,-80,0
CARGO-1014,6,-79.8144823724728,-80,0
CARGO-1014,7,-80.32188696279547,-80,0
CARGO-1014,8,-79.79112935086002,-80,0
CARGO-1014,9,-80.21234485466628,-80,0
CARGO-1014,10,-80.2180492786419,-80,0
CARGO-1014,11,-79.7959109843218,-80,0
CARGO-1014,12,-80.19707638687042,-80,0
CARGO-1014,13,-79.74384382162597,-80,0
CARGO-1014,14,-79.82375298485081,-80,0
CARGO-1014,15,-80.0885977272764,-80,0
CARGO-1014,16,-80.19114511766107,-80,0
CARGO-1014,17,-79.67225107406826,-80,0
CARGO-1014,18,-79.80868714500254,-80,0
CARGO-1014,19,-79.55890845233438,-80,0
CARGO-1014,20,-80.57153544602417,-80,0
CARGO-1014,21,-80.1400022347847,-80,0
CARGO-1014,22,-80.19528506699791,-80,0
CARGO-1014,23,-79.90663418247182,-80,0
CARGO-1014,24,-80.36168253008405,-80,0
CARGO-1014,25,-80.31706258321739,-80,0
CARGO-1014,26,-80.07238056585317,-80,0
CARGO-1014,27,-80.6376944435329,-80,0
CARGO-1014,28,-80.69217273460957,-80,0
CARGO-1014,29,-80.1202824426792,-80,0
CARGO-1014,30,-79.3054295779918,-80,0
CARGO-1014,31,-80.07277229174734,-80,0
CARGO-1014,32,-80.21662639299636,-80,0
CARGO-1014,33,-79.96691039107583,-80,0
CARGO-1014,34,-79.9158771239097,-80,0
CARGO-1014,35,-80.12235181283839,-80,0
CARGO-1014,36,-80.280356044652,-80,0
CARGO-1014,37,-80.54096284640406,-80,0
CARGO-1014,38,-79.80479049587343,-80,0
CARGO-1014,39,-80.21929092731003,-80,0
CARGO-1014,40,-79.93045126319055,-80,0
CARGO-1014,41,-79.74703013968366,-80,0
CARGO-1014,42,-80.15744652991698,-80,0
CARGO-1014,43,-80.50945857125996,-80,0
CARGO-1014,44,-80.14250176036954,-80,0
CARGO-1014,45,-80.12802984265753,-80,0
CARGO-1014,46,-79.92929039162742,-80,0
CARGO-1014,47,-80.24053641154819,-80,0
CARGO-1014,48,-80.25217595264569,-80,0
CARGO-1014,49,-80.18130937460998,-80,0
CARGO-1014,50,-79.93893705598853,-80,0
CARGO-1014,51,-79.78066875419606,-80,0
CARGO-1014,52,-79.33970121440132,-80,0
CARGO-1014,53,-79.46981602828727,-80,0
CARGO-1014,54,-80.08690373786236,-80,0
CARGO-1014,55,-80.2703765134548,-80,0
CARGO-1014,56,-80.24917878741515,-80,0
CARGO-1014,57,-80.46245458480861,-80,0
CARGO-1014,58,-80.03088591360643,-80,0
CARGO-1014,59,-80.36900573851908,-80,0
CARGO-1014,60,-80.42053617179808,-80,0
CARGO-1014,61,-80.40423692092251,-80,0
CARGO-1014,62,-79.83040912242096,-80,0
CARGO-1014,63,-80.13571365323067,-80,0
CARGO-1014,64,-80.51613326663734,-80,0
CARGO-1014,65,-79.837641592965,-80,0
CARGO-1014,66,-79.73969806564553,-80,0
CARGO-1014,67,-80.2213613880548,-80,0
CARGO-1014,68,-80.32748001991753,-80,0
CARGO-1014,69,-80.3629003218966,-80,0
CARGO-1014,70,-80.02189417499677,-80,0
CARGO-1014,71,-79.8289517426276,-80,0
CARGO-1014,72,-80.05078860705662,-80,0
CARGO-1014,73,-80.49836670716846,-80,0
CARGO-1014,74,-79.77746207425044,-80,0
CARGO-1014,75,-80.10473938816095,-80,0
CARGO-1014,76,-80.15491137842629,-80,0
CARGO-1014,77,-79.9693670302775,-80,0
CARGO-1014,78,-79.79454344229177,-80,0
CARGO-1014,79,-80.47644992477859,-80,0
CARGO-1014,80,-80.55132113007318,-80,0
CARGO-1014,81,-80.15608347379936,-80,0
CARGO-1014,82,-80.14372719096971,-80,0
CARGO-1014,83,-79.87240954310136,-80,0
CARGO-1014,84,-79.75530441545625,-80,0
CARGO-1014,85,-80.30599660185241,-80,0
CARGO-1014,86,-80.06483619342976,-80,0
CARGO-1014,87,-80.02924772619207,-80,0
CARGO-1014,88,-79.99160992357204,-80,0
CARGO-1014,89,-80.63055021711097,-80,0
CARGO-1014,90,-79.99139524885716,-80,0
CARGO-1014,91,-80.39788261811788,-80,0
CARGO-1014,92,-79.9685480514415,-80,0
CARGO-1014,93,-80.46916359196425,-80,0
CARGO-1014,94,-80.09505899136958,-80,0
CARGO-1014,95,-80.21520993884964,-80,0
CARGO-1014,96,-79.47641504719348,-80,0
CARGO-1014,97,-80.38953779131222,-80,0
CARGO-1014,98,-80.40086756079336,-80,0
CARGO-1014,99,-79.66501268642848,-80,0
CARGO-1014,100,-79.85815613986331,-80,0
CARGO-1014,101,-80.03228891946316,-80,0
CARGO-1014,102,-80.25524260148516,-80,0
CARGO-1014,103,-80.45396301259797,-80,0
CARGO-1014,104,-80.23807912985805,-80,0
CARGO-1014,105,-80.27396531085778,-80,0
CARGO-1014,106,-80.3187392548477,-80,0
CARGO-1014,107,-80.24456371342426,-80,0
CARGO-1014,108,-80.24327483900507,-80,0
CARGO-1014,109,-79.78763713198852,-80,0
CARGO-1014,110,-80.511356728057,-80,0
CARGO-1014,111,-79.97961211165695,-80,0
CARGO-1014,112,-80.0158458891608,-80,0
CARGO-1014,113,-80.11365698805324,-80,0
CARGO-1014,114,-79.8865008402394,-80,0
CARGO-1014,115,-79.95198204675731,-80,0
CARGO-1014,116,-80.04451285067414,-80,0
CARGO-1014,117,-79.74875074768224,-80,0
CARGO-1014,118,-80.82066476348244,-80,0
CARGO-1014,119,-79.43515724301216,-80,0
CARGO-1015,0,-79.63492564313046,-80,0
CARGO-1015,1,-80.1491967538498,-80,0
CARGO-1015,2,-79.53302295376443,-80,0
CARGO-1015,3,-79.80006958853313,-80,0
CARGO-1015,4,-80.75715681359118,-80,0
CARGO-1015,5,-80.02509748547688,-80,0
CARGO-1015,6,-79.44381431822485,-80,0
CARGO-1015,7,-80.04820138785252,-80,0
CARGO-1015,8,-79.53927288213401,-80,0
CARGO-1015,9,-80.42075645619347,-80,0
CARGO-1015,10,-80.3886934973345,-80,0
CARGO-1015,11,-79.66685053346315,-80,0
CARGO-1015,12,-79.75015450675605,-80,0
CARGO-1015,13,-80.02037767232618,-80,0
CARGO-1015,14,-79.74973027084964,-80,0
CARGO-1015,15,-80.19453603805275,-80,0
CARGO-1015,16,-80.34265960825932,-80,0
CARGO-1015,17,-79.89424901650727,-80,0
CARGO-1015,18,-80.10348198951473,-80,0
CARGO-1015,19,-79.89221101207067,-80,0
CARGO-1015,20,-79.96807648403237,-80,0
CARGO-1015,21,-80.13747681933414,-80,0
CARGO-1015,22,-79.48491560129543,-80,0
CARGO-1015,23,-80.35979348245077,-80,0
CARGO-1015,24,-79.99514590805343,-80,0
CARGO-1015,25,-80.07247004421106,-80,0
CARGO-1015,26,-79.94226034931879,-80,0
CARGO-1015,27,-80.02726835580238,-80,0
CARGO-1015,28,-79.7210792938205,-80,0
CARGO-1015,29,-79.9440405902054,-80,0
CARGO-1015,30,-80.22730823484214,-80,0
CARGO-1015,31,-80.33650195986473,-80,0
CARGO-1015,32,-80.25039397263275,-80,0
CARGO-1015,33,-80.26396921812865,-80,0
CARGO-1015,34,-79.8139865695777,-80,0
CARGO-1015,35,-80.04779309585588,-80,0
CARGO-1015,36,-79.88896304803338,-80,0
CARGO-1015,37,-80.4244896208827,-80,0
CARGO-1015,38,-80.1076799338764,-80,0
CARGO-1015,39,-79.86629425673557,-80,0
CARGO-1015,40,-79.69389755125938,-80,0
CARGO-1015,41,-80.4462468320851,-80,0
CARGO-1015,42,-79.5519371773924,-80,0
CARGO-1015,43,-79.57588514632027,-80,0
CARGO-1015,44,-79.68998380281157,-80,0
CARGO-1015,45,-79.60565677121271,-80,0
CARGO-1015,46,-80.09760638341115,-80,0
CARGO-1015,47,-80.21342340003123,-80,0
CARGO-1015,48,-79.94655915826208,-80,0
CARGO-1015,49,-79.87971934092013,-80,0
CARGO-1015,50,-80.15200607249531,-80,0
CARGO-1015,51,-79.78332209054169,-80,0
CARGO-1015,52,-79.52904321425098,-80,0
CARGO-1015,53,-79.7005043910505,-80,0
CARGO-1015,54,-79.9556661906398,-80,0
CARGO-1015,55,-80.71173361358403,-80,0
CARGO-1015,56,-80.43293235025794,-80,0
CARGO-1015,57,-80.00765830337832,-80,0
CARGO-1015,58,-79.7890850300836,-80,0
CARGO-1015,59,-80.40086071258033,-80,0
CARGO-1015,60,-79.9349919394072,-80,0
CARGO-1015,61,-79.74328879090271,-80,0
CARGO-1015,62,-79.97013412278129,-80,0
CARGO-1015,63,-80.14653327104591,-80,0
CARGO-1015,64,-80.41307965991483,-80,0
CARGO-1015,65,-79.74726593171154,-80,0
CARGO-1015,66,-80.18381354360042,-80,0
CARGO-1015,67,-79.49231878192559,-80,0
CARGO-1015,68,-79.92504952737471,-80,0
CARGO-1015,69,-79.859378686501,-80,0
CARGO-1015,70,-79.73516899995019,-80,0
CARGO-1015,71,-80.09457827298472,-80,0
CARGO-1015,72,-79.84647861668388,-80,0
CARGO-1015,73,-80.19965419308353,-80,0
CARGO-1015,74,-80.2395281185037,-80,0
CARGO-1015,75,-80.26636251236312,-80,0
CARGO-1015,76,-80.14455758377731,-80,0
CARGO-1015,77,-79.38272434220744,-80,0
CARGO-1015,78,-80.27023381009458,-80,0
CARGO-1015,79,-79.81166000918041,-80,0
CARGO-1015,80,-80.06907941853768,-80,0
CARGO-1015,81,-80.34866170387608,-80,0
CARGO-1015,82,-79.77911228919577,-80,0
CARGO-1015,83,-80.15566304817668,-80,0
CARGO-1015,84,-80.12876408145155,-80,0
CARGO-1015,85,-79.67869762504853,-80,0
CARGO-1015,86,-80.08941577470152,-80,0
CARGO-1015,87,-79.95209810817208,-80,0
CARGO-1015,88,-80.0394778038202,-80,0
CARGO-1015,89,-80.04371968019345,-80,0
CARGO-1015,90,-80.41730512184462,-80,0
CARGO-1015,91,-79.75795517747315,-80,0
CARGO-1015,92,-79.95144865122882,-80,0
CARGO-1015,93,-79.77566545137704,-80,0
CARGO-1015,94,-79.98751531106589,-80,0
CARGO-1015,95,-79.70233249799509,-80,0
CARGO-1015,96,-79.97516707274376,-80,0
CARGO-1015,97,-79.60302637850545,-80,0
CARGO-1015,98,-80.27710385648236,-80,0
CARGO-1015,99,-80.24758539661157,-80,0
CARGO-1015,100,-79.47264771820481,-80,0
CARGO-1015,101,-79.77372658403347,-80,0
CARGO-1015,102,-79.46634608857534,-80,0
CARGO-1015,103,-79.84199522402929,-80,0
CARGO-1015,104,-80.11088669808713,-80,0
CARGO-1015,105,-79.46814266752719,-80,0
CARGO-1015,106,-80.56975612479448,-80,0
CARGO-1015,107,-79.77843388114339,-80,0
CARGO-1015,108,-80.79737812486474,-80,0
CARGO-1015,109,-79.58207069047754,-80,0
CARGO-1015,110,-80.34475496355658,-80,0
CARGO-1015,111,-80.1321756807197,-80,0
CARGO-1015,112,-80.3192475429927,-80,0
CARGO-1015,113,-79.86555718978116,-80,0
CARGO-1015,114,-80.0990637293993,-80,0
CARGO-1015,115,-79.61748254706033,-80,0
CARGO-1015,116,-80.22924752116016,-80,0
CARGO-1015,117,-80.39338702909679,-80,0
CARGO-1015,118,-80.18212456843136,-80,0
CARGO-1015,119,-79.53532323295673,-80,0
CARGO-1016,0,-80.2651259329609,-80,0
CARGO-1016,1,-80.00362468650515,-80,0
CARGO-1016,2,-79.68149749717534,-80,0
CARGO-1016,3,-80.1665021321783,-80,0
CARGO-1016,4,-80.3314912630672,-80,0
CARGO-1016,5,-80.02957731706327,-80,0
CARGO-1016,6,-79.46596561728707,-80,0
CARGO-1016,7,-79.85850485036275,-80,0
CARGO-1016,8,-80.47651159923024,-80,0
CARGO-1016,9,-79.61011944829215,-80,0
CARGO-1016,10,-80.13017168379953,-80,0
CARGO-1016,11,-80.06770007710671,-80,0
CARGO-1016,12,-80.39313832997325,-80,0
CARGO-1016,13,-79.9585046487339,-80,0
CARGO-1016,14,-80.59061937584815,-80,0
CARGO-1016,15,-80.34235374510318,-80,0
CARGO-1016,16,-79.8087200310444,-80,0
CARGO-1016,17,-79.95658044257635,-80,0
CARGO-1016,18,-80.21528525694161,-80,0
CARGO-1016,19,-80.06131659342836,-80,0
CARGO-1016,20,-79.7933721367096,-80,0
CARGO-1016,21,-79.88021793403468,-80,0
CARGO-1016,22,-79.79765099680458,-80,0
CARGO-1016,23,-80.3477798404492,-80,0
CARGO-1016,24,-80.21013240583973,-80,0
CARGO-1016,25,-79.42096954664737,-80,0
CARGO-1016,26,-80.12166504317328,-80,0
CARGO-1016,27,-80.14488127447405,-80,0
CARGO-1016,28,-79.96299550100888,-80,0
CARGO-1016,29,-79.92490737258672,-80,0
CARGO-1016,30,-80.28512737205448,-80,0
CARGO-1016,31,-80.75291406616368,-80,0
CARGO-1016,32,-80.10518446915223,-80,0
CARGO-1016,33,-80.00773942773338,-80,0
CARGO-1016,34,-80.5340290080612,-80,0
CARGO-1016,35,-79.92503963909223,-80,0
CARGO-1016,36,-79.89689939108968,-80,0
CARGO-1016,37,-79.6978657500421,-80,0
CARGO-1016,38,-80.31420955981189,-80,0
CARGO-1016,39,-79.88657347259165,-80,0
CARGO-1016,40,-79.8402356687821,-80,0
CARGO-1016,41,-79.5592676890949,-80,0
CARGO-1016,42,-79.7636864090384,-80,0
CARGO-1016,43,-79.68926041590647,-80,0
CARGO-1016,44,-79.95932471639196,-80,0
CARGO-1016,45,-80.14620132935335,-80,0
CARGO-1016,46,-79.633983659826,-80,0
CARGO-1016,47,-80.38601975005112,-80,0
CARGO-1016,48,-79.5576653658623,-80,0
CARGO-1016,49,-79.79319699702305,-80,0
CARGO-1016,50,-80.13954546640123,-80,0
CARGO-1016,51,-80.5131023886133,-80,0
CARGO-1016,52,-80.04458608032876,-80,0
CARGO-1016,53,-80.20426864129072,-80,0
CARGO-1016,54,-80.49200494428123,-80,0
CARGO-1016,55,-80.18643075626251,-80,0
CARGO-1016,56,-79.74127173595298,-80,0
CARGO-1016,57,-80.01339380537084,-80,0
CARGO-1016,58,-80.09857043866009,-80,0
CARGO-1016,59,-80.49915514616497,-80,0
CARGO-1016,60,-80.07709031072632,-80,0
CARGO-1016,61,-79.5353242460342,-80,0
CARGO-1016,62,-79.99295109740147,-80,0
CARGO-1016,63,-80.10396334944298,-80,0
CARGO-1016,64,-79.76412113317583,-80,0
CARGO-1016,65,-79.61185861353654,-80,0
CARGO-1016,66,-79.58802982022476,-80,0
CARGO-1016,67,-79.88980067662662,-80,0
CARGO-1016,68,-80.47089565536027,-80,0
CARGO-1016,69,-79.68406522325836,-80,0
CARGO-1016,70,-80.08988379077584,-80,0
CARGO-1016,71,-80.12888889935704,-80,0
CARGO-1016,72,-80.27417643850445,-80,0
CARGO-1016,73,-79.81889939682591,-80,0
CARGO-1016,74,-79.69903967497578,-80,0
CARGO-1016,75,-80.18292629999917,-80,0
CARGO-1016,76,-79.78656732015227,-80,0
CARGO-1016,77,-79.6547900554444,-80,0
CARGO-1016,78,-79.88522298440445,-80,0
CARGO-1016,79,-79.99853473788868,-80,0
CARGO-1016,80,-80.03201649843332,-80,0
CARGO-1016,81,-80.19255739880059,-80,0
CARGO-1016,82,-79.76155493435287,-80,0
CARGO-1016,83,-79.64326720832187,-80,0
CARGO-1016,84,-79.95004753832347,-80,0
CARGO-1016,85,-80.12970294215656,-80,0
CARGO-1016,86,-79.843979175067,-80,0
CARGO-1016,87,-80.26266574918047,-80,0
CARGO-1016,88,-79.61852447774834,-80,0
CARGO-1016,89,-79.64958232767793,-80,0
CARGO-1016,90,-79.82989573818564,-80,0
CARGO-1016,91,-80.09752656721648,-80,0
CARGO-1016,92,-80.02550716272559,-80,0
CARGO-1016,93,-80.51712635306818,-80,0
CARGO-1016,94,-80.22680277950671,-80,0
CARGO-1016,95,-79.78456893354594,-80,0
CARGO-1016,96,-80.23860788532262,-80,0
CARGO-1016,97,-79.29333110084127,-80,0
CARGO-1016,98,-80.16090458864386,-80,0
CARGO-1016,99,-80.28166959582056,-80,0
CARGO-1016,100,-79.90404782925825,-80,0
CARGO-1016,101,-79.89277293198816,-80,0
CARGO-1016,102,-79.59396545175021,-80,0
CARGO-1016,103,-80.08887228852603,-80,0
CARGO-1016,104,-80.28122880629078,-80,0
CARGO-1016,105,-80.2005934787281,-80,0
CARGO-1016,106,-79.65969469024348,-80,0
CARGO-1016,107,-79.52650900534657,-80,0
CARGO-1016,108,-80.18119294303715,-80,0
CARGO-1016,109,-80.06032001241401,-80,0
CARGO-1016,110,-79.5926914470614,-80,0
CARGO-1016,111,-79.80100704274575,-80,0
CARGO-1016,112,-80.20613420952667,-80,0
CARGO-1016,113,-80.40283716826282,-80,0
CARGO-1016,114,-80.24917437937258,-80,0
CARGO-1016,115,-79.79709400219116,-80,0
CARGO-1016,116,-80.50240124370549,-80,0
CARGO-1016,117,-80.01117531300955,-80,0
CARGO-1016,118,-80.18613136473914,-80,0
CARGO-1016,119,-80.29499407304645,-80,0
CARGO-1017,0,-80.23242162759267,-80,0
CARGO-1017,1,-79.91726614387753,-80,0
CARGO-1017,2,-80.11498056010674,-80,0
CARGO-1017,3,-80.03979735346445,-80,0
CARGO-1017,4,-80.33387670343565,-80,0
CARGO-1017,5,-79.89657896924446,-80,0
CARGO-1017,6,-79.99466280846872,-80,0
CARGO-1017,7,-79.77798338000369,-80,0
CARGO-1017,8,-80.0352336986004,-80,0
CARGO-1017,9,-80.20269009107197,-80,0
CARGO-1017,10,-79.99678531908799,-80,0
CARGO-1017,11,-79.92355557192089,-80,0
CARGO-1017,12,-80.02673590574905,-80,0
CARGO-1017,13,-79.65425777831616,-80,0
CARGO-1017,14,-80.34918163307658,-80,0
CARGO-1017,15,-79.76930307888952,-80,0
CARGO-1017,16,-80.42078263249016,-80,0
CARGO-1017,17,-79.86598150935417,-80,0
CARGO-1017,18,-80.66381484328296,-80,0
CARGO-1017,19,-80.12962232173756,-80,0
CARGO-1017,20,-79.75547618788198,-80,0
CARGO-1017,21,-80.17109262722849,-80,0
CARGO-1017,22,-80.07714126728472,-80,0
CARGO-1017,23,-79.96040430879641,-80,0
CARGO-1017,24,-80.73841491883645,-80,0
CARGO-1017,25,-79.96397318180202,-80,0
CARGO-1017,26,-80.328583514289,-80,0
CARGO-1017,27,-79.75695423177814,-80,0
CARGO-1017,28,-80.07530682362774,-80,0
CARGO-1017,29,-79.9624371988595,-80,0
CARGO-1017,30,-80.39237964394617,-80,0
CARGO-1017,31,-79.79429552780037,-80,0
CARGO-1017,32,-80.04069005900519,-80,0
CARGO-1017,33,-80.47336797586371,-80,0
CARGO-1017,34,-80.18034528578008,-80,0
CARGO-1017,35,-79.83472269687721,-80,0
CARGO-1017,36,-79.99975861738781,-80,0
CARGO-1017,37,-79.8206312623015,-80,0
CARGO-1017,38,-80.13515448842972,-80,0
CARGO-1017,39,-79.66177691887412,-80,0
CARGO-1017,40,-79.60902946660681,-80,0
CARGO-1017,41,-80.54388445340165,-80,0
CARGO-1017,42,-79.85031557545574,-80,0
CARGO-1017,43,-79.57667964920033,-80,0
CARGO-1017,44,-79.89281630201539,-80,0
CARGO-1017,45,-80.04030826470292,-80,0
CARGO-1017,46,-80.42683494646087,-80,0
CARGO-1017,47,-80.1092214532498,-80,0
CARGO-1017,48,-80.16251929561646,-80,0
CARGO-1017,49,-79.7529032376257,-80,0
CARGO-1017,50,-79.72077484379851,-80,0
CARGO-1017,51,-80.07376808242225,-80,0
CARGO-1017,52,-80.29769359917123,-80,0
CARGO-1017,53,-80.64447327723194,-80,0
CARGO-1017,54,-79.84214671237244,-80,0
CARGO-1017,55,-79.8634474056309,-80,0
CARGO-1017,56,-80.64152035870873,-80,0
CARGO-1017,57,-79.86912343144971,-80,0
CARGO-1017,58,-79.77014450418314,-80,0
CARGO-1017,59,-80.85919007180786,-80,0
CARGO-1017,60,-80.35370673925188,-80,0
CARGO-1017,61,-79.3030841772955,-80,0
CARGO-1017,62,-80.02579271274112,-80,0
CARGO-1017,63,-79.36078691697676,-80,0
CARGO-1017,64,-79.97642923994795,-80,0
CARGO-1017,65,-79.71373100617525,-80,0
CARGO-1017,66,-80.14448588318668,-80,0
CARGO-1017,67,-80.25773838826048,-80,0
CARGO-1017,68,-80.54246941688346,-80,0
CARGO-1017,69,-79.89551472879882,-80,0
CARGO-1017,70,-80.32062146468797,-80,0
CARGO-1017,71,-80.35751759150752,-80,0
CARGO-1017,72,-80.53708323888655,-80,0
CARGO-1017,73,-80.07048296506157,-80,0
CARGO-1017,74,-79.85516064180665,-80,0
CARGO-1017,75,-80.15448270682784,-80,0
CARGO-1017,76,-80.17933249878186,-80,0
CARGO-1017,77,-79.61958371405805,-80,0
CARGO-1017,78,-80.56860348021996,-80,0
CARGO-1017,79,-79.55001044755826,-80,0
CARGO-1017,80,-80.50142487580463,-80,0
CARGO-1017,81,-80.13052090126807,-80,0
CARGO-1017,82,-79.98617747012459,-80,0
CARGO-1017,83,-79.81176604675441,-80,0
CARGO-1017,84,-80.56767797778683,-80,0
CARGO-1017,85,-80.04454795702573,-80,0
CARGO-1017,86,-80.28930509234257,-80,0
CARGO-1017,87,-79.81209345450236,-80,0
CARGO-1017,88,-80.2917366397638,-80,0
CARGO-1017,89,-80.68029503387788,-80,0
CARGO-1017,90,-79.97483479126196,-80,0
CARGO-1017,91,-80.10200022927906,-80,0
CARGO-1017,92,-79.56245263979356,-80,0
CARGO-1017,93,-79.79828419786556,-80,0
CARGO-1017,94,-80.35882293171252,-80,0
CARGO-1017,95,-79.79410252179449,-80,0
CARGO-1017,96,-80.05654045052923,-80,0
CARGO-1017,97,-79.87805460806042,-80,0
CARGO-1017,98,-80.33307994107871,-80,0
CARGO-1017,99,-80.21520289789491,-80,0
CARGO-1017,100,-79.89454071886303,-80,0
CARGO-1017,101,-79.86787223158483,-80,0
CARGO-1017,102,-80.71584133804664,-80,0
CARGO-1017,103,-79.9079005425619,-80,0
CARGO-1017,104,-80.32759946462075,-80,0
CARGO-1017,105,-79.99396537350168,-80,0
CARGO-1017,106,-80.58364843881813,-80,0
CARGO-1017,107,-79.8250017244216,-80,0
CARGO-1017,108,-79.89220509293266,-80,0
CARGO-1017,109,-80.34099277981244,-80,0
CARGO-1017,110,-79.97602787089536,-80,0
CARGO-1017,111,-80.10405071124764,-80,0
CARGO-1017,112,-79.90886797597037,-80,0
CARGO-1017,113,-80.52081479466749,-80,0
CARGO-1017,114,-80.486818993143,-80,0
CARGO-1017,115,-80.33656292656973,-80,0
CARGO-1017,116,-80.13905327719112,-80,0
CARGO-1017,117,-79.62038552236753,-80,0
CARGO-1017,118,-80.0513949494017,-80,0
CARGO-1017,119,-79.83378291353283,-80,0
CARGO-1018,0,-80.21749241325503,-80,1
CARGO-1018,1,-79.99065029038421,-80,1
CARGO-1018,2,-79.86864303055181,-80,1
CARGO-1018,3,-79.78554059267029,-80,1
CARGO-1018,4,-80.15464263508765,-80,1
CARGO-1018,5,-80.02609145401836,-80,1
CARGO-1018,6,-80.31922470074578,-80,1
CARGO-1018,7,-80.31934771355341,-80,1
CARGO-1018,8,-80.59687839201568,-80,1
CARGO-1018,9,-80.20943343404682,-80,1
CARGO-1018,10,-79.6213763198389,-80,1
CARGO-1018,11,-79.57290835374434,-80,1
CARGO-1018,12,-79.81258783259838,-80,1
CARGO-1018,13,-79.69154441707185,-80,1
CARGO-1018,14,-79.7471017425542,-80,1
CARGO-1018,15,-79.94104929491024,-80,1
CARGO-1018,16,-80.72639990168786,-80,1
CARGO-1018,17,-79.3282242838982,-80,1
CARGO-1018,18,-80.05967783650996,-80,1
CARGO-1018,19,-80.07417484231671,-80,1
CARGO-1018,20,-79.56514245818606,-80,1
CARGO-1018,21,-79.95859539266847,-80,1
CARGO-1018,22,-79.25837076435751,-80,1
CARGO-1018,23,-80.27076183082787,-80,1
CARGO-1018,24,-79.71013591157602,-80,1
CARGO-1018,25,-80.09757499157338,-80,1
CARGO-1018,26,-79.9938293169178,-80,1
CARGO-1018,27,-80.30405531793599,-80,1
CARGO-1018,28,-80.24527422138043,-80,1
CARGO-1018,29,-79.68381147352434,-80,1
CARGO-1018,30,-79.90911648066268,-80,1
CARGO-1018,31,-79.92592353031085,-80,1
CARGO-1018,32,-80.54474353858639,-80,1
CARGO-1018,33,-80.53034400463845,-80,1
CARGO-1018,34,-80.32310824827579,-80,1
CARGO-1018,35,-80.15575114261411,-80,1
CARGO-1018,36,-80.05812992471074,-80,1
CARGO-1018,37,-79.94229101804483,-80,1
CARGO-1018,38,-79.72895201374116,-80,1
CARGO-1018,39,-79.58772824924957,-80,1
CARGO-1018,40,-79.96360006614245,-80,1
CARGO-1018,41,-80.26955316214594,-80,1
CARGO-1018,42,-79.79718594413342,-80,1
CARGO-1018,43,-79.95535264477867,-80,1
CARGO-1018,44,-79.88197712358206,-80,1
CARGO-1018,45,-79.67115821953227,-80,1
CARGO-1018,46,-80.13716999810742,-80,1
CARGO-1018,47,-79.57534321076959,-80,1
CARGO-1018,48,-80.4269449575861,-80,1
CARGO-1018,49,-79.78221621989148,-80,1
CARGO-1018,50,-80.20381740846517,-80,1
CARGO-1018,51,-79.94269265536379,-80,1
CARGO-1018,52,-79.89592779180568,-80,1
CARGO-1018,53,-80.10650768457253,-80,1
CARGO-1018,54,-80.19504994836721,-80,1
CARGO-1018,55,-80.24778657933143,-80,1
CARGO-1018,56,-79.9061952641504,-80,1
CARGO-1018,57,-79.8050967380833,-80,1
CARGO-1018,58,-79.44315941650122,-80,1
CARGO-1018,59,-80.06991074698854,-80,1
CARGO-1018,60,-80.44994910361247,-80,1
CARGO-1018,61,-79.86691509114958,-80,1
CARGO-1018,62,-80.54447531772568,-80,1
CARGO-1018,63,-79.54401521944237,-80,1
CARGO-1018,64,-79.7864603362173,-80,1
CARGO-1018,65,-80.31771151021864,-80,1
CARGO-1018,66,-80.49111320950878,-80,1
CARGO-1018,67,-80.27214608876304,-80,1
CARGO-1018,68,-79.85754655575765,-80,1
CARGO-1018,69,-80.26052377889809,-80,1
CARGO-1018,70,-79.80123121895788,-80,1
CARGO-1018,71,-79.74070790398366,-80,1
CARGO-1018,72,-80.19085654131699,-80,1
CARGO-1018,73,-79.76321768498738,-80,1
CARGO-1018,74,-79.65368495474117,-80,1
CARGO-1018,75,-79.84979266895708,-80,1
CARGO-1018,76,-79.84449189904902,-80,1
CARGO-1018,77,-79.7852256627607,-80,1
CARGO-1018,78,-78.60231860547255,-80,1
CARGO-1018,79,-79.08547620514867,-80,1
CARGO-1018,80,-78.51645060532275,-80,1
CARGO-1018,81,-77.71331498795965,-80,1
CARGO-1018,82,-77.70698036062015,-80,1
CARGO-1018,83,-77.27351667577419,-80,1
CARGO-1018,84,-77.17194585517987,-80,1
CARGO-1018,85,-76.49825221499322,-80,1
CARGO-1018,86,-75.21594580811662,-80,1
CARGO-1018,87,-75.6366319807054,-80,1
CARGO-1018,88,-74.7398926264913,-80,1
CARGO-1018,89,-74.85863530699662,-80,1
CARGO-1018,90,-74.61250557266963,-80,1
CARGO-1018,91,-74.12047346399571,-80,1
CARGO-1018,92,-73.26642723860324,-80,1
CARGO-1018,93,-73.74327517849702,-80,1
CARGO-1018,94,-72.16538048373978,-80,1
CARGO-1018,95,-72.12981284584596,-80,1
CARGO-1018,96,-71.97252050925692,-80,1
CARGO-1018,97,-71.68766749553302,-80,1
CARGO-1018,98,-71.1948813247622,-80,1
CARGO-1018,99,-70.28608648568971,-80,1
CARGO-1018,100,-70.70640309743366,-80,1
CARGO-1018,101,-69.83740788818703,-80,1
CARGO-1018,102,-69.06704106851274,-80,1
CARGO-1018,103,-69.58653791170819,-80,1
CARGO-1018,104,-68.76355718905411,-80,1
CARGO-1018,105,-68.62907223531829,-80,1
CARGO-1018,106,-68.16260180253461,-80,1
CARGO-1018,107,-67.30298020402438,-80,1
CARGO-1018,108,-66.75833725099824,-80,1
CARGO-1018,109,-66.6605255102998,-80,1
CARGO-1018,110,-66.56639813687981,-80,1
CARGO-1018,111,-65.96481665044266,-80,1
CARGO-1018,112,-65.18719380980052,-80,1
CARGO-1018,113,-64.90662800236436,-80,1
CARGO-1018,114,-64.85839861538442,-80,1
CARGO-1018,115,-64.24504795236065,-80,1
CARGO-1018,116,-63.459700647442986,-80,1
CARGO-1018,117,-63.221291887754084,-80,1
CARGO-1018,118,-63.18323836674206,-80,1
CARGO-1018,119,-62.39051124214055,-80,1
CARGO-1019,0,-80.23808290373034,-80,0
CARGO-1019,1,-80.07441830929393,-80,0
CARGO-1019,2,-80.34970163090537,-80,0
CARGO-1019,3,-79.99608104319125,-80,0
CARGO-1019,4,-80.00633819870087,-80,0
CARGO-1019,5,-79.98313159016483,-80,0
CARGO-1019,6,-79.82803277641366,-80,0
CARGO-1019,7,-79.46314813678401,-80,0
CARGO-1019,8,-80.5045560529134,-80,0
CARGO-1019,9,-80.10383864735287,-80,0
CARGO-1019,10,-80.27230178831088,-80,0
CARGO-1019,11,-79.90688436151316,-80,0
CARGO-1019,12,-79.7983053666084,-80,0
CARGO-1019,13,-80.36918311315303,-80,0
CARGO-1019,14,-79.92406284799245,-80,0
CARGO-1019,15,-79.76542301126774,-80,0
CARGO-1019,16,-79.90792084336283,-80,0
CARGO-1019,17,-80.13929090158115,-80,0
CARGO-1019,18,-79.82035284535331,-80,0
CARGO-1019,19,-80.0965642281623,-80,0
CARGO-1019,20,-79.74649756703108,-80,0
CARGO-1019,21,-79.91000438367674,-80,0
CARGO-1019,22,-80.07246022358447,-80,0
CARGO-1019,23,-80.38307145723925,-80,0
CARGO-1019,24,-79.9943551197088,-80,0
CARGO-1019,25,-80.33140587552374,-80,0
CARGO-1019,26,-80.32822670278237,-80,0
CARGO-1019,27,-80.10464374649266,-80,0
CARGO-1019,28,-80.01941407999009,-80,0
CARGO-1019,29,-80.3709907058629,-80,0
CARGO-1019,30,-80.06223446010428,-80,0
CARGO-1019,31,-80.08509242161863,-80,0
CARGO-1019,32,-80.19926607119965,-80,0
CARGO-1019,33,-80.08773785450214,-80,0
CARGO-1019,34,-79.83042867878441,-80,0
CARGO-1019,35,-80.11590280087204,-80,0
CARGO-1019,36,-79.83410728234195,-80,0
CARGO-1019,37,-80.02869648545969,-80,0
CARGO-1019,38,-79.69752563422138,-80,0
CARGO-1019,39,-79.75020715555047,-80,0
CARGO-1019,40,-80.0440955924079,-80,0
CARGO-1019,41,-80.1880708327641,-80,0
CARGO-1019,42,-79.83691981854555,-80,0
CARGO-1019,43,-80.14321939202057,-80,0
CARGO-1019,44,-80.46375551732613,-80,0
CARGO-1019,45,-79.77264720948435,-80,0
CARGO-1019,46,-80.17718611806403,-80,0
CARGO-1019,47,-80.61447806026365,-80,0
CARGO-1019,48,-80.01938450089644,-80,0
CARGO-1019,49,-79.71292274431755,-80,0
CARGO-1019,50,-80.16439226488717,-80,0
CARGO-1019,51,-80.10153917886562,-80,0
CARGO-1019,52,-79.84259936027605,-80,0
CARGO-1019,53,-80.11621042345581,-80,0
CARGO-1019,54,-80.02106656692733,-80,0
CARGO-1019,55,-79.72015709770372,-80,0
CARGO-1019,56,-79.78178917547233,-80,0
CARGO-1019,57,-79.91089692114957,-80,0
CARGO-1019,58,-80.47170531607624,-80,0
CARGO-1019,59,-79.78673666402165,-80,0
CARGO-1019,60,-80.07942525284521,-80,0
CARGO-1019,61,-79.8219642955697,-80,0
CARGO-1019,62,-80.42677132512962,-80,0
CARGO-1019,63,-79.67885520387864,-80,0
CARGO-1019,64,-80.21934777205611,-80,0
CARGO-1019,65,-79.83374569273393,-80,0
CARGO-1019,66,-79.67632491616418,-80,0
CARGO-1019,67,-79.83417330762678,-80,0
CARGO-1019,68,-79.82811416969069,-80,0
CARGO-1019,69,-79.91774254252101,-80,0
CARGO-1019,70,-80.31095893299275,-80,0
CARGO-1019,71,-79.53287014842614,-80,0
CARGO-1019,72,-79.58607325871203,-80,0
CARGO-1019,73,-80.01793244718928,-80,0
CARGO-1019,74,-80.92714001396084,-80,0
CARGO-1019,75,-79.60135491481465,-80,0
CARGO-1019,76,-80.4484997447917,-80,0
CARGO-1019,77,-79.74366527924788,-80,0
CARGO-1019,78,-80.11308037448602,-80,0
CARGO-1019,79,-79.74730250180727,-80,0
CARGO-1019,80,-80.18890161368387,-80,0
CARGO-1019,81,-79.88530369434557,-80,0
CARGO-1019,82,-80.41882745240518,-80,0
CARGO-1019,83,-79.89185364053476,-80,0
CARGO-1019,84,-79.89827082290128,-80,0
CARGO-1019,85,-79.67380208035601,-80,0
CARGO-1019,86,-80.03540840165226,-80,0
CARGO-1019,87,-79.79403770369812,-80,0
CARGO-1019,88,-80.00217488881934,-80,0
CARGO-1019,89,-79.74770730275651,-80,0
CARGO-1019,90,-79.76631397856369,-80,0
CARGO-1019,91,-79.63182085493996,-80,0
CARGO-1019,92,-80.24424034476797,-80,0
CARGO-1019,93,-79.91324169042704,-80,0
CARGO-1019,94,-79.79731608080506,-80,0
CARGO-1019,95,-79.3181129431762,-80,0
CARGO-1019,96,-79.27623772609512,-80,0
CARGO-1019,97,-80.29266695265578,-80,0
CARGO-1019,98,-80.07882819372755,-80,0
CARGO-1019,99,-80.64333874827989,-80,0
CARGO-1019,100,-79.2252347839093,-80,0
CARGO-1019,101,-79.78743494769826,-80,0
CARGO-1019,102,-79.71246827448387,-80,0
CARGO-1019,103,-79.9695303543797,-80,0
CARGO-1019,104,-79.87675902018493,-80,0
CARGO-1019,105,-79.54780380777461,-80,0
CARGO-1019,106,-80.19246690362228,-80,0
CARGO-1019,107,-80.21216139928862,-80,0
CARGO-1019,108,-79.94374896031427,-80,0
CARGO-1019,109,-79.8555872950445,-80,0
CARGO-1019,110,-79.69277971184857,-80,0
CARGO-1019,111,-79.85125893853063,-80,0
CARGO-1019,112,-80.11843596532812,-80,0
CARGO-1019,113,-79.98481971768886,-80,0
CARGO-1019,114,-79.82130218956412,-80,0
CARGO-1019,115,-79.67066976875628,-80,0
CARGO-1019,116,-79.57443810716953,-80,0
CARGO-1019,117,-79.95740966525301,-80,0
CARGO-1019,118,-80.08905385003283,-80,0
CARGO-1019,119,-80.14667250641833,-80,0
CARGO-1020,0,-79.98016576195944,-80,0
CARGO-1020,1,-80.08845662999632,-80,0
CARGO-1020,2,-79.98675559277027,-80,0
CARGO-1020,3,-79.86267377659115,-80,0
CARGO-1020,4,-80.26877193313976,-80,0
CARGO-1020,5,-79.83724262772827,-80,0
CARGO-1020,6,-80.18444573626225,-80,0
CARGO-1020,7,-79.54016382444091,-80,0
CARGO-1020,8,-79.68222983109209,-80,0
CARGO-1020,9,-80.28352517277459,-80,0
CARGO-1020,10,-79.61979266388494,-80,0
CARGO-1020,11,-79.86054843284265,-80,0
CARGO-1020,12,-79.82182436189161,-80,0
CARGO-1020,13,-80.0320903450574,-80,0
CARGO-1020,14,-80.0706213746643,-80,0
CARGO-1020,15,-80.05459000971975,-80,0
CARGO-1020,16,-80.25318845936505,-80,0
CARGO-1020,17,-80.52730137990916,-80,0
CARGO-1020,18,-80.1478938307094,-80,0
CARGO-1020,19,-80.14605761538043,-80,0
CARGO-1020,20,-80.28142210367892,-80,0
CARGO-1020,21,-79.77287896787864,-80,0
CARGO-1020,22,-79.87880988213637,-80,0
CARGO-1020,23,-80.13298245589102,-80,0
CARGO-1020,24,-80.05468776360175,-80,0
CARGO-1020,25,-79.89933322568484,-80,0
CARGO-1020,26,-80.20620384947586,-80,0
CARGO-1020,27,-80.75850653750712,-80,0
CARGO-1020,28,-79.6338872618009,-80,0
CARGO-1020,29,-80.02111277593761,-80,0
CARGO-1020,30,-79.9130261499638,-80,0
CARGO-1020,31,-79.94649494578927,-80,0
CARGO-1020,32,-80.43240489873148,-80,0
CARGO-1020,33,-80.19948206524818,-80,0
CARGO-1020,34,-79.9959513073281,-80,0
CARGO-1020,35,-80.04870834805145,-80,0
CARGO-1020,36,-80.32224297559239,-80,0
CARGO-1020,37,-79.87510197912599,-80,0
CARGO-1020,38,-79.81191595262226,-80,0
CARGO-1020,39,-80.0832189616201,-80,0
CARGO-1020,40,-79.68348192275324,-80,0
CARGO-1020,41,-79.81717588836722,-80,0
CARGO-1020,42,-79.85755538633828,-80,0
CARGO-1020,43,-80.11340515882578,-80,0
CARGO-1020,44,-80.01635192192857,-80,0
CARGO-1020,45,-79.71942129324823,-80,0
CARGO-1020,46,-80.41301420637836,-80,0
CARGO-1020,47,-80.40204493846554,-80,0
CARGO-1020,48,-80.1103971256348,-80,0
CARGO-1020,49,-80.00086636731692,-80,0
CARGO-1020,50,-80.02974516032404,-80,0
CARGO-1020,51,-79.8523557871612,-80,0
CARGO-1020,52,-79.9282291166905,-80,0
CARGO-1020,53,-80.00022116754987,-80,0
CARGO-1020,54,-80.09380230518819,-80,0
CARGO-1020,55,-79.75925958524911,-80,0
CARGO-1020,56,-79.64145307794452,-80,0
CARGO-1020,57,-80.09243143664271,-80,0
CARGO-1020,58,-79.88060620675046,-80,0
CARGO-1020,59,-80.06979195229401,-80,0
CARGO-1020,60,-80.34571017616835,-80,0
CARGO-1020,61,-80.48825065532495,-80,0
CARGO-1020,62,-79.64210043546575,-80,0
CARGO-1020,63,-79.7580820932163,-80,0
CARGO-1020,64,-79.87635823508742,-80,0
CARGO-1020,65,-79.69339533451857,-80,0
CARGO-1020,66,-80.23814200941122,-80,0
CARGO-1020,67,-79.72908444259141,-80,0
CARGO-1020,68,-79.89319930775756,-80,0
CARGO-1020,69,-80.12913673361587,-80,0
CARGO-1020,70,-80.69123619499709,-80,0
CARGO-1020,71,-80.41690504675792,-80,0
CARGO-1020,72,-79.46570638289504,-80,0
CARGO-1020,73,-79.46761270053648,-80,0
CARGO-1020,74,-80.39572439573188,-80,0
CARGO-1020,75,-80.55527158428501,-80,0
CARGO-1020,76,-79.55821540325339,-80,0
CARGO-1020,77,-79.98481111893418,-80,0
CARGO-1020,78,-80.17082009222848,-80,0
CARGO-1020,79,-80.32214677604586,-80,0
CARGO-1020,80,-80.31960633007184,-80,0
CARGO-1020,81,-79.56763940224768,-80,0
CARGO-1020,82,-79.89592575215491,-80,0
CARGO-1020,83,-80.50917315355036,-80,0
CARGO-1020,84,-80.19614741416659,-80,0
CARGO-1020,85,-79.50511693587718,-80,0
CARGO-1020,86,-79.8882639274125,-80,0
CARGO-1020,87,-80.38222592402155,-80,0
CARGO-1020,88,-80.15505152596548,-80,0
CARGO-1020,89,-79.98744373369362,-80,0
CARGO-1020,90,-79.66511566197485,-80,0
CARGO-1020,91,-79.97888107099672,-80,0
CARGO-1020,92,-79.53520422964529,-80,0
CARGO-1020,93,-79.87007962163618,-80,0
CARGO-1020,94,-80.65539561704652,-80,0
CARGO-1020,95,-79.7984972551116,-80,0
CARGO-1020,96,-80.00461847334638,-80,0
CARGO-1020,97,-80.09465792715841,-80,0
CARGO-1020,98,-79.82397046292255,-80,0
CARGO-1020,99,-80.01796765664692,-80,0
CARGO-1020,100,-79.89206188589378,-80,0
CARGO-1020,101,-80.11945950989187,-80,0
CARGO-1020,102,-80.13610068427178,-80,0
CARGO-1020,103,-79.63341353957857,-80,0
CARGO-1020,104,-79.92833225785267,-80,0
CARGO-1020,105,-79.84384310794977,-80,0
CARGO-1020,106,-80.1504554925622,-80,0
CARGO-1020,107,-79.66322928824029,-80,0
CARGO-1020,108,-79.92165676208832,-80,0
CARGO-1020,109,-80.09726196426412,-80,0
CARGO-1020,110,-79.61446398658201,-80,0
CARGO-1020,111,-80.08301776395272,-80,0
CARGO-1020,112,-79.93378446809095,-80,0
CARGO-1020,113,-80.33178594145608,-80,0
CARGO-1020,114,-80.16434761961592,-80,0
CARGO-1020,115,-79.7454651097327,-80,0
CARGO-1020,116,-79.9897311310692,-80,0
CARGO-1020,117,-79.947300091621,-80,0
CARGO-1020,118,-80.01546965982547,-80,0
CARGO-1020,119,-80.001184809904,-80,0
CARGO-1021,0,-79.80776433121376,-80,0
CARGO-1021,1,-79.4259134301028,-80,0
CARGO-1021,2,-79.81199434932793,-80,0
CARGO-1021,3,-80.3482457375102,-80,0
CARGO-1021,4,-79.1552918007021,-80,0
CARGO-1021,5,-80.32747702805769,-80,0
CARGO-1021,6,-79.86830992144122,-80,0
CARGO-1021,7,-80.05437953095849,-80,0
CARGO-1021,8,-80.03322025238417,-80,0
CARGO-1021,9,-79.87647227107675,-80,0
CARGO-1021,10,-79.84842828315105,-80,0
CARGO-1021,11,-79.56251843840387,-80,0
CARGO-1021,12,-80.174138828784,-80,0
CARGO-1021,13,-79.85883254679071,-80,0
CARGO-1021,14,-79.7936717234416,-80,0
CARGO-1021,15,-79.280982753743,-80,0
CARGO-1021,16,-79.8386820887928,-80,0
CARGO-1021,17,-80.31798568438887,-80,0
CARGO-1021,18,-79.56321926910567,-80,0
CARGO-1021,19,-80.108632512015,-80,0
CARGO-1021,20,-80.2356124939493,-80,0
CARGO-1021,21,-79.56731777253715,-80,0
CARGO-1021,22,-79.93498226612274,-80,0
CARGO-1021,23,-80.02917074284085,-80,0
CARGO-1021,24,-79.46678032286731,-80,0
CARGO-1021,25,-80.13154325191461,-80,0
CARGO-1021,26,-80.14712088671394,-80,0
CARGO-1021,27,-79.8284741092776,-80,0
CARGO-1021,28,-80.64876199896692,-80,0
CARGO-1021,29,-79.93393353817257,-80,0
CARGO-1021,30,-79.96848777201714,-80,0
CARGO-1021,31,-80.25364662012475,-80,0
CARGO-1021,32,-79.99864163772051,-80,0
CARGO-1021,33,-79.91671801451933,-80,0
CARGO-1021,34,-80.01483793381587,-80,0
CARGO-1021,35,-79.75760750331577,-80,0
CARGO-1021,36,-79.91138439926533,-80,0
CARGO-1021,37,-80.03840317888505,-80,0
CARGO-1021,38,-79.79161916962612,-80,0
CARGO-1021,39,-79.92994048010335,-80,0
CARGO-1021,40,-79.11108164035683,-80,0
CARGO-1021,41,-79.70344685217304,-80,0
CARGO-1021,42,-80.15880955626453,-80,0
CARGO-1021,43,-80.51586024878317,-80,0
CARGO-1021,44,-80.19911679520287,-80,0
CARGO-1021,45,-80.62585872638718,-80,0
CARGO-1021,46,-79.81688609343371,-80,0
CARGO-1021,47,-80.09809638859304,-80,0
CARGO-1021,48,-80.22630554061692,-80,0
CARGO-1021,49,-79.82702651275804,-80,0
CARGO-1021,50,-80.11860428198484,-80,0
CARGO-1021,51,-79.90365615987301,-80,0
CARGO-1021,52,-80.10336566626121,-80,0
CARGO-1021,53,-79.99210388899776,-80,0
CARGO-1021,54,-79.62070092826848,-80,0
CARGO-1021,55,-79.73371438560191,-80,0
CARGO-1021,56,-79.58038254612468,-80,0
CARGO-1021,57,-79.88617600983527,-80,0
CARGO-1021,58,-80.53411953251202,-80,0
CARGO-1021,59,-80.2009224811054,-80,0
CARGO-1021,60,-80.4847384722515,-80,0
CARGO-1021,61,-79.73627811355638,-80,0
CARGO-1021,62,-80.00374086324533,-80,0
CARGO-1021,63,-79.62534167600793,-80,0
CARGO-1021,64,-79.68691118592902,-80,0
CARGO-1021,65,-80.02983321501397,-80,0
CARGO-1021,66,-79.47312657437801,-80,0
CARGO-1021,67,-79.71040330230616,-80,0
CARGO-1021,68,-79.96455781368375,-80,0
CARGO-1021,69,-79.8623090036444,-80,0
CARGO-1021,70,-79.57309831010583,-80,0
CARGO-1021,71,-79.85505158688906,-80,0
CARGO-1021,72,-80.19551797990552,-80,0
CARGO-1021,73,-80.357837441169,-80,0
CARGO-1021,74,-80.09266925851885,-80,0
CARGO-1021,75,-80.19590385222958,-80,0
CARGO-1021,76,-79.9223734562174,-80,0
CARGO-1021,77,-80.13322864023205,-80,0
CARGO-1021,78,-80.10125068552935,-80,0
CARGO-1021,79,-79.61842592952505,-80,0
CARGO-1021,80,-79.47187422330238,-80,0
CARGO-1021,81,-80.19900042951018,-80,0
CARGO-1021,82,-80.08237015693426,-80,0
CARGO-1021,83,-80.03932037841767,-80,0
CARGO-1021,84,-79.877506621453,-80,0
CARGO-1021,85,-79.86732577702921,-80,0
CARGO-1021,86,-80.13055786302805,-80,0
CARGO-1021,87,-79.83143645219464,-80,0
CARGO-1021,88,-80.12670182789228,-80,0
CARGO-1021,89,-80.1063946984486,-80,0
CARGO-1021,90,-80.26758558922148,-80,0
CARGO-1021,91,-79.68968526465333,-80,0
CARGO-1021,92,-79.71455882846163,-80,0
CARGO-1021,93,-79.87927382783175,-80,0
CARGO-1021,94,-79.77835121438243,-80,0
CARGO-1021,95,-79.64578959197286,-80,0
CARGO-1021,96,-79.76878189419158,-80,0
CARGO-1021,97,-79.76932200446666,-80,0
CARGO-1021,98,-80.11722193675948,-80,0
CARGO-1021,99,-80.43618630624131,-80,0
CARGO-1021,100,-80.22293857371555,-80,0
CARGO-1021,101,-79.34511660182146,-80,0
CARGO-1021,102,-80.07825675398858,-80,0
CARGO-1021,103,-79.53344627545061,-80,0
CARGO-1021,104,-79.84953807584594,-80,0
CARGO-1021,105,-80.01731779658589,-80,0
CARGO-1021,106,-80.26177557312923,-80,0
CARGO-1021,107,-80.19833386279475,-80,0
CARGO-1021,108,-80.0313619256775,-80,0
CARGO-1021,109,-80.03560490046262,-80,0
CARGO-1021,110,-79.82718277123136,-80,0
CARGO-1021,111,-80.18783878560329,-80,0
CARGO-1021,112,-80.18684700843285,-80,0
CARGO-1021,113,-79.73455200716367,-80,0
CARGO-1021,114,-79.42794007670146,-80,0
CARGO-1021,115,-79.98479957225274,-80,0
CARGO-1021,116,-79.87164952127385,-80,0
CARGO-1021,117,-80.04690283579033,-80,0
CARGO-1021,118,-80.02371782109708,-80,0
CARGO-1021,119,-80.06603708364571,-80,0
CARGO-1022,0,-80.43874892292617,-80,0
CARGO-1022,1,-80.04812975921614,-80,0
CARGO-1022,2,-80.08746828019486,-80,0
CARGO-1022,3,-79.63552189974874,-80,0
CARGO-1022,4,-79.95428443349002,-80,0
CARGO-1022,5,-79.72122004790043,-80,0
CARGO-1022,6,-80.77031388235899,-80,0
CARGO-1022,7,-80.1105918308734,-80,0
CARGO-1022,8,-79.56533914811226,-80,0
CARGO-1022,9,-80.33227119466096,-80,0
CARGO-1022,10,-80.09347424073587,-80,0
CARGO-1022,11,-79.75132738104199,-80,0
CARGO-1022,12,-80.15487751123882,-80,0
CARGO-1022,13,-79.773967659504,-80,0
CARGO-1022,14,-80.1885723101846,-80,0
CARGO-1022,15,-80.02376297884621,-80,0
CARGO-1022,16,-79.80416414561175,-80,0
CARGO-1022,17,-80.33280084102178,-80,0
CARGO-1022,18,-80.25774903409344,-80,0
CARGO-1022,19,-79.73800158654674,-80,0
CARGO-1022,20,-80.25499293079669,-80,0
CARGO-1022,21,-79.97249462431168,-80,0
CARGO-1022,22,-79.71905089810276,-80,0
CARGO-1022,23,-79.97852836702262,-80,0
CARGO-1022,24,-79.92926919161182,-80,0
CARGO-1022,25,-79.54780700884581,-80,0
CARGO-1022,26,-79.31913914569893,-80,0
CARGO-1022,27,-79.96975965387792,-80,0
CARGO-1022,28,-80.14495489449295,-80,0
CARGO-1022,29,-79.76200455902571,-80,0
CARGO-1022,30,-80.24278193566579,-80,0
CARGO-1022,31,-79.62442101886012,-80,0
CARGO-1022,32,-80.18540010298867,-80,0
CARGO-1022,33,-80.15479800732706,-80,0
CARGO-1022,34,-80.33950091191679,-80,0
CARGO-1022,35,-80.29005695689914,-80,0
CARGO-1022,36,-79.68307939659961,-80,0
CARGO-1022,37,-79.9458084333277,-80,0
CARGO-1022,38,-80.06766295107292,-80,0
CARGO-1022,39,-79.42906424198911,-80,0
CARGO-1022,40,-79.99487602119396,-80,0
CARGO-1022,41,-80.04477930990879,-80,0
CARGO-1022,42,-80.36470721810079,-80,0
CARGO-1022,43,-80.25571624754723,-80,0
CARGO-1022,44,-80.2952407746263,-80,0
CARGO-1022,45,-80.21616243019064,-80,0
CARGO-1022,46,-80.14272531881625,-80,0
CARGO-1022,47,-80.09137967549911,-80,0
CARGO-1022,48,-79.78838604885003,-80,0
CARGO-1022,49,-80.00730458066363,-80,0
CARGO-1022,50,-79.45564968989517,-80,0
CARGO-1022,51,-79.79087315300733,-80,0
CARGO-1022,52,-80.18185156924815,-80,0
CARGO-1022,53,-79.8367552617569,-80,0
CARGO-1022,54,-79.92224423205435,-80,0
CARGO-1022,55,-79.55241276918123,-80,0
CARGO-1022,56,-79.73410342549039,-80,0
CARGO-1022,57,-79.96192315385133,-80,0
CARGO-1022,58,-79.45113021687247,-80,0
CARGO-1022,59,-79.81069107281962,-80,0
CARGO-1022,60,-79.78587823431894,-80,0
CARGO-1022,61,-79.51467267127681,-80,0
CARGO-1022,62,-79.71713956236123,-80,0
CARGO-1022,63,-79.91158423228418,-80,0
CARGO-1022,64,-80.00486494841341,-80,0
CARGO-1022,65,-80.57666753844994,-80,0
CARGO-1022,66,-80.52061656802307,-80,0
CARGO-1022,67,-80.00261882479829,-80,0
CARGO-1022,68,-80.12801576474935,-80,0
CARGO-1022,69,-79.96197523991486,-80,0
CARGO-1022,70,-79.67158733110203,-80,0
CARGO-1022,71,-80.21853555912845,-80,0
CARGO-1022,72,-80.47428228440546,-80,0
CARGO-1022,73,-80.39961053416353,-80,0
CARGO-1022,74,-80.30060486972087,-80,0
CARGO-1022,75,-80.34155460522054,-80,0
CARGO-1022,76,-79.99349355946768,-80,0
CARGO-1022,77,-79.5608231965143,-80,0
CARGO-1022,78,-79.84131462015151,-80,0
CARGO-1022,79,-79.81512932268726,-80,0
CARGO-1022,80,-79.94935458326405,-80,0
CARGO-1022,81,-80.38478348062525,-80,0
CARGO-1022,82,-79.34900180152242,-80,0
CARGO-1022,83,-80.11076316262024,-80,0
CARGO-1022,84,-79.77943641768049,-80,0
CARGO-1022,85,-80.67768230419757,-80,0
CARGO-1022,86,-80.04013730549445,-80,0
CARGO-1022,87,-80.06088603908506,-80,0
CARGO-1022,88,-80.0825102522214,-80,0
CARGO-1022,89,-80.43362739973115,-80,0
CARGO-1022,90,-79.95860829209656,-80,0
CARGO-1022,91,-79.66431872425237,-80,0
CARGO-1022,92,-79.40682920558446,-80,0
CARGO-1022,93,-79.54295059781096,-80,0
CARGO-1022,94,-79.6698010703912,-80,0
CARGO-1022,95,-79.52762705823243,-80,0
CARGO-1022,96,-79.48346992712011,-80,0
CARGO-1022,97,-80.30942023778607,-80,0
CARGO-1022,98,-79.96208132355419,-80,0
CARGO-1022,99,-80.42085586066983,-80,0
CARGO-1022,100,-79.86465681661836,-80,0
CARGO-1022,101,-80.0950749423913,-80,0
CARGO-1022,102,-80.08202125767039,-80,0
CARGO-1022,103,-80.135757383173,-80,0
CARGO-1022,104,-80.809610759311,-80,0
CARGO-1022,105,-80.63393305616934,-80,0
CARGO-1022,106,-79.8181336866514,-80,0
CARGO-1022,107,-80.27867647957073,-80,0
CARGO-1022,108,-79.78307629419501,-80,0
CARGO-1022,109,-80.13825180633195,-80,0
CARGO-1022,110,-80.56398470584678,-80,0
CARGO-1022,111,-80.49468008668995,-80,0
CARGO-1022,112,-80.27705444793081,-80,0
CARGO-1022,113,-80.35670812973609,-80,0
CARGO-1022,114,-80.09426911649176,-80,0
CARGO-1022,115,-79.9868813227595,-80,0
CARGO-1022,116,-79.96013603298402,-80,0
CARGO-1022,117,-79.99614752448963,-80,0
CARGO-1022,118,-79.7857882207237,-80,0
CARGO-1022,119,-79.7560330724738,-80,0
CARGO-1023,0,-79.65217957052602,-80,0
CARGO-1023,1,-80.36922512799096,-80,0
CARGO-1023,2,-80.6399177680945,-80,0
CARGO-1023,3,-80.00501115693703,-80,0
CARGO-1023,4,-80.07093379153045,-80,0
CARGO-1023,5,-80.09554501296188,-80,0
CARGO-1023,6,-79.67883511452294,-80,0
CARGO-1023,7,-80.11615228450353,-80,0
CARGO-1023,8,-79.28784147534158,-80,0
CARGO-1023,9,-80.48048776369546,-80,0
CARGO-1023,10,-80.28117450392993,-80,0
CARGO-1023,11,-80.27354778598271,-80,0
CARGO-1023,12,-80.07116638398986,-80,0
CARGO-1023,13,-79.59350901541025,-80,0
CARGO-1023,14,-80.35471751659983,-80,0
CARGO-1023,15,-80.30076531562405,-80,0
CARGO-1023,16,-80.21151587733966,-80,0
CARGO-1023,17,-80.0430686869073,-80,0
CARGO-1023,18,-79.96040856658605,-80,0
CARGO-1023,19,-80.11486776689567,-80,0
CARGO-1023,20,-80.3907860807008,-80,0
CARGO-1023,21,-80.03318468805524,-80,0
CARGO-1023,22,-79.57469971144727,-80,0
CARGO-1023,23,-79.71745244383729,-80,0
CARGO-1023,24,-80.13247749768982,-80,0
CARGO-1023,25,-79.98828817836386,-80,0
CARGO-1023,26,-79.86361408885733,-80,0
CARGO-1023,27,-79.74082371390459,-80,0
CARGO-1023,28,-79.54169214540792,-80,0
CARGO-1023,29,-79.92222110346756,-80,0
CARGO-1023,30,-80.35761163382017,-80,0
CARGO-1023,31,-80.46226888371122,-80,0
CARGO-1023,32,-79.81772626736235,-80,0
CARGO-1023,33,-80.43108847466284,-80,0
CARGO-1023,34,-79.75491766158187,-80,0
CARGO-1023,35,-80.17878587916647,-80,0
CARGO-1023,36,-80.36882463990665,-80,0
CARGO-1023,37,-79.8420144565766,-80,0
CARGO-1023,38,-80.30393620506553,-80,0
CARGO-1023,39,-79.86288923048683,-80,0
CARGO-1023,40,-79.93165976593119,-80,0
CARGO-1023,41,-80.56270718412415,-80,0
CARGO-1023,42,-79.57458159085566,-80,0
CARGO-1023,43,-79.62094584995232,-80,0
CARGO-1023,44,-79.72907586077496,-80,0
CARGO-1023,45,-79.7167145337473,-80,0
CARGO-1023,46,-80.23983726788715,-80,0
CARGO-1023,47,-79.67219130779162,-80,0
CARGO-1023,48,-79.79720274367644,-80,0
CARGO-1023,49,-80.65872906742315,-80,0
CARGO-1023,50,-80.3346364345174,-80,0
CARGO-1023,51,-80.2727528440664,-80,0
CARGO-1023,52,-79.61573262351713,-80,0
CARGO-1023,53,-80.35105711096934,-80,0
CARGO-1023,54,-80.23457052993645,-80,0
CARGO-1023,55,-80.46185394005167,-80,0
CARGO-1023,56,-80.21435867374657,-80,0
CARGO-1023,57,-79.77660294200132,-80,0
CARGO-1023,58,-80.49940341465404,-80,0
CARGO-1023,59,-79.93239392863978,-80,0
CARGO-1023,60,-80.34393573676952,-80,0
CARGO-1023,61,-79.5141448543597,-80,0
CARGO-1023,62,-80.05194921091669,-80,0
CARGO-1023,63,-80.13107519491479,-80,0
CARGO-1023,64,-80.27102014730326,-80,0
CARGO-1023,65,-80.03504087744447,-80,0
CARGO-1023,66,-80.54019632607559,-80,0
CARGO-1023,67,-80.07103222119771,-80,0
CARGO-1023,68,-80.28292161585127,-80,0
CARGO-1023,69,-80.30485644394474,-80,0
CARGO-1023,70,-79.49206771715573,-80,0
CARGO-1023,71,-79.68470891863498,-80,0
CARGO-1023,72,-79.66815922143275,-80,0
CARGO-1023,73,-79.84298210102973,-80,0
CARGO-1023,74,-79.9762482447219,-80,0
CARGO-1023,75,-79.64938723233944,-80,0
CARGO-1023,76,-79.97947384467983,-80,0
CARGO-1023,77,-79.88376034506396,-80,0
CARGO-1023,78,-79.64991421048491,-80,0
CARGO-1023,79,-79.82920263526783,-80,0
CARGO-1023,80,-79.93746733438269,-80,0
CARGO-1023,81,-79.83559297689057,-80,0
CARGO-1023,82,-80.0352231384188,-80,0
CARGO-1023,83,-79.9032395625943,-80,0
CARGO-1023,84,-79.87509425560114,-80,0
CARGO-1023,85,-80.43562159834602,-80,0
CARGO-1023,86,-80.28056972331542,-80,0
CARGO-1023,87,-79.84136225023576,-80,0
CARGO-1023,88,-80.00790001870278,-80,0
CARGO-1023,89,-80.05231475005174,-80,0
CARGO-1023,90,-79.95951395036889,-80,0
CARGO-1023,91,-80.6416236695991,-80,0
CARGO-1023,92,-80.09517015387982,-80,0
CARGO-1023,93,-80.10844536066215,-80,0
CARGO-1023,94,-80.01268813447408,-80,0
CARGO-1023,95,-79.80134847235402,-80,0
CARGO-1023,96,-80.17261599618537,-80,0
CARGO-1023,97,-79.65999140558742,-80,0
CARGO-1023,98,-80.35715084435334,-80,0
CARGO-1023,99,-79.86248183427936,-80,0
CARGO-1023,100,-80.22761644236769,-80,0
CARGO-1023,101,-79.72972668851881,-80,0
CARGO-1023,102,-80.0256617610031,-80,0
CARGO-1023,103,-80.45210105185497,-80,0
CARGO-1023,104,-80.04640077549242,-80,0
CARGO-1023,105,-79.95122660761979,-80,0
CARGO-1023,106,-79.99762688098221,-80,0
CARGO-1023,107,-79.95816150399371,-80,0
CARGO-1023,108,-80.12264666822142,-80,0
CARGO-1023,109,-80.22272713285409,-80,0
CARGO-1023,110,-80.55502864598054,-80,0
CARGO-1023,111,-79.88066132979459,-80,0
CARGO-1023,112,-79.90103397895268,-80,0
CARGO-1023,113,-79.48583124940406,-80,0
CARGO-1023,114,-80.07379830483227,-80,0
CARGO-1023,115,-79.98712184661576,-80,0
CARGO-1023,116,-80.02088087281578,-80,0
CARGO-1023,117,-79.79390064330623,-80,0
CARGO-1023,118,-80.21716563923212,-80,0
CARGO-1023,119,-80.00930785661959,-80,0
CARGO-1024,0,-79.945567134469,-80,0
CARGO-1024,1,-79.71125005064323,-80,0
CARGO-1024,2,-79.81868394607132,-80,0
CARGO-1024,3,-79.51628227710445,-80,0
CARGO-1024,4,-80.42370305508452,-80,0
CARGO-1024,5,-79.35872497109933,-80,0
CARGO-1024,6,-79.71737518119424,-80,0
CARGO-1024,7,-80.12962001012359,-80,0
CARGO-1024,8,-79.70603879200355,-80,0
CARGO-1024,9,-79.45121294858204,-80,0
CARGO-1024,10,-79.65708326120684,-80,0
CARGO-1024,11,-80.29238229021772,-80,0
CARGO-1024,12,-79.97759718013941,-80,0
CARGO-1024,13,-79.76532666572399,-80,0
CARGO-1024,14,-80.00696599380876,-80,0
CARGO-1024,15,-79.8732798626011,-80,0
CARGO-1024,16,-79.85757360098603,-80,0
CARGO-1024,17,-80.31372219909872,-80,0
CARGO-1024,18,-79.64024181058915,-80,0
CARGO-1024,19,-79.97496988526315,-80,0
CARGO-1024,20,-79.99938557775283,-80,0
CARGO-1024,21,-80.23944770124108,-80,0
CARGO-1024,22,-80.04319565314489,-80,0
CARGO-1024,23,-79.68387360915098,-80,0
CARGO-1024,24,-79.89196122352763,-80,0
CARGO-1024,25,-79.75815777197218,-80,0
CARGO-1024,26,-79.99506934594382,-80,0
CARGO-1024,27,-79.97256524493916,-80,0
CARGO-1024,28,-80.49025941847138,-80,0
CARGO-1024,29,-79.89124840146266,-80,0
CARGO-1024,30,-80.07348950476336,-80,0
CARGO-1024,31,-79.91685920555746,-80,0
CARGO-1024,32,-80.67596664539857,-80,0
CARGO-1024,33,-79.2589841415354,-80,0
CARGO-1024,34,-79.99649311417105,-80,0
CARGO-1024,35,-79.88304095354344,-80,0
CARGO-1024,36,-79.91048091306091,-80,0
CARGO-1024,37,-80.1176869962517,-80,0
CARGO-1024,38,-79.90409492289213,-80,0
CARGO-1024,39,-79.66388111324302,-80,0
CARGO-1024,40,-79.95960226449532,-80,0
CARGO-1024,41,-79.761402481776,-80,0
CARGO-1024,42,-79.78974858917539,-80,0
CARGO-1024,43,-79.79883582576842,-80,0
CARGO-1024,44,-79.45224436729866,-80,0
CARGO-1024,45,-79.90352745459779,-80,0
CARGO-1024,46,-80.03832587413272,-80,0
CARGO-1024,47,-80.0289387699109,-80,0
CARGO-1024,48,-79.89690297934044,-80,0
CARGO-1024,49,-80.42266959474271,-80,0
CARGO-1024,50,-79.59968648281726,-80,0
CARGO-1024,51,-80.10041400631219,-80,0
CARGO-1024,52,-80.04608057918848,-80,0
CARGO-1024,53,-80.40509547010569,-80,0
CARGO-1024,54,-79.98927364375893,-80,0
CARGO-1024,55,-80.43348982173102,-80,0
CARGO-1024,56,-80.52589619242909,-80,0
CARGO-1024,57,-80.2469104050434,-80,0
CARGO-1024,58,-80.1031895171202,-80,0
CARGO-1024,59,-80.28883381601564,-80,0
CARGO-1024,60,-79.95158801174792,-80,0
CARGO-1024,61,-79.67796165663205,-80,0
CARGO-1024,62,-79.98080186552438,-80,0
CARGO-1024,63,-80.71865692818814,-80,0
CARGO-1024,64,-80.06401290272052,-80,0
CARGO-1024,65,-79.87745988840422,-80,0
CARGO-1024,66,-80.16849873323689,-80,0
CARGO-1024,67,-79.95910685396707,-80,0
CARGO-1024,68,-79.96664918683979,-80,0
CARGO-1024,69,-80.376885114334,-80,0
CARGO-1024,70,-79.68152798435243,-80,0
CARGO-1024,71,-80.136599359632,-80,0
CARGO-1024,72,-80.14246683693162,-80,0
CARGO-1024,73,-79.90304873950537,-80,0
CARGO-1024,74,-80.50853340279517,-80,0
CARGO-1024,75,-79.63783634761495,-80,0
CARGO-1024,76,-80.3102354671371,-80,0
CARGO-1024,77,-79.45067151514878,-80,0
CARGO-1024,78,-79.648422930704,-80,0
CARGO-1024,79,-80.27930900651354,-80,0
CARGO-1024,80,-79.87988732588592,-80,0
CARGO-1024,81,-80.26962407479358,-80,0
CARGO-1024,82,-80.31026630978639,-80,0
CARGO-1024,83,-80.73962327018609,-80,0
CARGO-1024,84,-79.79967175464792,-80,0
CARGO-1024,85,-80.12722610731856,-80,0
CARGO-1024,86,-79.74601199499708,-80,0
CARGO-1024,87,-79.90453327800856,-80,0
CARGO-1024,88,-80.33643359156153,-80,0
CARGO-1024,89,-79.72188545284989,-80,0
CARGO-1024,90,-79.80409577387654,-80,0
CARGO-1024,91,-80.11591020763026,-80,0
CARGO-1024,92,-79.69190922143407,-80,0
CARGO-1024,93,-80.06174309495188,-80,0
CARGO-1024,94,-80.21699697687568,-80,0
CARGO-1024,95,-80.040824769387,-80,0
CARGO-1024,96,-80.10915962139501,-80,0
CARGO-1024,97,-80.45047112105958,-80,0
CARGO-1024,98,-80.78440721492336,-80,0
CARGO-1024,99,-79.4889386329544,-80,0
CARGO-1024,100,-79.63698340055316,-80,0
CARGO-1024,101,-79.5397680419961,-80,0
CARGO-1024,102,-79.71527492047232,-80,0
CARGO-1024,103,-80.11324302930589,-80,0
CARGO-1024,104,-80.04729444193407,-80,0
CARGO-1024,105,-80.18365643441017,-80,0
CARGO-1024,106,-79.83731723158874,-80,0
CARGO-1024,107,-79.86957971805492,-80,0
CARGO-1024,108,-80.10487279331713,-80,0
CARGO-1024,109,-79.87165963876129,-80,0
CARGO-1024,110,-79.65908298499328,-80,0
CARGO-1024,111,-80.02059332042833,-80,0
CARGO-1024,112,-80.362575710969,-80,0
CARGO-1024,113,-79.88484728389736,-80,0
CARGO-1024,114,-80.38485782269143,-80,0
CARGO-1024,115,-80.2676510205336,-80,0
CARGO-1024,116,-79.94122540341725,-80,0
CARGO-1024,117,-79.84873953754146,-80,0
CARGO-1024,118,-80.00710403130907,-80,0
CARGO-1024,119,-80.34020800962396,-80,0
CARGO-1025,0,-80.41476653271522,-80,0
CARGO-1025,1,-79.78422239151924,-80,0
CARGO-1025,2,-79.80099373704057,-80,0
CARGO-1025,3,-80.66685447030517,-80,0
CARGO-1025,4,-79.84395726867375,-80,0
CARGO-1025,5,-80.1394916408943,-80,0
CARGO-1025,6,-79.67639398885257,-80,0
CARGO-1025,7,-80.27692370044993,-80,0
CARGO-1025,8,-79.9824629794129,-80,0
CARGO-1025,9,-80.18586924579402,-80,0
CARGO-1025,10,-80.20735869272231,-80,0
CARGO-1025,11,-80.67067741561421,-80,0
CARGO-1025,12,-79.69561867817518,-80,0
CARGO-1025,13,-79.66720478436541,-80,0
CARGO-1025,14,-79.99679549077138,-80,0
CARGO-1025,15,-79.90627232728798,-80,0
CARGO-1025,16,-80.22557753241689,-80,0
CARGO-1025,17,-79.68758442593357,-80,0
CARGO-1025,18,-79.93481051532956,-80,0
CARGO-1025,19,-79.99619696443754,-80,0
CARGO-1025,20,-79.59335712594397,-80,0
CARGO-1025,21,-80.42019992414691,-80,0
CARGO-1025,22,-80.60381903229367,-80,0
CARGO-1025,23,-79.88433921272103,-80,0
CARGO-1025,24,-80.06169303129285,-80,0
CARGO-1025,25,-80.342484577559,-80,0
CARGO-1025,26,-79.95750260313078,-80,0
CARGO-1025,27,-79.89063328019108,-80,0
CARGO-1025,28,-79.72589616466323,-80,0
CARGO-1025,29,-80.31177290234801,-80,0
CARGO-1025,30,-80.11230348653156,-80,0
CARGO-1025,31,-79.90538501353272,-80,0
CARGO-1025,32,-79.67572306006412,-80,0
CARGO-1025,33,-79.71950031834695,-80,0
CARGO-1025,34,-80.14770567418924,-80,0
CARGO-1025,35,-79.85373012765247,-80,0
CARGO-1025,36,-80.16650690450834,-80,0
CARGO-1025,37,-80.13319308814201,-80,0
CARGO-1025,38,-80.09757455068335,-80,0
CARGO-1025,39,-80.19786296928746,-80,0
CARGO-1025,40,-79.790071228242,-80,0
CARGO-1025,41,-79.7344494020698,-80,0
CARGO-1025,42,-80.13863354745388,-80,0
CARGO-1025,43,-79.95523507416665,-80,0
CARGO-1025,44,-80.12278552692064,-80,0
CARGO-1025,45,-80.28354158105427,-80,0
CARGO-1025,46,-80.33123061819728,-80,0
CARGO-1025,47,-79.49415176448638,-80,0
CARGO-1025,48,-80.22867204367223,-80,0
CARGO-1025,49,-79.81031506061763,-80,0
CARGO-1025,50,-79.88070732987846,-80,0
CARGO-1025,51,-80.37207297290931,-80,0
CARGO-1025,52,-79.88861938445912,-80,0
CARGO-1025,53,-79.914923133662,-80,0
CARGO-1025,54,-80.00035255320839,-80,0
CARGO-1025,55,-80.12561555727655,-80,0
CARGO-1025,56,-79.98591943828445,-80,0
CARGO-1025,57,-79.83067932089013,-80,0
CARGO-1025,58,-80.23212479695573,-80,0
CARGO-1025,59,-79.53210055061885,-80,0
CARGO-1025,60,-79.74691008051916,-80,0
CARGO-1025,61,-80.66798263124913,-80,0
CARGO-1025,62,-80.00610508598092,-80,0
CARGO-1025,63,-79.30696506742117,-80,0
CARGO-1025,64,-79.8323105692709,-80,0
CARGO-1025,65,-80.15802807113234,-80,0
CARGO-1025,66,-79.75590517549892,-80,0
CARGO-1025,67,-80.57108302341516,-80,0
CARGO-1025,68,-79.85591539068164,-80,0
CARGO-1025,69,-80.08514383706003,-80,0
CARGO-1025,70,-79.92071203347534,-80,0
CARGO-1025,71,-80.34507509106524,-80,0
CARGO-1025,72,-80.07752067267045,-80,0
CARGO-1025,73,-80.72566229063825,-80,0
CARGO-1025,74,-80.12773577933909,-80,0
CARGO-1025,75,-79.9085690332436,-80,0
CARGO-1025,76,-79.60811062515126,-80,0
CARGO-1025,77,-79.19435223452697,-80,0
CARGO-1025,78,-80.19242905795325,-80,0
CARGO-1025,79,-79.79584929675943,-80,0
CARGO-1025,80,-80.04819524091911,-80,0
CARGO-1025,81,-80.02300364967473,-80,0
CARGO-1025,82,-79.8969466523278,-80,0
CARGO-1025,83,-79.98224319554039,-80,0
CARGO-1025,84,-79.36373029194995,-80,0
CARGO-1025,85,-80.01465012539953,-80,0
CARGO-1025,86,-80.28109527938172,-80,0
CARGO-1025,87,-79.89369323479205,-80,0
CARGO-1025,88,-80.26004119893176,-80,0
CARGO-1025,89,-80.04485757361606,-80,0
CARGO-1025,90,-79.62412633258947,-80,0
CARGO-1025,91,-80.003855952709,-80,0
CARGO-1025,92,-79.76759693332022,-80,0
CARGO-1025,93,-79.98859853426849,-80,0
CARGO-1025,94,-79.8450708982954,-80,0
CARGO-1025,95,-80.13930446685562,-80,0
CARGO-1025,96,-79.67098950436662,-80,0
CARGO-1025,97,-80.31923803226533,-80,0
CARGO-1025,98,-80.1744236143939,-80,0
CARGO-1025,99,-79.90822703233778,-80,0
CARGO-1025,100,-79.66219860249417,-80,0
CARGO-1025,101,-79.85738848024052,-80,0
CARGO-1025,102,-79.76056359076703,-80,0
CARGO-1025,103,-80.27927640550506,-80,0
CARGO-1025,104,-80.00542695241568,-80,0
CARGO-1025,105,-79.82985303256879,-80,0
CARGO-1025,106,-79.89014106151501,-80,0
CARGO-1025,107,-80.23342446555998,-80,0
CARGO-1025,108,-80.16742409126219,-80,0
CARGO-1025,109,-79.94271799946492,-80,0
CARGO-1025,110,-79.66911534441188,-80,0
CARGO-1025,111,-79.27202712546577,-80,0
CARGO-1025,112,-80.22616075841613,-80,0
CARGO-1025,113,-79.8755181984314,-80,0
CARGO-1025,114,-80.20917896804512,-80,0
CARGO-1025,115,-79.89951878735874,-80,0
CARGO-1025,116,-80.00832959115058,-80,0
CARGO-1025,117,-79.77392379738929,-80,0
CARGO-1025,118,-80.48164164901813,-80,0
CARGO-1025,119,-79.97589813164925,-80,0
CARGO-1026,0,-79.9545158602206,-80,0
CARGO-1026,1,-79.86176426636735,-80,0
CARGO-1026,2,-80.23419563437908,-80,0
CARGO-1026,3,-79.89046462714276,-80,0
CARGO-1026,4,-80.54421965942352,-80,0
CARGO-1026,5,-79.5950734905099,-80,0
CARGO-1026,6,-80.33900433322394,-80,0
CARGO-1026,7,-80.48751207697129,-80,0
CARGO-1026,8,-80.1139711884607,-80,0
CARGO-1026,9,-79.89441919556056,-80,0
CARGO-1026,10,-80.06016550582714,-80,0
CARGO-1026,11,-79.71913229303411,-80,0
CARGO-1026,12,-80.03095984758252,-80,0
CARGO-1026,13,-80.0046633881831,-80,0
CARGO-1026,14,-79.9896105681318,-80,0
CARGO-1026,15,-79.43358602447661,-80,0
CARGO-1026,16,-80.06562198222363,-80,0
CARGO-1026,17,-79.1880212159216,-80,0
CARGO-1026,18,-79.35318186407083,-80,0
CARGO-1026,19,-80.30133667225955,-80,0
CARGO-1026,20,-79.67014097446659,-80,0
CARGO-1026,21,-80.13265157535328,-80,0
CARGO-1026,22,-79.90287930267897,-80,0
CARGO-1026,23,-80.43539480459351,-80,0
CARGO-1026,24,-79.98396298112365,-80,0
CARGO-1026,25,-79.12420162760566,-80,0
CARGO-1026,26,-80.19333335171194,-80,0
CARGO-1026,27,-79.72612420692626,-80,0
CARGO-1026,28,-79.90822898947725,-80,0
CARGO-1026,29,-80.09738894945264,-80,0
CARGO-1026,30,-79.57171521880178,-80,0
CARGO-1026,31,-80.05795987404049,-80,0
CARGO-1026,32,-79.92820010210674,-80,0
CARGO-1026,33,-79.85601468157718,-80,0
CARGO-1026,34,-79.56442743023253,-80,0
CARGO-1026,35,-80.02165128219109,-80,0
CARGO-1026,36,-79.23716766944449,-80,0
CARGO-1026,37,-80.44961871343483,-80,0
CARGO-1026,38,-80.07378909987756,-80,0
CARGO-1026,39,-79.53258006066672,-80,0
CARGO-1026,40,-80.06166080296042,-80,0
CARGO-1026,41,-79.82682939043464,-80,0
CARGO-1026,42,-80.16961307040813,-80,0
CARGO-1026,43,-80.32180231659243,-80,0
CARGO-1026,44,-80.04580319924906,-80,0
CARGO-1026,45,-79.66470148159529,-80,0
CARGO-1026,46,-80.07390255928777,-80,0
CARGO-1026,47,-79.91427643621205,-80,0
CARGO-1026,48,-80.03754982059907,-80,0
CARGO-1026,49,-79.69525798915046,-80,0
CARGO-1026,50,-80.38108031549,-80,0
CARGO-1026,51,-79.93100607073339,-80,0
CARGO-1026,52,-79.99782807957581,-80,0
CARGO-1026,53,-80.15585776906913,-80,0
CARGO-1026,54,-79.53316507435082,-80,0
CARGO-1026,55,-80.4103420919836,-80,0
CARGO-1026,56,-79.7840349151352,-80,0
CARGO-1026,57,-79.7549208001316,-80,0
CARGO-1026,58,-80.00205008049407,-80,0
CARGO-1026,59,-79.30624239278868,-80,0
CARGO-1026,60,-79.76358070507683,-80,0
CARGO-1026,61,-80.10361981713066,-80,0
CARGO-1026,62,-79.70851476820006,-80,0
CARGO-1026,63,-80.03163206269454,-80,0
CARGO-1026,64,-80.02013535819295,-80,0
CARGO-1026,65,-79.55072585524915,-80,0
CARGO-1026,66,-79.71988283120763,-80,0
CARGO-1026,67,-79.56626267330218,-80,0
CARGO-1026,68,-80.6247381020738,-80,0
CARGO-1026,69,-79.76849365666958,-80,0
CARGO-1026,70,-79.42644223319652,-80,0
CARGO-1026,71,-80.21241026228144,-80,0
CARGO-1026,72,-79.81834095678678,-80,0
CARGO-1026,73,-79.9492391184339,-80,0
CARGO-1026,74,-79.68510420326504,-80,0
CARGO-1026,75,-80.06732426429019,-80,0
CARGO-1026,76,-79.67086458358317,-80,0
CARGO-1026,77,-79.99041004015055,-80,0
CARGO-1026,78,-79.09339357200925,-80,0
CARGO-1026,79,-79.8040277812811,-80,0
CARGO-1026,80,-79.2114550564764,-80,0
CARGO-1026,81,-79.69337872093486,-80,0
CARGO-1026,82,-80.01365161578667,-80,0
CARGO-1026,83,-79.87628462007466,-80,0
CARGO-1026,84,-79.7597090222849,-80,0
CARGO-1026,85,-80.56551546364089,-80,0
CARGO-1026,86,-79.5913000574466,-80,0
CARGO-1026,87,-79.84412311477341,-80,0
CARGO-1026,88,-79.74173193991119,-80,0
CARGO-1026,89,-79.72065542475539,-80,0
CARGO-1026,90,-80.29814041479575,-80,0
CARGO-1026,91,-79.88633035295807,-80,0
CARGO-1026,92,-79.90751392198808,-80,0
CARGO-1026,93,-80.26885199770653,-80,0
CARGO-1026,94,-79.46464013282036,-80,0
CARGO-1026,95,-79.3429083413923,-80,0
CARGO-1026,96,-80.02196863192628,-80,0
CARGO-1026,97,-79.75488578755741,-80,0
CARGO-1026,98,-79.91264506304155,-80,0
CARGO-1026,99,-80.00509365362296,-80,0
CARGO-1026,100,-80.02398696492438,-80,0
CARGO-1026,101,-80.24795532399973,-80,0
CARGO-1026,102,-79.74680768881092,-80,0
CARGO-1026,103,-80.048958122296,-80,0
CARGO-1026,104,-79.68189126364467,-80,0
CARGO-1026,105,-80.00463156696284,-80,0
CARGO-1026,106,-80.22343713999098,-80,0
CARGO-1026,107,-80.09003026834297,-80,0
CARGO-1026,108,-79.76035468192924,-80,0
CARGO-1026,109,-79.97628717245892,-80,0
CARGO-1026,110,-80.15006795672689,-80,0
CARGO-1026,111,-79.38841248743368,-80,0
CARGO-1026,112,-80.28826982479104,-80,0
CARGO-1026,113,-79.48171934980019,-80,0
CARGO-1026,114,-79.5307898350424,-80,0
CARGO-1026,115,-79.6054056643091,-80,0
CARGO-1026,116,-79.63850107194104,-80,0
CARGO-1026,117,-80.09962755836504,-80,0
CARGO-1026,118,-80.03371792108597,-80,0
CARGO-1026,119,-79.29602463751937,-80,0
CARGO-1027,0,-80.00873003641766,-80,0
CARGO-1027,1,-79.78111359614459,-80,0
CARGO-1027,2,-79.81841562001387,-80,0
CARGO-1027,3,-79.85055803465953,-80,0
CARGO-1027,4,-79.91559743124151,-80,0
CARGO-1027,5,-79.66819370404951,-80,0
CARGO-1027,6,-80.3034264853969,-80,0
CARGO-1027,7,-80.18184311607696,-80,0
CARGO-1027,8,-80.26314947122845,-80,0
CARGO-1027,9,-80.09198250165824,-80,0
CARGO-1027,10,-79.54053475031468,-80,0
CARGO-1027,11,-80.21323889231871,-80,0
CARGO-1027,12,-80.21494358883541,-80,0
CARGO-1027,13,-80.4943484471693,-80,0
CARGO-1027,14,-79.78578058741054,-80,0
CARGO-1027,15,-79.99125930844723,-80,0
CARGO-1027,16,-79.56454051922843,-80,0
CARGO-1027,17,-79.55991878579482,-80,0
CARGO-1027,18,-80.30926174151533,-80,0
CARGO-1027,19,-79.98519327652826,-80,0
CARGO-1027,20,-79.58098254330478,-80,0
CARGO-1027,21,-80.18321945277916,-80,0
CARGO-1027,22,-79.66367708797458,-80,0
CARGO-1027,23,-80.70537064524278,-80,0
CARGO-1027,24,-79.97299162492907,-80,0
CARGO-1027,25,-80.14375148979215,-80,0
CARGO-1027,26,-79.62618444030196,-80,0
CARGO-1027,27,-80.047596500352,-80,0
CARGO-1027,28,-79.68876712534431,-80,0
CARGO-1027,29,-79.75983998252593,-80,0
CARGO-1027,30,-80.14065095198984,-80,0
CARGO-1027,31,-79.64329438925907,-80,0
CARGO-1027,32,-79.73403365096304,-80,0
CARGO-1027,33,-80.33301817551691,-80,0
CARGO-1027,34,-79.7127724528577,-80,0
CARGO-1027,35,-80.0075098061419,-80,0
CARGO-1027,36,-79.72815217083203,-80,0
CARGO-1027,37,-79.78833415518434,-80,0
CARGO-1027,38,-79.55515757829421,-80,0
CARGO-1027,39,-79.56961453762143,-80,0
CARGO-1027,40,-80.09005268324472,-80,0
CARGO-1027,41,-80.01484090211729,-80,0
CARGO-1027,42,-79.93325653933508,-80,0
CARGO-1027,43,-79.54192919710403,-80,0
CARGO-1027,44,-79.99559110491182,-80,0
CARGO-1027,45,-79.7846602439952,-80,0
CARGO-1027,46,-79.61256370698901,-80,0
CARGO-1027,47,-79.87558139051413,-80,0
CARGO-1027,48,-79.36802097081042,-80,0
CARGO-1027,49,-80.05992810018171,-80,0
CARGO-1027,50,-79.74439780336553,-80,0
CARGO-1027,51,-79.77709380911924,-80,0
CARGO-1027,52,-79.84993161276975,-80,0
CARGO-1027,53,-80.52526996367456,-80,0
CARGO-1027,54,-79.95610347915711,-80,0
CARGO-1027,55,-80.40170071926582,-80,0
CARGO-1027,56,-80.02173557565868,-80,0
CARGO-1027,57,-79.89679704906597,-80,0
CARGO-1027,58,-79.17121946105928,-80,0
CARGO-1027,59,-79.63349225514317,-80,0
CARGO-1027,60,-80.17585578904746,-80,0
CARGO-1027,61,-79.79564103636893,-80,0
CARGO-1027,62,-79.73212550753216,-80,0
CARGO-1027,63,-79.83759320427063,-80,0
CARGO-1027,64,-79.84981949918641,-80,0
CARGO-1027,65,-80.01628987908329,-80,0
CARGO-1027,66,-79.74832102335772,-80,0
CARGO-1027,67,-79.77875542184843,-80,0
CARGO-1027,68,-79.65409883040647,-80,0
CARGO-1027,69,-79.61303350501775,-80,0
CARGO-1027,70,-79.62940904169308,-80,0
CARGO-1027,71,-79.83978779281222,-80,0
CARGO-1027,72,-79.9124247041922,-80,0
CARGO-1027,73,-79.6344268582322,-80,0
CARGO-1027,74,-80.10760371416686,-80,0
CARGO-1027,75,-80.5959175814994,-80,0
CARGO-1027,76,-80.36316618060553,-80,0
CARGO-1027,77,-80.41081296272607,-80,0
CARGO-1027,78,-79.67368072121822,-80,0
CARGO-1027,79,-79.80221496515352,-80,0
CARGO-1027,80,-79.6076932209092,-80,0
CARGO-1027,81,-79.68827416520624,-80,0
CARGO-1027,82,-79.5254402285255,-80,0
CARGO-1027,83,-79.50753603559656,-80,0
CARGO-1027,84,-79.56276603755211,-80,0
CARGO-1027,85,-79.55905250921164,-80,0
CARGO-1027,86,-79.35712900235278,-80,0
CARGO-1027,87,-79.2252031842733,-80,0
CARGO-1027,88,-79.8331534971462,-80,0
CARGO-1027,89,-79.37922465163086,-80,0
CARGO-1027,90,-80.0358190244617,-80,0
CARGO-1027,91,-80.01451560743547,-80,0
CARGO-1027,92,-79.35376127262339,-80,0
CARGO-1027,93,-79.8197758684794,-80,0
CARGO-1027,94,-80.34754086858088,-80,0
CARGO-1027,95,-80.20201320086986,-80,0
CARGO-1027,96,-80.0783430262238,-80,0
CARGO-1027,97,-80.20160564130512,-80,0
CARGO-1027,98,-79.69065513924659,-80,0
CARGO-1027,99,-80.10628063177448,-80,0
CARGO-1027,100,-79.92679285864168,-80,0
CARGO-1027,101,-80.03319772051486,-80,0
CARGO-1027,102,-80.2608405597164,-80,0
CARGO-1027,103,-80.25089614599739,-80,0
CARGO-1027,104,-79.58957263326751,-80,0
CARGO-1027,105,-79.76839186954257,-80,0
CARGO-1027,106,-80.83443958623323,-80,0
CARGO-1027,107,-80.07960983174989,-80,0
CARGO-1027,108,-79.62031799062595,-80,0
CARGO-1027,109,-79.71081505338336,-80,0
CARGO-1027,110,-79.2448379869734,-80,0
CARGO-1027,111,-79.95199178873943,-80,0
CARGO-1027,112,-79.75548415486517,-80,0
CARGO-1027,113,-80.13967902387832,-80,0
CARGO-1027,114,-80.34502341000301,-80,0
CARGO-1027,115,-79.78283213088521,-80,0
CARGO-1027,116,-80.00783519255117,-80,0
CARGO-1027,117,-79.0859534187591,-80,0
CARGO-1027,118,-80.06175085349952,-80,0
CARGO-1027,119,-80.0174960278214,-80,0
CARGO-1028,0,-79.93184701152344,-80,0
CARGO-1028,1,-79.73587747406555,-80,0
CARGO-1028,2,-79.98445380783961,-80,0
CARGO-1028,3,-80.01311330411225,-80,0
CARGO-1028,4,-80.10195832741525,-80,0
CARGO-1028,5,-80.16935894197987,-80,0
CARGO-1028,6,-80.03972690949637,-80,0
CARGO-1028,7,-79.65982174140449,-80,0
CARGO-1028,8,-80.22086314679787,-80,0
CARGO-1028,9,-79.88935300421916,-80,0
CARGO-1028,10,-80.8053260356876,-80,0
CARGO-1028,11,-80.14656860414716,-80,0
CARGO-1028,12,-79.77850734317455,-80,0
CARGO-1028,13,-79.68892201197252,-80,0
CARGO-1028,14,-80.31528186531628,-80,0
CARGO-1028,15,-79.8947850598682,-80,0
CARGO-1028,16,-79.75266342953162,-80,0
CARGO-1028,17,-80.21769131331683,-80,0
CARGO-1028,18,-80.47761354970615,-80,0
CARGO-1028,19,-80.38715530975067,-80,0
CARGO-1028,20,-80.44605385252943,-80,0
CARGO-1028,21,-79.77007660410518,-80,0
CARGO-1028,22,-79.95811702689454,-80,0
CARGO-1028,23,-80.12265560090326,-80,0
CARGO-1028,24,-80.25405061737364,-80,0
CARGO-1028,25,-79.65923381591799,-80,0
CARGO-1028,26,-80.05917552625465,-80,0
CARGO-1028,27,-79.89165060224639,-80,0
CARGO-1028,28,-80.25417181933665,-80,0
CARGO-1028,29,-80.33741263132947,-80,0
CARGO-1028,30,-79.67776806204046,-80,0
CARGO-1028,31,-79.96583699550884,-80,0
CARGO-1028,32,-79.94159068417743,-80,0
CARGO-1028,33,-79.89570033752297,-80,0
CARGO-1028,34,-79.70719370321308,-80,0
CARGO-1028,35,-79.66734441916432,-80,0
CARGO-1028,36,-80.3553318700137,-80,0
CARGO-1028,37,-80.0895711472336,-80,0
CARGO-1028,38,-80.31614628572882,-80,0
CARGO-1028,39,-79.95821998825096,-80,0
CARGO-1028,40,-80.1075851023804,-80,0
CARGO-1028,41,-80.09292996272522,-80,0
CARGO-1028,42,-80.0622227655009,-80,0
CARGO-1028,43,-80.08212079157376,-80,0
CARGO-1028,44,-79.23237303544778,-80,0
CARGO-1028,45,-80.57026505552129,-80,0
CARGO-1028,46,-80.03771019467861,-80,0
CARGO-1028,47,-80.43338705121994,-80,0
CARGO-1028,48,-79.93608842671746,-80,0
CARGO-1028,49,-80.40431065485552,-80,0
CARGO-1028,50,-79.99976946594515,-80,0
CARGO-1028,51,-80.22074660648792,-80,0
CARGO-1028,52,-79.66103701875038,-80,0
CARGO-1028,53,-80.4259937419777,-80,0
CARGO-1028,54,-80.38904854363209,-80,0
CARGO-1028,55,-80.31506677046947,-80,0
CARGO-1028,56,-79.86704976018116,-80,0
CARGO-1028,57,-79.92471113758701,-80,0
CARGO-1028,58,-80.08793796738122,-80,0
CARGO-1028,59,-79.80892559335402,-80,0
CARGO-1028,60,-80.68611671088208,-80,0
CARGO-1028,61,-80.08190440384851,-80,0
CARGO-1028,62,-80.02618632762844,-80,0
CARGO-1028,63,-79.97269419723513,-80,0
CARGO-1028,64,-80.00282777249303,-80,0
CARGO-1028,65,-79.93602381064278,-80,0
CARGO-1028,66,-79.87645565276543,-80,0
CARGO-1028,67,-79.43069371549771,-80,0
CARGO-1028,68,-79.79512243314672,-80,0
CARGO-1028,69,-80.45194797590793,-80,0
CARGO-1028,70,-79.73937301189584,-80,0
CARGO-1028,71,-80.0316161497131,-80,0
CARGO-1028,72,-80.16429719966008,-80,0
CARGO-1028,73,-80.42768749860343,-80,0
CARGO-1028,74,-80.07963652132787,-80,0
CARGO-1028,75,-79.95159176983051,-80,0
CARGO-1028,76,-79.7857630878628,-80,0
CARGO-1028,77,-80.32741471879281,-80,0
CARGO-1028,78,-80.12691253229542,-80,0
CARGO-1028,79,-80.1651546095946,-80,0
CARGO-1028,80,-80.1926843916101,-80,0
CARGO-1028,81,-80.48408361718171,-80,0
CARGO-1028,82,-80.33735567043638,-80,0
CARGO-1028,83,-80.08798321414622,-80,0
CARGO-1028,84,-79.80776138183899,-80,0
CARGO-1028,85,-80.0724684076737,-80,0
CARGO-1028,86,-80.3715867995638,-80,0
CARGO-1028,87,-80.08282822840711,-80,0
CARGO-1028,88,-80.37099836933847,-80,0
CARGO-1028,89,-79.7662171887747,-80,0
CARGO-1028,90,-79.5440391241143,-80,0
CARGO-1028,91,-79.9520100692798,-80,0
CARGO-1028,92,-79.77676650809514,-80,0
CARGO-1028,93,-80.19894953769786,-80,0
CARGO-1028,94,-79.93220147535254,-80,0
CARGO-1028,95,-80.02402201961168,-80,0
CARGO-1028,96,-79.7203221384945,-80,0
CARGO-1028,97,-80.20644239350719,-80,0
CARGO-1028,98,-80.04957278731254,-80,0
CARGO-1028,99,-80.3619642918803,-80,0
CARGO-1028,100,-79.84715802266528,-80,0
CARGO-1028,101,-80.23811407010119,-80,0
CARGO-1028,102,-80.1551112299073,-80,0
CARGO-1028,103,-80.33236896071078,-80,0
CARGO-1028,104,-80.12638008413323,-80,0
CARGO-1028,105,-79.8569927928503,-80,0
CARGO-1028,106,-79.96188983099883,-80,0
CARGO-1028,107,-79.6733924252918,-80,0
CARGO-1028,108,-80.24490664756033,-80,0
CARGO-1028,109,-80.05874076584567,-80,0
CARGO-1028,110,-79.70903562986787,-80,0
CARGO-1028,111,-80.32634749765299,-80,0
CARGO-1028,112,-79.67797700200322,-80,0
CARGO-1028,113,-79.58346881023479,-80,0
CARGO-1028,114,-80.3596297048001,-80,0
CARGO-1028,115,-79.3045117450832,-80,0
CARGO-1028,116,-80.10915934539582,-80,0
CARGO-1028,117,-80.52486414049518,-80,0
CARGO-1028,118,-80.34389325358465,-80,0
CARGO-1028,119,-80.07578204527883,-80,0
CARGO-1029,0,-79.64365904023077,-80,0
CARGO-1029,1,-79.96358711461569,-80,0
CARGO-1029,2,-80.00106820843995,-80,0
CARGO-1029,3,-79.8254468624872,-80,0
CARGO-1029,4,-80.20492622856703,-80,0
CARGO-1029,5,-79.1086450303628,-80,0
CARGO-1029,6,-79.9663918243112,-80,0
CARGO-1029,7,-80.07277364284198,-80,0
CARGO-1029,8,-79.77258243418119,-80,0
CARGO-1029,9,-79.70130876808875,-80,0
CARGO-1029,10,-80.22749854244302,-80,0
CARGO-1029,11,-80.53864639263274,-80,0
CARGO-1029,12,-80.12636901869952,-80,0
CARGO-1029,13,-79.94742015380996,-80,0
CARGO-1029,14,-80.24948553943435,-80,0
CARGO-1029,15,-80.03947642327053,-80,0
CARGO-1029,16,-80.06051652470465,-80,0
CARGO-1029,17,-80.51592726763829,-80,0
CARGO-1029,18,-79.80743434813142,-80,0
CARGO-1029,19,-79.72673215786526,-80,0
CARGO-1029,20,-79.93758736171901,-80,0
CARGO-1029,21,-79.87968066656853,-80,0
CARGO-1029,22,-80.18109798882716,-80,0
CARGO-1029,23,-80.01835703439929,-80,0
CARGO-1029,24,-79.77587331122908,-80,0
CARGO-1029,25,-80.37083692293676,-80,0
CARGO-1029,26,-80.26575212135027,-80,0
CARGO-1029,27,-80.40370700437381,-80,0
CARGO-1029,28,-79.46933619966212,-80,0
CARGO-1029,29,-80.04834193035849,-80,0
CARGO-1029,30,-79.53162490258428,-80,0
CARGO-1029,31,-79.9941729745686,-80,0
CARGO-1029,32,-79.43448232040843,-80,0
CARGO-1029,33,-79.59104160385792,-80,0
CARGO-1029,34,-80.17745789718214,-80,0
CARGO-1029,35,-79.95183683155034,-80,0
CARGO-1029,36,-80.29372727813733,-80,0
CARGO-1029,37,-79.78478859750639,-80,0
CARGO-1029,38,-79.67645124129018,-80,0
CARGO-1029,39,-79.43492282040714,-80,0
CARGO-1029,40,-79.58150184489573,-80,0
CARGO-1029,41,-79.86499751844502,-80,0
CARGO-1029,42,-79.90054405958831,-80,0
CARGO-1029,43,-80.0795457018115,-80,0
CARGO-1029,44,-79.46723887111388,-80,0
CARGO-1029,45,-80.27239440288919,-80,0
CARGO-1029,46,-80.33166518717509,-80,0
CARGO-1029,47,-80.34683869233854,-80,0
CARGO-1029,48,-79.69565435325588,-80,0
CARGO-1029,49,-79.73926640879871,-80,0
CARGO-1029,50,-79.89029047856197,-80,0
CARGO-1029,51,-79.9309992406609,-80,0
CARGO-1029,52,-80.37729043116026,-80,0
CARGO-1029,53,-79.93937636042746,-80,0
CARGO-1029,54,-79.64283699480126,-80,0
CARGO-1029,55,-80.33277436329745,-80,0
CARGO-1029,56,-80.37111930269965,-80,0
CARGO-1029,57,-79.92672580177164,-80,0
CARGO-1029,58,-79.79380831559067,-80,0
CARGO-1029,59,-79.8000581613418,-80,0
CARGO-1029,60,-79.69365334171952,-80,0
CARGO-1029,61,-80.00030642463908,-80,0
CARGO-1029,62,-80.55024170821957,-80,0
CARGO-1029,63,-79.89011308626641,-80,0
CARGO-1029,64,-79.69568596202595,-80,0
CARGO-1029,65,-80.24085278112207,-80,0
CARGO-1029,66,-80.09531113141205,-80,0
CARGO-1029,67,-80.69578730387401,-80,0
CARGO-1029,68,-80.11975286076093,-80,0
CARGO-1029,69,-79.56139513315733,-80,0
CARGO-1029,70,-80.17896203807813,-80,0
CARGO-1029,71,-80.36189958135878,-80,0
CARGO-1029,72,-79.438879955719,-80,0
CARGO-1029,73,-79.84266632779897,-80,0
CARGO-1029,74,-79.89177428816777,-80,0
CARGO-1029,75,-79.9948644502989,-80,0
CARGO-1029,76,-80.24621112646251,-80,0
CARGO-1029,77,-80.12121338518342,-80,0
CARGO-1029,78,-79.55181814636711,-80,0
CARGO-1029,79,-80.2494085706603,-80,0
CARGO-1029,80,-79.63987051457337,-80,0
CARGO-1029,81,-79.93514887221347,-80,0
CARGO-1029,82,-79.9322624467695,-80,0
CARGO-1029,83,-80.54308106699405,-80,0
CARGO-1029,84,-79.93778282201417,-80,0
CARGO-1029,85,-80.08827979663174,-80,0
CARGO-1029,86,-80.5534815428232,-80,0
CARGO-1029,87,-80.0572804486424,-80,0
CARGO-1029,88,-80.19340509025587,-80,0
CARGO-1029,89,-79.98997263990964,-80,0
CARGO-1029,90,-80.32142122013511,-80,0
CARGO-1029,91,-80.37768688489854,-80,0
CARGO-1029,92,-80.0372225732771,-80,0
CARGO-1029,93,-80.17675438141838,-80,0
CARGO-1029,94,-80.157300065583,-80,0
CARGO-1029,95,-80.41654705936506,-80,0
CARGO-1029,96,-80.07049350802424,-80,0
CARGO-1029,97,-79.86285581672409,-80,0
CARGO-1029,98,-79.97516586983757,-80,0
CARGO-1029,99,-80.15814420615094,-80,0
CARGO-1029,100,-80.53892448849685,-80,0
CARGO-1029,101,-80.30854562745819,-80,0
CARGO-1029,102,-80.27715573444418,-80,0
CARGO-1029,103,-79.80642437648659,-80,0
CARGO-1029,104,-79.81633808206635,-80,0
CARGO-1029,105,-79.96545191002166,-80,0
CARGO-1029,106,-80.17411636388859,-80,0
CARGO-1029,107,-79.68810549744579,-80,0
CARGO-1029,108,-79.89381870927222,-80,0
CARGO-1029,109,-80.69455154306333,-80,0
CARGO-1029,110,-79.61234883264034,-80,0
CARGO-1029,111,-80.13291400953845,-80,0
CARGO-1029,112,-79.78955831957818,-80,0
CARGO-1029,113,-79.9228189881401,-80,0
CARGO-1029,114,-80.45124105386162,-80,0
CARGO-1029,115,-80.2062164454691,-80,0
CARGO-1029,116,-80.63877592781509,-80,0
CARGO-1029,117,-80.2810160732598,-80,0
CARGO-1029,118,-80.00050699154161,-80,0
CARGO-1029,119,-80.02105687474466,-80,0
CARGO-1030,0,-80.02526276480182,-80,0
CARGO-1030,1,-79.82548965800571,-80,0
CARGO-1030,2,-80.1609023917521,-80,0
CARGO-1030,3,-79.74836049067672,-80,0
CARGO-1030,4,-80.38639815933665,-80,0
CARGO-1030,5,-80.53541779756884,-80,0
CARGO-1030,6,-79.83768314956322,-80,0
CARGO-1030,7,-80.33469880888445,-80,0
CARGO-1030,8,-80.22716255923785,-80,0
CARGO-1030,9,-80.3102123067927,-80,0
CARGO-1030,10,-79.82250470172983,-80,0
CARGO-1030,11,-80.24445573775787,-80,0
CARGO-1030,12,-79.57842503479102,-80,0
CARGO-1030,13,-79.7961272791036,-80,0
CARGO-1030,14,-79.92905786350313,-80,0
CARGO-1030,15,-79.52790751010309,-80,0
CARGO-1030,16,-80.30836424420002,-80,0
CARGO-1030,17,-79.96935932188104,-80,0
CARGO-1030,18,-80.71442984972278,-80,0
CARGO-1030,19,-80.20401156012035,-80,0
CARGO-1030,20,-80.44795938655326,-80,0
CARGO-1030,21,-79.78111839371475,-80,0
CARGO-1030,22,-79.66631752751393,-80,0
CARGO-1030,23,-80.12867610515109,-80,0
CARGO-1030,24,-79.36802709402895,-80,0
CARGO-1030,25,-80.30956222589668,-80,0
CARGO-1030,26,-80.41492222735096,-80,0
CARGO-1030,27,-80.20931023885677,-80,0
CARGO-1030,28,-79.92408583827084,-80,0
CARGO-1030,29,-79.75965336800432,-80,0
CARGO-1030,30,-79.80837402253103,-80,0
CARGO-1030,31,-80.16289085053936,-80,0
CARGO-1030,32,-79.71917324363929,-80,0
CARGO-1030,33,-80.212277207041,-80,0
CARGO-1030,34,-79.18072023734783,-80,0
CARGO-1030,35,-79.7261219940185,-80,0
CARGO-1030,36,-80.6404172696876,-80,0
CARGO-1030,37,-80.18517819481092,-80,0
CARGO-1030,38,-80.2654088802685,-80,0
CARGO-1030,39,-79.39028286795761,-80,0
CARGO-1030,40,-80.30717616610619,-80,0
CARGO-1030,41,-80.70363195050066,-80,0
CARGO-1030,42,-79.70183474878586,-80,0
CARGO-1030,43,-80.86969565058867,-80,0
CARGO-1030,44,-80.09821254265657,-80,0
CARGO-1030,45,-79.7537754201431,-80,0
CARGO-1030,46,-80.11490093426688,-80,0
CARGO-1030,47,-79.58721731004125,-80,0
CARGO-1030,48,-79.8911690953904,-80,0
CARGO-1030,49,-80.277098307553,-80,0
CARGO-1030,50,-79.93717916307892,-80,0
CARGO-1030,51,-79.47516602249921,-80,0
CARGO-1030,52,-79.91802850848978,-80,0
CARGO-1030,53,-79.84526802400364,-80,0
CARGO-1030,54,-79.8631706187005,-80,0
CARGO-1030,55,-80.20598881981563,-80,0
CARGO-1030,56,-80.49010127576705,-80,0
CARGO-1030,57,-79.88669764030955,-80,0
CARGO-1030,58,-79.55785880343394,-80,0
CARGO-1030,59,-79.81365824791389,-80,0
CARGO-1030,60,-80.39613540954976,-80,0
CARGO-1030,61,-79.86866903742094,-80,0
CARGO-1030,62,-79.70529676481118,-80,0
CARGO-1030,63,-79.63461019101113,-80,0
CARGO-1030,64,-79.79496217168276,-80,0
CARGO-1030,65,-79.90268298699542,-80,0
CARGO-1030,66,-80.16291488574718,-80,0
CARGO-1030,67,-80.01963191208284,-80,0
CARGO-1030,68,-79.67418510142035,-80,0
CARGO-1030,69,-80.22332178236,-80,0
CARGO-1030,70,-80.23681236623412,-80,0
CARGO-1030,71,-79.75207605800928,-80,0
CARGO-1030,72,-79.85389083546914,-80,0
CARGO-1030,73,-79.54333098589342,-80,0
CARGO-1030,74,-79.70329431937837,-80,0
CARGO-1030,75,-80.1598337782271,-80,0
CARGO-1030,76,-79.5285491212376,-80,0
CARGO-1030,77,-79.88600589689943,-80,0
CARGO-1030,78,-79.75442352118846,-80,0
CARGO-1030,79,-80.06824972909835,-80,0
CARGO-1030,80,-79.81263999093687,-80,0
CARGO-1030,81,-80.12276280867891,-80,0
CARGO-1030,82,-80.59515615677302,-80,0
CARGO-1030,83,-79.41858267161712,-80,0
CARGO-1030,84,-80.21994000270693,-80,0
CARGO-1030,85,-80.1344093397301,-80,0
CARGO-1030,86,-80.15588476412384,-80,0
CARGO-1030,87,-79.42639115466582,-80,0
CARGO-1030,88,-79.82276771195153,-80,0
CARGO-1030,89,-79.77320146927234,-80,0
CARGO-1030,90,-79.65591141194827,-80,0
CARGO-1030,91,-79.72018412715678,-80,0
CARGO-1030,92,-79.87798560393645,-80,0
CARGO-1030,93,-79.87840367160669,-80,0
CARGO-1030,94,-79.48563739521416,-80,0
CARGO-1030,95,-80.29785635679397,-80,0
CARGO-1030,96,-80.19468802694689,-80,0
CARGO-1030,97,-79.74027087201306,-80,0
CARGO-1030,98,-79.83432042040492,-80,0
CARGO-1030,99,-80.04398584113166,-80,0
CARGO-1030,100,-79.22938683245238,-80,0
CARGO-1030,101,-80.2815916387263,-80,0
CARGO-1030,102,-79.91274869307952,-80,0
CARGO-1030,103,-79.8414427931297,-80,0
CARGO-1030,104,-80.06932796529566,-80,0
CARGO-1030,105,-80.1443091014128,-80,0
CARGO-1030,106,-80.0207585430072,-80,0
CARGO-1030,107,-79.45875095644543,-80,0
CARGO-1030,108,-80.04204084428652,-80,0
CARGO-1030,109,-79.81511977833269,-80,0
CARGO-1030,110,-80.12805828060063,-80,0
CARGO-1030,111,-79.73624619137,-80,0
CARGO-1030,112,-79.63221609094343,-80,0
CARGO-1030,113,-80.01188096613214,-80,0
CARGO-1030,114,-79.75127177750872,-80,0
CARGO-1030,115,-80.00447798499485,-80,0
CARGO-1030,116,-79.9529424966102,-80,0
CARGO-1030,117,-79.82156818954518,-80,0
CARGO-1030,118,-79.85741341199507,-80,0
CARGO-1030,119,-79.87954678790891,-80,0
CARGO-1031,0,-79.99232008810533,-80,0
CARGO-1031,1,-79.66865631879868,-80,0
CARGO-1031,2,-79.86041321547881,-80,0
CARGO-1031,3,-80.03975359346872,-80,0
CARGO-1031,4,-80.00698253947309,-80,0
CARGO-1031,5,-80.25980624200683,-80,0
CARGO-1031,6,-80.38316876670649,-80,0
CARGO-1031,7,-80.31202706212824,-80,0
CARGO-1031,8,-80.3158741936977,-80,0
CARGO-1031,9,-80.09297251585286,-80,0
CARGO-1031,10,-79.80743274382655,-80,0
CARGO-1031,11,-79.83643028390378,-80,0
CARGO-1031,12,-80.5076777684778,-80,0
CARGO-1031,13,-79.7995230899017,-80,0
CARGO-1031,14,-80.01177100324504,-80,0
CARGO-1031,15,-79.84520117880322,-80,0
CARGO-1031,16,-79.91146055805434,-80,0
CARGO-1031,17,-80.56729269210331,-80,0
CARGO-1031,18,-80.00451988921849,-80,0
CARGO-1031,19,-79.6208279705498,-80,0
CARGO-1031,20,-80.42957015190356,-80,0
CARGO-1031,21,-80.34297171429041,-80,0
CARGO-1031,22,-80.66640874000488,-80,0
CARGO-1031,23,-80.21399424011621,-80,0
CARGO-1031,24,-80.51982364908858,-80,0
CARGO-1031,25,-80.3311719677146,-80,0
CARGO-1031,26,-79.99429921685596,-80,0
CARGO-1031,27,-79.81321440368296,-80,0
CARGO-1031,28,-80.64505048500033,-80,0
CARGO-1031,29,-80.21392884423149,-80,0
CARGO-1031,30,-80.14847083854879,-80,0
CARGO-1031,31,-80.14017361655253,-80,0
CARGO-1031,32,-79.86804961395178,-80,0
CARGO-1031,33,-79.8699557652597,-80,0
CARGO-1031,34,-79.84876905404224,-80,0
CARGO-1031,35,-80.03758031742196,-80,0
CARGO-1031,36,-80.18594653622091,-80,0
CARGO-1031,37,-80.25983633005758,-80,0
CARGO-1031,38,-79.92369745116986,-80,0
CARGO-1031,39,-80.3693119349775,-80,0
CARGO-1031,40,-80.36252049504238,-80,0
CARGO-1031,41,-79.96646730965548,-80,0
CARGO-1031,42,-79.89013645979439,-80,0
CARGO-1031,43,-80.1102540982052,-80,0
CARGO-1031,44,-79.92665319807547,-80,0
CARGO-1031,45,-80.20291902609561,-80,0
CARGO-1031,46,-80.16701147225602,-80,0
CARGO-1031,47,-80.016201071154,-80,0
CARGO-1031,48,-80.34776068127546,-80,0
CARGO-1031,49,-79.89690149014905,-80,0
CARGO-1031,50,-80.19417655137498,-80,0
CARGO-1031,51,-80.15822182616405,-80,0
CARGO-1031,52,-80.07572411281319,-80,0
CARGO-1031,53,-79.85311831036533,-80,0
CARGO-1031,54,-80.75208119101181,-80,0
CARGO-1031,55,-80.46810747101615,-80,0
CARGO-1031,56,-79.78054226770746,-80,0
CARGO-1031,57,-79.9547293687521,-80,0
CARGO-1031,58,-80.25181701607397,-80,0
CARGO-1031,59,-80.08946200764831,-80,0
CARGO-1031,60,-79.92837807778206,-80,0
CARGO-1031,61,-79.64317583250629,-80,0
CARGO-1031,62,-80.23606069526303,-80,0
CARGO-1031,63,-79.71262737240585,-80,0
CARGO-1031,64,-79.93233309803101,-80,0
CARGO-1031,65,-80.38602922128244,-80,0
CARGO-1031,66,-80.28965807678037,-80,0
CARGO-1031,67,-79.7403244049227,-80,0
CARGO-1031,68,-79.68281133355383,-80,0
CARGO-1031,69,-80.13968236854531,-80,0
CARGO-1031,70,-79.80104095565422,-80,0
CARGO-1031,71,-80.03526969678894,-80,0
CARGO-1031,72,-80.15212305883773,-80,0
CARGO-1031,73,-80.08288869023633,-80,0
CARGO-1031,74,-80.56606392173929,-80,0
CARGO-1031,75,-80.23425170261103,-80,0
CARGO-1031,76,-80.30396446987861,-80,0
CARGO-1031,77,-79.83861507669981,-80,0
CARGO-1031,78,-80.07089658565556,-80,0
CARGO-1031,79,-80.22033352765443,-80,0
CARGO-1031,80,-79.81669965900417,-80,0
CARGO-1031,81,-80.59302438198253,-80,0
CARGO-1031,82,-80.44201145583091,-80,0
CARGO-1031,83,-79.78811667429497,-80,0
CARGO-1031,84,-79.9553521364258,-80,0
CARGO-1031,85,-80.61359141327986,-80,0
CARGO-1031,86,-80.08494084632511,-80,0
CARGO-1031,87,-80.50536680456874,-80,0
CARGO-1031,88,-80.24802097843681,-80,0
CARGO-1031,89,-79.98194892830526,-80,0
CARGO-1031,90,-80.11764854543071,-80,0
CARGO-1031,91,-80.13513573663089,-80,0
CARGO-1031,92,-80.36533575100715,-80,0
CARGO-1031,93,-79.77159635036344,-80,0
CARGO-1031,94,-79.96469143195766,-80,0
CARGO-1031,95,-80.35251651778383,-80,0
CARGO-1031,96,-80.07264727802931,-80,0
CARGO-1031,97,-80.20546792342824,-80,0
CARGO-1031,98,-80.27406569236855,-80,0
CARGO-1031,99,-80.06423065509476,-80,0
CARGO-1031,100,-79.60600677354554,-80,0
CARGO-1031,101,-80.36986896033707,-80,0
CARGO-1031,102,-79.94518629048692,-80,0
CARGO-1031,103,-79.86904116705986,-80,0
CARGO-1031,104,-79.96780572789568,-80,0
CARGO-1031,105,-79.83439079047814,-80,0
CARGO-1031,106,-80.12073299098807,-80,0
CARGO-1031,107,-79.96199356963227,-80,0
CARGO-1031,108,-80.07658828641881,-80,0
CARGO-1031,109,-80.4989612541591,-80,0
CARGO-1031,110,-80.42341952127354,-80,0
CARGO-1031,111,-79.80084517138039,-80,0
CARGO-1031,112,-80.24115946543756,-80,0
CARGO-1031,113,-80.1937727905443,-80,0
CARGO-1031,114,-79.86532831600847,-80,0
CARGO-1031,115,-80.12941210572392,-80,0
CARGO-1031,116,-79.88107494041996,-80,0
CARGO-1031,117,-80.13174829411857,-80,0
CARGO-1031,118,-80.42799532877109,-80,0
CARGO-1031,119,-79.80696702734889,-80,0
CARGO-1032,0,-80.57471267141626,-80,0
CARGO-1032,1,-80.28548373422413,-80,0
CARGO-1032,2,-80.04921188948072,-80,0
CARGO-1032,3,-80.30411611729501,-80,0
CARGO-1032,4,-79.70179845027764,-80,0
CARGO-1032,5,-80.01386752248035,-80,0
CARGO-1032,6,-80.06491925706054,-80,0
CARGO-1032,7,-79.6942933566173,-80,0
CARGO-1032,8,-80.15941834202772,-80,0
CARGO-1032,9,-79.8746337151676,-80,0
CARGO-1032,10,-80.000880272095,-80,0
CARGO-1032,11,-79.75067343277631,-80,0
CARGO-1032,12,-79.87989784480196,-80,0
CARGO-1032,13,-79.82405050599188,-80,0
CARGO-1032,14,-80.16513683310848,-80,0
CARGO-1032,15,-80.17456384642398,-80,0
CARGO-1032,16,-80.02846087020102,-80,0
CARGO-1032,17,-79.80739671316827,-80,0
CARGO-1032,18,-79.87934797594633,-80,0
CARGO-1032,19,-79.76313510225992,-80,0
CARGO-1032,20,-80.24546410306127,-80,0
CARGO-1032,21,-80.38893614799034,-80,0
CARGO-1032,22,-80.13036381679902,-80,0
CARGO-1032,23,-80.16659864202005,-80,0
CARGO-1032,24,-80.24889247456852,-80,0
CARGO-1032,25,-80.01949797560464,-80,0
CARGO-1032,26,-80.34846212137018,-80,0
CARGO-1032,27,-80.14015946652894,-80,0
CARGO-1032,28,-80.26937271275744,-80,0
CARGO-1032,29,-80.32966802500819,-80,0
CARGO-1032,30,-80.34955379475893,-80,0
CARGO-1032,31,-80.27245763434222,-80,0
CARGO-1032,32,-79.81065264055462,-80,0
CARGO-1032,33,-80.05079995460936,-80,0
CARGO-1032,34,-79.9288329282601,-80,0
CARGO-1032,35,-80.02303123922651,-80,0
CARGO-1032,36,-79.76214599198332,-80,0
CARGO-1032,37,-79.79738846569934,-80,0
CARGO-1032,38,-79.78903494365689,-80,0
CARGO-1032,39,-79.9962867778469,-80,0
CARGO-1032,40,-79.94649857141401,-80,0
CARGO-1032,41,-80.28263314265604,-80,0
CARGO-1032,42,-80.13908485577747,-80,0
CARGO-1032,43,-79.70253264062578,-80,0
CARGO-1032,44,-80.09072811746859,-80,0
CARGO-1032,45,-80.00963334832977,-80,0
CARGO-1032,46,-79.75765173936406,-80,0
CARGO-1032,47,-79.86129599992977,-80,0
CARGO-1032,48,-79.92628995960436,-80,0
CARGO-1032,49,-80.00734491281838,-80,0
CARGO-1032,50,-79.68006883944446,-80,0
CARGO-1032,51,-80.12987923901417,-80,0
CARGO-1032,52,-79.83455753517204,-80,0
CARGO-1032,53,-80.01752650166306,-80,0
CARGO-1032,54,-79.77075249691639,-80,0
CARGO-1032,55,-79.75475713626622,-80,0
CARGO-1032,56,-79.92232100733136,-80,0
CARGO-1032,57,-79.64546890688722,-80,0
CARGO-1032,58,-79.7473076481776,-80,0
CARGO-1032,59,-80.0402489726169,-80,0
CARGO-1032,60,-79.89970092752257,-80,0
CARGO-1032,61,-79.87928672873258,-80,0
CARGO-1032,62,-79.66988519452578,-80,0
CARGO-1032,63,-80.38611551322337,-80,0
CARGO-1032,64,-79.62976775203592,-80,0
CARGO-1032,65,-80.43182891226724,-80,0
CARGO-1032,66,-79.82074810307965,-80,0
CARGO-1032,67,-79.82419654580013,-80,0
CARGO-1032,68,-80.00689533045919,-80,0
CARGO-1032,69,-79.77488953147547,-80,0
CARGO-1032,70,-80.3045168924432,-80,0
CARGO-1032,71,-80.20024054371169,-80,0
CARGO-1032,72,-80.2854829196631,-80,0
CARGO-1032,73,-80.15449853971714,-80,0
CARGO-1032,74,-79.63945498838453,-80,0
CARGO-1032,75,-79.57190435507799,-80,0
CARGO-1032,76,-79.96403215617025,-80,0
CARGO-1032,77,-79.87921616331178,-80,0
CARGO-1032,78,-79.35403487544428,-80,0
CARGO-1032,79,-80.04381163083819,-80,0
CARGO-1032,80,-80.11870838997075,-80,0
CARGO-1032,81,-79.6423883440583,-80,0
CARGO-1032,82,-80.06570409744609,-80,0
CARGO-1032,83,-80.2065610082817,-80,0
CARGO-1032,84,-79.6584185540677,-80,0
CARGO-1032,85,-79.52298496431439,-80,0
CARGO-1032,86,-80.08534860801711,-80,0
CARGO-1032,87,-79.9457695513708,-80,0
CARGO-1032,88,-79.66345694379207,-80,0
CARGO-1032,89,-80.14236310206897,-80,0
CARGO-1032,90,-79.63467803245521,-80,0
CARGO-1032,91,-79.48438710946982,-80,0
CARGO-1032,92,-80.2896130028942,-80,0
CARGO-1032,93,-80.31972160301103,-80,0
CARGO-1032,94,-80.38691024556576,-80,0
CARGO-1032,95,-80.05842181211982,-80,0
CARGO-1032,96,-80.28914069500601,-80,0
CARGO-1032,97,-79.58308810150996,-80,0
CARGO-1032,98,-80.19676869724796,-80,0
CARGO-1032,99,-80.02989558787087,-80,0
CARGO-1032,100,-79.80232657741489,-80,0
CARGO-1032,101,-80.14122925881983,-80,0
CARGO-1032,102,-79.89548585749819,-80,0
CARGO-1032,103,-79.71640161227863,-80,0
CARGO-1032,104,-78.9856959972458,-80,0
CARGO-1032,105,-79.80530573576203,-80,0
CARGO-1032,106,-80.40328268088172,-80,0
CARGO-1032,107,-79.72337987407091,-80,0
CARGO-1032,108,-79.82547993909397,-80,0
CARGO-1032,109,-79.77772857773253,-80,0
CARGO-1032,110,-79.96833618194137,-80,0
CARGO-1032,111,-79.66920026936079,-80,0
CARGO-1032,112,-80.00977766541055,-80,0
CARGO-1032,113,-79.8457306845809,-80,0
CARGO-1032,114,-79.8678187138799,-80,0
CARGO-1032,115,-79.9016708177673,-80,0
CARGO-1032,116,-80.04393563657213,-80,0
CARGO-1032,117,-79.60432874077061,-80,0
CARGO-1032,118,-79.52668790079966,-80,0
CARGO-1032,119,-79.36080255931853,-80,0
CARGO-1033,0,-80.48762082941566,-80,0
CARGO-1033,1,-79.90880739427611,-80,0
CARGO-1033,2,-79.86843384822397,-80,0
CARGO-1033,3,-79.53951982924667,-80,0
CARGO-1033,4,-80.23370703360442,-80,0
CARGO-1033,5,-79.306821424095,-80,0
CARGO-1033,6,-79.9678471159795,-80,0
CARGO-1033,7,-80.24571566435634,-80,0
CARGO-1033,8,-80.47612758191472,-80,0
CARGO-1033,9,-80.02755360600275,-80,0
CARGO-1033,10,-79.93330719803373,-80,0
CARGO-1033,11,-80.3415662384894,-80,0
CARGO-1033,12,-79.81527437191706,-80,0
CARGO-1033,13,-79.83368596482332,-80,0
CARGO-1033,14,-79.98779068169115,-80,0
CARGO-1033,15,-80.25539887199527,-80,0
CARGO-1033,16,-79.99821841742394,-80,0
CARGO-1033,17,-79.46749579655416,-80,0
CARGO-1033,18,-80.30335642802523,-80,0
CARGO-1033,19,-80.56282313356942,-80,0
CARGO-1033,20,-80.1564763513488,-80,0
CARGO-1033,21,-80.29098739345937,-80,0
CARGO-1033,22,-80.61238669773495,-80,0
CARGO-1033,23,-79.93504752666722,-80,0
CARGO-1033,24,-80.44982982330178,-80,0
CARGO-1033,25,-80.47828324559669,-80,0
CARGO-1033,26,-79.80340371636413,-80,0
CARGO-1033,27,-79.64915263906222,-80,0
CARGO-1033,28,-79.29713972325955,-80,0
CARGO-1033,29,-80.53025606650824,-80,0
CARGO-1033,30,-79.9280186873994,-80,0
CARGO-1033,31,-80.46002042148041,-80,0
CARGO-1033,32,-80.0175428529987,-80,0
CARGO-1033,33,-80.0926288886388,-80,0
CARGO-1033,34,-80.6782603954641,-80,0
CARGO-1033,35,-79.87847807890685,-80,0
CARGO-1033,36,-80.03932689693706,-80,0
CARGO-1033,37,-79.84830877807302,-80,0
CARGO-1033,38,-80.43243488480431,-80,0
CARGO-1033,39,-79.42052200076365,-80,0
CARGO-1033,40,-79.98754573407498,-80,0
CARGO-1033,41,-79.96217127106829,-80,0
CARGO-1033,42,-79.63513284187474,-80,0
CARGO-1033,43,-80.04953741525023,-80,0
CARGO-1033,44,-80.29806027027108,-80,0
CARGO-1033,45,-79.70098936983129,-80,0
CARGO-1033,46,-80.06169720224153,-80,0
CARGO-1033,47,-79.7393421715539,-80,0
CARGO-1033,48,-80.06251108519167,-80,0
CARGO-1033,49,-79.38668718206117,-80,0
CARGO-1033,50,-80.05175051598171,-80,0
CARGO-1033,51,-80.22925137978787,-80,0
CARGO-1033,52,-79.94172435286666,-80,0
CARGO-1033,53,-80.18675539262317,-80,0
CARGO-1033,54,-80.29746871824084,-80,0
CARGO-1033,55,-79.63148503890395,-80,0
CARGO-1033,56,-80.41662163185246,-80,0
CARGO-1033,57,-79.72481405553604,-80,0
CARGO-1033,58,-79.54758826504597,-80,0
CARGO-1033,59,-80.13259852148865,-80,0
CARGO-1033,60,-79.95827534080624,-80,0
CARGO-1033,61,-80.28178102117361,-80,0
CARGO-1033,62,-79.69204661420513,-80,0
CARGO-1033,63,-80.42036766118676,-80,0
CARGO-1033,64,-79.72840303327271,-80,0
CARGO-1033,65,-80.03427402252217,-80,0
CARGO-1033,66,-80.29754228428483,-80,0
CARGO-1033,67,-80.26408331119912,-80,0
CARGO-1033,68,-79.91087230774882,-80,0
CARGO-1033,69,-80.40686974905195,-80,0
CARGO-1033,70,-79.8850778292312,-80,0
CARGO-1033,71,-79.98733675930993,-80,0
CARGO-1033,72,-80.1546630003898,-80,0
CARGO-1033,73,-79.89427654770992,-80,0
CARGO-1033,74,-80.28609282187206,-80,0
CARGO-1033,75,-80.11688379561774,-80,0
CARGO-1033,76,-80.14368366498833,-80,0
CARGO-1033,77,-80.40992581076884,-80,0
CARGO-1033,78,-80.12840024067117,-80,0
CARGO-1033,79,-80.50185061022462,-80,0
CARGO-1033,80,-80.21922039830552,-80,0
CARGO-1033,81,-80.56992022697231,-80,0
CARGO-1033,82,-80.3678304838165,-80,0
CARGO-1033,83,-80.34082772527418,-80,0
CARGO-1033,84,-79.94937455680308,-80,0
CARGO-1033,85,-80.36353107240046,-80,0
CARGO-1033,86,-80.45884763367133,-80,0
CARGO-1033,87,-80.1980126948551,-80,0
CARGO-1033,88,-79.50791634710164,-80,0
CARGO-1033,89,-80.57311307876225,-80,0
CARGO-1033,90,-79.87685430740385,-80,0
CARGO-1033,91,-79.99366734291421,-80,0
CARGO-1033,92,-79.48271455554783,-80,0
CARGO-1033,93,-80.01294250166303,-80,0
CARGO-1033,94,-80.07012982080238,-80,0
CARGO-1033,95,-80.07705431511575,-80,0
CARGO-1033,96,-80.10744098749458,-80,0
CARGO-1033,97,-79.87475091043744,-80,0
CARGO-1033,98,-80.24925384925544,-80,0
CARGO-1033,99,-79.17819114267333,-80,0
CARGO-1033,100,-79.83007548705675,-80,0
CARGO-1033,101,-80.15053525906576,-80,0
CARGO-1033,102,-80.17425272048355,-80,0
CARGO-1033,103,-80.10489959249641,-80,0
CARGO-1033,104,-80.1166224656812,-80,0
CARGO-1033,105,-79.92436744627801,-80,0
CARGO-1033,106,-80.03486743401001,-80,0
CARGO-1033,107,-79.68583806812254,-80,0
CARGO-1033,108,-80.41691121570557,-80,0
CARGO-1033,109,-80.13489978416627,-80,0
CARGO-1033,110,-80.42242758767722,-80,0
CARGO-1033,111,-80.25796185072707,-80,0
CARGO-1033,112,-80.26947014368358,-80,0
CARGO-1033,113,-79.87933372791761,-80,0
CARGO-1033,114,-80.30936626791748,-80,0
CARGO-1033,115,-79.69992700922474,-80,0
CARGO-1033,116,-79.69817474977137,-80,0
CARGO-1033,117,-79.91919323442,-80,0
CARGO-1033,118,-80.46029291915033,-80,0
CARGO-1033,119,-79.67965734201111,-80,0
CARGO-1034,0,-80.23716894495601,-80,0
CARGO-1034,1,-79.91574844370191,-80,0
CARGO-1034,2,-79.94185922333799,-80,0
CARGO-1034,3,-80.4760808572324,-80,0
CARGO-1034,4,-79.91992232646028,-80,0
CARGO-1034,5,-80.20569841802389,-80,0
CARGO-1034,6,-80.53769510103207,-80,0
CARGO-1034,7,-79.84586715356042,-80,0
CARGO-1034,8,-80.31040101624922,-80,0
CARGO-1034,9,-79.57592871222387,-80,0
CARGO-1034,10,-79.72545900334042,-80,0
CARGO-1034,11,-79.88809162582928,-80,0
CARGO-1034,12,-79.5347829726855,-80,0
CARGO-1034,13,-79.63805563314367,-80,0
CARGO-1034,14,-80.2007726168663,-80,0
CARGO-1034,15,-79.61968696957068,-80,0
CARGO-1034,16,-80.11773571376625,-80,0
CARGO-1034,17,-79.62612525521769,-80,0
CARGO-1034,18,-80.02593453453579,-80,0
CARGO-1034,19,-80.2725860454743,-80,0
CARGO-1034,20,-79.77393446274907,-80,0
CARGO-1034,21,-80.03223061397321,-80,0
CARGO-1034,22,-79.57227097799881,-80,0
CARGO-1034,23,-79.51217525961546,-80,0
CARGO-1034,24,-80.42468145589834,-80,0
CARGO-1034,25,-79.91109319664456,-80,0
CARGO-1034,26,-79.71236335378356,-80,0
CARGO-1034,27,-79.87244144400866,-80,0
CARGO-1034,28,-79.87317042125858,-80,0
CARGO-1034,29,-79.84490823564634,-80,0
CARGO-1034,30,-80.39694192789968,-80,0
CARGO-1034,31,-79.4328680915212,-80,0
CARGO-1034,32,-79.724265649694,-80,0
CARGO-1034,33,-80.1125579980134,-80,0
CARGO-1034,34,-80.14475131486269,-80,0
CARGO-1034,35,-79.67272734205658,-80,0
CARGO-1034,36,-79.86390470176923,-80,0
CARGO-1034,37,-79.8252788905947,-80,0
CARGO-1034,38,-79.75739098874367,-80,0
CARGO-1034,39,-79.84973285908916,-80,0
CARGO-1034,40,-80.48791726560752,-80,0
CARGO-1034,41,-80.04263979834252,-80,0
CARGO-1034,42,-79.74819076130055,-80,0
CARGO-1034,43,-79.74247146935247,-80,0
CARGO-1034,44,-80.0733859020712,-80,0
CARGO-1034,45,-79.94034350413112,-80,0
CARGO-1034,46,-79.56189202674565,-80,0
CARGO-1034,47,-79.4732399893598,-80,0
CARGO-1034,48,-79.79634167691891,-80,0
CARGO-1034,49,-79.62542069113925,-80,0
CARGO-1034,50,-79.78439957627145,-80,0
CARGO-1034,51,-79.68303886154659,-80,0
CARGO-1034,52,-79.90863236756472,-80,0
CARGO-1034,53,-80.09167243911716,-80,0
CARGO-1034,54,-79.35964898215299,-80,0
CARGO-1034,55,-79.36521852310764,-80,0
CARGO-1034,56,-79.89505262531095,-80,0
CARGO-1034,57,-79.78903159831904,-80,0
CARGO-1034,58,-79.86235094231036,-80,0
CARGO-1034,59,-79.89429670640953,-80,0
CARGO-1034,60,-79.88386928618924,-80,0
CARGO-1034,61,-79.56906676511022,-80,0
CARGO-1034,62,-80.24906706029188,-80,0
CARGO-1034,63,-80.09758300307749,-80,0
CARGO-1034,64,-79.63529753309632,-80,0
CARGO-1034,65,-79.85069791488529,-80,0
CARGO-1034,66,-79.53206007990093,-80,0
CARGO-1034,67,-79.87820649154497,-80,0
CARGO-1034,68,-79.78644363343315,-80,0
CARGO-1034,69,-79.94771206205716,-80,0
CARGO-1034,70,-79.49296173741959,-80,0
CARGO-1034,71,-79.63717475011077,-80,0
CARGO-1034,72,-80.24331717667584,-80,0
CARGO-1034,73,-79.72745715322773,-80,0
CARGO-1034,74,-79.6183780097822,-80,0
CARGO-1034,75,-79.94791219495747,-80,0
CARGO-1034,76,-79.73774483232664,-80,0
CARGO-1034,77,-79.54989273552047,-80,0
CARGO-1034,78,-79.97461977051887,-80,0
CARGO-1034,79,-79.84312294054928,-80,0
CARGO-1034,80,-80.07976223710307,-80,0
CARGO-1034,81,-79.77466131072138,-80,0
CARGO-1034,82,-80.2236488164346,-80,0
CARGO-1034,83,-79.73878678810784,-80,0
CARGO-1034,84,-79.48361995444013,-80,0
CARGO-1034,85,-80.22307632950076,-80,0
CARGO-1034,86,-79.55377381188117,-80,0
CARGO-1034,87,-79.95425387220342,-80,0
CARGO-1034,88,-80.13791463223257,-80,0
CARGO-1034,89,-80.0087920804789,-80,0
CARGO-1034,90,-79.93920141588089,-80,0
CARGO-1034,91,-80.05429043655211,-80,0
CARGO-1034,92,-79.59146792955929,-80,0
CARGO-1034,93,-80.01647541042301,-80,0
CARGO-1034,94,-79.8311768293058,-80,0
CARGO-1034,95,-79.28219032649015,-80,0
CARGO-1034,96,-79.965819797964,-80,0
CARGO-1034,97,-80.05256984420059,-80,0
CARGO-1034,98,-80.0161940755321,-80,0
CARGO-1034,99,-79.56747605232991,-80,0
CARGO-1034,100,-79.92298388015166,-80,0
CARGO-1034,101,-79.82401387620602,-80,0
CARGO-1034,102,-80.12095883191918,-80,0
CARGO-1034,103,-79.99660102096412,-80,0
CARGO-1034,104,-79.62420250310005,-80,0
CARGO-1034,105,-80.34512447141353,-80,0
CARGO-1034,106,-80.43890026339156,-80,0
CARGO-1034,107,-80.04005116247869,-80,0
CARGO-1034,108,-80.01833189143008,-80,0
CARGO-1034,109,-79.97211434750739,-80,0
CARGO-1034,110,-79.96800744626937,-80,0
CARGO-1034,111,-79.89010420092062,-80,0
CARGO-1034,112,-80.01190487817735,-80,0
CARGO-1034,113,-79.47701958553878,-80,0
CARGO-1034,114,-79.63412100173407,-80,0
CARGO-1034,115,-79.91363398077155,-80,0
CARGO-1034,116,-79.60670195489116,-80,0
CARGO-1034,117,-80.64943326719117,-80,0
CARGO-1034,118,-79.76468028434603,-80,0
CARGO-1034,119,-79.61095211368075,-80,0
CARGO-1035,0,-80.23244319662075,-80,0
CARGO-1035,1,-79.75932351273713,-80,0
CARGO-1035,2,-80.0327560277112,-80,0
CARGO-1035,3,-79.61828836210523,-80,0
CARGO-1035,4,-80.50397500201757,-80,0
CARGO-1035,5,-80.12832583611835,-80,0
CARGO-1035,6,-80.04063718077315,-80,0
CARGO-1035,7,-79.84306597809625,-80,0
CARGO-1035,8,-80.37536550855593,-80,0
CARGO-1035,9,-80.02589731445153,-80,0
CARGO-1035,10,-79.68488694915825,-80,0
CARGO-1035,11,-79.88661497673664,-80,0
CARGO-1035,12,-79.87573162327473,-80,0
CARGO-1035,13,-80.20700421110237,-80,0
CARGO-1035,14,-80.01493804466818,-80,0
CARGO-1035,15,-80.27718497693708,-80,0
CARGO-1035,16,-79.66421023908018,-80,0
CARGO-1035,17,-79.85255115152549,-80,0
CARGO-1035,18,-79.94374428479826,-80,0
CARGO-1035,19,-79.93276352376024,-80,0
CARGO-1035,20,-79.6166414389845,-80,0
CARGO-1035,21,-79.37625266688796,-80,0
CARGO-1035,22,-79.96249200111819,-80,0
CARGO-1035,23,-79.95763606804375,-80,0
CARGO-1035,24,-79.87118196232079,-80,0
CARGO-1035,25,-79.56025323025929,-80,0
CARGO-1035,26,-79.76604739723423,-80,0
CARGO-1035,27,-79.88022603437373,-80,0
CARGO-1035,28,-79.76634400458887,-80,0
CARGO-1035,29,-79.8710904611967,-80,0
CARGO-1035,30,-80.41957655911472,-80,0
CARGO-1035,31,-79.67749218684128,-80,0
CARGO-1035,32,-80.2362868624727,-80,0
CARGO-1035,33,-80.02286630384872,-80,0
CARGO-1035,34,-80.24131282014086,-80,0
CARGO-1035,35,-80.08391868546684,-80,0
CARGO-1035,36,-79.92839494390027,-80,0
CARGO-1035,37,-79.5864596662163,-80,0
CARGO-1035,38,-80.11910151422639,-80,0
CARGO-1035,39,-79.54503074979522,-80,0
CARGO-1035,40,-80.46042905065565,-80,0
CARGO-1035,41,-80.3524812980078,-80,0
CARGO-1035,42,-80.23773268202022,-80,0
CARGO-1035,43,-79.75852949714866,-80,0
CARGO-1035,44,-80.27504780814067,-80,0
CARGO-1035,45,-80.36422310870707,-80,0
CARGO-1035,46,-79.45312170043043,-80,0
CARGO-1035,47,-80.0262483156283,-80,0
CARGO-1035,48,-79.52514279522826,-80,0
CARGO-1035,49,-79.6534792867548,-80,0
CARGO-1035,50,-79.72869130422063,-80,0
CARGO-1035,51,-79.59751573574302,-80,0
CARGO-1035,52,-80.05115529859643,-80,0
CARGO-1035,53,-80.31338917082702,-80,0
CARGO-1035,54,-79.80089753059822,-80,0
CARGO-1035,55,-80.06473154189027,-80,0
CARGO-1035,56,-79.78872998156262,-80,0
CARGO-1035,57,-79.70576955216342,-80,0
CARGO-1035,58,-80.20855713440564,-80,0
CARGO-1035,59,-80.1429042880447,-80,0
CARGO-1035,60,-79.98543968607554,-80,0
CARGO-1035,61,-79.58037866727354,-80,0
CARGO-1035,62,-80.2027624230563,-80,0
CARGO-1035,63,-79.41152804340918,-80,0
CARGO-1035,64,-80.46569857378773,-80,0
CARGO-1035,65,-79.48262022912716,-80,0
CARGO-1035,66,-79.88325633798738,-80,0
CARGO-1035,67,-79.8128695451717,-80,0
CARGO-1035,68,-79.807932997044,-80,0
CARGO-1035,69,-80.67536084495329,-80,0
CARGO-1035,70,-80.06932482324638,-80,0
CARGO-1035,71,-80.02935312059256,-80,0
CARGO-1035,72,-79.60389894447155,-80,0
CARGO-1035,73,-79.99736835877574,-80,0
CARGO-1035,74,-79.54666333573388,-80,0
CARGO-1035,75,-79.43566188408217,-80,0
CARGO-1035,76,-79.8171029762103,-80,0
CARGO-1035,77,-79.93153746694269,-80,0
CARGO-1035,78,-80.3090159156119,-80,0
CARGO-1035,79,-79.81916394159308,-80,0
CARGO-1035,80,-80.10353562137523,-80,0
CARGO-1035,81,-79.58469300515205,-80,0
CARGO-1035,82,-80.44843150653574,-80,0
CARGO-1035,83,-80.21681356911388,-80,0
CARGO-1035,84,-79.74860518075131,-80,0
CARGO-1035,85,-79.50673191141807,-80,0
CARGO-1035,86,-79.80532612227184,-80,0
CARGO-1035,87,-79.63834888818138,-80,0
CARGO-1035,88,-79.97651671479439,-80,0
CARGO-1035,89,-79.51220224983166,-80,0
CARGO-1035,90,-79.95260523416961,-80,0
CARGO-1035,91,-79.86288773063261,-80,0
CARGO-1035,92,-79.9583671849296,-80,0
CARGO-1035,93,-80.09622410296127,-80,0
CARGO-1035,94,-79.89432207253178,-80,0
CARGO-1035,95,-79.93871848653566,-80,0
CARGO-1035,96,-79.88752039945447,-80,0
CARGO-1035,97,-80.69386097576506,-80,0
CARGO-1035,98,-80.29169845205813,-80,0
CARGO-1035,99,-80.19054458349609,-80,0
CARGO-1035,100,-80.4773138248241,-80,0
CARGO-1035,101,-80.31914603585483,-80,0
CARGO-1035,102,-79.82337239855076,-80,0
CARGO-1035,103,-79.9348397754659,-80,0
CARGO-1035,104,-79.75266786196894,-80,0
CARGO-1035,105,-79.76944538648452,-80,0
CARGO-1035,106,-79.73666908865108,-80,0
CARGO-1035,107,-80.02691173375743,-80,0
CARGO-1035,108,-79.64194678438402,-80,0
CARGO-1035,109,-80.23046164741672,-80,0
CARGO-1035,110,-79.67804677248199,-80,0
CARGO-1035,111,-79.79371580325883,-80,0
CARGO-1035,112,-79.867458612732,-80,0
CARGO-1035,113,-80.06498551540706,-80,0
CARGO-1035,114,-80.26832674261817,-80,0
CARGO-1035,115,-80.06585275614987,-80,0
CARGO-1035,116,-80.51217396642133,-80,0
CARGO-1035,117,-79.73413287841834,-80,0
CARGO-1035,118,-80.18842631009412,-80,0
CARGO-1035,119,-80.17162722812887,-80,0
CARGO-1036,0,-79.82631885270627,-80,0
CARGO-1036,1,-79.80492476314431,-80,0
CARGO-1036,2,-79.6404744893141,-80,0
CARGO-1036,3,-79.57437502110957,-80,0
CARGO-1036,4,-80.42177563582243,-80,0
CARGO-1036,5,-79.6085842372823,-80,0
CARGO-1036,6,-80.02174681342433,-80,0
CARGO-1036,7,-80.22980621935118,-80,0
CARGO-1036,8,-80.33013584889223,-80,0
CARGO-1036,9,-79.93032704143666,-80,0
CARGO-1036,10,-80.18133348965203,-80,0
CARGO-1036,11,-79.98118775594578,-80,0
CARGO-1036,12,-79.98867719255293,-80,0
CARGO-1036,13,-79.89181487149848,-80,0
CARGO-1036,14,-79.75123454899557,-80,0
CARGO-1036,15,-79.63342130409399,-80,0
CARGO-1036,16,-79.64440394602097,-80,0
CARGO-1036,17,-79.54056206935098,-80,0
CARGO-1036,18,-80.06860491048121,-80,0
CARGO-1036,19,-80.20885982800435,-80,0
CARGO-1036,20,-80.0139688939624,-80,0
CARGO-1036,21,-80.13501919597996,-80,0
CARGO-1036,22,-80.38906344354542,-80,0
CARGO-1036,23,-80.08050173230478,-80,0
CARGO-1036,24,-79.7994532349044,-80,0
CARGO-1036,25,-79.64407097700347,-80,0
CARGO-1036,26,-80.03209769768084,-80,0
CARGO-1036,27,-79.67244036678784,-80,0
CARGO-1036,28,-79.99622353474913,-80,0
CARGO-1036,29,-80.71142997499459,-80,0
CARGO-1036,30,-80.39740948240397,-80,0
CARGO-1036,31,-79.86917614908414,-80,0
CARGO-1036,32,-80.53120204946406,-80,0
CARGO-1036,33,-80.38675030843858,-80,0
CARGO-1036,34,-80.4461827035052,-80,0
CARGO-1036,35,-80.06199673815966,-80,0
CARGO-1036,36,-79.9354439536984,-80,0
CARGO-1036,37,-80.51115465226734,-80,0
CARGO-1036,38,-79.78472364703035,-80,0
CARGO-1036,39,-79.99424191004317,-80,0
CARGO-1036,40,-80.39922201790517,-80,0
CARGO-1036,41,-80.00516339342737,-80,0
CARGO-1036,42,-80.24811650618571,-80,0
CARGO-1036,43,-80.27041801049694,-80,0
CARGO-1036,44,-80.43311040742148,-80,0
CARGO-1036,45,-80.05750914164842,-80,0
CARGO-1036,46,-80.14002155469692,-80,0
CARGO-1036,47,-80.15503878025703,-80,0
CARGO-1036,48,-80.11446260842065,-80,0
CARGO-1036,49,-80.00517986557618,-80,0
CARGO-1036,50,-80.13190682154736,-80,0
CARGO-1036,51,-80.66615137012575,-80,0
CARGO-1036,52,-80.0849794823358,-80,0
CARGO-1036,53,-80.35636199210893,-80,0
CARGO-1036,54,-79.72178137883401,-80,0
CARGO-1036,55,-79.93010649646726,-80,0
CARGO-1036,56,-79.7577250997227,-80,0
CARGO-1036,57,-80.23919038907123,-80,0
CARGO-1036,58,-79.81119759058886,-80,0
CARGO-1036,59,-80.40313557425664,-80,0
CARGO-1036,60,-80.07775753412555,-80,0
CARGO-1036,61,-80.34077892387016,-80,0
CARGO-1036,62,-79.88700600078114,-80,0
CARGO-1036,63,-79.55437106094357,-80,0
CARGO-1036,64,-79.96213247603167,-80,0
CARGO-1036,65,-80.51930949634779,-80,0
CARGO-1036,66,-80.27760520273263,-80,0
CARGO-1036,67,-79.16092872326082,-80,0
CARGO-1036,68,-79.83965620712908,-80,0
CARGO-1036,69,-80.32553496148493,-80,0
CARGO-1036,70,-79.82153544671881,-80,0
CARGO-1036,71,-80.05986866099957,-80,0
CARGO-1036,72,-79.31216886618779,-80,0
CARGO-1036,73,-80.08237613089247,-80,0
CARGO-1036,74,-80.15958614714754,-80,0
CARGO-1036,75,-80.09880127855189,-80,0
CARGO-1036,76,-80.20692603976025,-80,0
CARGO-1036,77,-80.30298329169932,-80,0
CARGO-1036,78,-80.42345745219737,-80,0
CARGO-1036,79,-80.20182557655902,-80,0
CARGO-1036,80,-79.82453393381374,-80,0
CARGO-1036,81,-80.11539156331165,-80,0
CARGO-1036,82,-80.21459952685771,-80,0
CARGO-1036,83,-80.44557236216224,-80,0
CARGO-1036,84,-79.84572179606303,-80,0
CARGO-1036,85,-79.567202811571,-80,0
CARGO-1036,86,-80.31161557103137,-80,0
CARGO-1036,87,-80.25372057242964,-80,0
CARGO-1036,88,-80.33478312986239,-80,0
CARGO-1036,89,-79.81543753688298,-80,0
CARGO-1036,90,-79.7472473222061,-80,0
CARGO-1036,91,-80.02388883847176,-80,0
CARGO-1036,92,-80.4454794957079,-80,0
CARGO-1036,93,-79.96159764064079,-80,0
CARGO-1036,94,-79.99907945422666,-80,0
CARGO-1036,95,-79.97124714058428,-80,0
CARGO-1036,96,-80.38385573013974,-80,0
CARGO-1036,97,-80.41163194300108,-80,0
CARGO-1036,98,-80.56713921204609,-80,0
CARGO-1036,99,-79.71495200116405,-80,0
CARGO-1036,100,-79.69103570657654,-80,0
CARGO-1036,101,-80.5296858161185,-80,0
CARGO-1036,102,-80.298718730474,-80,0
CARGO-1036,103,-80.29301979456469,-80,0
CARGO-1036,104,-79.7845194251908,-80,0
CARGO-1036,105,-80.03460419840438,-80,0
CARGO-1036,106,-79.59793661577346,-80,0
CARGO-1036,107,-80.1325922419751,-80,0
CARGO-1036,108,-80.44595334198816,-80,0
CARGO-1036,109,-80.25693429732175,-80,0
CARGO-1036,110,-80.3056554271081,-80,0
CARGO-1036,111,-79.71392180109252,-80,0
CARGO-1036,112,-79.44727323697445,-80,0
CARGO-1036,113,-79.88028442511437,-80,0
CARGO-1036,114,-80.24732265581078,-80,0
CARGO-1036,115,-79.94843272528466,-80,0
CARGO-1036,116,-80.52711913562382,-80,0
CARGO-1036,117,-80.0953896755058,-80,0
CARGO-1036,118,-80.52278037284957,-80,0
CARGO-1036,119,-79.87359428317957,-80,0
CARGO-1037,0,-80.08864257398716,-80,0
CARGO-1037,1,-80.1590624512833,-80,0
CARGO-1037,2,-80.1026691111769,-80,0
CARGO-1037,3,-79.98322787832304,-80,0
CARGO-1037,4,-79.66905512744758,-80,0
CARGO-1037,5,-79.97046082604179,-80,0
CARGO-1037,6,-79.64320099240031,-80,0
CARGO-1037,7,-79.83204573725088,-80,0
CARGO-1037,8,-79.68594397638047,-80,0
CARGO-1037,9,-79.95097589293653,-80,0
CARGO-1037,10,-80.04677264763913,-80,0
CARGO-1037,11,-80.37871605543963,-80,0
CARGO-1037,12,-80.71763326719643,-80,0
CARGO-1037,13,-80.1060476000061,-80,0
CARGO-1037,14,-80.73987993324059,-80,0
CARGO-1037,15,-80.00628378033483,-80,0
CARGO-1037,16,-79.77925917684321,-80,0
CARGO-1037,17,-79.9816984938469,-80,0
CARGO-1037,18,-80.82309861661358,-80,0
CARGO-1037,19,-80.10391654836971,-80,0
CARGO-1037,20,-79.82319852536976,-80,0
CARGO-1037,21,-79.6030205682951,-80,0
CARGO-1037,22,-79.84040925311176,-80,0
CARGO-1037,23,-79.99931915245045,-80,0
CARGO-1037,24,-79.85892263273956,-80,0
CARGO-1037,25,-79.44792791561983,-80,0
CARGO-1037,26,-79.98329431303489,-80,0
CARGO-1037,27,-80.44756165495508,-80,0
CARGO-1037,28,-80.14250284787578,-80,0
CARGO-1037,29,-80.23061519267932,-80,0
CARGO-1037,30,-80.35758228783263,-80,0
CARGO-1037,31,-80.21547369052884,-80,0
CARGO-1037,32,-79.17519339066406,-80,0
CARGO-1037,33,-80.3118805715008,-80,0
CARGO-1037,34,-80.1756950304205,-80,0
CARGO-1037,35,-79.1811504947551,-80,0
CARGO-1037,36,-79.86107433083004,-80,0
CARGO-1037,37,-79.93401971083073,-80,0
CARGO-1037,38,-79.88352565678241,-80,0
CARGO-1037,39,-80.00649241604494,-80,0
CARGO-1037,40,-80.20228610469155,-80,0
CARGO-1037,41,-79.96960150280529,-80,0
CARGO-1037,42,-79.89748029699089,-80,0
CARGO-1037,43,-80.56525471283803,-80,0
CARGO-1037,44,-80.1904337915839,-80,0
CARGO-1037,45,-80.5588279639621,-80,0
CARGO-1037,46,-80.31555474688972,-80,0
CARGO-1037,47,-79.88145157824137,-80,0
CARGO-1037,48,-80.16433992038372,-80,0
CARGO-1037,49,-80.10533271765397,-80,0
CARGO-1037,50,-80.85166304548089,-80,0
CARGO-1037,51,-80.43809405097053,-80,0
CARGO-1037,52,-80.37750153575966,-80,0
CARGO-1037,53,-80.53972314328337,-80,0
CARGO-1037,54,-79.96908473829768,-80,0
CARGO-1037,55,-79.98406740345669,-80,0
CARGO-1037,56,-79.74449417554275,-80,0
CARGO-1037,57,-79.61028085988205,-80,0
CARGO-1037,58,-79.5795924527945,-80,0
CARGO-1037,59,-79.87239452632211,-80,0
CARGO-1037,60,-79.92853582640772,-80,0
CARGO-1037,61,-79.91101415360498,-80,0
CARGO-1037,62,-80.27826195699319,-80,0
CARGO-1037,63,-79.89665626719315,-80,0
CARGO-1037,64,-80.1485886513398,-80,0
CARGO-1037,65,-80.36958318936951,-80,0
CARGO-1037,66,-80.54355311619489,-80,0
CARGO-1037,67,-80.72476463279484,-80,0
CARGO-1037,68,-80.07439983162429,-80,0
CARGO-1037,69,-80.21328806279612,-80,0
CARGO-1037,70,-80.25776869813545,-80,0
CARGO-1037,71,-80.3754354264158,-80,0
CARGO-1037,72,-80.19687180597147,-80,0
CARGO-1037,73,-80.34770342356619,-80,0
CARGO-1037,74,-79.99573632819676,-80,0
CARGO-1037,75,-79.80450773027967,-80,0
CARGO-1037,76,-80.17651071992823,-80,0
CARGO-1037,77,-79.70831585507146,-80,0
CARGO-1037,78,-80.26487738529165,-80,0
CARGO-1037,79,-80.61466580367774,-80,0
CARGO-1037,80,-79.64040543000381,-80,0
CARGO-1037,81,-80.6520788421138,-80,0
CARGO-1037,82,-80.20497147585735,-80,0
CARGO-1037,83,-79.79661967200528,-80,0
CARGO-1037,84,-79.64947669054159,-80,0
CARGO-1037,85,-80.07164900604205,-80,0
CARGO-1037,86,-80.19661013364363,-80,0
CARGO-1037,87,-79.40329890396505,-80,0
CARGO-1037,88,-79.75067857121756,-80,0
CARGO-1037,89,-79.7161261280885,-80,0
CARGO-1037,90,-79.89504075204135,-80,0
CARGO-1037,91,-79.8520231038953,-80,0
CARGO-1037,92,-79.96661656370581,-80,0
CARGO-1037,93,-80.07357020780168,-80,0
CARGO-1037,94,-80.60604826964168,-80,0
CARGO-1037,95,-80.46255657809054,-80,0
CARGO-1037,96,-79.85775373337655,-80,0
CARGO-1037,97,-79.69475030512096,-80,0
CARGO-1037,98,-80.01218037144012,-80,0
CARGO-1037,99,-80.39104013869955,-80,0
CARGO-1037,100,-79.99354450857788,-80,0
CARGO-1037,101,-79.94369650066983,-80,0
CARGO-1037,102,-80.62770219982175,-80,0
CARGO-1037,103,-79.59628539916784,-80,0
CARGO-1037,104,-79.7759231112779,-80,0
CARGO-1037,105,-80.3572732335464,-80,0
CARGO-1037,106,-80.07065126344247,-80,0
CARGO-1037,107,-80.14645201193046,-80,0
CARGO-1037,108,-79.66865506332273,-80,0
CARGO-1037,109,-80.21575225281305,-80,0
CARGO-1037,110,-80.40073717898738,-80,0
CARGO-1037,111,-80.07705269880195,-80,0
CARGO-1037,112,-80.34622248510135,-80,0
CARGO-1037,113,-79.73719890899562,-80,0
CARGO-1037,114,-80.04722014635128,-80,0
CARGO-1037,115,-80.37144463391013,-80,0
CARGO-1037,116,-80.22398540043305,-80,0
CARGO-1037,117,-80.15528840035867,-80,0
CARGO-1037,118,-80.1066298781116,-80,0
CARGO-1037,119,-80.49319330446264,-80,0
CARGO-1038,0,-79.5974447270681,-80,0
CARGO-1038,1,-79.98496493407276,-80,0
CARGO-1038,2,-80.26943112831538,-80,0
CARGO-1038,3,-79.99692169844667,-80,0
CARGO-1038,4,-79.45925804979002,-80,0
CARGO-1038,5,-80.01049458558505,-80,0
CARGO-1038,6,-79.74481908781628,-80,0
CARGO-1038,7,-80.19911522696087,-80,0
CARGO-1038,8,-79.83279017415272,-80,0
CARGO-1038,9,-79.92298663165977,-80,0
CARGO-1038,10,-79.99356089639056,-80,0
CARGO-1038,11,-80.1341514008006,-80,0
CARGO-1038,12,-80.09435386347658,-80,0
CARGO-1038,13,-80.57889846089495,-80,0
CARGO-1038,14,-80.50036292920123,-80,0
CARGO-1038,15,-80.48918655197792,-80,0
CARGO-1038,16,-80.48059942919738,-80,0
CARGO-1038,17,-80.1184439447253,-80,0
CARGO-1038,18,-80.18028344728492,-80,0
CARGO-1038,19,-80.3225173728563,-80,0
CARGO-1038,20,-79.65331534898576,-80,0
CARGO-1038,21,-80.09199879105431,-80,0
CARGO-1038,22,-79.7426913256198,-80,0
CARGO-1038,23,-80.45090986256668,-80,0
CARGO-1038,24,-79.88616769631523,-80,0
CARGO-1038,25,-79.71683828805388,-80,0
CARGO-1038,26,-79.89112095107235,-80,0
CARGO-1038,27,-80.1379641184182,-80,0
CARGO-1038,28,-80.08401186937071,-80,0
CARGO-1038,29,-79.8865927454393,-80,0
CARGO-1038,30,-79.97716786924519,-80,0
CARGO-1038,31,-79.66514671114234,-80,0
CARGO-1038,32,-80.27647856002098,-80,0
CARGO-1038,33,-79.69857861851565,-80,0
CARGO-1038,34,-79.91120852674226,-80,0
CARGO-1038,35,-79.93135312564164,-80,0
CARGO-1038,36,-80.04278399609368,-80,0
CARGO-1038,37,-79.66029956254427,-80,0
CARGO-1038,38,-80.24434104676239,-80,0
CARGO-1038,39,-80.32490522763132,-80,0
CARGO-1038,40,-79.97760073310617,-80,0
CARGO-1038,41,-80.19526671112787,-80,0
CARGO-1038,42,-79.91676974806705,-80,0
CARGO-1038,43,-79.43664228609897,-80,0
CARGO-1038,44,-79.98701912364855,-80,0
CARGO-1038,45,-79.9498942038276,-80,0
CARGO-1038,46,-79.5408224471783,-80,0
CARGO-1038,47,-79.89733989790602,-80,0
CARGO-1038,48,-79.69585494256546,-80,0
CARGO-1038,49,-80.1096900834464,-80,0
CARGO-1038,50,-80.0451191560502,-80,0
CARGO-1038,51,-80.22244991545662,-80,0
CARGO-1038,52,-79.87814191931727,-80,0
CARGO-1038,53,-79.87755896482169,-80,0
CARGO-1038,54,-79.81994765453155,-80,0
CARGO-1038,55,-79.89648414864283,-80,0
CARGO-1038,56,-80.06398509470938,-80,0
CARGO-1038,57,-79.86464610403313,-80,0
CARGO-1038,58,-79.59400087961728,-80,0
CARGO-1038,59,-79.99711412335256,-80,0
CARGO-1038,60,-80.42753240550326,-80,0
CARGO-1038,61,-80.32725557539526,-80,0
CARGO-1038,62,-79.97072198577278,-80,0
CARGO-1038,63,-80.3167788735346,-80,0
CARGO-1038,64,-80.2150063175314,-80,0
CARGO-1038,65,-80.23003869155418,-80,0
CARGO-1038,66,-79.96112397107042,-80,0
CARGO-1038,67,-79.59274823752361,-80,0
CARGO-1038,68,-80.52814882630491,-80,0
CARGO-1038,69,-79.78001295896587,-80,0
CARGO-1038,70,-79.77594408780465,-80,0
CARGO-1038,71,-79.99632388224511,-80,0
CARGO-1038,72,-80.13881063325799,-80,0
CARGO-1038,73,-79.83671389812619,-80,0
CARGO-1038,74,-80.04904737276046,-80,0
CARGO-1038,75,-80.11140931610623,-80,0
CARGO-1038,76,-80.61127537598423,-80,0
CARGO-1038,77,-79.93757722826041,-80,0
CARGO-1038,78,-79.6697395389986,-80,0
CARGO-1038,79,-80.50888717222618,-80,0
CARGO-1038,80,-80.3526353756134,-80,0
CARGO-1038,81,-80.212691732721,-80,0
CARGO-1038,82,-80.15992176045727,-80,0
CARGO-1038,83,-80.28180806939875,-80,0
CARGO-1038,84,-79.67891261689861,-80,0
CARGO-1038,85,-79.46670576614069,-80,0
CARGO-1038,86,-79.99877479515581,-80,0
CARGO-1038,87,-80.26395229658294,-80,0
CARGO-1038,88,-80.0277809413047,-80,0
CARGO-1038,89,-80.41451424305967,-80,0
CARGO-1038,90,-80.14841196356022,-80,0
CARGO-1038,91,-79.92288954267428,-80,0
CARGO-1038,92,-79.89191286118582,-80,0
CARGO-1038,93,-79.92139614117133,-80,0
CARGO-1038,94,-80.23436931340402,-80,0
CARGO-1038,95,-80.06263604630439,-80,0
CARGO-1038,96,-80.22165968816687,-80,0
CARGO-1038,97,-79.845319806976,-80,0
CARGO-1038,98,-79.98358228733515,-80,0
CARGO-1038,99,-79.60301665395282,-80,0
CARGO-1038,100,-80.00320540787364,-80,0
CARGO-1038,101,-80.35827118092276,-80,0
CARGO-1038,102,-80.46699106971289,-80,0
CARGO-1038,103,-80.05908197559181,-80,0
CARGO-1038,104,-80.80416859749275,-80,0
CARGO-1038,105,-80.22928541470732,-80,0
CARGO-1038,106,-80.2751602464794,-80,0
CARGO-1038,107,-80.32968032109414,-80,0
CARGO-1038,108,-80.03672945915218,-80,0
CARGO-1038,109,-80.37725717431316,-80,0
CARGO-1038,110,-80.54982561297662,-80,0
CARGO-1038,111,-79.91939658054774,-80,0
CARGO-1038,112,-80.17579633396299,-80,0
CARGO-1038,113,-79.96465048460986,-80,0
CARGO-1038,114,-80.01862664663672,-80,0
CARGO-1038,115,-79.91494978087466,-80,0
CARGO-1038,116,-80.0276260834859,-80,0
CARGO-1038,117,-79.91250790487788,-80,0
CARGO-1038,118,-79.5804784525723,-80,0
CARGO-1038,119,-79.9932749169774,-80,0
CARGO-1039,0,-80.0669706462505,-80,0
CARGO-1039,1,-79.74371494433368,-80,0
CARGO-1039,2,-80.70353011710154,-80,0
CARGO-1039,3,-80.62003566778824,-80,0
CARGO-1039,4,-80.35671734482952,-80,0
CARGO-1039,5,-80.26177065965022,-80,0
CARGO-1039,6,-80.02292507059092,-80,0
CARGO-1039,7,-80.4328967863618,-80,0
CARGO-1039,8,-79.8877032451283,-80,0
CARGO-1039,9,-79.37280143791418,-80,0
CARGO-1039,10,-80.21224199017357,-80,0
CARGO-1039,11,-80.47204534581273,-80,0
CARGO-1039,12,-80.17614298550802,-80,0
CARGO-1039,13,-79.90368944892485,-80,0
CARGO-1039,14,-80.02450304753481,-80,0
CARGO-1039,15,-79.8548896186615,-80,0
CARGO-1039,16,-80.16542539725593,-80,0
CARGO-1039,17,-80.01108483186634,-80,0
CARGO-1039,18,-79.34509195657958,-80,0
CARGO-1039,19,-80.23269907061595,-80,0
CARGO-1039,20,-80.12305954075629,-80,0
CARGO-1039,21,-79.98096389650041,-80,0
CARGO-1039,22,-79.35952358526632,-80,0
CARGO-1039,23,-79.84969386546133,-80,0
CARGO-1039,24,-80.0720365116762,-80,0
CARGO-1039,25,-80.23968458422031,-80,0
CARGO-1039,26,-79.69307892828199,-80,0
CARGO-1039,27,-80.12839917450506,-80,0
CARGO-1039,28,-79.65205588320974,-80,0
CARGO-1039,29,-80.19495829227688,-80,0
CARGO-1039,30,-80.2899080430339,-80,0
CARGO-1039,31,-80.554757400397,-80,0
CARGO-1039,32,-79.96626204284387,-80,0
CARGO-1039,33,-80.66733346890003,-80,0
CARGO-1039,34,-79.74659449594839,-80,0
CARGO-1039,35,-80.54887661924457,-80,0
CARGO-1039,36,-80.65936069023496,-80,0
CARGO-1039,37,-80.14093704953277,-80,0
CARGO-1039,38,-79.83797154665217,-80,0
CARGO-1039,39,-80.16050212720182,-80,0
CARGO-1039,40,-79.89446115414037,-80,0
CARGO-1039,41,-80.03059755777824,-80,0
CARGO-1039,42,-79.92785690627386,-80,0
CARGO-1039,43,-79.65241596478505,-80,0
CARGO-1039,44,-80.33849918355806,-80,0
CARGO-1039,45,-80.07082103516369,-80,0
CARGO-1039,46,-80.70322641736436,-80,0
CARGO-1039,47,-79.70723430711402,-80,0
CARGO-1039,48,-80.22538095729907,-80,0
CARGO-1039,49,-80.1067940922338,-80,0
CARGO-1039,50,-80.21335041442079,-80,0
CARGO-1039,51,-80.32095118212597,-80,0
CARGO-1039,52,-79.88932938753533,-80,0
CARGO-1039,53,-79.93237622599807,-80,0
CARGO-1039,54,-80.27832999212224,-80,0
CARGO-1039,55,-79.59972071845058,-80,0
CARGO-1039,56,-79.86093495869376,-80,0
CARGO-1039,57,-79.64767594515479,-80,0
CARGO-1039,58,-80.68697017062705,-80,0
CARGO-1039,59,-80.32181907033343,-80,0
CARGO-1039,60,-79.84518147677507,-80,0
CARGO-1039,61,-80.49693755552126,-80,0
CARGO-1039,62,-80.26371018859523,-80,0
CARGO-1039,63,-80.46393969463428,-80,0
CARGO-1039,64,-80.05206743098104,-80,0
CARGO-1039,65,-80.27156977858621,-80,0
CARGO-1039,66,-80.46549358424001,-80,0
CARGO-1039,67,-79.65011129665841,-80,0
CARGO-1039,68,-79.96614407616445,-80,0
CARGO-1039,69,-79.97281214915586,-80,0
CARGO-1039,70,-80.10169380497088,-80,0
CARGO-1039,71,-79.8968128862143,-80,0
CARGO-1039,72,-80.00106397448312,-80,0
CARGO-1039,73,-80.70774206003567,-80,0
CARGO-1039,74,-79.58985652433807,-80,0
CARGO-1039,75,-79.65242334531372,-80,0
CARGO-1039,76,-80.32618700682134,-80,0
CARGO-1039,77,-80.6834019745327,-80,0
CARGO-1039,78,-80.50521400734749,-80,0
CARGO-1039,79,-80.48870507897796,-80,0
CARGO-1039,80,-80.08249015720835,-80,0
CARGO-1039,81,-80.29778486768873,-80,0
CARGO-1039,82,-80.35399190317767,-80,0
CARGO-1039,83,-79.98429930349246,-80,0
CARGO-1039,84,-80.20372367229594,-80,0
CARGO-1039,85,-79.88362794233421,-80,0
CARGO-1039,86,-80.18673875933632,-80,0
CARGO-1039,87,-79.64622248602612,-80,0
CARGO-1039,88,-79.47430067439545,-80,0
CARGO-1039,89,-80.07170864308125,-80,0
CARGO-1039,90,-80.24152878561085,-80,0
CARGO-1039,91,-80.16583944107785,-80,0
CARGO-1039,92,-79.82098986112959,-80,0
CARGO-1039,93,-79.87619302115563,-80,0
CARGO-1039,94,-80.71333215106364,-80,0
CARGO-1039,95,-79.9887305817496,-80,0
CARGO-1039,96,-80.27555980363434,-80,0
CARGO-1039,97,-80.07103777833379,-80,0
CARGO-1039,98,-80.16537713355731,-80,0
CARGO-1039,99,-80.2733380858248,-80,0
CARGO-1039,100,-80.65234021263488,-80,0
CARGO-1039,101,-80.61773352948175,-80,0
CARGO-1039,102,-80.2265108083078,-80,0
CARGO-1039,103,-80.20176344290346,-80,0
CARGO-1039,104,-80.18395199437904,-80,0
CARGO-1039,105,-80.09156171600345,-80,0
CARGO-1039,106,-80.42409286970123,-80,0
CARGO-1039,107,-80.59393739555796,-80,0
CARGO-1039,108,-79.88621797719117,-80,0
CARGO-1039,109,-80.02668205891766,-80,0
CARGO-1039,110,-80.41080389347343,-80,0
CARGO-1039,111,-79.93278432529833,-80,0
CARGO-1039,112,-80.49845011847553,-80,0
CARGO-1039,113,-80.13694002656075,-80,0
CARGO-1039,114,-80.13725898326318,-80,0
CARGO-1039,115,-80.39074291595844,-80,0
CARGO-1039,116,-80.048472433226,-80,0
CARGO-1039,117,-80.5829130500904,-80,0
CARGO-1039,118,-80.19840273549883,-80,0
CARGO-1039,119,-80.21141323794187,-80,0
