station,temperature_c,wind_speed_kmh,personnel_count,generator_load_pct,blizzard_flag,equipment_usage_hrs,fuel_burn_l_day
Bharati,-45.83559226917572,22.1536832796123,61,49.31826992094173,1,15.30825707949181,3232.615153483001
Bharati,-21.950041987738377,12.885492142204976,39,57.5718027868742,0,12.405085607330653,2529.3606425634134
Maitri,-26.303268819454892,31.992698184979442,68,65.87582543613986,0,8.659915286897089,2854.7002175692514
Bharati,-27.046900728637752,31.564239242393985,75,54.84705572539236,0,7.486835076834197,2925.6929298027926
Bharati,-1.1404728121109677,15.248044332602367,59,60.20910647359415,0,10.656996800076247,2466.7569965918165
Dakshin_Gangotri,-26.215282345138743,30.52392963754681,78,62.890286518442196,0,5.8346743603451765,3011.134800270018
Maitri,-3.1289056872432255,12.940605577372622,53,56.66665898084285,0,13.535073810282908,2852.5561565039266
Dakshin_Gangotri,-34.92558290571938,21.215501211941202,80,55.084456636913835,0,11.47795203564872,3458.24447120796
Maitri,-43.121257183279525,37.03779208976456,45,44.25772382925892,0,6.128995314813283,2500.9428668451637
Maitri,-34.71806318376712,13.377527240501761,76,61.51216811054617,0,15.965489554531434,3390.3234452810934
Bharati,-10.920659339671264,26.17832412041305,20,61.214381910846804,0,5.175281753194143,2400.8344258930865
Dakshin_Gangotri,-34.102868801330736,8.321028101910834,82,47.85466472267033,0,10.20703456449403,2765.161698757942
Bharati,-42.11300956954166,22.373905541700573,65,66.1395373734869,0,13.33509534379692,3591.6524776301017
Bharati,-20.91669240094038,52.768538029901215,84,79.56748317864422,0,12.937320957909801,3100.6799337732327
Bharati,-29.601823812288906,85.741313275563,84,62.85727939850297,0,7.500017543138759,3615.9419511716715
Dakshin_Gangotri,-18.106489219395286,27.69573662189091,52,68.34537500269846,0,8.350840203904601,2759.031751647985
Maitri,-33.05929417676337,36.2155221690548,64,76.71150989926196,0,6.177049991314138,2923.9510776652037
Maitri,-36.07977835945035,15.658818140559868,36,61.37914325168573,0,10.875151004656484,2711.7706828753307
Maitri,-5.087389125936429,35.15417476543521,88,75.28365932749466,0,13.280355195164578,3658.020933197432
Bharati,-34.99187345006516,57.37367374369611,29,27.34599999658208,0,2.362580426417546,2795.5498692793253
Dakshin_Gangotri,-35.02567651746033,30.56399481714963,29,51.272488894716076,0,12.223483295028723,2422.454385521834
Maitri,-19.459899541773055,49.48291712323941,44,45.36362394421479,1,8.032252739140006,2758.808757757232
Maitri,-58.43935004049155,21.21733135837335,47,83.04189088142851,0,9.628056902675976,3400.839174260551
Dakshin_Gangotri,-16.20652166262114,10.44392975767687,33,71.36419995071533,0,5.740681622154599,2513.7653339598864
Bharati,-3.538353760838593,24.838801103727484,87,43.74975066088679,0,7.524838332785553,2937.797902082253
Bharati,-14.617014067902474,20.84580584687302,78,47.242122404446285,0,17.96928908194998,2731.083380907814
Dakshin_Gangotri,-37.49309046895148,47.83852215404465,30,41.31005767758054,1,8.64673763771046,2608.374666705794
Bharati,-33.679494015271935,48.236009898501166,78,66.78703147746165,0,9.956452640623661,3188.889264969674
Bharati,-24.22788191706189,15.037661400561792,38,64.78355624977266,0,6.340583459095031,2544.6205297238776
Dakshin_Gangotri,-20.61809689218014,37.97506474179497,48,55.53571326317245,0,20.331398961134155,3063.488562241147
Maitri,-5.632378148269879,43.49021310301446,88,48.72348503992157,0,11.863612199712048,2833.1043915284536
Bharati,-6.173188203749742,22.8821019207602,75,61.404477543215684,1,9.913991364769897,3226.2928209038537
Maitri,-27.582902655837806,31.965243430252617,41,100.0,0,13.681458819123385,3666.139451457986
Maitri,-31.375556501357973,40.91257451610503,63,56.1143968938669,0,11.419910512706368,2906.9463219259883
Bharati,-34.37943925926449,50.640030738975206,75,79.02500507711167,0,9.31157640078461,3444.2365387178147
Bharati,-17.266303816516995,32.37764424879281,58,57.37497791959211,0,9.486849210875835,2831.827068838074
Maitri,-12.041157559821134,36.7550068386079,33,76.3947057773429,0,3.8430666892697616,2457.231893993229
Bharati,-24.180690104181192,9.002831333247208,75,70.89735975645193,0,8.537778548439356,3046.4815568032573
Dakshin_Gangotri,-25.01461571371531,43.221470590673185,41,61.35310355687918,0,7.97871513447953,2986.5702398111894
Dakshin_Gangotri,0.3567837895199588,15.053246147104431,75,71.42874992485004,0,11.284223582198571,2858.58849993651
Dakshin_Gangotri,-16.840091894581878,7.073879068101881,55,79.8175986065664,1,9.153052506473315,3524.5417068210195
Dakshin_Gangotri,-49.634810245176865,40.292583258217206,74,62.85168021400887,0,12.743178566709238,3192.6751440232297
Dakshin_Gangotri,-25.411290403544683,32.85464184009744,76,59.12084535325395,0,10.398892229112494,3099.6780129058698
Maitri,-22.58237150593623,14.237070479378328,55,71.81399586198016,0,6.635055131345954,2977.356149768422
Bharati,-28.233266945102567,41.71460085739874,39,86.29787471175536,0,15.954985770655814,3349.3914501016216
Dakshin_Gangotri,-9.85893998681313,14.04291058743688,39,40.97756843591479,0,8.453535718033038,2037.2279228275218
Dakshin_Gangotri,-28.957340266202653,31.47604819208999,17,42.82468443349018,0,12.216969461724911,1948.378090393701
Bharati,-36.81605071113128,40.695235475628884,45,83.0535738616139,0,4.755680317487093,3430.0651642880994
Maitri,-33.522124469526716,48.22733680306278,30,53.71234774663844,0,13.080559099247282,2379.7468179519533
Bharati,-16.906011712688343,24.85598746867191,66,80.50211725919095,0,3.4562800832127714,2638.9855066739406
Bharati,-41.25872169019567,46.58305144475392,64,51.727312219010216,0,17.748373680883326,3333.629183185203
Maitri,-30.915552149695127,26.668743913189036,83,54.80436414298042,0,12.738875344519919,3009.2013401327226
Dakshin_Gangotri,-14.833661512531778,17.962709085499238,27,77.43222108544128,0,9.129914723404115,2672.8521983961864
Bharati,-41.324216248128536,21.175592702416175,69,72.83981627069781,0,12.285566532241072,3019.162911219445
Bharati,-37.44724721577584,23.082262876705844,32,44.81924363569074,0,4.930449903500191,2473.473920848495
Maitri,-45.34114338159612,4.336854992356624,74,70.78334681162463,0,9.19082673362583,3482.0605099945506
Dakshin_Gangotri,-35.746635877003655,43.02642430821056,75,51.810192078552674,0,12.97980169127845,2722.5119646504495
Dakshin_Gangotri,-31.269445185960492,36.10486948743279,36,68.36933774860749,0,12.292192034179413,2978.082166042116
Dakshin_Gangotri,-27.847136761335257,21.32949892874226,87,62.74972648407483,1,9.969023968053731,3668.687374369486
Bharati,-36.000741105619376,37.56951652038372,47,59.26950833124225,0,11.262247595520916,2586.0890684854344
Dakshin_Gangotri,-29.586460157339413,13.897571855709646,62,52.58383375755448,0,14.32265348927537,2880.033051100194
Dakshin_Gangotri,-13.24390895251236,38.37993761306332,71,36.77891949226359,0,12.89207463045579,2573.834330961874
Dakshin_Gangotri,-20.99291402752933,42.03387911997553,60,52.378915594837196,0,2.48564092280702,2684.6329398758594
Maitri,0.6129513668712541,12.528300010235009,80,72.26324408500125,0,9.968941940666266,2777.957614347605
Bharati,-33.076119917978154,44.666457695110346,20,68.68930614856052,0,10.074650339750168,2423.268852471427
Bharati,-30.390326182345916,26.841048640081993,53,49.356197119399646,0,4.998028299096768,2490.0404920269116
Maitri,-23.149923872558873,26.919523539546038,74,78.45072374990322,0,5.776803194925415,3004.858320347061
Maitri,-31.173667455172662,12.593567071661518,16,67.38128324429336,0,15.98900193492095,2681.997893319543
Dakshin_Gangotri,-25.3190642782535,48.76264296492446,50,71.22769794396751,0,7.096004228247892,3260.494980610095
Maitri,-48.01218291118518,48.95148003042833,81,46.43489728704841,0,8.30628676824331,2791.9991168141387
Dakshin_Gangotri,-29.448347154581235,61.22215365739671,39,89.10753898919704,0,6.801205094840729,3462.0709128304015
Dakshin_Gangotri,-14.46730180288589,51.48859875507792,22,69.28021715976173,0,11.653196244730731,3091.874895171248
Maitri,-2.155923116176517,32.67869403745845,43,85.16436607569038,0,11.11742803625459,3270.146981810922
Dakshin_Gangotri,-7.614531687540094,34.879195590594186,54,52.68420120076228,0,17.75376667068377,3109.885864186432
Dakshin_Gangotri,-23.48944763438073,7.315092952743828,21,34.715630680127276,0,7.85389639712891,2026.1057851975827
Maitri,-19.22574839660795,6.4065662036034015,50,47.99499634840735,1,12.094361485492527,2786.1994565533723
Dakshin_Gangotri,-21.033996081808525,27.91231825695492,64,77.79741423621441,0,2.4526849251116882,2504.0137825449474
Dakshin_Gangotri,-31.651566697455614,27.414557103867786,87,45.23648392112841,0,4.327053880446476,2783.2127318172124
Dakshin_Gangotri,-36.50987058540466,17.486469875603998,65,84.57138090073875,0,15.326042558944618,3751.3134740284054
Maitri,-22.020636804538178,28.500652473555586,24,51.33208345563411,0,14.420323664231429,2097.3677138643293
Bharati,-26.321441139041724,19.310304384492696,85,68.01950488592965,0,11.775570891223898,2998.8931261393404
Bharati,-14.928533011403484,49.114397882996705,64,65.72143941276963,0,14.506191140992378,3054.937162471816
Bharati,-53.566823928413015,31.101354323822097,78,57.549145989946496,0,5.697299394196879,2832.855132295086
Dakshin_Gangotri,-27.082413575446218,20.623260551243444,38,57.63983818324215,0,16.61062798839125,3202.1473827709224
Bharati,-10.489326506706242,49.07836415553077,17,47.41794830857951,0,5.8605717036549105,2249.5943287562854
Bharati,-18.08327264932416,13.797779402523759,47,91.58419691904399,0,11.296664710375348,3180.6933189604165
Dakshin_Gangotri,-36.79618367231576,74.15276836555468,41,69.95372995775429,1,21.087647762024645,3880.5097016417308
Maitri,-40.70843688740922,33.32445687836649,46,37.81786285751035,0,6.47184653491542,2447.8144345397845
Bharati,-25.553718295016857,27.580778694091755,85,41.830024230443506,0,15.39381012854901,2987.2879192880973
Dakshin_Gangotri,-15.577791289825239,10.882812192972981,41,70.14276187751702,0,13.865535506329564,2484.6785402469254
Bharati,-18.804498895354172,29.50165153651591,35,62.010860609172596,0,7.865477278648683,1966.98381210742
Bharati,-23.614428840341127,26.29685883866669,81,34.93457465289754,0,18.360122291943473,2800.667004589286
Dakshin_Gangotri,-17.295380465276995,40.28495189583199,82,100.0,0,6.353355769657018,3929.276354677955
Maitri,-21.91047780235202,27.44663996801492,69,20.336014328236224,0,9.853489869110028,2714.4793960475254
Maitri,-17.80782256588507,14.145017041522342,24,55.21709468307169,1,12.566142781730239,2618.673620734964
Bharati,-13.751041503708917,25.370313455177563,82,62.43505372273824,0,9.617719252526554,2864.2339645225684
Bharati,-30.338458641380093,19.374606772337213,18,51.92114674132641,0,22.4339437784894,2242.187565260635
Bharati,-35.62977073811078,13.738626543079114,75,74.94916384982152,0,4.967516252962745,3446.6591860763824
Maitri,-16.253129471400946,53.02030865789221,70,69.84208359655939,0,16.471721372963515,3319.964863993979
Maitri,-31.12908252501552,9.733159577746095,46,64.27705400535064,0,0.9506507434349931,2562.3755388791383
Maitri,-48.35715382246697,49.83861112846285,29,61.07252773305752,0,0.0,2263.6326751872352
Dakshin_Gangotri,-7.871338465319088,30.246333138086957,19,70.20793404166966,0,10.211719282529682,1993.1128523527655
Bharati,-21.951431629775207,42.113667987474386,17,59.00654092677336,0,12.948226267107103,2561.2980563375213
Bharati,-22.48691558125243,55.29164792043805,37,39.48040212177489,0,15.960322699281852,2149.7840312304484
Bharati,-27.218785964439594,20.791506418678104,50,76.66306331372095,0,16.433441444761204,3272.9466531535754
Dakshin_Gangotri,-14.953544351327503,31.13864035325487,40,88.4020783421645,0,10.799935833417399,3152.7558754912243
Maitri,-40.398631157167216,21.84482540754363,60,63.41863774647505,1,11.993465397396164,3074.649624569745
Maitri,-24.957419401877488,26.402961555872864,22,63.728671828209514,0,10.97188548046614,2590.5546677949355
Dakshin_Gangotri,-21.612668563635076,40.59639638063316,67,61.62025614196799,0,16.10376985343918,2836.3811596680443
Dakshin_Gangotri,-18.387950254054928,28.677340269103833,26,42.387774597965006,1,5.058281155824296,2641.687900456161
Maitri,-45.502089808000626,30.893397478162996,48,54.00804542108621,0,7.3408757417295085,3681.229959364134
Dakshin_Gangotri,-17.87380598122693,16.933836668861602,16,74.10853238933542,0,13.424618610765979,2576.6108725273752
Bharati,-30.024010938674696,27.860224411081536,84,65.98497222751246,0,14.211118912301199,3671.1617393952533
Maitri,-32.81858449779706,22.948624259980708,47,87.92770312263112,0,15.383139220852126,3592.1534233631855
Maitri,-43.738437888352294,29.769559757440092,42,73.39547104006215,0,9.717935311674346,3097.8368068897275
Maitri,1.7909834489630185,16.14933376623575,27,56.090429677171585,0,8.007555078292668,2220.6282952333263
Maitri,-26.537792257844295,20.89207065847378,32,72.32180682398537,0,12.815209644759662,2514.7544261807693
Maitri,-22.052030108473584,33.653023369523034,35,59.26688058092763,0,5.61289606432353,2549.930240738952
Dakshin_Gangotri,-37.62189092176115,39.38769994856995,22,37.54034896327549,0,16.665088174568602,2428.41824123891
Dakshin_Gangotri,-43.35262191960709,32.02543426332277,51,77.93166141448503,1,7.988310496196169,3875.9593816496536
Maitri,-15.224460524647613,25.083883995947176,26,69.86570877745505,0,8.893244405613554,2386.249275123546
Dakshin_Gangotri,-41.19970483605914,20.25272337124841,27,100.0,0,13.005161720441036,3114.9484672611056
Dakshin_Gangotri,-9.356997161454089,9.330776671767424,21,54.21619234844712,0,7.094800741054014,1839.810733682207
Maitri,-3.3936295871154343,53.87540323716977,19,73.27585933369573,0,5.402788050379737,2648.3353764442063
Bharati,-34.305445611605066,47.992939004124416,77,51.16331049994414,1,14.611065063664913,3410.3210282185405
Dakshin_Gangotri,-30.534594665192486,57.805521147361034,72,49.263796643804355,0,5.827717157329879,2480.172260186568
Maitri,-55.5179201128875,56.984009507072436,65,97.24573846695696,0,11.039321792514356,4212.270899464503
Maitri,-45.91622955866693,34.417889669572006,81,31.333474214423084,0,10.08607403900455,2511.7593537760476
Maitri,-17.417329121440584,82.49723430154977,49,61.67635269521601,0,2.4024635314174043,2616.0722947931986
Dakshin_Gangotri,-9.945815344926254,26.755519575507076,40,88.32131488721853,0,5.813046961055042,2774.775911283216
Maitri,-34.38131271161062,31.16226483328144,47,39.01972008414903,0,11.418565149220216,2299.946987583275
Maitri,-32.56584591932925,20.54557684708139,49,54.526395017853716,0,14.931962307689371,2406.298569025802
Dakshin_Gangotri,-43.97420648801989,13.397441597427106,22,75.77107708647932,0,6.9514084151262185,3058.226677444611
Bharati,-38.562285691592244,22.75390537638417,36,44.107554134049884,0,6.456131083376779,2631.46119161915
Maitri,-9.056292565137,22.019119537139506,50,67.08341625295536,0,12.525449484637615,2716.9666347681105
Maitri,-21.279569831693138,42.18396557086709,49,50.28228404078896,1,13.20736471031731,3074.805079314229
Bharati,-46.54159934088355,32.68000597431718,44,82.21661864423893,0,13.736086975566607,2967.914135096882
Dakshin_Gangotri,-18.202104185839772,37.26725858170988,21,81.68147257047511,0,10.883149461791358,2929.866392292533
Bharati,3.454213029991191,34.44607942466009,36,54.9415548034241,0,7.878093041780468,2305.4213677998487
Dakshin_Gangotri,-29.72823713266097,34.96942309439665,49,19.06163557537863,0,13.134783311868107,2396.822215245717
Maitri,-32.996074844188755,20.92173528838528,31,69.87423776880448,0,9.6643781918491,2909.741923198188
Maitri,-18.0206872070625,33.92292892374727,49,77.47997467122238,0,12.684012421074762,3257.3789058284738
Bharati,-12.922864199632144,43.60870648437456,39,70.00205544697799,0,7.9248560459754875,2660.0370301656408
Dakshin_Gangotri,-15.140826857781946,52.399249488616356,38,68.09609916434523,0,9.160252498597421,2753.673230660298
Bharati,-28.805206730448212,47.715580311978854,84,66.10115587086221,1,12.141602778129206,3293.160265274651
Dakshin_Gangotri,-30.04620399896354,40.081066874557365,80,57.00040377850678,0,1.7715930341987587,3102.7372971523473
Dakshin_Gangotri,-45.69136625291676,32.40199784408002,67,50.63809290645107,0,15.354921766841041,2980.407292450306
Bharati,-39.75724130167213,23.73552642168062,46,62.63494655135497,0,9.798484644753062,2772.344986438627
Bharati,-20.671482728443245,34.93302328411312,75,58.43576390424576,0,0.0,2637.0820527356013
Bharati,-31.41472078490029,59.06417291893209,26,72.20936969221606,0,10.67598303319476,2675.82145456441
Bharati,-22.042961458413423,25.671029980324082,29,49.05667235565463,0,8.266851118981503,2302.756163884634
Dakshin_Gangotri,-27.863457809596284,65.77434240403295,71,55.340228381530565,0,5.830723695722533,3189.2260640504205
Bharati,-24.2587246327607,35.66282020952773,82,62.97070394224538,0,17.83113593179938,2994.986859749895
Bharati,-24.76731773354349,53.68571693285841,25,50.27162992221062,0,13.348004962230814,2553.8396745591917
Bharati,-16.04664452379487,21.821513852786627,51,40.74439930265008,0,9.368190036568585,2503.9775161285893
Dakshin_Gangotri,-14.815652395117443,20.47190111215876,21,71.24816775253049,1,10.217844828632348,2201.7178107699838
Dakshin_Gangotri,-25.206003212145003,14.183686242754284,88,41.978654377560716,1,11.068333163545754,3565.8327303409633
Maitri,-27.451259984688797,58.743287958543235,42,64.36079683334344,0,3.4865229768178523,2662.03386058789
Dakshin_Gangotri,-25.430583143030294,35.58324468798185,76,69.54170178786384,1,20.515257915772345,3451.1875033662013
Maitri,-34.4082490071644,43.32756271106693,74,82.86147932235953,0,10.177921089947626,3519.075910095541
Bharati,-11.964863221306912,31.163354899272402,27,96.12712248701453,0,17.233891032059265,2929.086212448844
Dakshin_Gangotri,-31.744846238550394,32.563255318855944,86,81.2960296349482,1,6.607697398597519,3719.1219541847236
Dakshin_Gangotri,-26.91828513899626,12.967239593503388,87,50.92098593325578,0,12.347024535799694,2781.385958281847
Dakshin_Gangotri,-22.885444392556913,35.90795924718847,64,57.05275092583596,0,5.265891768681508,3037.086251345309
Bharati,-21.27967831139032,45.745256403728305,86,66.0415579122216,0,0.0,3673.9172739934556
Bharati,-21.773068007681925,8.480298759276462,82,60.57964567788163,0,13.617418786623075,3194.9851380232167
Dakshin_Gangotri,-26.639963332254897,23.8876914410707,57,63.808061630698894,0,10.779808215651062,2950.839522618107
Bharati,-5.262152611503488,19.267906824586753,57,80.19162478620821,0,7.878957972451261,2675.6541053868245
Maitri,-24.096661991881668,39.70415018211229,89,63.423027546594255,0,0.0,3265.633210134506
Dakshin_Gangotri,-28.015330895448233,38.62460468041956,29,75.18889044377,1,8.117764216558767,2949.8170041964677
Dakshin_Gangotri,-3.4293424437911213,43.196223279699275,50,44.49550261522169,1,11.094448563184823,2732.9056231717254
Dakshin_Gangotri,-34.33272123052818,3.4385807172995273,57,68.66604488680989,0,5.690780633942583,2752.5322043077813
Dakshin_Gangotri,-3.461774457640196,31.42675414925444,22,36.32376515201551,0,10.527492237458617,1606.5403404352496
Bharati,-48.944780279987626,9.915360104432583,70,78.19281761644855,1,7.461179511679033,3625.855277260412
Bharati,-29.820608710648465,34.803922169177184,62,58.6065549077045,0,5.1932108000372255,2591.6998846956767
Bharati,-45.03662958800857,13.368581504836124,20,40.673901231699475,1,9.430764274351214,3041.5367536497693
Dakshin_Gangotri,-41.345489237858736,38.25563494958454,78,57.18690694318873,0,1.3206886094787293,2846.8557979124666
Maitri,-19.565767374731614,13.64824798961645,46,68.48398499687488,1,12.005717684074273,3038.2086537343
Dakshin_Gangotri,-21.573733369644874,17.000500193015768,23,42.76651348495166,0,10.393405509424014,2020.8755274749697
Maitri,-32.29985264527869,50.933726292921875,21,48.163983371772616,0,12.41963158893931,2242.353666160796
Maitri,-5.3955718259833425,28.11180985354151,35,55.41092621332862,1,14.514391610855922,2884.7530211312132
Dakshin_Gangotri,-11.387660529543059,28.637301141621656,44,73.85083009760856,0,8.989203840547637,2711.0974847491257
Maitri,-25.619013676588708,16.719065881619056,45,31.157751656747912,1,0.0,2932.4798930483153
Dakshin_Gangotri,-46.70302119920272,48.26191239904963,57,68.22477866026826,0,8.973067816091898,3531.1803765888567
Dakshin_Gangotri,-13.49366900109907,35.8244001298168,64,57.53182104066228,0,5.419843523261575,2670.107885245267
Maitri,-30.792230520963113,34.48344799446162,68,77.4235002404204,0,15.730766061246769,3487.1544102665157
Maitri,-21.493386118533707,15.276356394955041,48,67.36596086336976,1,8.516744357657885,3009.337941377851
Maitri,-15.427548979256837,31.33186738028903,41,81.73546613427948,0,13.365361159786907,2715.9724567025773
Dakshin_Gangotri,-29.814979864217662,89.28978611690441,70,67.50832310759097,0,15.844046248481414,3115.2031290160835
Maitri,-9.65466475009906,20.29572798195493,24,43.1700260798887,0,7.009116359333909,1736.8929362678314
Dakshin_Gangotri,-29.554072541061796,50.190076294460106,82,67.77931208284014,0,10.302014162904136,3650.4891208951753
Maitri,-18.534303275009684,7.543688249226636,52,68.72472212062223,0,10.15694127111275,2818.8721445649758
Maitri,-15.938010689017181,42.62992188705923,61,50.861077234407674,0,18.82507613131397,2984.48832494994
Dakshin_Gangotri,-14.052259948348881,36.643822253476195,24,53.114646618717444,1,15.064470658941653,2925.998653330891
Maitri,-4.069465438363963,26.638656349376934,21,25.123769029676154,0,5.743076543043599,1586.0830687216808
Bharati,-34.86617976709604,35.63689505793629,22,72.2094725196296,0,7.55733727458659,2641.8353135607426
Dakshin_Gangotri,-38.593999659822636,36.09312773744387,44,59.01667791403818,0,8.14437580396445,3356.5667192832893
Maitri,-28.856743776248337,35.947118557879435,69,52.52006497726061,0,6.750921376287711,2966.5958995620167
Bharati,11.523566512115664,24.159360828750046,86,45.95615951479584,0,8.734065376463986,1980.2893247213099
Bharati,-8.793101862053131,22.65438518764565,60,53.578098279909355,0,7.880085217903925,2058.61222572876
Dakshin_Gangotri,-31.601279147696058,18.94216677023437,47,67.5764514294047,0,10.145332729996788,3082.04171343967
Dakshin_Gangotri,-29.172463389677176,12.076172996801022,54,63.698193927347994,0,9.539148672279069,2609.769912685672
Maitri,-25.18141231249631,28.44993659561142,27,55.96487467004705,0,14.614884533851697,2558.191395494541
Dakshin_Gangotri,-21.72405984721729,46.849141304300524,27,42.58319575687143,0,6.952918512221536,1721.9358824585645
Dakshin_Gangotri,-17.3059341756396,22.084727494371492,79,55.78791672759558,0,3.3233444766997,2594.5068902858625
Bharati,-16.805320328756665,15.281823427016686,84,48.3691108907601,0,8.026987913925291,2932.9254701158234
Bharati,-10.639717824405583,19.208834588633742,77,57.55304510768403,0,7.547039125401211,2577.9285365782625
Dakshin_Gangotri,-0.9656270931564528,30.880660345461873,79,70.12035378718309,0,15.893226546105705,2723.2304585157053
Maitri,-26.602500450169952,30.85389325044838,69,52.685904641585566,0,13.381557196026858,2860.4880478809737
Maitri,-27.56461548431938,18.095040468412662,78,85.8330054128993,0,15.191446625792135,3505.175588989044
Maitri,-29.371204914721034,28.742957209103142,18,52.164739659884184,0,13.85030655511072,2400.813881373191
Dakshin_Gangotri,-28.322041851645704,26.311482844083173,19,34.978340272995005,0,2.1107604635863337,1588.4112009089033
Bharati,-20.57283055826956,38.13758831991753,82,57.33890079052115,0,6.589821528687253,3027.645831514995
Dakshin_Gangotri,-17.3729231898447,56.28728694230684,20,51.60458085309747,0,4.0055427429510715,2124.343574301453
Dakshin_Gangotri,-4.285823231725303,21.695395730809,34,100.0,0,16.268422684881145,3113.1617291258076
Dakshin_Gangotri,-33.50781908292693,19.928719853204353,50,53.70388029222871,0,13.360063402186825,2560.4698532522425
Dakshin_Gangotri,-20.696565973973495,30.655124751792012,54,37.70729226273414,0,11.593190571886355,2765.925082105387
Bharati,-35.08795317398669,33.81557985830075,36,60.61762037937291,0,7.725078122751777,2922.214131301229
Dakshin_Gangotri,-20.141528760493316,39.16777775141099,81,57.55162225001929,0,8.176755305196785,2864.2610941125436
Dakshin_Gangotri,7.07112130534172,10.918648963321502,40,42.51514650981464,0,6.559517272141619,1963.795035130652
Dakshin_Gangotri,-26.641567748399147,72.14956571589293,73,65.39369288901473,0,12.599483789908422,3707.1266958335136
Dakshin_Gangotri,4.429763421382436,24.860733179530868,68,68.4922893495666,0,10.414692747283311,2987.7306625132674
Maitri,-35.0434236621891,20.571000145746876,18,61.21654015930729,0,12.775201613108564,3015.869500545171
Dakshin_Gangotri,-30.52343883410635,15.281639952109026,85,55.99799784095552,1,11.674380099520002,3517.1394567226507
Bharati,-29.11147949699459,22.283302335759792,30,54.47557209540833,0,13.302172874139984,2456.1532679205175
Dakshin_Gangotri,-22.90171354033833,11.90070755220515,60,50.64965915116486,0,12.066218543734088,2810.59172750593
Bharati,-26.849469765731705,49.94926845373027,60,40.77950073717871,0,14.408391399450379,3186.6573643499287
Dakshin_Gangotri,-15.83239680135065,26.628299420839582,17,82.27471133793702,0,12.958978191267,2894.2145811823834
Bharati,-57.97240342500666,20.013028011761886,87,96.56382621244023,0,7.94295289658165,3759.2694825866383
Maitri,-36.758228453236626,45.22850353162628,18,44.59579921225705,0,11.957028690171372,2508.6512263797777
Bharati,-2.2663480500892206,25.695092457435848,47,50.960701478310455,0,11.237114107000103,2532.2314849326494
Bharati,-41.89133929657356,19.944270648894687,32,43.77527591057246,0,9.237911880258242,2554.8533286043426
Bharati,-29.279513265416444,61.486289648584375,30,73.35988775366702,0,9.930946630011467,3157.1456170060696
Maitri,-17.650011873777437,22.749282875529058,15,44.77334443579408,0,14.0273690611275,2035.0892597615448
Dakshin_Gangotri,-25.545779171198852,8.572632558646324,24,70.47644729540417,0,12.163609292101702,2603.5203394968366
Bharati,-35.198389523152095,28.67971683882362,25,66.4187092491422,0,13.72246046555706,2918.1301163655
Bharati,-19.65870395595053,26.821423974477657,65,57.701697439335284,0,10.160773403791396,2894.076129820346
Bharati,-14.969918704994802,20.298947017229274,18,80.39820378872072,0,14.599284273531822,2562.5719656490364
Bharati,-32.16359278572769,18.658028667841,55,54.75288990289279,0,13.094011125474388,2226.348271938214
Bharati,-20.11121458570453,29.92118380573375,35,60.03447740783801,0,6.775122806733215,1791.7675160692397
Maitri,-14.670577228775644,22.988324341725484,17,41.74874757991945,0,8.568015553065287,2006.8974517902054
Maitri,-12.034446788755556,24.829417156191113,18,23.379834702315527,0,6.601182076807666,1734.2148377464948
Maitri,-20.559187858387336,33.08272875197892,77,75.90106349789068,0,5.682110870171466,3072.4392199737836
Dakshin_Gangotri,-4.486366593024815,24.11508515080289,83,50.72538527957589,0,20.718572320281652,2881.3355237100773
Maitri,-24.432108130245744,20.972833730019325,61,77.34687628499378,0,16.672427193128655,3619.9911580345233
Dakshin_Gangotri,-36.796341057705966,39.492163018400284,54,54.71535182336973,0,14.622695510754934,2874.589811687016
Dakshin_Gangotri,-27.62179202250014,22.956522847393064,32,58.36724076909836,0,11.79594930285378,2713.9782922808104
Dakshin_Gangotri,-10.45524311100341,20.2887609561263,79,63.09070028833491,0,7.831822559005873,3241.5875145000973
Dakshin_Gangotri,-35.72123952873471,13.507834533813712,51,51.90887102597168,0,5.567178544471795,2372.5889909350544
Bharati,-51.903001016891636,17.711748168249763,65,35.770555533147345,0,9.160889200437397,3241.0451752789195
Bharati,-19.483111226733683,14.814240144323353,73,46.92989265456097,0,7.118793281612968,2839.160307883778
Dakshin_Gangotri,-30.32663949732587,12.953116606344098,49,45.7495378281853,0,12.855418065989245,2522.523718319022
Bharati,1.9773931307496326,18.790577818908265,39,59.49701068156027,0,10.608235088830485,1673.3104987671509
Dakshin_Gangotri,-21.802230600560147,33.574219697541615,49,76.75495766975517,0,13.425174363464937,3404.4032945933604
Bharati,-10.153933962721615,28.123597827018,82,49.11562230832055,0,10.969571231821797,3171.0317901291733
Dakshin_Gangotri,-30.886108323004915,23.875354857766308,69,58.50627447422445,0,3.2374312325849246,2655.811690337828
Bharati,-17.873045405318692,35.55604628855013,66,63.58204199591377,0,9.31044228963267,3348.917690694653
Bharati,-20.541752379631774,21.170243408330926,39,48.087408777790934,0,11.55024218152837,2011.8555009340532
Bharati,-8.4466586804234,32.408129134140914,39,65.7801606757911,0,11.099559145275656,2663.6043468343246
Dakshin_Gangotri,-22.703798845823528,38.74112206694409,54,76.50724301566275,0,7.781476993381039,2972.2505423151847
Maitri,-31.28371271863936,8.70377846539502,17,65.90319606985567,0,8.039931508375238,2178.277502471436
Maitri,-12.536525939015824,27.956190197792356,23,59.24659799988834,1,7.339763264810521,2542.279584613854
Maitri,-33.57047299484527,34.620709909482414,56,47.38565709968742,1,3.3200760715324655,2914.802616443197
Maitri,-34.80811218152744,33.450937892454036,73,58.219970681595846,1,9.883691776219967,3082.051999583695
Dakshin_Gangotri,-25.528641376149537,28.740150315264035,43,48.7072112663367,1,13.116595625628037,3070.0403151886326
Bharati,-28.91353265415969,21.76553018877281,39,51.200157117950525,1,8.097042265660244,2644.5571892600847
Bharati,-24.79934948226559,25.36138169976361,67,58.168457653521315,0,5.03214637009399,2685.402460609766
Dakshin_Gangotri,-33.015279704388085,10.581524908627099,28,56.87761897634038,0,13.97746016353338,2984.9491060319147
Maitri,-11.560204243630963,51.55776209129256,22,75.49651295568214,0,15.451012877610186,2620.8072465226564
Dakshin_Gangotri,-11.733891446415715,10.000699999727445,70,51.18091750615875,1,8.238099026478304,2277.8641685074367
Maitri,-15.032296896941945,19.303885216520687,52,65.82973358834751,0,6.248504118961919,2575.1332631757246
Dakshin_Gangotri,-16.21772842777495,28.068744298990406,21,53.031323346324974,0,9.42061644122804,2307.0117782108246
Dakshin_Gangotri,-47.17655255278295,13.120933611160478,62,46.33523200188292,0,11.123436389254977,2833.7427754494065
Bharati,-23.60439997848361,24.510478271162402,86,69.09953503157466,0,8.202046004381543,3370.9113662896893
Bharati,-14.706319908817985,39.75899568840887,41,66.28345405292328,0,3.7201010932247005,2673.218820925477
Bharati,-8.911694122274152,36.633573425522556,66,50.998136692609954,0,13.842656799539535,2539.428308422357
Bharati,-27.446684258384916,27.817367402000723,67,13.122540593097348,1,10.968754178433212,2733.964488302883
Dakshin_Gangotri,-9.35787775702406,30.43287949887118,70,76.80910929457528,0,16.19538033134223,3255.9643602473043
Bharati,-21.311683805088432,6.161512691688839,50,71.65785595647661,0,10.169307326063251,2916.976537707284
Dakshin_Gangotri,-55.99579652309662,15.387434111150046,21,77.3134600729706,1,15.88921502844602,3460.0542341999585
Maitri,-26.190586377587962,20.393103809776722,24,78.11723947367734,0,9.094300029752283,2836.852967001509
Dakshin_Gangotri,-35.08176260431259,23.534276859156712,57,60.2209256123192,0,7.582871016007523,2910.3604780042165
Dakshin_Gangotri,-32.34552364557803,40.644593041017735,53,53.75378850482867,0,7.999090044075712,2718.9431981720936
Dakshin_Gangotri,-12.375578869461622,63.12498644662542,17,33.126654752977856,0,17.297047655914525,2316.644667928327
Bharati,-21.430402989873134,25.148497855923587,32,62.03372371383447,0,9.249620916671425,2700.4268679949587
Bharati,-31.220923180448324,24.6363306020752,39,53.259837269473124,0,16.32636037519384,2888.903086733105
Maitri,-33.119492108180154,27.68728414661482,76,48.257379605523646,0,8.154409927856758,3033.385906142304
Maitri,-19.743420426307246,18.496659244875893,69,39.61850084813901,0,4.461560026413036,1852.9876098037007
Bharati,-27.212311004027605,54.72657747712494,79,44.54523183543536,0,12.795770181497204,3206.629389455143
Bharati,-16.640945364726463,17.329704122712595,31,39.81131980494367,1,7.434387131842903,2152.8452946836615
Maitri,-34.91589830682294,17.73225650599382,80,74.8940265372678,0,11.214651091953266,3637.6500554010713
Maitri,-29.56686349957031,20.9951586727065,67,76.73464351607007,1,10.804037683098821,3168.762548835647
Bharati,-38.434740616454995,58.61732612719829,18,48.865880083987534,0,10.744879243238067,3001.0562517395106
Bharati,-31.642066890726475,34.46230218433353,56,78.36947112787368,0,16.594290918963985,2783.0602579553965
Maitri,1.1333225330834367,27.536452218646588,34,61.540912551798144,0,11.009135368735823,2426.6554445835136
Maitri,-33.83744193385799,23.880832855793685,83,82.02378081711888,0,10.478286835680226,3397.077504791161
Maitri,-30.681225001446503,26.602775835505984,48,68.94735635468413,0,8.5809185905303,3028.267132177485
Dakshin_Gangotri,-34.88887700781595,15.563643906225224,52,69.48249260750782,0,12.151625227908816,3465.5579621364855
Maitri,-27.199066631818507,8.084173756830909,85,63.67514981862823,0,11.784044179991996,3173.691296060942
Dakshin_Gangotri,-25.868630350800395,42.51417496473304,37,49.174119842743906,0,8.394196352064206,2753.87067315317
Dakshin_Gangotri,-10.380240466188226,13.931864962572272,61,40.19531108283634,0,13.768713926179377,2791.2444031382684
Bharati,-29.86822937687093,53.5750361338264,80,63.072951703977346,0,9.181463542872812,3067.6839011749407
Maitri,-23.629562159147277,35.0145573014825,57,58.56978575662763,1,12.320635817626469,3252.0759014619352
Dakshin_Gangotri,-47.48905625515143,25.15219329068936,50,98.99188415484528,1,4.695423446420136,4141.281527109018
Dakshin_Gangotri,-35.377217899574056,33.50110314168271,37,71.21528821254533,0,13.654373181264912,3121.0343551706505
Bharati,-11.971274114592052,29.382152470437205,36,47.33246550362752,0,7.1277719965719495,2091.1033979937633
Bharati,-35.2697291653497,26.84179415289902,77,58.73421533098812,0,12.701664094733013,3287.4173977232504
Dakshin_Gangotri,-15.788699887993678,27.98047798535046,46,54.47468067181286,0,15.12344098791412,2663.693951330893
Bharati,-36.10763568490072,42.79722876199954,39,59.410148005922984,0,11.640093352710384,3006.7567991037013
Maitri,-27.075205302928588,33.925213600606135,48,40.328028475116184,0,14.610401266138759,2457.6226878920015
Dakshin_Gangotri,-4.421294106870153,25.90549467388738,19,73.61264375054431,1,5.686356213218853,2706.1455315865555
Bharati,-16.05927581443807,39.1920481567113,31,54.07186078433807,0,9.669156143768477,2398.0651834354094
Dakshin_Gangotri,-48.425955678136006,56.75465111846029,82,69.81475217946875,0,7.408881094402823,3417.8355471263562
Dakshin_Gangotri,13.656359403419678,25.683968881301396,74,50.94576406825479,0,7.356780648930874,2643.6241647000566
Dakshin_Gangotri,-37.46333244826162,19.34229671158837,82,54.03732579020154,0,3.6877214800328453,2820.8209085132958
Bharati,-2.604628048411694,40.59675662301389,76,68.89928996621194,0,10.32210245835247,2728.752736967753
Bharati,-30.354804587260926,25.86679445225277,17,28.932985002376128,0,13.762825532362507,1833.356930998022
Maitri,-39.74570584700008,46.71660212244897,48,74.80925877737832,0,15.065023830423364,3303.0821008098796
Maitri,-30.41347540310204,15.502851720565978,24,82.0475605634065,0,5.773728054381177,2751.092744829328
Dakshin_Gangotri,-32.839813222472316,22.014616378986453,16,81.75548268719267,0,8.081011619893903,2994.6224316607004
Bharati,-31.577978208972468,65.57428668791574,33,49.48585010694039,1,7.037082681929334,2613.4238136469025
Maitri,-24.28306880096249,21.5259327967391,22,64.52602552760939,0,6.76355724839738,2057.551031662773
Bharati,-19.263495543780607,47.45441763139232,82,53.30631861439923,0,8.813506614638491,2471.142515496603
Dakshin_Gangotri,-7.955052916378268,18.979521263215336,53,37.70734511804009,0,10.07881207139877,2329.581148979247
Maitri,-22.427113648236183,39.1269705767841,85,61.3308152811313,1,8.839514029922757,3646.034245573928
Maitri,-24.070089693960263,17.097870566501687,34,38.15060217647289,0,4.4297306617531325,2362.3572304527693
Maitri,-33.6712618439376,41.09968978618778,52,68.99186640865143,0,13.876210046317212,3023.476848935266
Bharati,-28.363256199034044,24.1978246842387,39,72.28172124089576,0,10.712042917115804,2919.14074728243
Bharati,-31.04944758726087,21.90567129578689,53,79.36853576312572,1,11.574333524544816,2897.5210380066874
Dakshin_Gangotri,-41.47846547373024,24.50146160864281,54,67.68647408621814,0,11.804860439158894,3537.615272027688
Bharati,5.61079685048017,28.159088619933513,18,53.79510276438947,0,12.465821873226332,2352.7546751883156
Dakshin_Gangotri,-22.09122472115012,30.744910294493746,64,57.166028847574225,1,10.613979405332254,3359.8338263674027
Bharati,-21.93969313163059,14.636327574124042,30,61.8420683630751,1,6.666950082215503,2528.37403163107
Maitri,-10.38782896525888,32.42904979252114,29,81.94291725936982,0,16.06114922608514,2774.848016864657
Maitri,-55.97859951095123,12.758622091041413,89,82.10099357685706,0,12.553844665384904,3758.8311144472486
Bharati,1.8647605943737595,44.06891851482139,66,58.738372423642325,0,6.409164378913587,2982.2310015181715
Dakshin_Gangotri,-35.306777655119305,33.59106317098785,22,74.74328186988407,0,6.466312874177184,3056.520113741544
Bharati,-35.60013060815475,33.55925571286111,23,52.259569535917294,0,17.95970803205883,2664.7824577251076
Dakshin_Gangotri,-31.514458177931342,40.87246209117371,20,66.54393425795078,0,9.350240488324964,2852.9763453446585
Maitri,-13.188203079203975,34.1592880459348,57,54.75831021461971,0,7.28985121380558,2347.144143639805
Maitri,0.7322944592022083,57.981021368507,65,63.659030609866846,0,7.878490944040754,2374.3851021680643
Dakshin_Gangotri,-5.325445289965536,17.235759516535328,65,47.67165318221886,0,11.804023002345838,2451.8034588963046
Bharati,-30.783106050556093,14.304945621009269,15,38.69403711154892,0,8.097711869265652,1819.642942018679
Dakshin_Gangotri,-46.579235687500834,58.95534091260519,36,41.306084959373194,0,10.533413258431354,2326.072418156078
Dakshin_Gangotri,-29.972251463271917,34.22156029984401,28,68.74616053162315,0,19.23729606651085,2972.8085964142747
Dakshin_Gangotri,-32.674410431971694,36.08219352062613,77,43.28610530778026,0,3.7153203163460073,2686.8306791625246
Maitri,-44.73801045956938,16.393745415992264,25,54.88233900079622,0,8.376128127765906,2366.0230409985793
Maitri,-18.005763291857686,35.14219737272481,74,73.35597743215108,0,10.245265549430481,3027.814345206681
Bharati,-24.946945220073847,26.602744158710227,33,76.80525211060916,0,2.944062301041251,2808.4150154709955
Maitri,-18.993305715168418,38.82955474962338,81,45.3088768365056,0,12.06824732839293,2776.7995951264224
Maitri,-16.2197923358644,28.914686434419945,38,23.994868325268392,0,13.581142189477571,2118.8509910355774
Maitri,-16.783325218942345,26.54690406928758,40,47.94640475509594,0,4.446306005896405,2233.2244484941625
Dakshin_Gangotri,-25.772668947449137,29.08462588606148,55,63.007992991608276,0,9.674385082219107,3291.7296462029412
Bharati,-5.320549372747621,20.4961114279526,84,70.06745864524636,0,10.732445523134022,3299.7923668320614
Bharati,-30.880013080667496,22.84860531182823,48,42.30360834305942,0,12.298869237035385,2603.5460473070702
Maitri,-32.662277493136365,48.5675553731248,51,33.49975782428777,1,20.675803500620255,2856.382096100639
Dakshin_Gangotri,-27.781199697958915,35.55410884550369,43,46.383134098926966,0,7.034804607721545,2358.9326111896476
Maitri,-18.54410165488156,25.7155287353252,38,52.21237416468345,0,12.149559871580157,2170.7229602081707
Maitri,-16.81270582406238,35.41257818427248,88,91.31428356992933,0,9.490075596230216,3295.544512764605
Dakshin_Gangotri,-29.083449416954863,32.83246964640771,61,61.64748173802134,0,8.807334513987348,3097.1826673419096
Dakshin_Gangotri,-28.83356517385432,23.15944109778171,87,69.72953803330847,0,10.064848259607665,3120.470304517044
Dakshin_Gangotri,-9.342956836023042,20.504087018944954,81,76.50209606357944,0,11.643041216663356,3059.787209057638
Maitri,-40.69188293344995,22.78710648056575,47,53.25685707769029,0,10.038513248658989,3097.4345898090837
Maitri,7.96484188214022,45.004972132628005,81,61.50689847966987,0,11.10150881791701,2896.3308842187016
Maitri,-28.607894609303745,25.64146718362179,24,63.794954322031906,1,9.67845710434562,2929.558803869615
Maitri,-27.453237540517758,47.96360168337903,33,69.09462117638944,0,6.252010089741681,2751.2020794576783
Maitri,-20.56263960993339,21.800106285085544,49,58.07125522219325,0,13.302132155838814,2662.548949273432
Dakshin_Gangotri,-18.61607112784592,19.26927826804478,26,75.65954505053945,0,14.106995379681138,2984.288270940896
Maitri,-32.858926094206524,26.348361780123575,16,76.55244322485342,1,13.925046939568537,3244.963681610512
Bharati,-20.939445807511824,31.798242379868338,48,55.74852978237639,0,12.697427144613089,2636.50882847958
Maitri,-36.20396060888588,29.111982211816574,19,71.38621379338696,0,6.896473676976795,2412.1677660018404
Maitri,-32.18647787741062,33.773041382925356,85,65.83817702644382,0,6.186032601081373,3318.2991229813842
Dakshin_Gangotri,-44.257392993939554,34.278334284190684,55,99.92697886772484,0,13.6637578064907,3821.0062826225862
Dakshin_Gangotri,-23.311056749199125,38.00743901257611,87,73.44290498737398,0,5.183301646145929,2824.505712485338
Maitri,-27.115672326887545,16.66693265694363,63,65.79369122536744,0,7.258410491653983,2852.4921613243923
Dakshin_Gangotri,-49.16480453798103,20.862872066505812,35,51.46070032691335,1,18.584514894804265,3315.771918533928
Bharati,-33.17179200969416,29.967248897340376,64,44.48287017401358,0,12.031463669437956,2736.4647402317537
Dakshin_Gangotri,-25.344990567380272,23.209511731171425,20,67.91621087888696,0,10.637753899810763,3062.0074347968034
Dakshin_Gangotri,-14.688058916018884,26.48533058101938,52,34.37578791924212,0,2.592265704108609,2499.4430555418085
Dakshin_Gangotri,-40.382441434887994,28.099802261933306,68,84.35894251635087,0,7.315408347881959,3105.172008394056
Dakshin_Gangotri,-28.611768236099714,25.003418016378856,48,29.10934367091057,1,13.344150530215785,2616.8218917087856
Dakshin_Gangotri,-38.202073680395166,23.013892815040474,32,44.562494443598275,0,4.066788586782891,2630.46178800538
Bharati,-16.298008969562705,18.45634654128706,84,75.00025969005114,0,11.610711440835995,3161.7652747948537
Bharati,-33.01942419231567,25.4175265499203,30,59.46881365368492,1,4.471477139024229,3033.5827045174847
Maitri,-18.77436236517574,22.509295487368572,35,62.745446827588005,0,7.504493349292405,2359.6171627865283
Maitri,-29.3002217196631,39.87107740335638,70,49.68774295925268,1,3.7062583023955282,2668.0554191280717
Maitri,-45.44668258806943,36.10609271393867,34,58.08600925719741,0,10.380431777789216,3047.990935565197
Maitri,-25.839518759877212,16.507294320030926,30,70.26318390243456,0,3.1974372555315362,2480.9379981700436
Maitri,-39.21309681585719,54.54920500335571,25,47.51611310603132,0,9.664860111646572,3264.3500024740515
Maitri,-11.567191873650389,22.892239734458933,73,56.069110357972505,0,12.555059421101955,3014.557797846607
Maitri,-3.1814739126687073,14.103282699717422,24,60.07941344120783,0,10.799439163725312,1962.761532015598
Dakshin_Gangotri,-17.347561181254463,21.548614628936264,84,55.93808347262713,0,11.859276886423856,3094.993820732685
Maitri,-32.687364380910424,12.990847164471699,26,71.2627149477289,0,10.90334025989771,2747.5650170064305
Maitri,-24.732603517748295,13.923282283076864,26,66.89158710057451,0,9.636368804995673,2714.0045970106758
Dakshin_Gangotri,-21.518633194103767,83.126030764464,87,58.43065881962846,0,9.726206658649796,3063.854041941699
Bharati,-11.98455222352856,39.02582383351094,56,34.409957205093136,0,11.17214778459591,2421.5350055988943
Bharati,-27.26013727142136,15.735531745903787,68,77.72747357257171,0,5.632754624097317,3345.4426800525175
Maitri,-20.10199637829473,11.391372027238715,67,46.143808914844186,1,8.416120248780317,3055.8710109020562
Maitri,-45.14998199351965,26.40042202578466,36,86.6408065856318,0,18.13612727929987,3707.355185243299
Dakshin_Gangotri,-22.098785700842356,10.512007100659456,55,47.327398940475675,0,11.938920083136152,3329.848556752654
Maitri,-35.324312985439704,25.82165013750849,50,63.81211721701346,1,14.996601905352525,3217.588686744807
Maitri,-24.48612780892722,32.907858063755185,83,69.53889945182082,1,11.361470115599909,3994.134546775719
Bharati,-37.45777986260053,34.08317141690336,78,57.05083550424402,1,7.072354206881176,3458.946069727602
Bharati,-20.062449863452468,15.655726425136988,20,64.6792804656518,0,8.781503977397618,2332.4050328192493
Maitri,-17.343770500797667,30.704532008944565,63,55.7620804993954,0,3.0308338713230354,2593.1628220598823
Maitri,-27.795983407267535,44.19446786292818,89,88.33778522955295,0,15.497680752733945,3972.057962216964
Dakshin_Gangotri,-35.392275079156285,23.283097813377925,48,63.03305978255462,1,13.58175829366919,3174.9071142504818
Bharati,-18.113126540474823,15.26787363158606,57,58.25396732686271,0,6.654322787181975,2108.3424934788454
Bharati,-6.312821701297004,22.733732363244066,72,63.66334004796228,0,13.05704363201274,3040.71535412168
Bharati,-1.9404178848534315,16.634703181801907,31,76.98341231213985,0,12.698309996881557,2634.4113549041035
Dakshin_Gangotri,-20.249359135791448,95.0456450644191,36,65.85634681300702,1,10.308943422389996,3111.441079626136
Bharati,-21.661378551997196,40.654116497253355,62,62.751220740617896,0,11.904610804713286,2644.6753813375663
Dakshin_Gangotri,-40.78263695896982,36.6023729142357,87,38.480298820829766,0,12.280149457356409,3143.3097643060455
Dakshin_Gangotri,-9.233454089249395,11.455336935371754,64,77.3301977953887,0,11.538238061009753,3246.0806580876338
Dakshin_Gangotri,-52.873971277813595,13.31165329231703,73,65.25416898424383,0,10.604586736969928,3111.4799186038235
Bharati,-10.7004369015099,24.00913397018764,15,53.319319624561125,0,10.343039578672649,2236.5912876992797
Dakshin_Gangotri,-24.68041933074247,22.11246821670554,22,64.90073744878937,0,7.730817094852308,3064.105003601826
Bharati,-54.183378518474655,19.881424479375916,77,80.8633395461094,0,13.633428717467922,3945.5429430536606
Maitri,-20.960595801994877,46.9527488324643,73,70.72585308693402,0,17.9257344657817,3316.9305400360718
Bharati,-26.877494348054007,74.05438138910696,20,89.52827785084637,0,5.520216100800101,3028.1169543393357
Maitri,-30.384755645697297,19.90782601441752,44,73.1153018991556,1,10.137533050847635,3122.800007438795
Dakshin_Gangotri,-28.238397076652035,8.641406752610672,31,31.059204132145485,0,7.385866396270762,2086.6571304461163
Maitri,-25.227757703536117,20.404049673142833,60,78.91407760001431,0,12.201707948224819,3050.9640212982417
Bharati,-25.263239252817577,45.864351809009634,59,33.85182414456487,0,11.70603128820916,2495.1650952126447
Maitri,-42.70795697475079,40.65458450502559,16,80.26410519295462,0,10.538791806612434,3007.5438085936435
Maitri,-20.16520960600147,27.983499005976046,73,73.27662103744652,0,7.634321306211307,2664.370494439018
Dakshin_Gangotri,-29.55559159843037,36.42578760229404,27,85.19944434200724,0,8.108092860310546,2951.5721349318605
Bharati,-5.9575699003168445,23.131742486019295,62,66.64330597697,0,6.957447115113748,3344.1031050462943
Bharati,-14.67924661831881,19.47939871171647,77,64.29321348778312,0,3.1137215310065587,2436.1966917077934
Dakshin_Gangotri,-13.329035892931774,17.522671746284548,61,78.57979256367486,0,14.916584146924997,3450.0461018010883
Bharati,-2.6607041508794786,27.274809905103954,88,42.34795098020946,0,12.674631534776672,2896.170477080889
Bharati,-16.167949661240886,20.693821925818074,51,60.60466516845316,0,15.161137445006714,2922.434967025342
Dakshin_Gangotri,-26.755356393816292,15.92548534183735,35,56.54986295179249,0,8.604733846762379,2401.2318968667887
Maitri,-55.70220999803176,29.844672192136876,53,53.55778198052188,0,11.960162256610346,3352.9757577046626
Bharati,-22.109205624953454,21.936817377314735,69,51.43953283768849,0,6.609413211320305,3154.1382578934595
Bharati,-4.230870371145052,46.66744170052605,47,62.37079121562595,0,7.721535668395148,2840.9273032862493
Dakshin_Gangotri,-14.264360784343006,32.666416654608106,22,70.77455441560664,0,18.197518968017512,2809.279718008557
Maitri,-31.09039495745283,63.216085278958055,35,82.3095743972107,1,8.507355213712295,3472.8056262916502
Dakshin_Gangotri,-24.28162163829251,34.37419728252748,54,55.72807344341096,0,13.789359132248785,2689.532108742616
Bharati,-31.670044920502455,26.16454144219655,42,54.48711033260615,0,11.004660003839849,2749.9639356510347
Dakshin_Gangotri,-21.33118884247703,43.03067845455314,83,17.68517213662087,1,4.420396503551172,2788.923647947092
Bharati,-31.12480908798603,59.51053208224069,80,81.96766664897027,1,9.461774106871527,3885.386598670933
Bharati,-7.727581137038907,10.383898255475165,63,39.62962101296873,0,11.511177719513542,2331.672915806211
Maitri,-23.55606353984532,43.27391837187007,43,67.20637670267095,0,12.838929893513678,2916.807203485781
Dakshin_Gangotri,-21.908770008441522,27.23516511693833,27,64.38856831003703,0,2.851891340537631,2921.795688418878
Dakshin_Gangotri,-34.938962651075606,34.66296161670686,72,74.85531476817478,0,6.138567609721644,3321.3295399385106
Maitri,-30.012661197729376,61.91174156610627,86,46.80628539066539,0,11.24191581116758,3187.863114120528
Dakshin_Gangotri,-38.86669584198006,28.379633220697716,60,68.61214789304528,0,6.2366116262490925,2500.165883828987
Bharati,-7.994317029641053,15.347194105154122,16,84.427332779656,0,14.875708202016444,2932.6742264992745
Dakshin_Gangotri,-31.15945299551811,12.329826898793673,31,63.487684019375735,0,9.751030785833956,2822.2552296891395
Bharati,-23.083530667794367,60.939033104402135,56,46.85743001089077,0,11.946181326764084,2927.398368667746
Maitri,-43.587629654325895,32.55393831110363,26,37.9922543260453,0,15.18331625556292,2738.566561344229
Bharati,-39.78299981885146,28.41319870614284,58,82.33411357472028,1,5.141564285369615,3339.480958983386
Maitri,-28.004170616547402,57.43731634887824,24,53.41218382182373,0,11.849688852179463,2573.2283404800664
Maitri,-28.735992344860282,18.865345802184198,48,56.39213395289232,0,10.53893388000441,3175.285419278601
Dakshin_Gangotri,-22.063150617283643,18.913931151345327,52,97.92758708205855,1,10.660598418603644,3266.1123685102193
Maitri,-0.8666404004387545,67.01331932413943,63,73.8440587388243,0,9.105067153841832,2625.9839895469604
Maitri,-49.20726252931946,17.346579623583345,30,77.18485698687253,0,10.637069502733072,2758.8791674123854
Dakshin_Gangotri,-13.258530850309942,13.854233851764516,59,84.62404855937582,0,0.0,2794.5600834818347
Bharati,-19.02161875760464,66.47313617075312,34,36.60042967164962,0,14.976670281075135,2873.163987204497
Bharati,-32.417388446480814,42.41543163062705,47,83.02085705341125,1,4.65520103282893,3515.3533585087835
Bharati,-30.203720023170753,27.1907778607566,77,85.06334633016857,0,17.098101674060562,3879.6642570022555
Maitri,-11.559145329681812,82.88705017639379,19,53.30773554632715,0,6.202411935952781,1890.9799044175986
Dakshin_Gangotri,-25.747468938986476,21.512912267413803,51,71.28006329825865,0,6.028857767986904,2659.1706066945812
Bharati,-28.863473319998395,37.98687203322032,85,74.51302369292449,1,11.620427982856656,3568.6602257266395
Dakshin_Gangotri,-37.58382131413815,35.78054317550325,39,49.38253470208812,0,11.085681148137661,3133.696081408233
Dakshin_Gangotri,-35.03293772722411,58.15610212936764,46,73.71780783541051,0,11.803038719314284,3270.400269994579
Bharati,-39.5957765250639,18.669638256875636,28,50.471484257896265,0,11.447393236276014,2601.2637429656766
Bharati,-14.385985467622753,66.47127456417523,27,98.8807444540864,0,9.437823149707533,3228.1101590663848
Dakshin_Gangotri,-34.41025962143548,78.37052856075518,47,62.42495409011784,0,8.529544856582497,3022.8272960963704
Dakshin_Gangotri,-39.328551568345134,52.93434760469945,57,68.50630432018566,0,12.32911432277498,3793.9947750529454
Dakshin_Gangotri,-22.903822227823404,19.905391010930582,34,35.586331698488536,0,7.233411499259816,2652.108676007882
Dakshin_Gangotri,-34.794732473201385,31.942005095134363,57,65.94000534903462,0,10.477117651478334,3362.9168822463253
Maitri,-6.439167212720886,35.70200809667121,17,78.29982121151059,0,3.2214409644073356,2689.7716381851674
Maitri,-24.506794648363485,35.054724416567254,54,46.581071701202426,1,11.016049955054074,2837.5491427236566
Bharati,-22.53926620573609,12.024299382520253,80,52.16630583393726,1,10.393813535545771,3272.0490654994637
Maitri,-22.506253626179948,40.51936221541763,68,49.336920874633364,0,9.836171269427483,2306.03076634281
Dakshin_Gangotri,-18.14893375641125,33.2219047685762,57,42.68676886298634,0,16.824757808611555,2558.9780004430254
Bharati,-16.47512840729893,26.489799274171496,87,40.5697139829707,0,15.979449261359154,2452.4400532868444
Bharati,-24.648340669945,27.767917991202985,77,75.43876974494088,0,13.657745569281477,3455.700192886157
Maitri,-37.19119902997279,84.46862727706416,19,41.014708377177755,0,13.569891025611593,2642.435102908
Bharati,-26.843839032297534,53.332346000007895,70,33.245269559499974,0,10.422711500722272,2890.412995571085
Dakshin_Gangotri,-24.288024088211404,11.006213017367955,69,52.017773350076084,1,11.229605258185257,3251.079568363764
Maitri,-44.58576840232851,26.632850003838655,16,60.752651752643295,0,11.730733069146094,3038.6800891344337
Maitri,-50.25706593719353,48.48967602956296,45,68.70500883431899,0,12.410060648658586,3115.386690235201
Bharati,-39.55236432067988,53.98106094367881,64,46.68913383459913,0,10.28558765048439,2549.32324403976
Dakshin_Gangotri,-48.411382167359264,34.58024878852463,64,51.17635963299965,0,12.168322631780978,3617.8121896860084
Dakshin_Gangotri,-30.837579826107653,15.920481607085378,25,68.11382188488312,0,10.258359662184043,2575.787526385019
Maitri,-34.27461250908799,15.034701993855478,33,73.56764900752306,0,11.686439395153847,2920.439004464517
Bharati,-23.936112373810605,40.1033496003626,20,78.65237230368663,0,13.670494906646848,3174.930412739647
Bharati,-16.48921871216661,23.71792819273108,53,67.19299321813929,1,7.37551065532074,2978.103363563948
Dakshin_Gangotri,-21.527805137304092,17.442716798913345,17,35.133936474165125,0,10.529330350436648,1758.923544208322
Bharati,-19.786630506522553,6.560709799690283,62,46.872273844777425,1,10.303610430855933,3386.1475394489403
Maitri,-13.648659139988403,12.828654238144814,78,78.80942903213946,0,5.927080191228082,2906.7958258754397
Maitri,-28.913402770065545,32.763961283743136,73,86.56180320676917,0,15.564390815981852,4033.090046572242
Maitri,-56.281721468841944,25.566267649246996,57,58.68464771545849,0,6.697780395885175,3223.872732289317
Dakshin_Gangotri,-45.9330106820465,56.78662335065942,65,57.364854403122884,0,15.73044301791961,3617.4508108479126
Bharati,-19.01928344723153,14.23095571112445,72,44.985622318860926,0,4.630449758669246,2774.7534987035187
Bharati,-22.645848940739732,19.901229243687446,72,81.30479381682784,0,4.013749942952302,3024.0593939524506
Bharati,-16.65832743146155,21.895368762472824,62,44.124949559011895,0,8.65558935339137,2658.5847686334937
Bharati,9.109886355707808,31.122422287547412,88,89.42581862555868,1,11.591191563969206,4002.020498246774
Bharati,-22.367223735562238,21.969544097232344,25,58.77518314591514,0,11.568935821028669,2852.786516318124
Dakshin_Gangotri,-26.14605973235749,18.596650677582147,51,47.101209993470675,0,15.171899653256661,2974.7920918725818
Maitri,-20.84668600913318,34.994801510146544,60,33.25336101041782,0,6.920087539954265,2568.160195275779
Maitri,-39.2825253415301,30.279624823956677,77,55.943148285553264,0,13.70415519109594,3202.693546342538
Bharati,-15.941291869284855,43.130023152269786,23,58.10628208670798,0,3.3663946038026147,2124.948569909366
Dakshin_Gangotri,-27.05613132374473,25.265198864191166,37,55.21816280771147,0,6.1323351877469925,2937.5879149397483
Maitri,-4.8068586976745244,51.305778679973585,18,60.07565275398486,0,8.947033509396022,2192.1225663536943
Dakshin_Gangotri,-44.20633488708485,17.5820607117188,37,80.78415006752232,0,5.598702089037749,2965.030087404999
Maitri,-24.945505432113546,40.0074000342331,40,69.28242249194905,0,12.188447822328763,2936.3052591312435
Dakshin_Gangotri,-32.53094980571738,45.23684602347158,39,62.921876601071304,0,7.395983898736433,2477.4900515529407
Dakshin_Gangotri,-37.79761786108341,7.266817502539804,22,77.12526780625649,0,14.01227255024671,2854.2376220366573
Bharati,-17.528085465753293,40.46586507822606,59,46.25579596422556,1,13.474348458364279,2807.43334083673
Maitri,-28.810496078277506,27.120280740552687,67,70.70043856646984,0,7.299334404744338,2734.2415122020257
Maitri,-9.033561607203277,31.46064303673754,30,70.4152703628088,0,8.591248599038009,2247.973344188973
Maitri,-31.37053595600497,56.146019767204244,60,82.49546407454721,0,9.642636733864995,3392.1332586409376
Maitri,-29.71109576993898,28.479082895942135,43,39.4406621776628,0,15.417485350588283,2840.772345765369
Dakshin_Gangotri,-0.8242913016248608,16.93910305878564,66,47.00734423647175,0,6.230174942717259,2305.874680455584
Dakshin_Gangotri,-41.210569780011,38.886444782299264,49,47.847658274499366,0,0.50509756072762,2372.5443083978303
Maitri,-34.40359106940805,26.061569869766405,83,67.1728300620129,0,8.305969428135484,3100.208067553781
Dakshin_Gangotri,-62.07803414152317,28.791827109962043,70,63.35982350413992,0,6.321684889985933,3479.5893268029863
Bharati,-30.362347469824044,27.34009588074519,42,68.51635731760454,1,3.87361261083183,3370.726107087877
Dakshin_Gangotri,-16.71073806230651,42.29441884950838,51,28.396979381066558,0,9.85260084368307,2518.6064731480183
Bharati,-20.0825161224739,34.853981478696376,56,82.08292564190641,0,5.306594564983961,3109.100894450031
Bharati,-23.269370212951017,28.99671777821392,24,63.525131343426,0,11.351325546568182,2997.2479259914317
Bharati,-35.515393306612964,33.664844560527435,43,68.28845841399472,1,5.1887950367953355,3070.854159594184
Maitri,-27.284741681894474,17.353614564610666,35,65.55479871090355,1,21.81306015488881,2964.8009852603195
Dakshin_Gangotri,-29.770697438455112,40.57429124321512,25,50.582691976541525,0,14.236861048098174,2543.879531541976
Bharati,-25.065703178068482,35.3157084985706,33,67.7703451251607,0,7.068051736599346,3039.6397681855747
Bharati,-22.909561964266192,59.841400828107346,78,61.143393364495225,0,6.915116150630169,3274.077244869214
Dakshin_Gangotri,-29.209496369595854,21.117537847202907,75,60.94420110596837,0,9.23979049821346,3309.0100122987
Maitri,-24.71413446394444,21.422055600731184,57,67.39787650911282,0,12.9443578723128,2970.4620949707355
Dakshin_Gangotri,-26.173630183561755,32.29858038060479,61,58.462197423562856,0,8.208643076222387,2897.519926885988
Bharati,-33.099677504253314,28.392542694260055,61,39.589685861137056,0,5.3534463834313994,2535.8220507019755
Maitri,-24.04582492933043,16.970353268560505,67,57.27747426638834,0,4.195776469036055,2515.822543912898
Maitri,-40.32524097464569,15.149519557110901,34,84.37532691988314,0,9.924980978645227,3152.42208495639
Dakshin_Gangotri,-22.823555514509405,50.03065972008535,57,51.6986710662501,0,7.101606112338497,2678.0186175411077
Maitri,-38.32919476087437,19.912588704851732,77,61.41126235784789,1,11.132627906068734,3385.00728985748
Bharati,-25.30629070543634,25.326229481475398,17,72.51525491246863,1,1.4947230007296035,2956.5057815336227
Bharati,-19.414923109131188,14.505800122641325,53,91.78972681529899,0,11.890069317737455,3244.311950687733
Maitri,-36.11082099152877,78.69372460006063,22,56.16384324253665,0,8.716302302750288,3130.366318405279
Bharati,-12.60588242037538,20.618609291662437,20,41.59217288482286,0,2.9825901761323026,1710.3382796762533
Bharati,-3.5408936520723238,26.920686945685276,61,70.08777370930048,0,11.448796299600785,2707.4706124167424
Dakshin_Gangotri,-32.800539379402466,11.886592367164921,39,47.81596999366918,0,11.994262043191837,2136.327757262263
Bharati,-26.736948812114363,31.396063986125895,52,64.42975670401478,0,6.773124296304768,2598.092412551794
Dakshin_Gangotri,-10.456878210441955,68.0933792335196,49,69.09040009750501,0,12.585570287060252,3113.8263858791133
Maitri,-46.57731604313253,15.41972186981207,56,52.80945583791838,0,4.536129390676592,3040.5096120648514
Dakshin_Gangotri,-24.59934553496722,32.1122267943696,40,55.919022368154224,0,0.820022329717764,2641.724832453671
Maitri,-28.62464195819789,23.047980137972974,53,72.28828925814757,0,9.320525680054562,3337.616121646522
Bharati,-14.194437165315843,29.155296321238627,23,76.38925080580655,0,6.45238683094292,2734.6467367638274
Maitri,-27.94157946671249,24.067728666743164,33,60.66321658905345,1,5.0162852046975415,2884.9795677615516
Dakshin_Gangotri,-19.57638693258942,13.998099045797044,39,62.52906069332502,0,12.282556999906918,2823.254923628224
Bharati,-34.87797049742339,33.56637901669917,54,43.140966151742965,0,10.859105916172396,2544.4401788331957
Bharati,-13.580898779801984,43.77188208758952,15,61.77115197368604,0,16.560864257469216,2151.5539920695455
Maitri,-38.45919272406757,23.51671599790001,81,54.125264720325454,0,11.667984094899442,3063.237644397961
Maitri,-14.55019406354494,49.78753625997079,30,61.179809267909974,0,12.211039182010417,2568.832170049403
Bharati,-24.085671543951936,50.14124495884527,77,81.27322215823486,0,6.506997996918509,3391.6605688582404
Dakshin_Gangotri,-53.25324859890542,43.80238867236781,62,43.10759740367679,0,1.4392618776070787,2680.2166720156847
Dakshin_Gangotri,-24.243529630925767,16.527041551347494,38,77.63024777726386,0,17.911672986191668,2903.514859332051
Bharati,-17.716493274479284,38.41883414801513,55,62.921250901823406,1,11.970937628073337,3373.945136501412
Dakshin_Gangotri,-39.752291698650566,36.46987228211281,35,59.595865179927564,0,16.415368909136554,2688.0679349220227
Maitri,-35.16399596919702,18.22285785714978,43,46.96899402928372,0,5.273313438265375,2500.400428641251
Bharati,-23.934066051370458,22.371220607535854,75,64.1929224492265,1,14.026005039352865,3273.321958754045
Bharati,-31.13861428711514,29.319415704331885,86,92.57205426111739,1,11.15546015338146,3587.8100941264142
Dakshin_Gangotri,-21.045022837356292,21.86361870040982,50,21.786467862373755,1,14.249257937189547,2433.4168693693787
Bharati,-27.510994541470247,27.085313411069606,18,30.66714678729176,0,12.321662416054403,1916.3158638613368
Bharati,-40.836383046025674,61.06484510634212,47,57.348219622315156,0,9.084209029545864,2928.0063757222742
Dakshin_Gangotri,2.940542814089781,18.92263288294028,63,64.90512936753831,0,11.123470274102091,2657.336501749969
Maitri,-29.07811392810406,18.677515132266873,52,74.0929183716412,0,8.587646026045528,2464.9239228519896
Bharati,-23.508801203872817,48.18259513389928,61,66.78164370915418,0,13.3485467832259,3384.401045883242
Dakshin_Gangotri,-3.731139177165897,30.111409126949006,26,35.46026166859366,0,6.816489172399175,2652.8982587316855
Maitri,-14.645267896951287,31.9354770631879,54,69.24166971807931,1,7.190035945194497,2869.9027934319624
Bharati,-18.429899406102574,25.471368823183656,45,57.4117820044649,0,9.356963275576476,2463.008283986772
Dakshin_Gangotri,-12.306420680153181,25.642826653609344,34,73.27967892360766,0,12.4603635658347,2533.2987926482524
Dakshin_Gangotri,-18.382606668280133,27.694927278194214,86,49.24374839403833,0,10.213064728413938,2611.481260737512
Maitri,-18.383047309325157,32.020081115072536,52,37.02247801521522,0,8.691183385612625,2877.769954442073
Dakshin_Gangotri,-18.194372651175797,43.55050688128261,41,53.234381165032815,0,14.225163372206946,2600.548953461213
Bharati,-27.024956100784962,17.32867575114969,50,67.36553411373771,0,12.354178176763096,3108.7367177731417
Bharati,-12.102462407158612,19.59018729084471,63,65.74431146781673,1,8.162609239301254,3367.9934421675707
Bharati,-16.906728412470333,48.65210139176114,25,60.25340830419172,0,5.8304143817182785,2738.157886724788
Maitri,-52.59565267885155,30.8575767755482,88,50.826559806818985,0,9.29740217009587,3609.02043125237
Maitri,-14.790111012719457,24.075852110250217,32,58.02055589973722,0,7.505839913790766,2086.961829734277
Dakshin_Gangotri,-34.52128041524834,34.1724463796109,22,82.22635247807813,0,6.91131805856085,3182.597807500113
Dakshin_Gangotri,-22.08496495802376,22.14541080392436,47,98.28216739281493,0,12.998326908475523,3247.9800509327306
Maitri,-45.06718464890266,47.26340558989097,87,66.38370099103533,0,14.509131127059431,4043.424975242921
Dakshin_Gangotri,-31.999577651808785,5.152056967033796,42,75.37754383480124,0,9.76257115117091,2721.5750024411213
Dakshin_Gangotri,-29.372167851752316,20.360232729845904,58,49.08938003908062,0,9.977148697848401,2426.809743765685
Maitri,-18.560051721298553,21.746925081836853,24,80.29910766605113,0,7.040615075831784,2691.415158224131
Bharati,-32.05241234222657,23.69017421334004,52,54.76198501548179,0,5.746829546747396,2864.6353969628544
Maitri,-50.99045780310283,36.51876091669491,32,40.998316282753095,1,13.183011003677686,2596.300901213808
Bharati,-30.883813376677555,49.954219023497004,15,77.28422592922101,0,4.917929095115785,2680.618379116031
Maitri,-29.56675352099061,38.51420406633213,59,61.34464343429359,1,7.522288398536215,2955.1902807937568
Dakshin_Gangotri,-17.403141339663893,43.62991426249752,54,80.90665217207354,0,7.394109863827879,3280.610520115624
Dakshin_Gangotri,-23.22316987934475,12.244550693735356,67,72.39549679473699,0,11.696215500965367,2927.9030750310353
Bharati,-34.19990236460305,11.918541234928513,89,40.5952337148343,1,9.210364094134064,3452.572226081542
Maitri,-21.67546413673177,13.96715951815055,71,62.769086903242524,0,7.721584869604154,2690.612883634153
Dakshin_Gangotri,-2.9959838648620014,28.12091470452017,79,46.548018846572035,0,15.437007194735958,2761.1236328749915
Dakshin_Gangotri,-10.955849316384006,22.822482852408584,55,78.95683618546026,0,16.520860030694067,2706.048572251005
Bharati,-47.91383018097897,14.458264356348655,85,61.293056655435734,0,11.558390451104415,3339.801397790738
Bharati,4.7013715038760004,4.593399985263268,19,50.12606155944776,0,10.574722016311267,1641.1641848883216
Dakshin_Gangotri,-10.794338764334288,37.777158673398645,73,29.54721656320157,0,7.986476115548004,2741.2932395172397
Dakshin_Gangotri,-5.975300040488229,54.19890860638779,32,77.49293478055407,0,9.926386791394627,3024.52418547144
Dakshin_Gangotri,-43.23844620829131,44.3253778419438,87,54.86024380311318,0,5.180334759187356,3278.4241140980243
Maitri,-29.97116197058303,27.325773949794275,69,56.0729002718125,0,13.95494962552663,3284.7712056982095
Dakshin_Gangotri,-17.937914884511986,32.48927632422043,29,67.25717280129801,0,9.473387089783158,2498.176664860635
Maitri,-38.45889129900757,20.42942802696367,36,46.73337230588441,0,7.249755595908304,2684.7558418817043
Maitri,-18.665965396734112,28.896272576465567,20,37.22766756815537,0,8.673870219019461,2050.2286174057954
Bharati,-5.400873476109819,27.82970558371703,65,62.895222325504506,0,12.825221545388965,2908.559324033359
Maitri,-28.998276627915637,35.46228028161829,30,46.03438509538379,0,8.974030164478549,2479.2785694573163
Bharati,-4.559610908438579,19.726226411122457,63,58.847754349690106,0,6.850552011201517,2525.0256485245377
Maitri,-16.570059657695626,77.77811453397145,19,47.019261343070106,1,1.642491164118585,2085.284645535176
Maitri,-47.304137446054675,15.199769672490893,53,39.61147131310942,0,9.688269283088587,2550.6866197613667
Dakshin_Gangotri,-35.42685429329926,32.291029794362785,31,35.37923782459633,0,11.502299176838584,2866.4295062384517
Dakshin_Gangotri,-11.70088852424518,40.537499053077134,38,61.515035462209354,0,8.038411730604768,2518.013062762251
Dakshin_Gangotri,-37.386506768977696,15.858907468085503,46,76.44755618923803,1,6.82383059561819,3149.77410108011
Maitri,-12.049387195354825,11.184029542329032,20,74.66956026446957,0,5.49871095477788,2430.6265286547045
Dakshin_Gangotri,-17.66099572236333,40.853037333425185,43,60.372828054293606,0,8.495481790080653,2276.2968611597444
Maitri,-21.250306966446473,78.4970536460889,69,81.37138555672415,0,5.543082496023902,3222.535917894409
Maitri,-31.92731062095058,9.422629828065286,40,51.9652804771631,0,5.517020935739236,2536.897952854036
Bharati,-21.38633811825902,78.18219776903815,33,72.28236722221033,1,8.083828082560588,3355.347533710571
Bharati,-4.810402138121226,41.695279283774795,51,52.618427795909824,0,17.534886625351234,2729.7761415943537
Bharati,-29.680548067922906,28.5133675560997,36,49.11145675302334,0,19.340518971885075,3115.8174323124704
Bharati,-17.678618987666628,44.44672752982271,82,72.14434216160234,0,14.710568288626831,3155.741789127499
Maitri,-0.9242285214355235,50.941544294053024,24,66.48948329044678,0,12.57720649645446,2123.8401153746086
Maitri,-21.852321895221905,26.281136394150057,51,69.44338854682415,0,2.2488848272499835,2642.840289197101
Dakshin_Gangotri,-30.887616056582385,89.83456272508731,69,37.672330067086115,1,20.70488029093326,3308.553402689007
Bharati,-31.018239549237098,76.98320566660179,44,75.43503072076548,1,11.568185051453462,3605.0777782278037
Maitri,-50.004624171944634,21.180572267597935,86,70.15743656534434,0,5.602278862065987,3370.4895685199363
Maitri,-39.5372615234988,34.02820640275194,89,53.957663503585316,0,20.745304338964647,3491.044223264106
Bharati,-20.94077009342907,15.548363262619898,51,68.74453524084805,0,9.606110545545247,2840.8331226866812
Maitri,-13.362024490501081,13.248373848556481,68,76.44280710967094,0,13.337028238857412,3279.284243212159
Maitri,-30.113217868081897,24.700002969657753,42,48.96106621885213,0,8.74198167578226,2563.1866435597058
Bharati,-13.516386255216904,33.35251640460864,86,49.0593473262707,0,12.27047522425395,2921.2009893897457
Maitri,-14.270925447016653,18.095343889331737,53,55.672473913322065,0,12.745143108601171,3075.026683274742
Bharati,-34.249444691848026,43.75219424565966,60,26.678748463591525,0,13.440318888058743,2204.658376652814
Dakshin_Gangotri,-32.1493519526188,34.82511805264443,44,64.95152781803517,0,15.133692411237453,3062.67689624387
Maitri,-41.15365180652008,29.958037868107283,47,73.6624797187545,1,10.621043279829603,3444.013253888913
Maitri,-16.072653165619986,19.392826123500903,38,68.55098390426522,0,10.839336540690567,2688.3040608881033
Bharati,-24.955069146982865,20.49770695153818,33,67.18874635438566,0,9.808477547647195,2846.2922992130984
Dakshin_Gangotri,-14.347759324326873,25.390117958292315,87,75.35230242303291,0,5.82373684617268,2913.8051103203607
Bharati,-25.716437261222598,21.34621697361217,40,58.49648084316641,1,6.381267851683179,2735.173823992443
Maitri,-36.286812671889145,23.86629458037156,85,36.42515253154747,0,8.767331055942497,3019.907928589875
Maitri,-15.643003624459901,19.519810076598606,15,61.94148729061459,0,15.048924483073975,2410.686651865875
Bharati,-48.778170955612644,36.55671458985438,61,79.52095100961722,0,11.883001474713229,3289.8212523368734
Bharati,-29.04545618956822,14.718436846645282,76,65.41850518425868,1,9.627284050772058,3580.5570369070592
Bharati,-34.292116150442936,46.79436388559646,16,54.42119375044703,0,8.945248995014964,2714.754129261892
Dakshin_Gangotri,-6.693478288673248,22.016308528601158,19,71.76230811098213,1,5.332056350624982,2680.188681953414
Maitri,-4.002856697705958,37.34955859810538,42,65.7918415042756,0,6.404709292392216,2610.8797928162567
Bharati,-19.922178765198417,29.49348881586353,38,56.763160826918494,0,10.619300316525349,2721.5243329630302
Dakshin_Gangotri,-31.94589527536113,13.504670333864654,29,61.786131548331944,0,10.03312297214439,2620.256698160489
Dakshin_Gangotri,-4.345963185776267,45.3221546478287,52,55.239309563100555,0,13.113119671717673,2686.5596364864596
Maitri,-33.38053024704941,64.11380806738268,58,69.22252433345076,1,9.134083165618977,3218.853558149432
Maitri,-41.6088063350068,26.734009776074256,79,46.50154921591603,0,12.269759831460739,3025.1623392529577
Dakshin_Gangotri,-48.84542904076617,10.234197746280904,44,64.94928190086411,0,3.874894187403574,3132.637212791148
Maitri,-23.771853065003466,35.35255310016851,74,73.03898948277568,0,6.2021555275837335,3678.4015204548464
Bharati,-45.5798208701587,30.380528981725913,46,63.5688137704675,0,11.054358001053375,3104.5650395807115
Dakshin_Gangotri,-7.973532947515128,18.398132999688883,71,63.739028531620065,1,10.065361456705997,2856.3462643335088
Bharati,-31.96536053565592,30.54417042679094,84,61.05022328924554,0,12.950773174205468,3164.533276874362
Maitri,-40.4366537064124,54.9788223969603,45,68.0189767671279,0,14.702520298817632,2878.264787179647
Bharati,-11.612135080171168,49.73335520818655,82,54.61088850357784,0,14.885263694023912,3177.6037794549984
Maitri,-14.489522668217042,24.543926779691002,57,58.04197160852697,0,16.343947893072855,2810.68583230888
Maitri,-5.039023715819194,24.28690078778065,35,46.48501534874943,0,17.28343828226509,2093.311278625648
Bharati,-45.39421081029918,17.608053545061924,79,55.95133748046682,0,8.575087371904761,3105.8178774469206
Maitri,-47.92147288959463,24.81994265514409,61,29.93173921039596,0,19.198397113443647,3049.3485213792037
Maitri,-6.271554949317839,32.61787037410344,56,60.42799216852328,1,21.557333862974296,3176.6471933352254
Dakshin_Gangotri,-58.67475211799668,31.945416868952147,79,69.24011492530006,0,4.790371777778912,3321.9045151107875
Dakshin_Gangotri,-39.58586332325521,34.30015446927989,63,58.995057368688535,0,7.645060894308369,3289.485808574267
Maitri,-24.336094123613293,34.12616606739886,86,73.81810439170928,0,11.440745270430186,3441.1819928546065
Bharati,-40.95331001375477,19.65153012465197,15,80.03061132194779,0,10.92820684721072,2749.4975476992995
Maitri,-22.46447834299061,44.98596495742715,70,59.75889573761144,0,3.253868959236782,2864.037472290798
Bharati,-38.78397799424451,49.01375566453308,51,45.05258330412134,0,6.201376369979494,2208.367036404303
Dakshin_Gangotri,-9.519036191531855,30.243482570293494,22,76.37197795373254,0,10.867060763839111,2677.832789106213
Dakshin_Gangotri,-16.386303879571486,91.15148776224275,41,73.33827001275014,0,9.129298792135476,3728.380655837276
Dakshin_Gangotri,-21.698928167931456,36.25299963981641,66,66.73422661334307,0,12.483831081051342,3339.6025791550164
Dakshin_Gangotri,-29.259870467618335,14.833999243555821,19,52.13308679497437,0,17.82300152434103,2493.712928318811
Bharati,-37.40175660795579,25.47368459364894,51,65.6690605979286,1,5.021763708063308,3273.2265934672523
Bharati,-26.616477961973015,24.631376775658016,65,55.32844257225504,0,19.2567624215704,3169.8089689624276
Dakshin_Gangotri,-39.78225859496018,10.1507124080661,36,48.994576473010724,0,17.52470050280694,2895.4417233194754
Dakshin_Gangotri,-1.9964600436792317,26.10043982781389,80,65.38736519550906,0,3.0966311714396104,2677.501328598191
Maitri,-21.168741305790466,44.07686866554557,81,45.40247299970173,0,5.224837531320757,2215.369773386552
Maitri,-35.44127775569399,47.93308206382032,63,71.33811837128181,0,8.384613761408126,3149.690599015003
Maitri,-6.2096791014597414,66.50518135608499,62,64.22342932610135,0,6.186317404346637,2651.338136734507
Bharati,-25.55395964304781,37.51350303321898,35,58.327812465989965,0,12.327948931930251,2683.2965645910676
Dakshin_Gangotri,-8.214838707015627,42.19417225347246,83,59.37613104522218,0,12.539939101499336,2783.321174359434
Bharati,-8.578185647443338,21.489937255091778,52,43.90246629677351,0,10.56610246676336,2493.3592620704803
Dakshin_Gangotri,-19.76225668302562,39.66045186344264,20,44.8025548309152,0,11.496021418780249,2799.568062932224
Maitri,-40.23281410074753,35.784933151801454,41,85.99256612205258,0,9.464520333304643,3532.8200800494737
Dakshin_Gangotri,-31.966006509829146,24.764179362735124,73,57.736417005659575,0,11.586577535443228,3034.907073808101
Dakshin_Gangotri,18.06922977778465,67.81573371236115,58,38.640376898390684,0,17.65127652201765,2702.406607066311
Dakshin_Gangotri,-31.614131540049137,14.761811521858416,58,73.77783458991216,0,0.452572801685724,3126.6459406023514
Dakshin_Gangotri,-28.088232439950318,30.683918459711762,66,44.634967641842636,0,10.071628216703683,2921.636834548017
Maitri,-30.662625377809157,54.98561772369707,37,68.64916004127487,0,11.859056244443948,2859.151228361751
Maitri,-36.27537936965051,18.403420551460545,34,82.11277788802012,0,9.604994261447054,3016.870311133413
Bharati,-16.552596628098474,22.67100370993008,80,56.743482317242865,0,11.2514182324011,3046.0922796259574
Dakshin_Gangotri,-41.06684628892764,43.16895070833677,51,77.36624462179512,0,14.79501865343874,3934.413023759929
Maitri,-34.969604348893206,43.18639097416777,74,71.00756252295163,0,7.935093669054917,3655.9662986660123
Maitri,-21.29585393164867,27.694500426494542,62,83.59925612625786,0,18.835860832716456,3517.4829913329704
Dakshin_Gangotri,-28.00724250194392,34.29554001899855,57,68.72767736453588,0,4.060658677174714,2952.964641165417
Bharati,-23.042932424559556,30.541272769476763,52,52.07016573591788,1,12.482095773742788,3202.4395714214565
Bharati,-25.37220700812277,45.613464131581296,87,28.75524949725271,0,9.945797954952692,2848.1886293834464
Dakshin_Gangotri,-39.066584630719,46.57009239814695,58,48.11912874897547,0,11.039596659212439,3317.1291821891673
Dakshin_Gangotri,-7.4250260222847615,57.68987977124278,74,52.46659821487026,0,13.0456038271773,2574.6087001815254
Dakshin_Gangotri,-11.283832279042432,57.47256749802375,32,74.88998063219215,0,7.527390202694277,2750.2332200955802
Bharati,-36.46722856517868,34.95273515425463,50,78.21246503434094,1,14.409314760439965,3793.0185061616303
Maitri,-19.278835362758493,16.41518668319062,55,43.55958499311181,0,17.900163962731902,2974.336004904014
Maitri,-30.887117330512183,20.245712337933817,19,78.34380582798829,0,8.840129755015125,3277.469310156879
Bharati,-11.999652786041345,21.906255930664365,89,48.39898559033555,0,7.92907829826145,2367.61361825538
Bharati,-14.692692160857657,28.15552658863827,60,47.49956691189304,0,15.061421011033165,2478.1671320046216
Bharati,-9.927248052837456,31.704623811844115,23,39.2460555385056,0,13.929620517173223,2117.9680472210352
Dakshin_Gangotri,-36.36736852861375,18.008741625771584,47,65.06638996802154,0,3.737479256890647,2487.490290064323
Dakshin_Gangotri,-41.25753789025525,9.584195293982836,89,51.21470060750798,0,12.210483128615284,3578.6010896880193
Maitri,-47.30189100275777,38.38580929607456,58,79.69527907684102,0,13.101611523041324,3546.9428789460817
Bharati,7.102246291125866,29.520389459836426,31,46.37814437936563,0,9.780888698900622,2311.8964326533733
Maitri,-14.126404611179264,70.00483712125313,18,70.98309369881535,0,16.002192454102687,2767.5025156967527
Maitri,-10.06049420040862,21.45568833322173,45,41.81505335983806,0,3.5834675938413474,2227.9698455138823
Bharati,-42.20505802410388,64.18228598752366,76,75.47819707857613,0,1.3990587398414451,3081.839894619963
Bharati,-17.37411561155983,18.765313566712546,35,61.756802288616626,0,14.259619633532122,2360.8083488792977
Maitri,-45.65973918612655,28.804939745756954,75,64.39446213948432,1,6.7481182690717585,3294.444243107813
Bharati,-19.53852662786721,30.39431002755647,56,54.623738826935835,0,9.861373993668803,2263.9404816105334
Maitri,-24.754358062478875,12.713763346454328,71,53.774052532438134,0,5.468016503145678,2974.8839342629612
Bharati,-28.57942051687692,33.58149639196939,82,67.45159819060795,0,13.40923287238184,3307.007852494064
Bharati,-31.504948609458783,20.148434931075453,73,87.12761554518656,0,11.363176581870281,3729.592804981925
Dakshin_Gangotri,-10.890572697375713,51.217983251742616,67,44.255074249997,0,9.469514375661651,2578.1459515714987
Bharati,-31.275249756894443,42.65260298882792,28,54.8904609805187,0,5.0613556042108465,2819.4679483789964
Maitri,-8.759629168559137,36.178317004213596,70,50.81099818380377,0,9.359038356458298,2882.8650191940524
Dakshin_Gangotri,-25.56829316753615,22.605774280917487,53,37.32365554247477,1,11.334777370932763,2745.6099675653472
Bharati,-20.516035688670097,15.589954416022294,30,37.13482901852092,0,7.872815381121691,2157.9460849029965
Bharati,-18.396674114608285,62.54164953845868,71,49.012230284587865,0,8.009471760309745,2908.70666805069
Maitri,-19.483977850142505,60.01205591184971,83,54.06102123344334,0,10.041519325922694,3326.794122833458
Bharati,-22.258498091037524,22.27558446675539,61,81.24136537342463,0,12.695146046122504,3184.8819315688916
Maitri,0.8312251262816659,46.2980995837885,80,74.83967495665854,0,11.695771513533806,3156.261021333545
Bharati,-11.454466890198383,18.254940195841446,53,47.69377816142262,0,14.704311337314252,2143.2333287058623
Dakshin_Gangotri,-55.68015365182574,20.29081435262174,81,71.5925923242213,0,9.641135531615669,3339.9169122444596
Maitri,-27.49862947373746,29.531018204957963,41,48.00981104668692,0,14.051653846695043,2449.980204287649
Maitri,-7.167255993715873,36.97165486294639,16,58.6826606928517,0,5.336476045391634,2309.189566855333
Maitri,-34.75732928596559,15.015393205988984,64,64.85675552997192,0,11.592960354202008,2896.983618499261
Bharati,-24.94424640551254,9.753796819304695,41,91.65005147896233,0,11.38008618489398,3153.2195656277295
Bharati,-24.047952975066107,19.726080480688292,17,64.0321452953378,0,19.430299710494097,2643.5740974926975
Dakshin_Gangotri,-5.895079311754191,28.00166639749691,55,37.829924929848794,0,7.3193844314429715,2207.358721761159
Bharati,-37.56055061162691,14.490645399694145,17,71.16294450860295,0,5.1958900634602,2864.997934521455
Bharati,-35.83924143399238,23.513844787156202,53,77.05786537540354,0,6.918904827867641,3151.343278036118
Bharati,-18.93377275860039,23.90954447533273,47,73.32884430722626,0,7.471512655988249,2747.5633227058565
Maitri,-20.863570681930412,76.8914805312565,35,45.08661530699704,0,11.639631692412365,2697.6892009863022
Dakshin_Gangotri,-18.73522962258237,37.49066948061117,56,61.86493233525888,0,4.95780742288741,3124.66888089797
Bharati,-21.132856560894812,32.816797944497544,45,59.73118866871956,0,11.381774955979518,2741.4236502312406
Dakshin_Gangotri,-26.422009971766563,25.523456532221147,39,86.54274230700607,0,10.136967425390907,2765.0917895553207
Maitri,-18.27637308811943,57.50440539405114,21,69.25112494927717,0,13.657810473711763,2421.436329919529
Dakshin_Gangotri,-22.53572867853286,15.50879917772564,66,85.75072440579105,1,12.47701574537027,3492.173641565945
Maitri,-27.98915140585392,40.74456151978923,20,49.35972571004774,0,13.312999066283874,2200.3994743936732
Maitri,-25.760843323092782,59.241214585523466,84,56.74914149609567,0,11.964606232164993,2594.571616270938
Bharati,-31.475605475132703,44.608904418229564,78,51.93650504108657,0,14.671197463416473,3057.4547217612335
Maitri,-33.495150279451536,20.806214836675053,24,74.68056868824974,0,4.03766840816178,2797.2884434200064
Dakshin_Gangotri,-18.30907011545443,14.646860367727035,41,77.09378821876248,0,4.1776364179051795,3033.2251226125545
Bharati,-40.68211427397436,45.74775681674078,50,65.86201538508222,0,9.917675245447438,3103.0578993457384
Maitri,-16.733387407043054,41.21924115154022,58,61.42158021612462,1,10.337265260881457,3193.1966295149796
Dakshin_Gangotri,-28.165920652688058,49.970851849649634,85,66.26725867263653,0,5.903880262609083,3343.8692027312754
Bharati,-26.237999306231373,43.012371765055846,16,39.261823791363284,1,12.240854842921262,2585.3545490149445
Dakshin_Gangotri,-27.127094032751213,51.95255984374141,86,53.831666142124234,0,4.782538977007699,2843.5911723921545
Bharati,-18.961189138667297,25.450566463207267,63,55.03734242313394,0,8.927872521843703,3243.229585102705
Dakshin_Gangotri,-7.23799251870599,30.85652681118891,51,59.79606082606332,0,9.928106040894537,2317.716383299406
Dakshin_Gangotri,-3.3574114276587856,16.199614821709538,39,50.21988916955627,1,12.288324231905449,2659.2544828593177
Dakshin_Gangotri,-12.42857937601828,14.329661110602393,72,47.26036717825406,0,7.9837814173089425,2328.0604232559886
Maitri,-24.057650267704282,35.86649843976936,17,36.03008573286293,0,14.862310656379133,2251.0789696461393
Dakshin_Gangotri,-15.407236220341563,22.079574533010902,29,66.48120467962244,0,16.720772172997105,2768.209984251112
Dakshin_Gangotri,-49.26342126858289,60.23309428445324,79,39.42417116629549,0,16.151958272840115,3206.978098305337
Bharati,-17.70533535679561,40.952660234638834,75,74.99194279171127,0,17.231326696745697,3017.401947515528
Bharati,-20.32388801697848,32.19068814568554,49,64.85903967615847,1,14.264427915554567,3084.978923203328
Dakshin_Gangotri,-43.53651133832055,12.480342219133576,88,73.29646856509815,0,12.46073443409443,3794.0418478264132
Maitri,-31.973237516414624,17.72095056817239,44,46.62352264564997,0,7.003157575164128,2114.445904756425
Bharati,-21.668741894966207,20.407814049733606,39,87.95681357827783,1,7.743518125261482,3674.6019518009866
Maitri,-20.419850324873313,24.60169160851355,25,93.29552783601687,0,13.795148710269693,3067.4975083166564
Bharati,-13.513660132809628,47.31143630242078,32,60.45069861923716,0,2.8763206597997524,2582.386212660036
Maitri,-4.963568938082336,13.882946749392564,33,65.9013265491634,0,15.294279036145117,2243.0005010524687
Dakshin_Gangotri,-26.79027689181161,76.29897971418133,23,59.80805893991432,0,7.575175820181139,2645.0435300364566
Maitri,-38.65567480081542,43.84397434056327,87,75.1098663447575,1,7.863602707586653,3639.662656327937
Maitri,-15.136797568126974,16.494637274660004,48,71.88997199430455,0,13.103521235190563,2893.872605151055
Maitri,-9.545732722250717,58.115523599538804,89,33.369419943053245,0,11.121707364509883,2398.0192145015376
Bharati,-9.789620022694837,40.58471324022556,39,47.60048975673028,0,8.321893141598515,2156.12705518645
Dakshin_Gangotri,-19.350952070052827,21.66406185664448,82,65.89127287493906,0,6.357359241117486,3489.250935210823
Maitri,-1.0019053703510963,44.202514719435236,52,71.6057815408092,0,3.9948314893836514,2772.541174730033
Maitri,-28.28695441218265,17.056511833396968,33,62.24043850057527,0,1.3473215803225678,2560.172383779181
Dakshin_Gangotri,-5.807996241012528,31.021782816512573,53,34.54935707486979,0,15.852634366259071,2396.992833275158
Maitri,-38.92285807359147,38.86852035171992,30,68.34869931816586,0,9.133743057971666,3265.114197467724
Bharati,-52.19363379417206,17.46725340660022,79,87.37268664075596,1,6.444942388752171,3915.045861397809
Dakshin_Gangotri,-39.12229343301482,32.97452215707689,38,25.55811110688471,1,13.006077635734883,2920.9746439219393
Maitri,-31.89449492767819,36.858050111755865,81,74.08939985705717,0,6.88289371848464,2718.1481307039444
Bharati,-24.991646667831663,24.359160047080508,71,87.48141423681739,0,6.961121862699546,3257.803200519242
Bharati,-36.19172736020032,20.634856370570827,47,74.15329906912227,0,14.75872771911754,3070.058166230883
Dakshin_Gangotri,-23.46673838583622,31.62054921387444,49,58.7893420594054,1,12.966118935648586,2959.1632693103857
Maitri,-17.238232165158966,26.337841959751064,71,73.4531534340809,1,10.732622115107691,3552.502777193552
Dakshin_Gangotri,-20.767947785739622,62.738721202067225,17,58.70077049808458,0,7.783098115835401,2455.7118994766365
Bharati,-26.653150208332058,39.20893749075552,56,68.130449615542,1,10.934356084932944,3281.121273936662
Dakshin_Gangotri,-10.568515579878394,26.744534067488463,67,61.24987289535723,0,12.3219474685057,2605.9526884615534
Dakshin_Gangotri,-34.60529998171518,29.653288057563643,69,61.66946085042038,0,11.032231845312861,3002.161429337545
Bharati,-27.894387129046333,21.30737474902515,81,48.57190347295319,1,14.85760204365199,2772.967976859241
Bharati,-31.59974994141721,51.084165443869765,67,53.05018187838025,0,5.9947231089055135,2823.3041350425306
Bharati,-17.16668281254915,40.9347551055425,48,84.37063744675801,0,8.967612892744175,2692.869764593573
Maitri,-30.10580359507784,64.94905313919027,77,50.70277828527645,0,12.22773486664969,3505.3261435344184
Maitri,-20.19804901092685,32.9081362483834,27,30.663362081969073,0,7.7093106872851624,2214.564841459554
Dakshin_Gangotri,-15.204011404357455,27.32231288592387,27,100.0,1,13.81134099984667,3639.210897393071
Bharati,-31.08244905100906,33.49432379302091,15,53.451649239534134,0,15.371032153424837,2220.952499389708
Bharati,-44.180066198168014,63.642623239214664,74,55.972159258520875,0,10.237316640728473,3504.58114420306
Bharati,-27.702710533694308,24.0844262980797,38,53.968940991033406,0,11.53127011997687,2444.126802408695
Maitri,-34.54745085396915,22.63798845103119,31,60.23895908602508,1,9.165037734498494,3040.2058836972287
Dakshin_Gangotri,-32.70871399189228,25.64221705703826,29,48.613007065841124,0,8.829362094693419,2415.184660136271
Bharati,-54.653994387666806,21.102704747007103,66,82.34161585850923,0,15.133328020892414,3327.3902741765933
Dakshin_Gangotri,-44.444921485049036,34.67371546964132,50,57.006267714287254,0,6.655325768613919,2650.8474911704348
Maitri,-15.400255260824133,24.384949757857733,86,44.31680629521608,0,13.30698649708507,2952.0597360572747
Bharati,-36.24905530179941,56.42500543364266,66,16.968858725501043,0,8.028475506691324,2626.659125170848
Dakshin_Gangotri,-11.128780407588728,16.33499344624412,58,76.42312221053669,0,6.617883588506029,2456.4920578042857
Bharati,-33.587467277253694,41.42187109566525,28,53.38958729575302,0,14.031964189260147,2986.392205485684
Dakshin_Gangotri,-19.16433890539111,52.80157014832085,81,65.63542047795049,0,12.785616443130715,3115.014129100902
Dakshin_Gangotri,-28.038450960284088,16.031250339132175,38,46.064910075937476,0,7.386737616954237,2060.773850410427
Dakshin_Gangotri,-17.20436401161244,38.2366508891813,75,61.407000604663516,1,9.326851618336738,3104.7488607143523
Dakshin_Gangotri,-28.04159745338009,47.92138541667969,15,59.59080051615012,0,9.501939102605263,2208.225520815226
Dakshin_Gangotri,-22.440892095906655,12.243669728453183,67,73.81316893368677,0,10.940379697827936,2865.920211628833
Maitri,-10.230014879276649,19.242615623442656,73,62.48319173998514,0,8.042281194696054,2635.258934736061
Bharati,-19.347294231778157,51.08159748393434,20,43.15627338755523,0,16.946226507150215,2531.7312679901474
Maitri,-33.258486242550276,51.16769907819012,67,96.03636544649036,0,5.565303601087816,3761.795321503332
Maitri,-47.47806282333268,29.05119292738766,16,66.51847497208963,1,3.935971676646732,3272.1987419177212
Dakshin_Gangotri,-26.307334260154782,33.520727197505664,55,45.826781885303454,0,9.53171302083724,2819.352335546735
Dakshin_Gangotri,-19.83638254193662,40.495651914819874,82,62.83670834070359,1,2.050071415312819,2745.742588321286
Dakshin_Gangotri,-23.152263937616723,47.11010454080504,44,65.86624855123996,0,6.892896494186355,2426.894834987261
Dakshin_Gangotri,-35.53405695683318,32.008976094967466,67,67.2614568413643,0,7.468438952706945,3390.2058066286963
Dakshin_Gangotri,-23.180008193279384,47.11704391761717,29,65.44933492888028,0,10.060662129402948,2594.051258907705
Maitri,-17.081991282284637,9.481747893731471,56,63.680221152058095,0,9.210600307485878,2651.6787308441426
Maitri,-8.277473800774082,27.153557700571398,49,73.76539037623793,1,10.944035276622618,3232.449765992335
Bharati,-27.711568693803944,40.03716702052994,15,70.91801864711547,0,6.8797505396824485,2951.6624414704634
Maitri,4.483426140715125,35.76682736886335,77,71.19689956695842,1,8.486281300960497,3237.4565980545312
Maitri,-7.560955217744876,58.95031103093802,24,33.35165521474262,0,12.314965567509258,1874.1368587193326
Bharati,-22.980665475427973,19.149186143156975,19,33.98546402315799,0,0.922468204318502,1546.5108311486233
Dakshin_Gangotri,-21.86048765890525,18.311979867116506,66,48.102112131768095,0,11.682891767413281,2417.147382109777
Dakshin_Gangotri,-8.332890869132047,62.490634402932784,77,56.2734208160628,0,1.4214280368649934,3021.6252804588385
Dakshin_Gangotri,-36.55899402721538,13.09334195532054,32,48.6008287857482,0,10.042394588004893,2724.0707865071554
Bharati,-34.62790847660756,43.62233361483172,65,44.76292342521366,1,12.079677854925938,3199.565496993306
Bharati,-40.455462388663484,41.44107542132763,41,63.583114947514396,1,11.230873050415472,2942.287859134087
Bharati,-28.061743354394626,23.464326941369002,72,46.908002844678215,0,7.519061694618854,2955.581153124126
Bharati,-35.320207544723786,61.57721772116396,77,23.946761450520334,0,11.027679876224203,2790.2311353555538
Dakshin_Gangotri,-29.259452877384632,29.90996269925591,57,39.62656594941987,0,6.230740851348454,2311.1103390222424
Dakshin_Gangotri,-25.416186630987415,31.387005166398616,39,50.853754083955074,0,15.528102872047786,2641.35704079322
Maitri,-41.54143663456814,19.393240592079994,42,56.12603506472992,0,13.32512041066397,2989.2110391034316
Maitri,-8.605244766088632,20.807001415188232,53,73.48037319119217,0,6.203920229953784,2578.3871834061124
Maitri,-10.697322877734454,17.763341436702618,29,66.51813195926535,0,15.507467219857674,2309.2914790523773
Dakshin_Gangotri,-30.519105860078454,38.624660858223045,20,29.922077791383483,1,10.778455421093629,2512.3418747667906
Dakshin_Gangotri,-7.217739852380156,37.841276295054136,65,81.78865800459761,0,5.481354440331169,3022.4375049798446
Dakshin_Gangotri,-20.338355108632626,9.25991921562483,52,57.01019704268304,0,14.670320351947385,2224.2400393371668
Bharati,-11.810262385441561,49.71994517160009,53,61.03744585103268,0,16.574255831622416,2846.646313297153
Dakshin_Gangotri,-41.278381676290635,28.206843167533727,68,61.818441117198354,0,8.977012931921157,2916.3589082909725
Bharati,-29.036240220199346,12.81915283549207,50,47.209777362697395,0,11.463937746815091,2706.30432583175
Maitri,-17.46138259426614,59.51325147519395,32,68.45130921865808,0,9.947519020895975,2335.435529388487
Bharati,-26.967129930309497,25.39849089434905,15,30.775516396806136,1,12.317479658253113,2049.7429036356566
Maitri,-27.110475566224654,25.334612463384683,58,80.1015817383802,0,13.179299764310235,2627.9544410422027
Bharati,-26.32805331431349,29.235840378506193,59,62.81294206204265,0,13.944234351473874,3088.6920784681456
Maitri,-20.518493029665695,47.59823673683539,59,65.44854714221243,0,2.60848395502586,2426.8049283860446
Dakshin_Gangotri,-23.66242557089587,23.25528933306851,21,67.89927542892913,1,7.92712443276614,2511.4436381253827
Bharati,-6.302976363974835,54.25571270745769,76,53.378262145388184,0,13.861330111316683,2831.76945812769
Dakshin_Gangotri,-36.873069195532764,17.75160896190035,82,79.06732723110494,1,7.207300075594201,3641.800603302178
Maitri,-23.865753344191532,24.53905908522485,42,49.12177471601524,0,11.388764748933975,2686.374531494478
Maitri,-16.552975503416434,7.811510072629777,17,44.991237458413124,0,6.334372993044736,2168.848011788918
Maitri,-39.92405362779633,25.687236293164016,82,62.235158138801815,1,12.711589903837075,3890.1507228719943
Bharati,-29.124377508303926,14.399532299183006,63,39.33329494352469,0,10.149915389612236,2970.7475573609363
Bharati,-22.91367652798472,15.811464791879438,50,51.50555989931813,0,12.415961309633005,2869.778147160543
Bharati,-6.965302051972358,14.761537262960728,28,63.91158717200248,0,11.57987981720321,2468.0438133238645
Maitri,-23.363315014794935,29.78385979816722,17,71.02575799591715,0,4.379056105014106,2559.80402562695
Bharati,-15.904089881818663,29.323129444219614,31,59.43872947350329,1,18.37968986523783,3100.4761769856814
Maitri,-15.118492256660879,43.02730772516902,20,46.435970795782374,0,4.768576584088662,1620.2248071857025
Maitri,-58.069609201147344,24.97188661324405,27,54.941960403563556,0,19.94153223258602,3024.0144446817767
Dakshin_Gangotri,-24.03541859314267,39.04816577062079,83,49.9790847012862,0,1.358904310891731,2311.639631951294
Dakshin_Gangotri,-30.228376613369097,31.549558751808053,66,58.5352460893594,1,10.272324372853582,3082.6862083508145
Dakshin_Gangotri,-6.962076412238265,22.087678570016312,20,50.69617448674401,1,4.3697074519288455,1930.760443155722
Bharati,-16.616060236087264,48.5551605730513,74,45.34036223864825,0,16.463002378517817,2966.1992944033937
Dakshin_Gangotri,-14.50310391372789,20.163688529476232,74,43.47281253684889,0,5.942323191847119,2641.9076468917433
Bharati,-18.76444789276634,11.674732123607335,28,32.424972078359886,0,5.620015355407348,2226.671835305521
Dakshin_Gangotri,-23.742604139899857,8.27913599370736,88,76.21909459714152,1,10.136634520192352,3314.199600322173
Dakshin_Gangotri,-14.973242216531164,22.797905423784968,24,70.7368574482945,0,15.721001650197605,2497.9021295338603
Bharati,-25.255953088029628,27.110820071143383,77,41.572288454018064,0,14.93155581876347,3097.424961767372
Maitri,-9.588686981651307,27.33571081196309,38,69.76144679533552,0,9.109129943936159,2467.005162461761
Maitri,-37.828220710967855,7.774521148420416,45,60.635707508428084,0,8.718131450727515,2594.268032245486
Bharati,-12.545647957574062,35.53615188618967,48,40.62037050180802,0,12.086165387671548,2553.8659869573958
Bharati,-29.353051326616516,24.82798765262031,32,44.24248461639159,0,9.766866171261679,2528.175943057038
Bharati,-16.846526245721922,41.77193921896505,78,57.76427135838617,0,10.322558383768024,3183.4421960686077
Maitri,-43.860810422365404,29.676898219341215,27,71.11772904046806,1,9.433130241538024,3364.048098296016
Dakshin_Gangotri,-21.76364142869587,38.36869532983797,61,68.91202539274433,0,12.44183188969869,2947.618585843062
Dakshin_Gangotri,-26.81344937616501,13.55715114042077,42,51.91982344918836,0,11.803599022377236,2912.423924636898
Dakshin_Gangotri,-25.544086877328755,41.83089136836817,87,66.88917348663409,0,16.085680896509345,3602.715493027865
Dakshin_Gangotri,-46.210461259299734,34.19490128963259,51,57.55987668045722,0,7.45252849350895,2958.4677313035295
Maitri,-24.605393227901004,20.52810130375986,81,48.97618804807431,0,7.415698157027693,3010.8944870458245
Maitri,-23.443746876689712,58.775105172376776,50,74.40812120643666,0,9.629226587975722,3071.792911023095
Bharati,-46.37928892854165,79.23152896649239,67,62.33625980145923,0,9.191103023738107,3163.5106767928
Maitri,-38.80835842236445,20.813077350540425,61,67.66259342506531,1,13.45145981806311,3509.591637428786
Maitri,-23.107721876358653,43.45544014012456,42,43.53405176200344,0,5.780430600594599,2879.312093830941
Bharati,-20.117135949556612,28.67303730317573,74,52.20508967427276,0,15.080238632003518,3167.1446367077046
Maitri,-25.60738881860512,37.56256258946861,39,72.30220163564118,0,8.862155457259009,2974.2982473289303
Dakshin_Gangotri,-24.460854193733418,32.68442518893899,27,55.78960122178869,0,14.725259623850798,2374.459934917708
Bharati,-24.67720320551549,42.75395624786302,65,56.656608926236856,0,20.12503133809154,2808.7954781539956
Bharati,-31.53819661035207,9.237268026352817,39,44.083297008058665,0,14.10596139811368,2448.675933153881
Bharati,-27.138841067956623,36.977948285598664,68,62.95297838043986,0,12.49945789634195,2927.991736166502
Maitri,-41.81894174693073,33.59220124197252,70,43.812658984786594,0,14.462677939385234,3017.073392690992
Dakshin_Gangotri,-32.01590910027439,30.370863761965527,69,65.48661462114653,0,8.822858519897608,3123.15269501246
Bharati,-25.5090609203448,51.59965073424933,81,45.107091441491036,0,11.051997373516576,2583.5145413414043
Bharati,-10.168746896956888,16.090256346085017,73,56.858986338125476,0,7.311068974588338,2433.001152346585
Bharati,-26.459777284316708,41.666496061997925,77,83.62533297784749,0,7.565337669526231,3294.230404869151
Maitri,-0.2627044112291088,19.601147856836747,86,65.48669357600242,0,11.233592211576793,2971.5967198595154
Dakshin_Gangotri,-1.840455437803815,22.573720948877305,87,54.80317116981439,0,10.382853540451784,2843.498419332266
Bharati,-24.163580270116096,20.774158592673032,18,72.85235878886023,0,11.725619823634926,2404.00740923408
Maitri,-29.965158811574042,30.12761535764461,74,49.14751047426509,0,10.536869680489744,2587.8551328542417
Dakshin_Gangotri,2.1923252757502922,42.02435335742934,79,45.20673378406207,0,8.870535286758535,2271.6644668872254
Dakshin_Gangotri,-16.047999834852817,28.765109228682658,87,54.52952476579023,0,13.694910900002238,3181.6053170852447
Dakshin_Gangotri,-19.736518368005047,45.433212652015754,30,76.48013789543312,0,7.530007010236817,2667.9252100244107
Dakshin_Gangotri,-33.65792435987177,24.139463016271844,85,75.63734898166433,0,11.004418819058479,3446.702703116605
Dakshin_Gangotri,-30.130088539110268,12.345861981471053,89,52.55001561446721,0,14.59059733507287,3196.273975019235
Maitri,-37.00588207743991,32.550090417058264,64,55.7408740681039,1,12.837859313744115,3650.0363964339367
Dakshin_Gangotri,-7.144064227183126,26.242060587984273,44,66.30474583198487,0,9.884319695978933,2273.8217470887184
Dakshin_Gangotri,-18.981492719633437,58.0841622358572,67,96.42259696234446,0,2.8157703567823074,3668.984827266877
Dakshin_Gangotri,-28.72354394154931,17.20976067732708,24,56.43614350968951,0,8.63962743901101,2593.340146021509
Bharati,-30.6673402568764,35.27755216151314,38,80.7379909962794,1,18.497918048664115,3949.055430157932
Maitri,-36.89539320210219,28.842561138805124,56,63.742066919959825,0,9.007612524447774,3349.6968346603667
Maitri,-25.838036714217495,12.958713059352046,82,72.7989890758264,0,9.979535644577446,3218.8832756164666
Dakshin_Gangotri,-22.951537181196226,10.572954922378486,48,75.20354225129384,0,10.678306612876124,2704.2492190882695
Dakshin_Gangotri,-52.30603821684042,10.96704510682342,67,62.63961223486797,0,11.709261072917911,3413.55773784376
Dakshin_Gangotri,-36.57030880420592,41.977178731792975,57,59.57495989855749,0,7.379130907564564,2681.1014248941983
Dakshin_Gangotri,-33.118740282294034,28.43735966279603,82,56.89214411818287,0,13.032097336397264,3217.2578599912445
Bharati,-11.974196714267055,37.92013897808206,81,65.25946334599959,1,11.635113994072505,3150.0130306988817
Maitri,-31.645311664137616,38.83691269936033,30,77.81738854293283,0,3.110196257100286,2774.249372444008
Maitri,-46.53237715337469,8.377958847942343,50,79.84092334712923,0,0.0,2494.0806027214485
Dakshin_Gangotri,-38.21139556919694,62.782275821976405,42,78.15843498577769,1,7.852357004486729,3496.070263135321
Bharati,-4.30664398222396,46.83544777260078,64,53.010837374515376,0,5.156617781393959,2543.337064352178
Dakshin_Gangotri,-29.473329637157054,28.291069272244673,21,51.47735426705718,1,11.237265098154058,2619.58473842286
Dakshin_Gangotri,-37.461543976232505,36.656816177151384,33,47.578730757589156,0,8.502585725938426,2555.819296495979
Bharati,-45.08293763896052,15.162157682706463,84,62.31041329184398,0,11.88048334304862,3058.9240176461126
Maitri,-24.707110924618092,13.642545815214413,74,73.99361972358406,0,11.932829993998071,3360.5033173072425
Maitri,-23.44312984172597,26.55682298334697,75,51.52457177599331,0,5.977000205949177,2761.1795379244663
Maitri,-19.70671957210163,20.093121589247087,63,57.255223675383945,1,8.54293144594376,3573.1605179979388
Maitri,7.721077858784902,29.361664316624015,72,69.69997297430231,1,7.786865823009888,3047.0947155370022
Bharati,-39.83504286428622,22.7268417870541,50,55.182619048947004,0,13.732215479159493,3016.9270879304763
Bharati,-29.43067470728411,45.05985892950573,47,57.144626991297514,0,9.297267103170713,2682.187706813935
Bharati,-21.490780488824694,36.206933222766295,46,76.71513061990468,0,15.003880355859309,3365.565538625051
Maitri,-30.250888914341076,20.74019647632064,15,60.35544749063536,0,15.226419799203583,2483.736335873762
Bharati,-49.787718081953216,39.06596160593553,38,49.19608542486936,0,9.457775555687462,3254.992472436241
Dakshin_Gangotri,-18.864109550805615,15.43879481167539,87,61.445233082638424,0,7.630540926903931,3370.3545194241583
Bharati,-32.57622981167973,27.918103950888693,72,66.50008358283169,1,6.497411195498692,3249.970087497456
Dakshin_Gangotri,-37.76760521454586,45.59172382868471,43,97.56798388967323,0,12.839784734816583,3473.656660384916
Bharati,-35.72146074015224,9.304207431649463,26,82.78621595464769,0,9.59858479521103,2752.248321252996
Bharati,-6.386017185621089,52.74449739258986,33,100.0,0,7.0845360093403755,2692.1036331704154
Bharati,-9.411640932909318,23.22719236072166,60,44.01986453733386,0,13.588328406119892,2551.3495221967178
Bharati,-38.09385510215405,46.034156207822996,79,80.86839161349486,0,13.661598257611917,3639.6535228134157
Dakshin_Gangotri,-45.78149380452078,23.25311323484399,40,83.2937064725699,1,6.206109819833507,3641.2375278682835
Bharati,-14.219635594254768,11.583849085327167,30,60.45728962435588,0,11.446161809490526,2410.216472270361
Bharati,-0.3015245916813072,21.324762221945125,45,54.11376456665669,0,12.354806905206283,2570.7848661049375
Bharati,2.9922903557611775,50.32405625962868,27,71.0591065670533,0,16.8062761190497,2598.443899534333
Bharati,-41.99144933100193,31.317286363667,49,55.111997619236625,0,9.339898464726957,2834.8993799718087
Bharati,-8.705787692273898,46.532909843494096,50,42.84110512733769,0,10.00077374840708,2405.059133516182
Bharati,-25.06431668717818,23.598452163724826,38,38.74153897005231,0,12.644171491535843,2561.13895898806
Dakshin_Gangotri,-48.157548821599356,18.621045327431485,49,37.548602877287735,0,15.075747876643002,2665.716354774919
Maitri,-35.31519348251106,45.123011289745435,59,63.496527362627845,0,11.602476031366882,3346.8437058864383
Maitri,-34.42929235912711,28.214625452162643,81,70.06889081816192,0,10.90182287277812,3139.8023567527707
Bharati,-19.294228497736082,33.84412297900595,72,45.380605262658136,0,7.7547560102889435,2572.1846252016485
Dakshin_Gangotri,-41.4029327975193,35.21103125848977,89,67.25474487060346,0,8.70549606000388,2955.2952881545043
Bharati,-13.671831976744166,8.919733610240769,57,67.149036531739,0,9.404060387116473,2622.738780396407
Dakshin_Gangotri,-19.294411919727224,39.824502897736075,34,65.2010947210635,0,12.805015490478159,2450.4819349367026
Dakshin_Gangotri,-12.759061476003627,15.539732598387854,20,70.19863895336285,0,11.795025104150183,2622.6988888934593
Bharati,-32.922381056858285,10.502218678002723,30,63.233190157944726,0,7.243186423959288,2727.6912640456367
Maitri,-20.24184510312921,21.8263279501343,42,79.99312593628731,1,13.399070262134227,3580.2657441617885
Dakshin_Gangotri,-37.43054114282084,25.975604602332083,50,69.35644852018343,0,9.32365866131214,3445.2845962799383
Maitri,-16.87956355522796,55.51464859010954,58,41.18149639714346,0,9.380652177126333,2511.2403654601208
Dakshin_Gangotri,-27.847719719985832,40.956907708079534,48,87.60057098396899,0,13.072169369026456,3120.986093310349
Dakshin_Gangotri,-26.67016182889656,10.111006129158993,39,45.58826453302285,1,13.57101558531663,2884.0153371805213
Bharati,-25.39268429834304,33.66212598983664,76,59.75702504277651,0,11.383578006071552,2950.3762503208195
Dakshin_Gangotri,-45.89653814777034,28.057483970632017,60,98.28184453299681,0,17.486244976388196,3675.7359031524456
Bharati,-10.721991317155823,16.960816561191958,22,67.34566542505664,0,2.5009059679248438,2250.433261542016
Bharati,-24.005620721781096,38.74276937362467,54,47.661889222989714,1,13.86260227998675,2874.0716784463507
Dakshin_Gangotri,-10.673640253246951,55.38235260326268,27,65.0515177928222,0,6.0024953753063475,3003.311302694061
Maitri,-11.558291573910275,29.47831159765131,74,67.83527879814459,0,9.932434238869225,2872.8534731968402
Maitri,-34.759429980979405,23.491394066016905,30,63.01742338754765,0,10.09803956624593,2720.631663014988
Bharati,-28.238305829133285,30.313006252633997,54,52.39844311833599,0,9.80174801963028,2930.485514423518
Dakshin_Gangotri,-43.609717219804125,33.723435830358106,21,40.80255555512872,0,6.389623443151644,2934.535839973282
Bharati,-10.288465954387174,70.32566206769229,85,42.53022910946963,0,4.602383209616812,2643.391908903597
Bharati,-21.104602330138718,19.474415772427196,19,48.31010963198139,0,2.343493874925854,1605.669246370169
Dakshin_Gangotri,-22.586047296912092,19.938931684404167,62,79.42382151193142,0,9.202972740974905,3065.0649174860514
Dakshin_Gangotri,-28.31278942385909,44.56792365874424,53,41.71596782277714,0,10.57467904456207,2205.7743145762315
Bharati,-36.637120665901286,22.334102949587756,19,62.33620855532399,0,12.41191155503163,2554.1997496532917
Maitri,-9.607511292199645,8.543712162867683,81,80.97501314331512,0,14.680070361092426,3561.07018182497
Bharati,-0.9342413894977604,55.72271600748353,45,69.76145618845854,0,13.395736005777984,2553.0846066327185
Maitri,-9.141409647990024,54.21758312668323,76,81.32082637334119,1,13.986616748320007,3348.60712082353
Dakshin_Gangotri,-27.008557758827198,14.154911669609849,49,51.204833696747286,1,6.031954760084497,3024.9757077602217
Bharati,-20.318017532732284,29.52580514041084,29,69.42214939215013,0,14.451460421650093,2698.760348034916
Dakshin_Gangotri,-12.160837566587416,10.385726621525622,36,77.2636206946272,0,11.531628725987263,3003.5368421117646
Maitri,-23.87087484740325,42.60685642548367,25,74.11757380199175,0,4.837707197615008,2620.5881507352537
Bharati,-1.6647465313049672,41.647634233262735,45,73.34862466130714,0,14.317979041326552,2939.457906777826
Maitri,-10.01945827676159,5.8941235540472805,60,42.08051203340044,0,6.50634118711184,1859.5222798328803
Bharati,8.425843054973306,28.41066452423031,56,70.00593482442795,0,5.890820084583128,2250.7239979677156
Bharati,-22.669220411461527,47.85838917851434,39,67.31633441110249,0,16.20485289086106,2902.111199964124
Bharati,-53.97790772726039,11.046513228234035,41,57.745072399380284,0,10.991619335005666,2845.9621528667485
Dakshin_Gangotri,-24.137784777321986,32.19440216065739,52,50.92623304643601,0,5.8630688385521434,3192.118967914971
Dakshin_Gangotri,-29.55573383478707,8.56070930878128,36,66.75666960720287,0,7.882380163280475,2925.886972512628
Bharati,-22.92709033126332,16.728263650512872,68,45.18997180033206,1,14.265468901510307,3264.54280941991
Bharati,-3.603425071781423,10.251349548006843,39,53.530502454230586,0,5.230146986061148,2100.1161811965853
Bharati,-31.50212700705021,59.80151112738171,82,74.13209609934029,0,9.466474596242342,3108.2893158359484
Bharati,-34.97907549707269,46.87685361453713,33,75.63003909092345,0,9.464154037926374,3446.304455882964
Bharati,-32.762054965953965,9.003370408323581,29,67.2313776450587,0,20.922505094660906,2511.879784125931
Bharati,0.8496435767652599,33.2310698098204,85,53.10310342972425,0,4.2017861765208675,2430.757667934748
Dakshin_Gangotri,-30.52914374439113,9.064307826361956,20,43.32708621608928,0,4.367141461809932,2263.206055703345
Dakshin_Gangotri,-21.886619217795282,39.85213411234924,15,48.30842820249545,0,7.763709498790023,2889.055720895244
Bharati,-2.842394244325135,44.287065731682425,32,79.28413846946009,0,7.471510884597053,3073.0634441818797
Maitri,-17.03668508189992,40.153374993074365,27,62.91812756605754,0,10.17143771124148,2710.9874927995006
Dakshin_Gangotri,-52.05409935578276,33.14336966178017,56,58.47116180874508,1,8.145205407588257,3938.4678210754346
Maitri,-30.798140892447393,25.927763000418285,79,62.45198898512135,1,13.418747728317898,3365.999831358238
Dakshin_Gangotri,-32.833780235710876,32.04398429609913,21,70.26843579365813,0,10.3829517668273,2885.57298963303
Dakshin_Gangotri,-45.91291226517074,17.101134616558575,53,44.601149419388264,1,6.169590467322612,3353.5375547215194
Dakshin_Gangotri,-30.71546374684697,33.243186905520666,39,52.70460218918318,1,9.081297634925676,2574.128601884008
Dakshin_Gangotri,-57.66600210266457,23.922693661201247,73,69.6909924224839,0,8.952341295518737,3563.1400398077576
Bharati,-21.09957834040269,10.339857584621688,37,63.59664837380083,0,14.609120456132043,2784.2713273802906
Dakshin_Gangotri,-24.910685649091945,15.564694117020808,37,76.59167985164966,0,13.496670487924028,3015.695583702967
Maitri,-33.497751628686046,44.16691848255312,23,71.30101269898844,0,12.89136135939782,2652.1325229332742
Bharati,-46.71329607407118,10.964039774327464,15,48.41894390676296,0,7.12961338901777,2517.3202828636277
Dakshin_Gangotri,-8.266073447093191,30.64362879057818,88,10.0,0,11.290739065309861,2263.205022643416
Maitri,-31.82024859288411,23.101369695323193,47,63.064203729714684,0,5.433095586932043,2614.4714580986824
Dakshin_Gangotri,-11.82904970859072,15.484047056765862,79,44.320777409618415,0,12.649764273846404,2827.7177735516525
Maitri,-26.509471955634464,10.324457259770252,87,67.61396767227642,0,14.904916531997593,3592.375626203776
Maitri,-7.488090402952192,48.393717328540916,59,83.85731558996244,0,1.6925711095297498,2730.3475805110265
Maitri,-17.98668121448928,52.54989006988925,56,44.55525694456355,0,9.703717080320926,2716.2378345647194
Dakshin_Gangotri,-23.6620375446053,11.699263761754553,81,69.69685919059955,1,9.699556961783019,3744.3885978104613
Maitri,-35.07635896917689,31.08601510996731,70,73.0535975830221,1,13.687931543597385,3994.6482649387576
Bharati,-9.411495614059639,24.904963302168394,36,65.18573358774711,1,7.701638578604255,2729.6559781756087
Dakshin_Gangotri,-27.46515086982256,30.448900421137274,89,64.91826004069277,0,7.645742766196165,3447.0997251006675
Bharati,-34.7789377312412,91.14507431460213,78,28.853678982468423,0,10.714939790912634,2870.3101152845234
Dakshin_Gangotri,-26.88714931479264,23.23184571592836,16,60.98310741051054,0,12.50750551165056,2728.8731929797245
Maitri,-25.55396419781472,18.42390473398431,65,59.869847992596895,0,10.901290847714005,2696.6536263615044
Dakshin_Gangotri,-14.510376615671383,27.12411619215655,17,75.74592958614531,0,13.603395700250054,2263.4533315145086
Bharati,-47.585198161009586,34.40129551141201,32,74.39919759217668,0,12.835209560187469,3302.5131455009746
Bharati,3.597299475134733,22.58158515039445,62,52.34484273265401,0,8.011627005115537,2570.483107766394
Dakshin_Gangotri,-19.43979543227855,87.16267673506043,65,31.50077150509742,0,10.176162615445348,2819.5251876707603
Bharati,-25.190739023548524,17.701185207223247,31,36.05986750646589,1,12.280719273761406,2334.2794664000257
Bharati,-19.6720153040975,40.306061731547565,53,81.13076373551866,1,6.915750888262791,2711.3038639749466
Maitri,-43.37761478651316,57.69020997052702,22,58.840642363594554,0,7.367348209804398,2997.634785481397
Bharati,-23.511614412377817,6.090042266136254,52,38.30044514796285,0,4.250961581213452,2598.7009343471345
Maitri,-17.195836570202005,35.964220200484675,34,40.164957768397926,0,14.8094815116674,1881.191201457121
Maitri,-28.53493542899004,18.159977187769968,84,63.461998185008554,0,18.761948793338455,3221.8656900499955
Maitri,-18.71696088990438,15.62905892812562,74,61.81439756530702,0,7.383563715004632,2593.9024532534113
Dakshin_Gangotri,-15.482829335774946,25.96554423482456,44,84.8384122564723,0,12.395860571404727,3067.6801940699374
Dakshin_Gangotri,-33.74144266604658,55.71681822329956,46,58.79686508080183,0,15.090575778815882,3359.710491026458
Bharati,-10.01470977866607,45.25698493166509,83,65.79260258961429,1,5.426736273096676,3185.3865285446313
Bharati,-25.723059925745556,10.239308353581315,80,59.371252157139644,0,11.490955310475274,2863.4674260637394
Dakshin_Gangotri,-2.1217142156177324,45.09935907463788,77,72.28397385185981,1,15.410794000496441,3489.0799254986196
Dakshin_Gangotri,-9.286903932251441,17.932343002920625,55,86.40085737603812,0,9.052761222042829,2424.2334649670433
Dakshin_Gangotri,-20.12276968610866,51.124312950333476,46,74.1666853411862,0,9.796351049071378,3177.8411273315596
Maitri,-34.7418258554385,7.6666697095052605,61,89.56540568973591,0,15.647236280236186,3717.431058808068
Maitri,-26.33835794513068,37.41039208303666,73,68.11432991742129,1,8.432227437883485,3414.232056662409
Bharati,-12.90594178369929,16.69069884342411,22,36.209355835869744,0,7.833002542486799,1809.4899058608369
Bharati,-31.715463576175495,44.88111509132633,23,47.63963247195808,0,9.394569026025241,2399.202442591106
Maitri,-19.798420719919076,63.23603578932657,48,72.31284459966712,0,17.423527591974736,3086.3423407833166
Bharati,-18.442471291757,26.219533487328192,52,56.38082083217875,0,13.338903353298491,2692.3046677501543
Bharati,-26.34954637174431,20.76699108042442,28,60.02772759865943,0,12.309011820200057,2207.744804405059
Bharati,-34.86012939430106,24.25722724961419,19,47.8479843158006,0,12.267051102934406,2552.8887193910687
Bharati,-5.828948510515623,27.433824866183283,52,81.66642873180942,0,5.702149899516714,2694.9098098922104
Bharati,-19.29920016348379,36.793638621696815,29,82.97133713585399,0,12.427611695628386,2938.04177278383
Bharati,-28.62214185343193,10.889211389318785,26,56.56508847910319,0,8.495821325610544,2294.9119610955545
Maitri,-34.48214097454888,14.501711491956941,41,56.711633674691946,0,9.439659417203927,2775.4680402316485
Maitri,-14.217764742095477,30.044473370742704,83,79.13135461092588,0,9.234715394139526,3541.797909379295
Maitri,-25.832861694573158,27.889044831836873,21,75.6913201794504,0,14.004402347247073,2878.17452523481
Maitri,-13.270524810536797,13.946984814275194,49,35.53573173971173,0,17.564290520460023,1931.154805083363
Bharati,-36.06586177952893,49.89722213321475,81,70.19231894194559,0,6.598510959454611,3347.313427934641
Dakshin_Gangotri,-21.368699219998433,19.299345858421287,15,67.43698695201661,0,14.543929611158628,2623.502560524819
Dakshin_Gangotri,-30.75755945878,69.9940434008943,80,62.8000629285227,0,9.677944592570457,3290.953548229605
Maitri,-4.102123228832422,36.06821212956975,73,46.83598686699993,0,13.446899774421446,2430.4810783777293
Maitri,-20.58129210962933,43.046030780191806,15,47.16273673946345,1,11.616046070456317,2582.4882881130343
Dakshin_Gangotri,-36.94943899570893,32.108347908038375,46,13.52227366232593,1,7.96142346091713,2658.2845955509424
Maitri,-13.780436730011452,20.87667566497473,22,50.15370902885819,0,7.900870946710457,2083.218587743014
Maitri,-10.183466681767833,31.51658718054371,43,30.439531958840526,0,9.57208341261629,2428.273901106935
Dakshin_Gangotri,-29.044451410123802,25.54189136864674,85,51.886647878684535,0,11.867713815080752,2868.7791068662623
Dakshin_Gangotri,-34.717476024477484,12.161147096919798,77,66.03241013006897,0,12.42168316759298,2939.3959853335946
Dakshin_Gangotri,-51.43490531283181,12.358772049683925,15,42.484891948616315,0,22.31999802740641,2627.385413380407
Bharati,-11.790564771968517,23.290987465922285,76,79.97884312722259,0,12.627153424339959,2662.644046907425
Dakshin_Gangotri,-46.036038813860735,37.313661961543374,86,89.33906448497842,0,5.260953520485639,3718.845264616676
Dakshin_Gangotri,-25.580176203812965,23.268930479557845,63,63.55377354099298,0,15.487499979543735,2947.1068999420318
Bharati,-45.70238695424153,23.680795698802367,57,69.12824490683454,0,12.84363482152624,3421.714286883682
Dakshin_Gangotri,-3.3879360699597854,37.945014549626734,64,35.723014614513005,0,9.811146079568791,1873.1831323909762
Maitri,-8.985344857172542,23.103750921590137,56,62.75109774602285,1,6.030700777407712,3057.4394337170042
Dakshin_Gangotri,-21.398359705075155,83.60694860426983,32,38.92266337702582,1,9.349952306316032,2788.6447924790004
Maitri,-12.427591588415272,19.27672460932908,17,34.13985480905333,0,15.149432015869207,2390.6439384918835
Maitri,-26.586441542505973,44.59464258277088,18,41.00955963155952,0,12.461729525906597,2281.3085707907712
Bharati,-34.89690571682282,29.878475259474563,42,57.68463755638556,1,15.895882935079907,3284.765579819452
Dakshin_Gangotri,-45.11739112909086,110.94227978811247,70,59.38963749396794,0,15.683629459478123,3778.319525824684
Dakshin_Gangotri,-15.496011981183603,22.194894437030804,77,58.90799493879079,0,11.290906993744615,2368.724822644189
Dakshin_Gangotri,-37.11263354481617,41.01274917772668,31,42.54357675659131,1,0.0,2904.2729505330867
Bharati,5.318529018704552,27.669888475374485,39,61.59228034332418,0,6.855709602831528,2226.5971316739706
Maitri,-38.348340204229686,7.132168519852963,15,49.56931425276648,0,4.298472084718043,1935.4599056517898
Dakshin_Gangotri,-12.85513842591708,29.11782391763132,82,61.930512075709856,0,16.134354744092153,3041.5395148614466
Dakshin_Gangotri,-9.687977195666322,22.10081094897729,27,56.460395816927914,0,12.520768477083521,2637.760372280709
Dakshin_Gangotri,-41.0774048145327,32.994424071997784,53,32.960167655149704,1,9.596044829581576,2802.6286337947477
Maitri,-30.395917779524005,18.66359533781548,19,49.809594262619214,0,8.374883687494533,2351.07006376966
Bharati,-27.759034007740954,5.8060965305479755,77,68.16390748856072,0,14.793420233916027,2667.3564123184256
Bharati,16.791227514330657,60.81667684552851,81,72.58005408603908,0,6.8608914399172285,2582.799176788951
Maitri,-27.944252510564134,20.06038128231243,73,41.52235384089306,0,5.291965566700981,2778.196562227753
Maitri,-38.65821565594768,43.68180138597348,28,48.53792231978669,0,4.947645180551716,2782.297224013573
Bharati,-19.09906372151209,26.571077811236457,49,53.2911232398227,1,10.882627453372686,2946.2332872002858
Maitri,-37.57019291212244,32.71439761079874,86,77.57285444929954,0,7.189897662942503,3609.0412923891167
Dakshin_Gangotri,-25.73852847311398,31.212663212071423,77,67.03725984126702,0,14.437115126163217,3120.9108314368414
Maitri,-30.459277637415035,23.113788579568563,26,40.80077459736697,0,10.378997495880707,2316.6625611437867
Dakshin_Gangotri,-18.78385054707603,29.224904593564517,79,67.3814897785998,0,4.811922480540586,2695.1075641115617
Bharati,-31.734540396974857,42.396942392745494,51,79.03116024507666,0,9.411574670776895,3060.4183673502957
Dakshin_Gangotri,-33.35355069744247,29.881349338101455,87,63.246016421212225,0,6.452429889265584,3173.4251798052032
Dakshin_Gangotri,-12.051492834811526,46.8004603825302,46,48.374860359136875,1,9.833986466244934,2377.267134450457
Bharati,-21.53124878610514,22.05380529678849,20,72.72270261292687,0,14.683064980427744,3309.6725777502743
Bharati,-24.661120216998356,27.655175539159963,51,62.77483155837007,0,9.691986034450954,2624.8939227327164
Dakshin_Gangotri,-48.099477298605464,14.64144488717154,75,56.254868759672945,0,7.628872301639017,3159.7237489140675
Dakshin_Gangotri,-17.538008353700718,34.19926389455216,77,73.39664823021573,0,12.065224274286166,2869.894982298099
Maitri,-30.647985584695252,26.480930421479517,64,59.941417417986536,0,8.575152318467342,2164.4607877737744
Maitri,-21.65905506877843,30.903173161329516,80,61.210294772739175,0,12.416020900328775,3498.101874114279
Maitri,-47.131527229466045,58.951128820570744,67,72.90298232660624,1,11.584508196483142,3843.7004260297103
Maitri,-21.673382527363596,26.777089593032084,58,52.48542500619237,1,6.054112105211402,2354.0447868454057
Dakshin_Gangotri,-22.682666603171185,55.41160424425921,84,42.65499741395506,0,5.014190156070986,2533.398482560538
Bharati,-27.754478769423617,17.6899751591019,35,64.87876105080595,0,8.78091802534132,3184.741763345798
Dakshin_Gangotri,-35.63234188375151,18.79106155255733,17,83.35239951398432,0,11.899978554786118,3064.6113138794663
Bharati,-11.007469306457242,18.079910127747684,85,25.88222564332836,0,17.17514483963727,1856.0451796112052
Dakshin_Gangotri,-33.95846446519873,13.598253647874206,71,71.00087940916073,0,5.718053133832197,2952.259213317381
Maitri,-14.07761494195209,29.96874600518928,73,60.52167878663932,1,6.202805753240996,3031.95773306991
Bharati,-12.434105158378555,37.08226733961462,43,51.9879203530172,0,14.120826064383312,2678.0809710549834
Bharati,-34.986640570670744,72.14201323456938,53,50.30504082984703,0,10.971013355379055,2957.133876616016
Bharati,-16.023346935712723,26.16484273380107,60,73.54439174600293,0,9.474592407901715,2495.9934964924432
Bharati,-30.156479221509336,57.69355153368732,63,70.1982571112108,0,12.876371910331386,3111.7020494663957
Bharati,-17.33769392188087,15.110684017231456,32,44.443484972483546,0,15.150328292292478,2099.355769812277
Maitri,-36.230750049486886,19.250488957199057,43,64.56931556595407,1,14.334872561156224,3441.139893287687
Bharati,-26.381165607214914,25.498757401081047,36,80.58462966902555,1,7.373291114895047,3063.05542922117
Maitri,-24.075305542628698,15.603331296635595,48,70.46126194914847,0,11.938657279009764,2740.2761324399876
Dakshin_Gangotri,-25.3527565950955,31.74884516378538,61,34.9817280820773,0,14.705883058264224,2533.8744126509614
Bharati,-20.425546760693315,13.023436091867934,33,69.69002412213607,0,9.025038242356736,2404.5364988355486
Maitri,-34.70545518145963,28.59629123644065,42,41.28837000556901,0,11.678051722609993,2938.884268187891
Maitri,-31.628306332000008,27.592596513295494,42,63.271245929666605,0,7.838492284674338,3054.3825360743504
Bharati,-16.43390304288561,34.210577970681165,37,48.78488014006712,0,6.373306834793352,2618.6147782447083
Maitri,-29.94813255760787,55.20812341676067,75,66.03742555240873,0,11.845664949704437,2974.3190970373425
Bharati,-30.96727439800175,19.51239587294239,17,49.954056033750796,0,13.884401419942364,2517.683346774257
Bharati,-35.10185854721175,65.73753419602593,59,44.30442382781281,0,13.248230957479006,3141.7593601749086
Bharati,-30.520495910440754,46.98395132323669,26,64.72362517058158,1,4.848730481516683,2699.4676505806947
Dakshin_Gangotri,-37.324672945531944,34.007755171736974,51,61.73082277229537,0,15.454872801954206,2784.6415083247166
Maitri,-16.24839843223034,13.242945473434364,60,72.32422246792655,1,12.534158004990672,2975.4879334467223
Dakshin_Gangotri,-30.388762422709135,31.37677673774242,50,52.046031638285214,0,14.724415245062897,2449.9033182725366
Bharati,-38.00405241848075,14.696623418251821,45,37.29085024548332,0,6.503795054738164,2671.1360212712407
Bharati,-27.438021053534264,38.85824687515304,59,70.14070133210687,0,13.595456748754632,3378.2844365562637
Maitri,-41.75780679721542,22.331629180643986,17,81.70348370464576,0,12.794622459903165,2943.9263154676473
Dakshin_Gangotri,-35.26927524986202,52.01308952072636,83,51.332784883297826,0,5.180896432797652,3035.937515629236
Bharati,-8.746109724387797,53.04993285796968,41,67.29209726081581,0,12.010995459545532,2565.4415489736057
Bharati,-38.05758715478905,40.50877795146938,18,55.324366253570204,0,6.128059882243806,3111.7184354851447
Bharati,-26.72116256640851,16.01022092324521,42,88.98816500243697,0,10.316757619271321,2994.943791422128
Bharati,1.4767312718889514,24.13553292250209,41,52.111259642836885,1,19.529435702601738,2587.8237547696813
Maitri,-22.008953386470033,53.192968265644545,32,59.308629758416096,1,11.417338608735578,2950.843042103547
Dakshin_Gangotri,-31.129501029481744,86.6534269596421,60,29.66922123583361,0,9.804550870740186,2372.590093152578
Maitri,-48.85201428911209,21.468592906116847,27,83.59629499760007,0,4.322956826709019,3122.3939255393743
Dakshin_Gangotri,-22.996949709803474,31.53171798225146,40,51.9845785053067,0,11.420886420790065,2926.781675953146
Bharati,-34.21242897078833,21.784792327873184,15,79.47707020982895,0,9.655426972552126,2774.4127365079357
Maitri,-18.306388379341506,16.590372824679086,32,49.9481555924618,0,2.2217837047649143,2367.9856872358014
Dakshin_Gangotri,-33.115012853170256,18.57399803150703,62,58.81916630342554,0,5.899809791935179,2339.861268318252
Bharati,-21.67403964088648,28.095893802737972,35,48.27965602970937,0,13.825417633559567,2249.992167029245
Bharati,-7.6434852118709955,10.663206476889485,72,45.98045143920278,0,15.430093522377664,2604.885499854892
Bharati,-16.944806667589383,48.09049828032153,52,55.603721504807694,1,10.560566096020557,2546.9571020011294
Dakshin_Gangotri,-40.82000123865103,25.106823360925468,32,57.922699111932225,0,14.310679204940794,2915.3766972214025
Maitri,-23.93240138454413,32.7604371546839,34,54.527472073450525,0,10.402154495283442,2473.1683242026666
Dakshin_Gangotri,-13.438238090619944,32.203345736861806,39,37.171612858673384,0,7.244121167767979,2217.5950885762377
Maitri,-43.235415878342195,25.39193146405015,55,64.25503082799734,0,19.073110770413173,3202.540704343379
Dakshin_Gangotri,-4.753290929502281,21.132650051581027,82,30.648280854673263,0,4.6211443138581,2190.668516372479
Maitri,-23.30895674197592,19.82308234360317,33,54.93166351222214,1,11.962777193286854,2167.9304882073297
Dakshin_Gangotri,-18.082589409010012,46.669709025482035,87,36.293094654421125,0,7.6667552029588135,2411.429317542794
Maitri,-29.12594573705454,13.284182122781354,63,73.50455293239948,0,9.43653404574994,3187.8239588759757
Dakshin_Gangotri,-24.444156423529616,40.37233262531741,57,78.48181767474367,0,16.625649183622862,2923.532054522967
Dakshin_Gangotri,-35.73338005947282,41.55973411909465,38,68.87820963733078,0,10.449553968856208,2733.863677431368
Bharati,-6.435092978812435,19.587081449667725,44,52.856352987409586,0,8.975371201618334,2214.6922644791653
Dakshin_Gangotri,-3.483358151655839,22.856619079851637,72,48.876869416785034,0,8.085382391233363,2389.8859150102535
Bharati,0.7599827087033191,33.66452189027372,88,56.19464835173791,0,12.518056001704235,2989.8480212453446
Maitri,-46.1888259174985,32.33225899334867,52,59.17746895425113,0,6.482624160960905,3026.2923346738708
Maitri,-21.045493895518206,46.539051813217974,19,67.23946661211744,0,10.64771925742248,2465.933107550029
Bharati,-19.814587420608817,42.147331021514006,57,65.96779629078617,0,9.731353440087899,2474.9585142878122
Maitri,-33.4666714246148,18.537511354384414,37,29.42536970654915,0,7.138909722688453,2957.178350769126
Bharati,-20.526219054512126,52.1735412979682,72,69.93217319240955,0,4.541078286833122,3052.2618953007477
Dakshin_Gangotri,-42.23928918375237,4.897009195294232,54,65.7841430949251,0,10.405997877663689,3235.7667530940394
Maitri,-7.34088015892122,22.395106261597025,25,48.2726006983522,0,8.779855365567693,1506.4330859278793
Bharati,-43.39806979455929,12.990138549461777,33,45.48741817453349,1,11.164256462832812,2782.4454523251006
Dakshin_Gangotri,-21.994823812865597,10.983006400914372,83,60.924422142407,0,1.5965463073784072,2698.284912704872
Bharati,-15.529708561428958,39.65987495470307,84,62.701156300234516,1,8.432652714778913,3194.0529919443566
Maitri,-32.19399739531847,76.01520247470845,43,43.46971933449158,0,13.680042803654942,2997.5992277743935
Dakshin_Gangotri,-8.52874800836917,17.830969978832055,54,60.87402082394411,0,3.6716803660050754,2379.9925218135368
Dakshin_Gangotri,-46.89996815628686,10.114347569339872,40,62.76761042696553,0,17.766591752552706,2952.7353522188787
Maitri,-25.367615926761975,37.73080379420731,81,72.87071372278652,1,11.718894385157679,3608.4230970672033
Maitri,-45.239628731139035,15.600738208988961,78,58.33469330399513,0,9.698515703686038,3182.592762820399
Maitri,-34.27944300153837,44.037168512550835,39,29.579858726507627,0,10.69501817855625,2093.436875980181
Bharati,-30.92584698566744,25.522837965142042,33,63.780567904623815,0,6.852185119741243,2911.457760488702
Bharati,-31.658180547872146,18.593821536586606,27,34.63993277972095,1,15.939181275473793,2491.0937184421728
Dakshin_Gangotri,-9.749254764214253,26.116960701027235,72,47.25064240323985,0,10.976112673901154,2571.941062611603
Dakshin_Gangotri,-39.06872794216859,58.11073704678884,83,39.73845403869924,0,10.525892495507588,3429.0689480680703
Bharati,-43.651300611546105,9.66840687984072,54,67.40801050111952,0,14.27217152431397,3871.562537885687
Dakshin_Gangotri,-30.17278976431204,44.9859295463636,50,43.70748405912622,0,11.810427481703169,2800.8657305578395
Dakshin_Gangotri,-23.640001502679233,47.173083100826155,42,74.98986843521925,0,7.542090091937924,2490.6630859925917
Bharati,-18.961656112868077,22.503043731943198,74,42.631142536772366,0,10.126099242707424,2553.860066256441
Bharati,-11.154155642908709,38.86477445571803,18,29.796842613854906,0,12.530795997953234,2377.775311225115
Dakshin_Gangotri,-50.80018870515915,33.57146136122407,38,54.78122651985403,0,10.494502533127458,2859.8734034089352
Dakshin_Gangotri,-4.736334743642807,46.9273970542047,60,40.08141108082444,0,4.871019532581292,2491.4193849094727
Bharati,-34.821156773831454,26.219016489773363,23,79.74870320535851,0,15.858298845820585,3247.756497094877
Dakshin_Gangotri,-28.341656978114536,12.54703456764871,41,49.806825337160745,0,10.898589326125025,2348.400211128661
Maitri,-24.721966574725414,53.75225075342535,62,77.3130634651023,0,8.674987065172727,3676.047001993597
Dakshin_Gangotri,-51.04454854916638,19.168575999303226,40,55.41136475410527,0,12.857895005654756,3044.7821703715317
Maitri,-30.189199569390595,22.244467964454554,34,65.34273496608247,0,8.27724695006788,2696.3006971913833
Bharati,-13.09542311014598,24.812675070906153,69,52.059601948311496,1,4.125074322492715,2799.877856411381
Maitri,-17.422898052662298,50.302772256807266,83,95.65723069176666,0,10.232698083718926,3303.7806176702115
Maitri,-31.00542305921457,69.98928000480942,31,42.76733779824263,1,12.92558755527482,2733.6780617123136
Maitri,-22.443544204914474,23.55893429661354,37,14.216912386475371,0,9.163659537477136,1637.3503793151676
Bharati,-19.461606181764274,24.05943768228093,31,63.90296097449577,0,9.31847618879285,3122.186877687364
Maitri,-28.10537830616143,32.90012686450714,36,44.62589886258229,0,9.49807032664457,2711.4675841678363
Bharati,-19.09012905803764,16.304277552475675,83,63.06450407075447,0,9.828982120529089,2731.46913765039
Dakshin_Gangotri,-34.60534022662923,37.908541680546286,71,58.96033397093155,0,10.82673681327385,3567.662128835689
Bharati,-36.34412832076657,38.08894940135863,75,52.05895439966893,0,13.429832939758091,3454.2120250072862
Bharati,-28.563888082154424,33.372794493116935,43,53.89577025003047,0,13.18274540260748,2574.6792035099666
Dakshin_Gangotri,-53.97144647248039,13.248195861871444,23,66.13872958668095,0,18.366659943074783,3199.8435794806646
Maitri,-16.680701659580897,68.64942612194322,25,54.58098448024746,0,17.21186023881527,2492.3071653289844
Dakshin_Gangotri,-24.002252638317934,39.620434983801374,84,57.70861108338021,1,6.791230945014075,3560.2413899762005
Maitri,-27.66612597426788,63.84073247706621,32,52.53278189602097,0,9.320291725475467,2772.8057511917077
Dakshin_Gangotri,-15.441394228737504,14.402451272234421,22,84.42574921084258,0,13.119830006015066,2663.8079614270027
Dakshin_Gangotri,-20.354679517815896,17.634080947946433,64,79.64401270490681,0,3.065028159159593,2637.35128819074
Bharati,-12.234392418171854,19.90724145528705,39,37.91363364186712,1,11.488582996881265,2459.723647434249
Dakshin_Gangotri,-6.041903500931014,70.39077004516848,24,60.038132100193046,0,6.804684774293335,2529.6077474978556
Dakshin_Gangotri,-21.033277857993127,32.120291826684756,40,47.78173021807762,0,10.015601086178238,2783.004851569849
Dakshin_Gangotri,-33.636906045379824,28.586184815099553,67,41.32144026145812,0,10.275752585264774,2903.587863232051
Maitri,-16.301314870579926,6.901401513150721,40,12.024732157659585,0,3.147930288121514,1858.1430970089036
Maitri,-33.59721758100102,23.940029790992178,86,55.1182184654601,1,19.900470917316415,3409.7798226524014
Bharati,-34.14706613567964,26.32668613236322,47,56.27016607681615,0,8.064995779810905,2248.8906506073236
Bharati,-28.511933067086176,34.097793467942985,25,80.33851649775627,0,15.97949398907216,2605.1443063057877
Dakshin_Gangotri,-11.102457765654965,70.96319930061138,82,75.71151889715898,0,3.686908566512357,3091.5932938416795
Bharati,-15.997724982294104,57.36366216717606,35,67.37748880223873,0,7.601703345341166,2505.867149747165
Maitri,-14.369877159928572,25.47802101175884,41,71.06850696255101,0,13.353744732039605,2745.6803263736615
Dakshin_Gangotri,-23.525306574016692,17.238733098943175,40,72.77570482300733,0,9.19306530680614,2970.2176207638254
Dakshin_Gangotri,-18.16713606548663,25.237649013125647,51,67.31400023433636,0,13.355823184886816,3011.6745589587854
Dakshin_Gangotri,-17.789416925786135,30.606917446250325,59,80.77135927323201,0,12.693470883602679,2546.020073467739
Maitri,-33.259604240598954,38.86160147058419,57,40.956307685645854,0,6.835787380948519,3263.585695544855
Dakshin_Gangotri,-17.94058968625487,4.392285645303047,63,52.68878756631114,0,15.049282483375396,2789.00726652768
Maitri,-25.04722062646387,25.45318600578924,35,50.570547622445275,0,12.450060448209012,2597.2974701245653
Dakshin_Gangotri,-29.859668103514156,26.480518944744354,87,51.72799780891796,0,4.358638121487458,2873.227533487086
Bharati,-29.283848957347853,25.074954384243,50,57.72558696768799,0,10.555980919359042,2708.751061080161
Bharati,-31.629092478310064,70.70248876000677,88,84.48864305339765,0,12.747629497268115,4051.709345886547
Bharati,-28.371119313930564,27.27319876972763,20,73.43016793007851,0,9.73611725849958,2482.330346663238
Maitri,-25.09733033202589,29.283586987227075,39,78.34686096330054,0,10.329065627502615,3027.7642632834736
Bharati,-17.01984424684165,66.49502410914165,76,58.83107585649455,0,12.079730081204506,3457.2800313050234
Bharati,-6.888523922093164,56.91561932158184,30,58.151955967907675,0,3.596087109005805,2371.9992111503425
Bharati,-18.178039422626664,52.85691231272744,62,68.67556025142815,0,9.331418965570785,3132.636973390921
Maitri,-23.594100904938912,33.325580332478346,33,66.4807565067884,0,8.63575222200305,2332.18955959682
Bharati,-49.001546426490144,23.100995785176544,76,66.47168047618254,0,13.155692760469545,3631.2525979063394
Dakshin_Gangotri,4.027157570803844,16.97795554078648,60,94.77601921706578,0,7.877729105819911,3031.1202575373477
Dakshin_Gangotri,-33.49543797626758,47.129842807801616,52,68.78782092256697,0,17.922581971381618,3223.6689663148486
Maitri,-33.107483883572186,63.587475743435505,35,48.193331413385486,0,7.784425898569449,2825.689722666002
Bharati,-9.829876178306527,38.895549419355525,84,49.44134976106929,0,5.620575431378196,2397.706893661582
Maitri,-38.21452939782091,15.44700088644943,76,72.6278688647261,0,15.035855662573953,3844.8044335668774
Dakshin_Gangotri,-20.538585159031957,32.04212168961033,49,71.45672952519116,0,12.502763338462845,3660.6198185334315
Bharati,-30.554799062905307,52.03799777901656,49,74.68096902797882,0,11.648727706361289,3018.72632942513
Bharati,-28.032267264172887,17.940416106210428,72,67.8132550600082,0,9.130803264155352,3349.9094179214608
Maitri,-24.403525180043548,18.434347237578514,15,44.398601475843144,0,8.685965415578199,2105.3237279241607
Maitri,-39.32378826960024,37.461136228023385,73,83.05026401409924,0,11.932250491636703,3255.501311769395
Bharati,-26.481818234606248,39.183297452170244,73,80.14319133401021,1,7.824323765063895,3914.4482748318355
Bharati,-12.68855647832926,36.61425128488247,70,54.21572769501046,0,17.212621334946935,2815.2349103485176
Maitri,-25.895379793987022,55.281090236566584,46,65.49745476944103,0,11.04521481318957,3102.1881053431566
Dakshin_Gangotri,16.982880096935247,29.012427140969343,49,62.78707616955295,0,9.0097017515399,2752.8614398290333
Bharati,-23.900662061530163,22.128046939803937,89,54.4268682532704,0,8.436929510712387,3093.409345700675
Bharati,-39.359034078682164,45.2884787446776,67,42.612230924983585,0,5.2211311371056945,2852.2700820010828
Bharati,-31.258538738755963,78.25545405622354,72,68.61718909917386,0,12.918845809911113,3183.763208627233
Maitri,-48.21406989757789,22.93297863770915,49,37.62019232649108,0,6.927879630458556,2374.99712150591
Dakshin_Gangotri,-12.068660291224882,42.19286040252753,56,51.06934411775,0,9.484636996537825,2539.2639503584
Dakshin_Gangotri,-5.734424781944188,58.81319845629284,43,85.67736505748123,0,20.18979248505962,3085.2685721978924
Bharati,-14.884626206143615,34.685698398226414,24,66.24515697671957,0,2.7853146277918963,2552.7802283422498
Bharati,-35.08156313632047,15.79789778675412,75,65.74735550225122,0,9.602638826574283,2865.2011676796587
Maitri,-35.46936640908307,35.16396113236453,54,55.58203391957804,0,4.526154306346362,2582.7278875091806
Bharati,-16.160363790018998,38.1194882130688,54,36.57953446974414,1,7.850988455321854,2600.2079706931295
Maitri,-31.251322674743186,25.89330019770741,61,66.2142487487269,0,9.430556924276052,3033.4965447115014
Dakshin_Gangotri,-35.32784606057196,25.483370217418678,66,67.48358644578467,0,4.78524602057875,3042.4233578377953
Maitri,-36.66955968462672,13.533174295756801,79,71.91263697702848,0,11.636499554627623,3267.729069027911
Dakshin_Gangotri,-2.571354401924019,20.16616478193044,70,54.11079348197115,0,15.873676182701226,2474.5444915425464
Dakshin_Gangotri,-30.569565817127938,21.59386626833836,75,53.869836182368296,0,11.331440403959224,3107.749348463302
Bharati,-15.01976058072259,18.440386649196086,68,68.52134060583155,0,13.3609936989672,3256.698034635181
Maitri,-18.40510515616701,28.181760240276294,85,41.13226187795956,1,16.496961423633564,3223.077731357288
Bharati,-35.18395302813691,48.70074425011012,24,72.19605232928673,0,12.428602482331467,2819.5024570316705
Dakshin_Gangotri,-24.51346560667014,21.12036033752295,68,57.596150784379184,1,0.577948004124174,2487.237206625257
Dakshin_Gangotri,-37.01376405027827,61.1512923382627,23,64.3955418560965,0,10.716319835292559,3291.0559040692897
Bharati,-7.624659683140941,37.06125554854769,50,94.61549208781665,0,0.0,2865.278849989631
Bharati,-35.92954073561056,91.49613927132056,18,55.92129025545912,0,7.1106936408233175,3070.673834616655
Bharati,-20.616722649120696,42.45270740877341,45,62.08966531636729,0,4.004142754793852,3044.1118797195486
Maitri,-30.930368647151926,11.999729051337482,43,60.44943714991747,0,11.091656116467266,2935.6575674380347
Maitri,-36.09878588347988,55.750957275639884,50,30.317159640183043,0,6.4109116305252485,2727.846264854619
Dakshin_Gangotri,-12.0722429647223,9.108958073381007,78,69.17198400980577,0,11.201541848364776,3163.7049801920803
Maitri,-31.254096647687135,9.816271915646775,37,24.93260597889209,0,13.124903619099554,2128.5155081094185
Maitri,-46.95534829696399,10.742792829897962,23,71.36199902669492,0,6.1668170382858385,2520.1136017804374
Bharati,-19.9082699969798,48.695352858901366,25,49.62580426433062,0,11.00501305443709,2622.6710215567905
Maitri,-33.48992787500518,73.4653932204289,75,48.926325828283126,0,0.0,2522.225058715147
Maitri,-23.108820581126015,73.59972777261383,34,59.423327594552255,0,4.029789437049365,2551.4608755555737
Dakshin_Gangotri,-14.726550089224308,35.242812061236855,43,40.11282560655711,1,15.070398529999,2547.891912020163
Maitri,-20.720448084677386,25.286879601051314,66,58.31963911727977,0,6.472072193316027,2891.2904981033917
Bharati,-14.334349754891846,28.71687018561293,81,43.561823882225056,1,7.899535593972766,2985.4983581210295
Dakshin_Gangotri,-40.57787435489115,28.995111646811868,20,40.659994300228945,0,6.728818827058812,2166.9810069783002
Bharati,-10.618478742306717,31.60832396479888,72,56.723433166521055,0,3.067062145573848,2508.6741025153083
Bharati,-28.56937829702563,19.616193910665366,44,78.35275666988622,0,5.864266796712951,3399.4433316720488
Maitri,-42.11975347048133,30.859326847919164,53,70.8336267059164,0,9.976865265836725,2971.7692423080966
Bharati,-54.45496710406687,23.00852193363457,28,51.84331344815686,0,8.458867156583667,2698.491652917148
Maitri,-28.700650826673517,18.43350671290185,24,57.544235962381045,0,14.293036189356945,2727.9167474308597
Bharati,-34.434458115436094,62.225343974307734,66,51.85514620645487,0,7.525711441735254,3002.059326216368
Dakshin_Gangotri,-34.24845433708951,39.06433719548106,61,42.08655574837513,0,9.95190331965138,2898.837820161078
Dakshin_Gangotri,-20.987658694144514,38.77583112394226,40,44.29203007609453,0,7.8239551990117135,2662.4786608922846
Maitri,-4.356757669173334,32.00883079290846,42,63.970328215491854,0,13.735807798169962,2952.4083933757825
Bharati,-35.81985033002013,19.64782694693908,54,49.04550701469367,0,4.267612151125685,2626.7433062739365
Dakshin_Gangotri,-23.89561739872727,30.460511801117544,47,59.090416944930055,0,11.910762139722896,2857.481119252435
Bharati,-31.81334074779114,72.2043177546844,77,44.68993815325484,1,11.619655664239055,3418.854185038906
Maitri,-36.84345356207545,39.11832613514556,31,71.87655123294807,0,6.714845968876443,2666.2286734097615
Maitri,-37.19121392490371,28.085047146541996,54,69.58498262437959,0,9.602733735086371,3129.2193899948056
Bharati,-5.292581330879038,36.39779538743922,63,83.34952089869277,0,11.547833945285817,2645.458897662845
Bharati,-24.840736840711823,25.06843463389022,37,80.42409823709067,0,7.232860363306889,2976.1156026141957
Dakshin_Gangotri,-27.281055273456133,24.384052682663352,29,46.1753764284792,0,7.149336028399807,1788.5086525704678
Dakshin_Gangotri,-33.2235224246166,50.002401388859106,59,47.100723095584826,0,5.081086337989711,2490.4710999754257
Bharati,-24.1931510085492,32.09642420905702,44,65.27050756989276,0,18.089389324757597,3169.394209043724
Bharati,-32.65628745322239,40.00989968832631,88,46.70510919242889,0,8.132284310528796,3123.4319654494343
Bharati,-1.8395470366767448,31.192744836034905,30,63.528623042752216,1,5.095956872223428,2567.4005684319686
Maitri,-21.97824560840233,44.30791624286723,57,54.80675698033491,1,2.927577111767228,2822.0002034888935
Dakshin_Gangotri,-23.32648649678034,24.209807931316156,46,73.74955535539034,0,6.788892723558352,2616.6611624006796
Bharati,-23.598304359903008,26.408963148375996,40,74.17892768432233,0,11.06767866794872,2740.0478400498073
Dakshin_Gangotri,-9.306303208242948,68.80400039089842,57,55.40406981277717,0,8.978160947271835,2881.8165207013813
Maitri,-25.264852823229234,10.703473718844426,72,32.558247625352266,0,11.402488407812791,2446.916798884669
Bharati,-30.717593551282995,43.70950296609463,37,75.15552919736447,0,12.861140328041582,2539.805473838829
Bharati,-23.067279700995535,33.66044409558183,61,50.833591000382235,0,9.396333609772217,2403.0067137503875
Bharati,-15.503909869449927,27.120706651570604,77,59.647835469642104,1,9.489792834594395,2969.0574044466016
Bharati,-10.804454415017345,20.01984264440514,87,57.94930351682977,0,16.262874536309134,2921.1507367328213
Bharati,-22.419873985089808,54.322506839564234,61,65.76181999686222,0,12.946569969972165,3007.309374483547
Dakshin_Gangotri,-22.24746956123818,73.10358678524831,26,50.66418570870225,0,11.538014681394673,2320.1341717674613
Dakshin_Gangotri,-13.087131812752695,26.218830902104752,78,43.220033456304506,0,8.62765996938369,2738.4988394281995
Dakshin_Gangotri,-57.80986953359592,41.59746984781366,89,62.27325184541828,0,12.701721341292178,3154.28037137524
Dakshin_Gangotri,-23.941493595075684,40.79153613709649,86,72.39743934187973,0,11.409266435352158,3152.0754392295335
Maitri,-32.01314516893255,42.34589803639387,67,58.15192923133023,1,11.258601495809486,3550.1519211665764
Maitri,-24.30347955818633,15.18584885739097,23,58.10613940139221,0,12.868887823816547,2623.344922798351
Maitri,-20.731574648893307,51.60498237885413,61,42.20219368302453,0,11.304294960183864,2595.8183067708233
Dakshin_Gangotri,-10.059959287091893,12.448209283959047,28,67.710976738944,1,3.923016556563436,2851.323570633782
Dakshin_Gangotri,-41.61411256421319,40.52857019783977,72,68.79545636309248,1,10.218694543033495,3710.9143808518475
Maitri,-33.631192698845204,57.29013868251743,18,58.39118836984681,0,5.539752949039719,2599.0384624691233
Dakshin_Gangotri,-35.67343420615838,23.42560964436754,26,45.384675873109565,0,12.533183352491438,2637.409746495746
Dakshin_Gangotri,-32.28226085254604,33.25806658326271,67,61.227496911751984,0,3.726242342832175,3017.927516911924
Maitri,-41.44254836390762,44.82760827763693,34,62.488307803671404,0,9.87573694399618,3250.3812987225406
Dakshin_Gangotri,0.6492824998502016,26.866306632276924,21,59.38532644298437,1,10.231336406047888,2415.1473172207125
Maitri,-14.551167994727596,18.962599966298463,23,43.75308462064925,0,5.412083145818136,1961.2867767927935
Dakshin_Gangotri,-34.304650428702615,42.17206136653107,37,63.80493497760725,1,9.675676334925157,3213.142183232895
Dakshin_Gangotri,-24.814017463116905,16.872859124306466,51,62.44000207277183,0,13.07090366309153,2827.609304891181
Dakshin_Gangotri,-30.21697215743419,9.511578480177779,68,66.28141428096382,0,7.773338491102161,3426.5577160661796
Maitri,-23.12650437550723,32.40852452474959,53,57.95590382496064,0,11.158056271980131,2907.753579001939
Dakshin_Gangotri,-34.212806811290854,26.943640908736693,46,79.25331780924479,1,12.030540040804418,3280.9444573154437
Maitri,-43.27639347719774,42.487659379362064,82,59.97156168260183,0,5.730437652181379,2868.6839323508207
Maitri,-31.866931752812995,33.68658532069708,73,80.92519008817807,1,10.16528294763317,4084.094593530004
Bharati,-8.424154263682773,79.06696495304386,48,63.34297293251738,0,9.156599829921246,2688.869188957846
Bharati,-42.8197849048893,55.313453803496024,89,42.62531471864884,1,9.9406390242496,3556.9409830100067
Dakshin_Gangotri,-11.834498313277454,35.63103096253262,68,72.53720065104659,0,3.583655343335037,2851.626580023783
Dakshin_Gangotri,-18.280615465744283,52.02179761356057,42,54.53705213094679,0,4.370543947128339,2712.5449303502974
Maitri,-29.79562864345718,59.538061030451,45,53.33844458337023,0,14.880278152483946,2760.1286940101445
Bharati,-15.999286795404595,59.53699579472783,20,75.57143475120118,0,13.025163004732647,2833.92980528853
Maitri,-22.496614237672567,17.836783337185917,74,41.258871970519664,0,10.880409441024428,2507.4049374477413
Maitri,-50.649347801317134,20.00209117383642,60,33.72314267958493,0,13.606522296929793,3501.1713982636134
Maitri,-29.85448325600511,64.87615581311853,23,56.713218248751126,0,4.69641059785439,2381.2113669299774
Bharati,-29.50288799016865,32.95761459770916,26,64.52177865370001,0,9.092049844017513,2809.572506594479
Maitri,-7.660019367485752,34.031895384523295,22,73.01334006409574,0,8.715892524135372,3206.916129604912
Bharati,-29.80989963145742,39.69772921053632,26,62.172683748909414,0,6.919260741269139,2896.1386421571356
Maitri,-27.53035255075653,29.117119394432184,39,26.23984515183104,0,5.465260865973806,2095.419027224377
Maitri,-38.93479449055911,68.0744449515246,71,45.43514548277692,0,15.264673763651905,3207.075330169602
Maitri,-25.75952880734679,37.157588510727756,89,41.10490814282395,0,7.482516995512659,2621.7837166296467
Dakshin_Gangotri,-39.2666612715753,49.385332593054045,46,31.72209132788826,0,11.802556557023788,3014.5939243246003
Bharati,-11.967496319848197,25.750360461624314,55,57.447653913613706,0,11.328990018256752,2573.455468855219
Maitri,-30.046438831140954,27.818140899344055,55,67.66363550856939,0,14.18169504787063,3047.0437807733715
Dakshin_Gangotri,-39.29543670882429,19.63938208004155,63,74.56817661741907,0,12.936694401023257,3074.7980389629624
Maitri,-10.29388659383202,61.923307644139584,66,67.44620162589945,0,8.769849710069968,2874.2254497692747
Bharati,-40.67243645117501,46.28708196440171,22,51.6288470096526,0,4.939668050292117,2560.7777788845206
Maitri,-21.935808157596263,30.164571545214354,58,76.2354017805416,0,13.569370069479415,3393.1766654790954
Dakshin_Gangotri,-42.84741898810043,46.33024179259706,44,56.844318960840276,0,14.887690464032696,3112.4736233332346
Dakshin_Gangotri,-21.483779297234758,44.07427522903037,75,60.906915636649515,0,19.852627104052402,3493.4923096176594
Dakshin_Gangotri,-12.189354606184327,18.613578038814538,84,50.066002440705724,0,13.912049019001465,2234.7779853988677
Maitri,-32.778531768153655,28.37513477389289,41,56.32438598231919,1,7.444709095943627,3319.7742910891784
Dakshin_Gangotri,-39.15751942704445,17.43297923302168,57,53.68222472353975,1,7.964133350138599,2781.7837784460535
Bharati,-38.784078973450185,18.813529448535316,34,39.27735009474016,0,1.6943880398073556,2462.005632968475
Bharati,-25.664388086464566,16.55280183701949,19,69.55549932226398,0,6.753149981824976,1746.5120907556238
Dakshin_Gangotri,-1.8640081343206596,20.552010176677527,25,62.51517932177989,0,4.924567046217848,2182.2185971489184
Bharati,-12.18448669281312,22.62236995691465,78,71.92334514782729,0,12.35226901739844,3301.505857534329
Maitri,-10.954256670150176,87.95815295828864,39,49.44044390440888,0,13.830104319513005,2442.1598043561157
Maitri,-37.83897496171173,26.805896354450596,22,70.58206806849992,0,19.032656180289322,3007.6470333500124
Bharati,-11.836995755860698,47.722428622350684,32,36.468366061570634,1,22.349478457510493,2946.537835303085
Bharati,-13.155180866658752,41.15822098119695,61,68.12156687096899,1,10.995221048547267,3396.799977649488
Bharati,-21.33996875200774,37.02478183332285,46,70.13694542614701,0,7.668813446479091,2433.7055670582818
Dakshin_Gangotri,-32.57864267556647,50.730625116203925,26,44.42257274209048,0,8.435851261014221,2712.649695211355
Bharati,-13.333711468917485,35.660187570678474,50,76.751237539242,1,7.230620151931075,3575.6926293928855
Maitri,-33.13432582320556,19.665641211307488,80,83.3772682413408,0,19.37480519170972,3938.1952845655924
Dakshin_Gangotri,-17.113374001107964,39.144680516387695,49,51.37746953370435,0,0.0,2066.0042839370562
Dakshin_Gangotri,-29.56847052276381,44.00886917468602,87,81.74097558330173,0,16.480996421507285,3398.2090272149376
Bharati,-36.826210475918955,17.208757522040063,42,34.47440139326056,0,6.266656098789721,2350.2237870282834
Dakshin_Gangotri,-29.86306856103923,35.39434726641835,34,57.95600089329409,0,8.435115936935022,2790.3523315394427
Maitri,-1.3851449138413514,49.49784471037276,59,20.788149217028447,0,0.0,2075.16521258223
Dakshin_Gangotri,-38.99070237518587,7.50684130445489,78,73.94470528279808,0,14.219991495532339,3195.5135504565346
Bharati,-13.101759084100237,31.474113741403364,75,37.04476784103719,1,13.172586722241732,2858.6446069944836
Bharati,-14.916830169958008,74.42393126702511,82,30.73178223977707,0,5.626576834058354,2383.6515990157905
Maitri,-27.212605705024025,23.184303606670152,19,63.93496590236074,0,14.430135009886541,2386.2324282540503
Dakshin_Gangotri,-31.625216280840295,27.225091735826812,71,75.54421982508977,0,13.659985321797397,3435.358351643138
Dakshin_Gangotri,-39.980098252064494,40.01230616317042,17,53.93266998796069,0,7.879143020781365,2541.027712073048
Bharati,-9.536614349601434,24.105705042699338,73,62.0445909236304,1,1.7903166996605542,3048.1969543707996
Dakshin_Gangotri,-39.27593113144167,23.79372710094231,34,86.42854072448301,0,9.123695623385853,3008.463744990584
Dakshin_Gangotri,-58.46026304335262,57.164658415343446,67,45.73976819966444,0,14.166667945118803,3470.0299730385104
Dakshin_Gangotri,-21.304655615469425,27.440445211480792,44,45.278497929965425,1,6.340146383191238,2385.5151790702894
Dakshin_Gangotri,-41.20911646444729,49.72946676662325,20,76.28433547788,1,14.325153783955496,3290.339253817945
Maitri,-26.316757841543776,18.361429913152666,66,63.364946667316744,1,6.55748889140285,2888.1914003282527
Bharati,-41.12562612397114,27.089336029250045,41,81.37258971856491,0,9.637799900644998,3255.3392194621138
Dakshin_Gangotri,-31.97582638080108,26.472988560236672,26,40.56391420336658,0,7.053951246150682,2726.2639182451167
Maitri,-24.167107931975053,27.49916267447169,38,33.166738370964865,0,10.625969186364,2344.1879502192483
Maitri,-21.741517126915635,18.414923148530672,28,38.488415954803514,0,13.284962582879444,2204.1580732764996
Maitri,-8.934748315390273,25.545187142526448,30,70.60074900986035,0,16.522990951693746,2619.5030262585383
Dakshin_Gangotri,-24.983240884348533,31.283997648149448,47,78.00839928860462,0,10.833430557979781,2889.72357100146
Maitri,-23.71391260118402,11.34840345049625,49,76.06031707014178,1,3.7650157703106304,3363.4587308102673
Dakshin_Gangotri,-27.877791535232753,23.484897922599814,39,68.33104404078776,0,12.52829906356878,2957.986820722913
Dakshin_Gangotri,-13.912597184181898,39.80441849612079,34,78.79223813244262,1,8.808685781981893,2671.8444251719693
Bharati,-38.57234811417038,21.47964663896232,76,50.889097777826876,0,8.722779663738653,3242.6527884401844
Bharati,-30.250798708655616,34.79749710993144,54,30.212426202791953,0,10.423213395883291,2232.210801450393
Maitri,-25.01536341368433,20.667671461569924,32,35.74675660642892,0,12.236799028959947,2087.808500376304
Maitri,-35.87400422102296,29.949433507233493,51,38.201725347009095,0,8.345720561528703,2649.7984687715984
Bharati,-8.250701431441136,9.429828875484645,89,30.973025395416528,0,12.323828274406408,2299.23913158455
Dakshin_Gangotri,-21.177897942060653,39.251492347816324,15,39.592246571842125,0,11.618977459792779,2733.110319662439
Dakshin_Gangotri,-39.70795341054438,23.804399746937513,84,46.11784328298663,0,12.326769910439076,3006.386740416189
Bharati,-20.099923446039917,46.93238732151647,24,69.1016735828844,0,13.519398557703477,2910.130836855067
Dakshin_Gangotri,-9.278864189335373,28.345761860119943,33,64.41444952928185,0,1.1748813853555173,1925.3209181577313
Maitri,-33.63612596346223,24.90528855251185,59,82.62717137085585,0,8.428951887696051,3088.1708129444396
Dakshin_Gangotri,-8.66050516343908,22.082142990134017,31,41.405766771764775,1,9.389171659989643,2347.3966763452268
Maitri,-21.917205741735962,23.69422438997758,88,65.59692276343715,0,9.003787054561567,3363.0177339097636
Maitri,-22.579800989596684,23.23310975092026,70,79.7410302292987,1,6.53536419843753,3151.6593463560184
Dakshin_Gangotri,-10.619297582065595,20.45841281437307,58,52.33660880571035,0,7.390186872285376,2763.9750488805703
Maitri,-22.55544881925591,21.396548151114246,44,53.321764331556345,0,12.084906720532794,2625.6074877920505
Dakshin_Gangotri,-20.316538143737606,71.9705091213178,84,80.72604467834861,0,11.843297929657947,3617.2986872751226
Bharati,-23.892472458858414,28.76461750161065,41,54.66166945484734,0,10.130175491181475,2406.9618395795783
Dakshin_Gangotri,-46.04550920354968,11.473085626371276,89,81.49844179984795,0,5.983959960612834,3300.300712555366
Maitri,-20.061748703771514,11.509485421867849,89,37.77775079774769,0,13.438200747538705,2178.865174680107
Maitri,-21.974079972960716,72.88012738234099,66,84.28725960391165,0,13.149604677633306,3551.4317300165067
Dakshin_Gangotri,-29.560397158024763,28.191380830609766,67,78.86129111041262,0,14.449669404023627,3499.2168504263364
Maitri,-55.59452249532697,16.450317186233047,59,45.654153330637826,0,6.873539466605266,2795.7465209078246
Dakshin_Gangotri,-17.535093694260766,49.595018108875905,86,55.37663987483956,1,24.0,3197.5747302319987
Maitri,-35.32424213369324,9.07812962115294,58,41.3839750139317,0,10.880208991361098,2481.537651816617
Bharati,-38.52107145430151,21.70373068327909,85,52.596375058720625,0,6.970338978732709,3135.6958324548687
Dakshin_Gangotri,-39.662436315229925,30.69699392764863,30,36.54245667449724,0,19.51583059166417,2653.198492558082
Maitri,-48.50830270495677,33.179879693835765,47,33.29813657449589,0,12.990479642220091,2865.0920074454866
Maitri,-19.45947831086492,17.15274339886734,27,41.19149076705966,0,10.811071620957891,1774.8666790377579
Bharati,3.2722571498853483,21.97746141019944,15,75.55258138219384,0,11.294103190600529,2241.562764893688
Bharati,-31.958758671590417,42.29311799586213,37,32.09799314082228,0,15.129530013045986,2444.696914860695
Maitri,-15.147896171787707,57.50796246142228,85,80.59152066775523,0,11.008885155882604,3564.144281256099
Maitri,-26.1233470602541,44.45471445605875,39,73.71815695390939,1,3.1011881015031904,2959.2508042917475
Dakshin_Gangotri,-21.691100536990874,35.86223737140094,76,79.76113538490276,0,9.92796330808786,3416.4434717394183
Bharati,-25.799353753286848,24.823256803463106,35,65.17081967000496,1,13.598298378770847,2836.068168603795
Bharati,-15.61225025961052,38.15756091464792,66,84.73718366320088,0,9.808856531566276,3255.461085913063
Dakshin_Gangotri,-39.49791833156455,41.608086464946346,29,38.48560001508294,0,6.059413374371548,2326.574379477696
Maitri,-23.80530008076177,56.747856502587446,51,80.52512686524832,0,9.854556963422626,3088.7479226658224
Bharati,-11.38220551181493,29.98861661528277,71,100.0,0,13.457013195518023,4067.9662518195
Dakshin_Gangotri,-16.58603447653999,84.94768920998727,81,56.04731621166339,1,15.103980639527814,3427.3904745555083
Maitri,-21.08386477481639,47.756364108878344,42,59.16970100679619,0,5.563291441864346,2515.1414861306935
Maitri,-23.829819553895184,28.47704776140313,58,46.178787782901814,0,5.290363657101393,2164.1952329523715
Bharati,-29.33048010646126,52.171092146396106,58,60.99576126821213,0,9.764384376751181,3240.398604127613
Dakshin_Gangotri,-29.232821437139346,25.360456972990235,48,62.792173040958346,0,7.2285369534988835,2634.788779101203
Maitri,-43.63968673400794,21.804010854350988,44,24.554913732746016,0,7.687268589201764,2320.9525520304373
Bharati,-18.96183725310715,11.668679369723446,84,69.180472353443,0,8.925006655054917,2835.352131680581
Bharati,-8.622065318374823,71.23493547124907,47,76.64398763532063,0,13.064324177287423,3126.284903271101
Maitri,-21.471520350200073,24.918495611715375,70,46.7824765168574,0,6.624661285403183,2854.6439171083716
Maitri,-24.80052740905708,41.33906643417688,46,53.633777344361036,0,5.335013028021706,2915.329869375053
Bharati,-17.811069572734795,48.091096957495985,55,72.72305695311972,0,7.043774265544094,2903.667160906887
Dakshin_Gangotri,-50.42152779247391,25.416803051651605,58,46.06196534499546,1,3.948512756703024,2950.2642995129822
Maitri,-31.08617489858692,26.68210354971316,29,71.14897989121258,0,10.210339671809798,2647.5627640461453
Dakshin_Gangotri,-25.886206563759384,11.502858004268417,32,64.29105473597905,0,10.436455117815846,2622.1537206439343
Dakshin_Gangotri,-45.481219002702915,17.685884961953917,66,95.02333844035972,0,14.039981023104648,3780.077562107172
Bharati,-23.074111204730308,13.594078524735643,88,58.077180753564015,1,5.765594455684832,3345.80680806963
Maitri,-47.209028679533205,80.13412277890185,65,51.992853978561826,0,10.491327632657319,3050.054925931146
Maitri,-16.706527336400512,27.64627784724711,60,63.70698214290378,1,11.339818827598462,3167.065816226492
Dakshin_Gangotri,-22.28974269665347,21.367336554000318,89,61.7350231856673,0,3.808063559843829,2701.3171932837686
Maitri,-27.29028623750579,24.31154983828405,67,84.47923429596561,0,10.876475301636432,3280.07357797002
Dakshin_Gangotri,-15.862772433253141,30.507138330587026,81,83.69192468077115,1,11.025208286743382,3966.1695843124867
Maitri,-23.23563487608332,19.719869707403156,40,49.056475315607386,0,9.48814840309113,2386.3119840837917
Bharati,-19.295329320480157,40.723996813073384,75,57.11671264029742,1,4.874627090327884,2902.5554133831192
Dakshin_Gangotri,-21.597421515041237,48.111610839561635,79,49.58078716978133,0,9.695511366798968,2987.8646743061295
Bharati,-35.32006590185531,27.9399941503307,76,46.923865317832124,1,2.1751680404502682,3290.577620668837
Dakshin_Gangotri,-6.18084769259514,22.39240279529208,42,11.088857420191708,0,11.30082202364306,1541.8896059929662
Maitri,-10.051124740727268,25.189283826800555,70,85.33251021260963,0,12.966542803094995,2851.9367599021684
Dakshin_Gangotri,-19.8554946491978,18.053389128603722,77,49.94504228535442,0,9.124146759923264,2532.1424422472514
Bharati,-23.195597222357215,26.849144568931298,59,53.30837476025492,0,15.117706502301914,2708.8011134940457
Maitri,-15.99603068270925,42.78195291060233,32,100.0,0,7.211431559264838,3474.843708249535
Bharati,-9.87815543818849,63.60245290649851,28,50.3970817770074,0,7.087964427594468,1971.6536903021067
Dakshin_Gangotri,-2.151325399568087,35.82720015086441,77,57.25387924795682,0,8.885870291455475,2275.106506252484
Dakshin_Gangotri,-31.49809746833662,42.30038311768444,28,64.0072463037852,0,19.054314483138818,3008.3518234721873
Maitri,-12.450188509224443,28.218980524375457,86,65.07132342003678,0,8.86326060807871,2811.6655106417934
Maitri,-26.04642461679605,50.58127097202191,59,50.71990243942253,0,18.57333090587402,2730.291204847859
Bharati,-44.30993329781338,20.272402611463278,30,76.84926270653362,0,9.846017322645118,3194.897069873755
Maitri,-14.943215187999511,15.265713583807159,30,62.408847017969784,0,6.771248888515786,2404.7358783915483
Maitri,-7.391880530522741,27.511256619923877,17,61.68497620613229,0,17.81163705479112,2684.588605400813
Dakshin_Gangotri,-13.323674401680083,37.88633462087827,59,49.893869464077795,0,10.738816152188939,2789.245724821066
Maitri,-27.02909694871428,14.716788726904465,76,58.041215741141194,0,8.823765450530031,2612.2596542448414
Bharati,-20.34965860572143,69.1521353328062,70,74.62066297498306,0,13.443957967723176,2919.179789211562
Dakshin_Gangotri,-16.61375345347178,18.320078262874233,58,74.67007489318728,0,14.989115524354649,3294.257200224414
Dakshin_Gangotri,-18.12449149132876,23.95228285597118,59,53.56342782765627,0,7.674964920246612,2570.180192270248
Dakshin_Gangotri,-10.23905444311276,37.93685921426093,33,48.38988785633442,0,13.607107696735746,3123.2977120295845
Maitri,-13.684196098001399,35.24153192409223,76,73.1778821938915,0,9.093579678393667,3310.4671716074276
Dakshin_Gangotri,-31.94594790279137,51.39527660651366,55,64.51975259661849,0,6.075430058841625,3316.04626405027
Maitri,-24.682257897902332,43.3796866158219,77,73.15262052391884,0,7.1704837415673275,2967.3269778442855
Dakshin_Gangotri,-31.05728870069974,18.622142868246165,88,45.46630990738437,0,5.312147413014394,2806.465378343172
Dakshin_Gangotri,-23.065262784711933,24.42576469954475,80,59.678068816749935,0,10.348485967962375,3198.797663637752
Maitri,-47.42626365032426,39.637262571335874,85,73.18991823922225,1,10.362931619585297,3876.7278361612375
Maitri,-1.8609650966543683,28.118845366818533,71,49.318241368458004,0,14.56893045436938,2618.962219198526
Bharati,-34.35619674324313,18.387633691893075,38,88.30900272417414,0,13.473669624662895,3282.7952626304045
