distance_km,visibility_m,wind_kmh,temperature_c,personnel_available,asset_fuel_pct,asset_type,time_since_contact_hr,critical_response
18.357619618577502,6467.08308984173,25.343063646801227,-28.041879812116942,32,99.96837447602041,helicopter,11.540527633401517,0
73.86154525445018,2638.750228797331,35.38568181483892,-33.45113641793319,24,62.879601075310454,vessel,6.919316649156761,1
41.728320543748815,2289.360141695063,17.41053727979122,-14.793533144404016,12,51.820687251799896,snowcat,2.106134778574665,0
37.45502162814337,4878.247865354078,19.259164896645903,-47.960569123063536,35,89.96068421501275,snowcat,2.688412014592348,0
39.83251756612281,6882.82630951825,25.03081506379783,-19.838539984486044,27,59.800597831013036,vessel,14.113711416409796,0
94.13608398604579,2926.5897650056327,39.41932093368407,-6.247488495989412,29,52.24464093495904,snowcat,3.5519725637714945,1
20.515861727564232,20.0,31.759834240278927,-39.62480351490007,34,81.16932197124535,snowcat,3.0896319257684923,0
69.0303207305953,1631.7179774897852,14.805476083553323,-41.595373414913986,17,65.33899732255578,snowcat,0.6814842292593946,1
17.186083463213937,7056.14424629449,17.323408862625755,-25.338728538062654,29,81.98449982289051,vessel,2.450561693050683,0
53.44710879101857,5313.66488014937,86.1016893693888,-22.17545863754793,2,50.81929446730575,vessel,4.876722330149676,0
17.93296789595528,3924.788951373782,23.492961893557048,-45.373862781950805,30,59.36095862956411,snowcat,0.2121936535352169,1
80.47784488070444,1721.140307240488,47.39320729005074,-34.27454463676592,28,81.87729510548611,vessel,1.2786150814874686,1
53.18626589812568,8120.856936908205,73.28437434385356,-11.76587099800669,39,20.792236211031366,helicopter,1.710447572116074,0
9.691756060365805,20.0,39.61411171294891,-7.01906372158173,19,55.641332187169795,snowcat,4.109349276849559,1
56.32347532495803,3054.321217638089,30.546150797269284,-31.944919366149588,31,85.22816489786042,snowcat,2.1868576163071474,1
41.608793142928306,4445.1790968071855,15.22516932581195,-28.405890891300597,15,59.99225013825544,helicopter,0.5394785793929522,0
12.488762852308612,4289.411445659273,55.55062901523512,-26.153575558593776,3,86.44054767512614,helicopter,0.28279880399565654,0
105.45122380234908,625.564815214409,11.799205411321678,-63.38913461684591,2,50.2173965569186,vessel,7.788117584013606,1
41.39956925861027,5490.14301450811,35.15817667883341,-39.02558778376539,18,69.91056000317627,vessel,5.99130485896723,0
45.379431335451365,4794.0878591590335,91.80833665447517,-30.592551850354436,28,59.09884377779176,snowcat,3.330653797447769,0
36.27343526533914,3555.3280384468253,19.63509850601652,-1.8585510241651733,25,32.27542960197768,helicopter,1.7568815535541282,1
47.24794027897672,4286.60174534705,41.22934206969592,-24.900544063457737,25,58.34898662023431,vessel,7.759454821329862,1
21.067403965882942,1395.6616063887209,22.78038413608956,-12.48199640841522,39,55.739538810240354,snowcat,3.143479888864827,0
18.309489067165014,8578.164498750975,97.77529362087569,-32.268180943230945,35,52.134521131274944,helicopter,0.9665329805298509,0
42.618272631041755,7071.246511488934,52.71870159966678,-24.600062758297085,21,47.40635006314766,snowcat,0.20463783459262164,0
13.162836715993775,1041.3201498310195,55.567223771920936,-41.522996713811196,17,93.04281187983536,snowcat,3.3548476771450515,0
31.79619114582978,2525.422507093437,23.171341425285107,-47.76426730492307,36,51.38240018816413,vessel,0.6718585539269053,0
19.738337198192376,6471.162354937578,35.00343262966906,-43.601024458978976,3,71.5485475672121,vessel,2.0535927517555543,1
4.502556911116565,5019.843602147315,15.395768895990546,-35.37432848313914,9,62.48469490200074,vessel,5.312430235577618,0
24.754409266050107,3419.0459814195538,75.0465880938159,-31.24623337014375,17,81.62572522596673,helicopter,1.0363481563582213,0
77.35032119405325,91.99590280590974,19.683500628125064,-37.78641035777446,17,99.67267064398796,helicopter,4.867463795359072,1
48.74295928404199,399.6603895159092,46.71640512129081,-58.429138622336566,6,95.92438976336533,helicopter,3.2776923284511197,1
83.78887240589978,3315.6706946220543,42.831402218759806,-22.24009013524319,10,54.39752874973732,vessel,0.1354176851372498,0
26.874703149103542,8106.6721149353625,14.077878352549337,-40.9121376077028,27,76.21909162128513,helicopter,0.8166596029967099,0
61.86647485700169,6595.315016119697,42.93732779213343,-30.5940329691408,29,88.6271657733187,snowcat,1.2649992461344683,0
71.01468737398126,4985.0869811168795,22.532360717534207,-39.9097372681631,11,59.203297158210525,vessel,5.195192519380209,0
13.482621328241217,5341.633403505561,45.28069013624318,-19.07395620576616,31,85.23236585920509,vessel,0.8203630229828875,1
26.803655795741314,20.0,34.48609327315357,-52.21015286068108,39,65.6246190401903,helicopter,0.4314846303251858,0
57.779890544086314,4037.5992019603377,35.17091524366353,-20.367313975070978,11,39.36598671825316,helicopter,2.1212414509483235,0
30.496678531431026,4010.1394600717235,77.9114666058001,-36.75332121536075,32,100.0,helicopter,2.209449257879208,0
20.224881251629352,20.0,44.494027753892304,-35.41612261278833,26,30.444031827490186,helicopter,18.816148802979164,0
125.41476825403822,9799.821235164443,43.84668991477775,-31.03043462784559,31,37.50005980912251,snowcat,2.611512791406133,0
10.364354074115113,4504.145006506649,39.892605190518864,-32.392903287731585,29,55.58663228843022,vessel,6.63569603101264,0
22.826165542171218,4808.727550749301,36.409656934279845,-14.814519385953224,11,83.36082130645342,vessel,1.4254145590329612,0
30.645111752132998,847.3086393915937,70.28044203306226,-23.788880142955026,39,76.73575693284552,snowcat,4.473519824855934,0
37.66764679663135,3910.72324392056,37.85599805894647,-15.591777173687088,26,100.0,helicopter,0.5668327221272924,0
35.956419808958046,3573.5399637610944,20.715511380160972,-25.62775205721745,3,85.17533980522934,helicopter,0.12250321715764076,0
31.830607417415916,8885.97420407672,42.04305767621822,-33.24587993457871,9,68.42208768432602,snowcat,0.6322778824574473,0
29.031980880418963,6004.849555093639,27.41581392584287,-33.04602112594739,26,89.26556441298345,helicopter,0.4145699227533417,0
27.868463861188594,3710.7220488675302,16.09929066449211,-50.81394607440012,20,59.386449556871455,helicopter,4.329022819352003,0
50.420643017133465,20.0,32.92235552904023,-8.849240551253036,29,67.4049554467325,vessel,1.0617375677015892,1
35.99274855063179,20.0,58.66197458317518,-33.224366686467285,32,55.223191545570515,helicopter,3.1226039287501557,1
15.213972241429847,20.0,13.878744592477222,-53.01115604883421,16,86.46620056703583,helicopter,11.468829461889285,1
35.13519087937681,2099.5490030532173,38.67286657249015,-44.00836076039185,33,57.8443345339744,snowcat,0.2715780190642804,0
44.71858117953787,4651.81888909449,25.996082722710202,-50.54004700621442,10,38.49445845067834,snowcat,1.124757120946655,0
146.38816429812752,3335.0937650823143,24.287567673704928,-40.35477314878172,6,38.32632393834014,snowcat,3.187769931416147,0
30.12950464898089,5036.8346004384,19.130517751055518,-25.02210233914736,2,42.62862285395948,snowcat,3.5902033848782633,0
60.39626654948672,9529.178051111048,21.629113366857297,-56.466095267188294,3,74.53017054525448,snowcat,1.647328647264548,0
68.17910352983323,249.58370029019216,21.734683004828092,-15.8726015463082,33,61.6395019024616,snowcat,1.3696173593577718,1
31.280122628125046,231.26045934783588,48.24795327126224,-39.25988141995015,29,65.3879102390689,vessel,3.830215898086449,1
71.23136945606923,3466.5720077567603,21.446851177138676,-34.30295013994453,5,72.7262396122252,snowcat,5.675530740024663,0
61.33825021613352,20.0,14.448754851384225,-32.60345122747411,14,75.08801638650861,helicopter,7.705920169082155,0
64.99341959092087,2906.7430777072664,19.23885293604347,-44.897375808181835,10,58.38411527605416,snowcat,5.992858651732038,0
24.240832084311712,1713.7360309546946,23.49025637336453,-23.117618999600364,16,62.86285850898196,helicopter,0.9071151425694527,1
122.66065284007891,20.0,22.68292142857765,-48.62012936746019,28,55.68529700411437,vessel,1.5041422453088051,1
60.43699140464716,20.0,33.217871572185445,-13.227337930047444,14,72.1272577558654,vessel,0.2969863809116451,1
19.886040498883048,1499.669194135217,46.834536022696426,-44.4471280827107,29,62.770726092655025,vessel,2.205860612812016,0
31.403543009875456,999.686366131788,40.0816357771328,-32.16822836339327,12,47.202141191500374,helicopter,5.18052461617921,0
47.23310823240638,2004.4804752394136,72.91412869136009,-39.94451152602844,4,66.67273927678058,vessel,6.104499750538526,0
47.90353398218388,7109.061032349176,35.88128534132287,-18.598119580117935,36,78.32351859617557,helicopter,20.349475863550172,0
59.98894644595091,6223.688619953788,25.731470885396497,-45.3517737216851,32,100.0,helicopter,4.072901800961568,0
54.37575942766134,4260.790482970169,48.7997149958676,-14.87004477707138,25,41.33147491392313,vessel,0.21725290065319486,0
25.77352601282961,5111.130331314585,29.020133666208462,-5.923649654297662,25,39.08951818357323,snowcat,0.15345872615320205,0
77.2387419944958,20.0,51.591849199526926,-48.37353836594473,27,36.22495087923839,snowcat,3.9082737603672717,1
80.31401141165922,4930.80182754694,55.211201247458106,-54.39290479572682,4,52.17386382685771,snowcat,7.0427899936674745,0
56.63255142019713,63.40820188467751,43.18231085917586,-34.966433394200436,23,61.06117338642022,vessel,7.320228946906459,0
66.20138418727042,4850.328638200035,28.719400831517202,-29.928136247129068,34,55.82599170331256,snowcat,0.22964685275450325,0
32.31911236076832,8565.256162139247,24.385591771936767,-34.365975028687004,20,36.062850432951876,helicopter,4.040746787367192,0
27.031782015224177,6075.796917531404,95.9621501109036,-35.02144740795227,26,93.57356877502738,snowcat,0.7837954507465074,0
31.3419698984739,5753.301747959446,21.825206528137834,-23.38354886214009,7,27.61381531722401,snowcat,6.5935929163586895,0
88.94411638869455,20.0,32.49647521702179,-27.358452128938765,28,100.0,vessel,5.630431172508904,1
33.31573331660341,3074.4222467392647,62.075890399777485,-50.79344239227562,13,76.24751045763061,helicopter,3.3600520447080333,0
2.381215630185597,3960.6723005832914,23.594164761812966,-40.33494053843565,38,93.52411443174341,vessel,1.5482540813806582,0
43.381810686821765,6267.449481478659,40.98882608454084,-15.631629569277408,31,45.11107320045372,vessel,8.979956564662446,0
28.435118964675855,978.3126286719769,17.453394963967977,-29.62434012471704,13,57.80313631586443,vessel,0.5736850739102536,0
14.692792063531385,2866.0555178698114,28.592376569906207,-32.0042158213685,39,60.80750278385949,helicopter,1.8238197812753536,0
24.773022788507305,8032.31812159458,10.096293866838103,-46.70845524299891,32,55.94124824728273,snowcat,5.236210602173801,0
35.52731415076733,3346.161563463301,16.89713409872579,-22.508801328820887,20,69.81201299596263,snowcat,1.8469374694346539,0
50.93367001940937,20.0,17.390929144567803,-31.501849969834907,37,70.06111435730178,snowcat,4.398352488426884,0
63.7934425324154,20.0,33.424986623255606,-31.51388990882702,31,47.18516064188981,vessel,4.8441760560353835,1
14.478162717947775,1189.974897025909,42.370833049840364,-19.555643071879285,11,100.0,vessel,6.396871643850853,1
48.78152706059639,152.91052351398594,35.59650572281589,-43.92754059343851,8,42.70830250038118,vessel,3.472139927523127,0
16.956784334083586,3975.5441198061603,26.38125412458864,-17.201857961202045,27,74.82594289217461,vessel,2.7613678462253013,0
21.06931291294332,6647.727984621334,27.718113273247766,-27.650224992806038,39,69.99837719318647,vessel,2.3781900619874294,0
58.678587139803,7196.806130300485,28.523233241947956,-17.387054026424504,20,70.54176286493107,helicopter,2.305589289290393,0
20.233223821235978,7407.785152357457,37.23939184898276,-34.685907072577976,30,15.30564038474958,snowcat,3.4937820025694313,0
37.370210481949,1450.3748117228365,35.736147554496185,-15.877577974501925,27,61.269649121367756,snowcat,0.8831024356352948,1
26.792127498579536,2553.7025589040286,57.07954460263947,-65.15564196672568,7,61.41714467555276,snowcat,8.016825445941974,1
59.145069424208465,2946.6684643715603,15.661014420208495,-47.799411820743856,25,72.54071874361853,vessel,9.915740278394095,0
51.65116813004247,12022.656243370722,95.30374740433214,-42.358346484660274,20,38.38054671741391,vessel,1.9277233722084373,0
48.66997265013271,4443.699611071116,30.524165066324386,-40.36518591655403,20,71.45827846894129,helicopter,0.055169285796133984,0
22.03822980864398,2839.2778022375337,39.590006257178764,-18.074105039169268,20,81.4078479971549,snowcat,1.6072066001333467,0
43.09355945140193,536.1368550427983,21.92677992153055,-54.622446485707734,21,78.35006938827988,snowcat,1.1445605677288981,0
53.54747406480167,6874.63843666535,23.393583846232687,-20.54906837532841,11,65.83665129579406,helicopter,1.3147869385809923,0
33.236578166028,20.0,47.871582931327666,-31.491052786779427,8,88.8429882298136,vessel,2.4800162539867605,0
21.535767858658744,4016.2075498191225,52.10198352411781,-44.802034663199485,12,82.95951585785988,vessel,2.8596361064429514,0
38.11395791738017,3014.630962998379,15.70175396505279,-10.226143277086297,36,51.097666490805096,helicopter,0.779763416791275,0
37.96959027948359,2230.968594707386,78.84715886144961,-47.50043695208311,39,69.01485118646839,vessel,2.349389689835939,1
83.71412896718182,8974.659964580282,16.06397579007569,-20.475926937474558,15,84.92172911507444,helicopter,2.0114477147191367,0
41.79011957457421,4884.3185110465865,77.49473502121639,-15.470744934378688,5,97.83177952532264,vessel,3.0512928902657324,0
32.637491911253754,6323.963147786848,27.311640453667913,-53.72879805103291,21,52.74669202340715,vessel,0.3150597614481027,0
37.54107151958425,20.0,17.173524900261054,-43.7903891764487,31,47.841483524023374,snowcat,8.532550806342169,1
27.75006736548208,6334.808821238049,19.52719887270802,-15.0556891358186,23,44.519976569098965,snowcat,3.1691882038922787,0
25.05602152688943,7396.369692367776,31.388892129403207,-29.16889785286562,13,39.416453558895114,snowcat,2.6854511191418657,0
32.48654061175085,4013.862728846145,55.981569878814376,-23.233407331708186,15,65.52490876590454,vessel,3.620607565049431,1
34.64162756265982,1845.80061895932,71.77669684141866,-30.336465152773386,23,52.15148120822271,vessel,6.714496157669665,0
31.097390983823765,741.3847955843676,53.4191646385903,-21.85674050893878,5,76.85799298226236,vessel,0.5518549978423121,0
25.37909306210673,3234.4671229106943,52.148186596775716,-45.68696654016402,21,53.25880069073075,vessel,0.24070706565414285,0
89.20040820737641,2577.00098099918,23.44154973512579,-22.248090936297313,6,42.73428542368219,helicopter,2.8576257077811125,1
26.697294110157337,1365.0506229939194,41.43943495925676,-33.15714919741439,32,84.41400643131048,vessel,3.6078758765101995,1
75.22742963100114,4591.55308300968,57.884881086499725,-33.68382590737048,18,64.29632073857694,helicopter,12.66915508795919,0
33.224579531200526,3770.277991271562,63.560254822824156,-47.47746611774545,22,82.13776832975009,snowcat,1.5252918423028041,1
23.944397934192473,2018.3792939439802,22.455169504792252,-49.792266852874576,29,55.13083745445067,helicopter,3.9682519319110687,1
29.074172395483796,2069.0656092139147,23.764227217455556,-32.85260277030923,32,99.9245053074174,vessel,3.813356856559589,1
13.698819337480689,20.0,30.544675988561206,-16.412440083500055,7,72.41427274263455,helicopter,1.6659855824858492,0
44.65967994391447,2648.922750174491,30.711853754005528,-28.74325712034343,38,43.03048727433158,snowcat,0.5145583138591934,1
65.17578255625462,20.0,36.522051397907546,-42.834776043651786,38,32.40314004678408,vessel,3.587952206193392,1
48.21536583436351,1974.1603481534814,29.67954211465078,-33.24805864996419,8,71.22713483889595,helicopter,6.162614895536024,0
40.8510643673713,4031.760729669512,52.698562992642394,-34.46947062898042,26,73.81127281101426,snowcat,0.11050448694783446,0
131.413284578496,20.0,42.274222218186196,-41.03095073899552,10,79.40332315602927,vessel,0.7328780113400722,0
22.70043651648489,2253.8254866001807,97.36598180022983,-26.1251020097217,34,29.401348951539056,snowcat,1.9026039166278876,1
70.60868037360136,4151.11141115845,25.434088110100998,-42.74846250098551,31,29.968885417086376,snowcat,1.4113374668013923,0
50.34135639299113,20.0,13.712245278733352,-39.33693394217666,30,28.999049032350676,vessel,3.349672280427193,1
15.149931907921022,1243.2967550961107,12.996178346307763,-44.25126182947328,37,46.5391032202845,snowcat,1.8593402219540465,0
25.850153369247458,20.0,37.32935441885368,-40.20980940861535,15,77.27560782708278,helicopter,5.786049446152845,0
22.5633462845312,5681.396069432488,42.055556049757456,-12.687896001129303,11,65.44561820821008,vessel,0.22255715748661029,0
57.2086155493153,1163.738503659229,37.692603965102506,-39.566313845895564,26,31.074091881763025,snowcat,2.9469014172895913,1
41.796787599907965,1017.2098877198428,21.801770292469612,-36.842547699788376,35,34.726381358463016,snowcat,0.13314805251548095,0
34.85965376916248,5613.215036543645,48.415228877783065,-21.482491452745705,39,71.84309351545788,snowcat,2.2600513373753244,0
29.392483607570703,2277.448368753745,36.96734898276589,-18.590331542299538,16,88.01343608725202,snowcat,5.081945953732788,0
9.015198897411347,8468.413178338542,10.232229545602232,-37.12784874545959,2,75.35087675435483,helicopter,3.134843046589122,0
55.40263205744158,4631.886992306625,29.798376965448913,-15.983791662589393,4,96.21349427528992,helicopter,1.318868411865396,0
105.44496754760101,4397.990828990391,16.10834757503301,-42.837233600197635,39,73.11598221625654,vessel,0.6029599601772151,0
75.63110697380071,4496.187076190316,37.26299204329868,-22.872099501648556,39,95.81742832649516,vessel,2.433127444464549,0
39.87638035701398,6923.867832998521,29.94663844443624,-31.91072801146627,37,100.0,vessel,8.992382252631467,0
72.93102022527944,20.0,24.40050181623714,-25.824207973787832,19,61.06425649541482,helicopter,0.8292009331735046,1
53.09586475130863,5087.627938672502,26.335243522843484,-23.760651115373186,14,79.40510483118493,vessel,1.004349999745069,0
91.1838913898038,556.4651642230747,48.94760330974079,-31.80719657349122,32,21.974426206741057,vessel,3.0495739685807273,0
12.492721105413533,20.0,27.626866289928916,-24.71051470672544,20,79.69800473459986,helicopter,0.6304176956821091,0
36.798483028480135,2583.002575069486,25.92122145805228,-21.58375001039714,28,43.80086687846176,vessel,2.489919406884897,0
96.18193563820508,2746.893836886612,26.795841168902864,-50.427144394439146,17,77.42042094816244,helicopter,2.7640488459518124,0
17.52513071265956,20.0,58.45003890197195,-41.4823284208523,30,56.1575722190469,helicopter,3.6311135001713764,1
39.90706675198231,20.0,25.932570652787128,-20.003611228486747,18,74.14451913188718,helicopter,1.2074605270245857,1
33.35398489487576,20.0,14.478028410989038,-54.017704136106495,33,41.42990902350191,helicopter,5.206520401162603,1
23.809866860607936,478.1132384394741,42.11037161676026,-44.54383525614749,9,57.99508303660462,vessel,1.4924295528107694,1
92.14976892608948,4514.513007162192,27.848595889390428,-12.420495991091457,15,80.20851480003732,vessel,2.8674397854322446,0
23.857770006987543,1859.473798949002,23.01332049674588,-35.396666793165735,28,72.26285267707817,snowcat,0.4686418788355693,0
33.47846884318327,3862.476472777858,42.05950463637022,-28.525900095508323,2,26.347591763046452,snowcat,0.17944087606524894,0
33.96816724772877,624.7034900479953,35.616304814489,-26.00297189223798,11,62.2007555458306,helicopter,2.6828781043102046,0
30.422513412042633,7092.467244302431,19.21788638223312,-25.455842586463636,15,52.457922263146756,vessel,11.366456780834026,0
30.24021363828855,1631.0789111918884,51.23246166283644,-37.006972942199695,7,45.14770525366059,helicopter,0.3637602614366445,1
19.975516644584307,5686.299848325392,51.26789600760613,-35.10817183024652,36,50.80624864673292,vessel,1.5158287413605795,0
28.347530857209115,3189.2986986089472,30.400985402901107,-5.059430525486228,2,80.48038135474128,helicopter,3.413975798742104,0
89.82032225625291,668.1275017081211,48.45793384157777,-46.74770291230321,34,96.32213779006989,vessel,3.5760136374975326,1
41.458055763238946,9502.658911228667,46.619296111100354,-39.16690420466912,3,77.35186083606246,vessel,3.249436808935986,0
37.20742361415227,6708.266025407018,43.583248666005254,-44.804822197599826,10,52.35608081476933,snowcat,6.631322129615021,0
65.8339383227855,2358.1825935471356,39.56973325106703,-33.24028614926534,30,65.99525221025428,snowcat,3.186786779181995,1
30.715754135119674,5763.527572733056,33.88636955863475,-41.97464024632725,19,65.90242313249402,vessel,4.452169056451898,1
11.678317681892752,2953.1256045318896,48.13013026798369,-15.645677719301279,24,83.33818846584616,vessel,0.403707157564109,0
61.084315418443055,2182.778029325674,26.46863633710051,-11.827021717679035,26,65.53667063344638,vessel,1.035201903933511,1
19.189999772184663,894.7309618020054,73.30727594200616,-31.325758301149516,3,77.3146601341037,snowcat,3.284540091730498,0
29.15601129475295,2966.664634194971,48.46899702577752,-43.12326812891142,8,66.31796553404475,snowcat,4.285999766571639,0
13.763905244630028,3938.918957653445,46.04580989492031,-9.010243720557611,38,75.71955719796694,snowcat,2.1485067059584715,0
21.94837169353368,3643.03653609888,25.50629704962892,-40.01576455031964,15,83.00387857346047,snowcat,3.003528951634706,1
21.92964908216805,4742.426451224508,21.379308011258765,-28.26094254524829,14,43.322774122374796,snowcat,3.6123145174699527,0
44.70239507358928,2930.139316712041,26.934332931253703,-26.503053311669927,9,61.83984807160066,snowcat,0.9086811101435798,0
11.999795735863456,20.0,68.31516074011424,-42.71017132993883,36,60.03070552945893,vessel,17.861294912227816,0
66.33928841976397,4199.44027345872,29.16259870053462,-35.97666701838924,30,80.425423496148,snowcat,0.1112803688396102,0
30.7136057649037,799.0598754664748,26.75545941216676,-8.699674272164334,24,64.63442111642294,vessel,2.5867187910180336,0
32.65152660834543,20.0,83.6206017147295,-27.650088053096873,33,50.20918082963349,vessel,4.502750980167887,0
36.60301892307784,2222.9322517466126,53.384571458358316,-25.029743472245478,29,56.439316361101646,snowcat,3.9317474977709015,0
14.58618497171196,1321.8993624703696,34.45691081176385,-21.156890910972947,25,67.85741589617882,vessel,1.6666890566379484,0
54.117085889691566,360.6092265282159,31.991791472213315,-25.795568034459876,37,77.04460419532084,vessel,1.9512995493479348,0
52.674355002967054,20.0,33.48524533765311,-18.823417961417693,5,51.033690753096906,vessel,4.614065914242117,0
52.439986548156035,3717.908835961797,72.57683206722052,-24.410740232255122,36,53.800013758707216,helicopter,1.3876627273637525,1
17.38744206122582,893.6379496081349,32.14108545269457,-32.515838575734165,30,53.01265463412746,vessel,1.3987496677715514,1
18.345336678684102,54.973858001750614,22.889796420180364,7.011809750634775,20,53.84591522210964,helicopter,1.185734451949767,0
39.70205339385147,4047.2955340585213,36.42202784033653,-37.95574969115456,30,56.58517625756316,vessel,18.15290736010824,0
27.11535535690596,2235.8990110453055,29.829700878951684,-35.47476878067985,4,72.67379006590643,snowcat,7.5385968598257005,0
33.22985551237109,3927.14821630679,52.608457835244806,-14.191266206398382,5,83.64087257889575,snowcat,0.7830496951480046,0
29.029515544831067,2370.2621067410537,31.160930634393395,-21.336248275962134,39,53.38717769303148,vessel,0.46543558220263925,0
86.5527545368797,3899.246304764237,27.464375888552137,-35.68801308685006,35,30.405993097577003,helicopter,0.7327578869601428,1
52.949531429687234,20.0,112.9064544427034,-36.592401693861376,16,70.74594231712491,helicopter,1.7399055353270505,0
21.333313995010887,7177.486000595972,40.364284519218515,-30.737929687983737,29,33.31090063141765,vessel,1.2136750282693158,0
33.95113636907772,20.0,33.057642778958595,-26.933343420715367,15,91.6469911988276,helicopter,6.034010572818323,0
19.363943059936787,5381.777365067017,18.708813504083505,-30.653707383415888,19,63.249402744625236,snowcat,6.15897737239861,0
28.021105189006818,2470.728796822904,44.38034861745356,-36.8859810106536,27,68.90635548841357,vessel,0.691305649088036,1
30.923438996346192,9365.301089434743,20.361672599018558,-22.51106397631155,10,85.51979044282064,snowcat,0.17814854976173583,0
24.829791728106724,2993.392171024908,7.839131384842562,-29.8562446016895,30,59.6117764208531,snowcat,4.724828087329332,0
38.13834587168937,4876.943990080727,28.94626183219615,-20.02849488754767,17,72.51214326076948,helicopter,5.359958911268879,0
48.27866499243672,20.0,47.314730726927564,-28.79216888347573,24,72.70620132736899,vessel,9.49416860538059,1
30.835646992850847,6587.90788757478,34.78635946277252,-48.7167645004404,26,98.82245538609214,snowcat,1.8166943345893025,0
18.766650604104125,4263.86183047922,49.06240985798309,-24.643664963535677,31,100.0,snowcat,2.264347621378851,0
33.719777958318915,20.0,31.832441101938787,-18.76849774445248,4,63.870727827414505,snowcat,0.5756780596552994,0
35.73473934426042,859.17913749931,59.763826983737864,-25.70678654457706,3,94.8784104107364,vessel,1.4706997421100954,0
103.11516901273393,1940.898013998874,38.51042602765035,-49.43974985162722,25,22.959324383718155,helicopter,6.993729473476858,0
48.96402478699602,6150.059396576074,50.135691786796166,-26.932361730962533,34,59.82668849086684,snowcat,0.8207997772264084,0
11.183396640487823,2057.89190399182,92.41260452681627,-35.996641765243005,31,77.64021532828244,helicopter,1.4579630645390604,0
37.33148526748822,20.0,70.2486965519942,-29.623518646712405,22,36.58651718103384,helicopter,3.8537796384518836,1
64.69418195995783,1512.429609372521,71.83163673891927,-24.377369404365417,17,100.0,helicopter,3.505566666223167,1
46.89458217646561,4524.549740914281,51.8315823471546,-33.232746526031676,13,94.55526141717272,helicopter,1.5818428467964105,0
38.70734195407109,2555.448148713942,35.5998786268017,-22.712514526210818,23,57.710898799519725,snowcat,0.32889304971485794,0
22.696546344316644,4864.2241597566845,40.48055542187487,-24.52017142483433,9,100.0,snowcat,0.36603091797239934,0
47.18477643825549,20.0,29.090282325646427,-26.03072648933441,13,80.73685179626584,vessel,0.6435851988883108,0
28.446766912082026,8368.321587038386,54.76738081323469,-34.57636342477656,24,69.78249944943255,snowcat,2.3286031126709976,0
49.37042394621173,2804.3828952948434,49.71095497257846,-18.297250276938847,34,73.90689045591137,vessel,2.2494326877552413,0
59.96141362444716,3853.486053908208,18.77090662545417,-12.588928467966241,29,49.7686008413119,helicopter,1.0007468411564067,0
70.4382549149001,5490.573250472657,56.323086928404855,-30.36889460801953,27,68.33239070187592,helicopter,0.1730325553524775,0
60.34672012841155,6693.165455385921,52.906486170852745,-35.94533720597777,31,48.732226494706055,helicopter,4.7446926266552705,0
42.20978870034597,6356.81464284249,44.455682425415056,-34.98791721423964,34,65.02796734245014,vessel,1.7325659084601506,0
16.40402493545049,532.0303287865217,35.88313140475705,-20.599079829278693,20,67.09283730468084,vessel,1.116320290052176,0
20.231327641347313,20.0,36.923832048174205,-28.891815171522364,29,69.32156502003134,vessel,2.351384555537298,0
34.595564354645035,4424.998386661926,29.773165581799283,-32.93850563353324,7,64.74462022379869,helicopter,0.3647744000946052,0
55.50597872984402,6511.073466194728,32.86401956660307,-38.94048581042103,22,100.0,snowcat,2.7072855501850834,0
38.56549025627798,4439.145135700991,52.50486736937137,-25.364236580939263,19,32.74945368865437,vessel,0.035507436727425734,0
46.51770549898324,20.0,39.83962435500063,-22.699819736870996,14,28.948797315089067,vessel,1.1791738986883333,1
66.71302731632406,9102.266257155516,79.1915879976169,-30.943524271293636,20,47.45897096437709,snowcat,0.36016773911424205,0
48.64045007448047,1383.193428916826,37.82426408690605,-26.773056257257558,33,64.64695710845584,helicopter,0.21458574824241936,1
29.234903322563287,5531.85200499974,15.946896384199587,-24.095022340510226,2,57.05705702727356,helicopter,1.8156386454869136,0
94.05057784237918,20.0,58.46653249559522,-19.005992265555207,34,36.71032992987968,vessel,3.675241167611107,1
54.90195658538884,7159.15882561812,31.161990680208266,-40.586539588833574,22,100.0,helicopter,1.2634091440090485,0
58.05395812509831,5962.083203208033,82.64949679079125,-38.63395727064122,16,75.78739231331717,vessel,2.8415275703655425,0
45.24324769719334,1672.7042143515453,67.91603951153279,-34.89725671305695,24,58.34741330186487,helicopter,0.44420531044708733,0
81.8664024375208,6832.566240892034,48.25931722470305,-29.721869370789125,34,46.537965849142296,vessel,8.697990969554274,1
93.64735358698556,3518.975090541811,26.26651058857655,-35.64230533056336,27,59.61013321621846,vessel,3.941801425267471,0
54.489160792198334,5483.236031586255,39.92985988015648,-33.449796558359594,36,54.839810166334594,helicopter,0.7447963672018604,0
72.35043890440572,2628.4191774711417,45.0039334469129,-21.444062173042212,3,72.68272270688217,helicopter,2.017710684085774,0
33.87110356351009,848.3208204422845,11.498056507385105,-47.44748210297175,16,38.99347155228712,vessel,0.12040524300176098,1
69.57845806046878,8418.351961947114,29.174708626981484,-39.574612813261744,10,49.32581973135321,helicopter,0.9302108465864029,0
62.586091146354164,4405.428067590574,15.282079669646915,-38.28775767493721,39,82.05206661722872,helicopter,2.305081403631875,0
17.575802435227818,20.0,28.647117387064817,-15.095256885323089,24,52.89503588656416,snowcat,8.115595184633444,1
59.47480105645203,3436.393607819213,40.31488695330996,-29.162000977093168,7,77.61301321728719,snowcat,0.1430759789089484,0
9.186726827845748,5086.909535429364,52.3072483601164,-27.384570907425932,32,63.56305921839794,helicopter,0.6665996062003161,0
18.6117357011649,6325.079859401191,27.303450667659376,-40.13650971433398,22,59.673194490266084,helicopter,3.6238349495129993,0
65.33959075895271,9416.262643229387,43.73292727743313,-36.00421497787703,8,50.86096253664916,snowcat,1.2486414100412775,0
13.6466870172178,4862.100509732154,53.26199036390649,-60.973366110025886,25,66.36052063490226,helicopter,3.813955240217181,0
19.61438040881366,806.0421121221934,34.36108941276969,-29.470478787839372,16,60.84235124547488,helicopter,3.5325213251625707,0
62.13580255956611,2344.601695943398,24.22351691564032,-38.22970830255651,26,16.874873409862914,vessel,1.515061976533107,0
41.17958650249222,6912.378047027838,40.0506399434953,-49.58458951508251,22,87.3367050520111,snowcat,2.5523862387737823,0
22.12372123942477,906.9634126920782,45.02254053724255,-26.56632822167542,4,71.51148592302738,helicopter,0.6883798167862759,0
33.52574081180427,3616.429085461219,20.631240680456912,-41.40232309000964,21,36.316068840271605,snowcat,9.529091616950405,1
47.73888969968095,1551.9379163784888,27.70729642005877,-29.056597040904002,8,61.244834246526096,snowcat,7.949640288832027,0
31.79319973007537,2054.119173359013,9.61464786697835,-26.813061751850423,25,58.128563516571845,snowcat,0.5060218778229202,0
119.07994569136721,2311.074799651788,9.676852464109913,3.0581775662368287,6,45.85389505698711,helicopter,6.5468273589365715,1
79.62117956357459,3682.4027985318016,19.368894360507674,-34.937845079302676,20,77.92184171449875,helicopter,0.4377411182231159,0
17.876451839366588,2585.3253643761504,67.67089238379117,-27.953856488022517,33,93.21053615545901,snowcat,7.115174264261988,1
69.74687005107522,20.0,37.44868256198083,-30.825255006523257,21,55.892181432029176,vessel,10.267308036855743,0
40.4765675399024,6683.535028007667,23.57927832382737,-39.41614590119225,7,56.53622352662586,snowcat,4.000543210403394,0
2.651224727444828,6330.679661259867,24.66129586236327,-27.815476403771004,10,46.08439821057444,snowcat,2.909494698472092,0
75.2305843782473,3624.043210423527,32.36519052655766,-21.008611303900068,4,20.48129142553043,snowcat,0.2641903152946418,0
63.55520416068757,6760.58305493267,48.72991081911354,-23.717379959407754,3,73.4226379893874,helicopter,3.1057938806894927,0
18.111320336140885,5227.603534751364,20.46855300336818,-21.951834736058,36,100.0,vessel,4.716222765297952,0
39.57966376600781,5390.805394819528,6.534075134506586,-39.78516917937978,33,61.84450464381196,snowcat,2.298040018834449,0
27.823551458453643,3979.154454546514,17.4935194304957,-29.356455696862497,38,61.37412009350411,snowcat,1.2568159160776369,0
39.102355062904834,5277.2141358389545,31.050584554642562,-49.35369504827986,17,63.637096567480235,vessel,1.291471969203963,0
31.985300602194112,20.0,35.88565051573101,-50.96340774081482,33,54.79049662944088,snowcat,9.619089616109973,1
67.87744898538911,2027.4744543479185,68.08676564855946,-9.859214636715677,13,42.065415818226754,snowcat,0.1429769044226211,0
32.46264632905954,20.0,22.588837011944847,-28.896016618299008,32,100.0,helicopter,0.9318790751460715,0
89.06169812985353,20.0,42.297185368857065,-22.683557050485874,36,74.3186696430101,vessel,7.295209098781305,1
45.42827410423971,6757.418088698374,83.1737300661713,-22.641088122982797,19,76.81314552173177,snowcat,3.7864459949847813,0
30.3744965768794,4265.7913064335935,69.07176333670607,-30.60031421010096,15,100.0,helicopter,0.7341693456591523,1
39.99745960881784,1519.3928876533778,37.83641887740429,-14.24519188548594,16,69.0182272628799,helicopter,8.403225153715939,0
31.08748280956672,110.1905761615667,37.10111274160708,-31.905709942527906,26,48.06781890481895,helicopter,0.25160237662970764,0
21.363677692849357,20.0,30.732416822879095,-56.11307405218119,15,43.22671479810775,snowcat,0.11769651213651271,1
26.58486161495403,20.0,16.30887887204374,-28.140351120756332,4,100.0,vessel,0.4731051540394882,1
45.222744273950994,1135.556419880687,49.28355234744605,-19.002012835076734,14,80.9386717721676,vessel,9.711521101649273,1
40.50728715799838,20.0,53.54846247528382,-47.1694238906949,18,62.99409978490437,helicopter,4.818204948823978,1
48.38526158734341,5709.211303807142,43.46356275412666,-33.62817761129526,14,54.043822674959884,snowcat,0.13823311449836204,0
38.05719439825977,3937.7689278774233,42.77926902577747,-16.921456038460434,6,59.24481536354409,vessel,3.8050222052982905,0
30.673685125150733,4253.847417245905,22.622545465168344,-19.589641985053547,19,72.90755528749254,helicopter,2.7874078620296654,0
21.552962040963017,4906.097219700501,30.477386989145053,-31.817456048815128,39,100.0,vessel,1.1702055118202515,0
31.57482267976908,2900.0231259747325,50.477283472875015,-39.496104441552205,31,63.66918654136234,vessel,3.1058909722752617,0
48.76696255262078,3646.7564270829425,24.21618911878219,-30.338807486450435,31,47.845040862183495,vessel,1.855534920222004,0
21.848183970792995,2868.3610472272007,33.717302608692926,-27.3459747475003,29,39.34802514617878,snowcat,1.3990749491647583,0
26.477061680090568,7357.957829138445,9.844135189334374,-21.368440379040287,13,77.60393510863486,helicopter,6.281911582886045,0
45.00932618349409,281.6097175975119,25.796245337039636,-31.992733830872776,20,86.63279247649827,helicopter,0.1114569706030716,0
44.571713005224474,5488.349693923437,14.718634053700132,-11.6201196617262,37,100.0,vessel,2.318137790473943,0
21.49644300614409,20.0,31.998163221383482,-27.483534000935204,34,100.0,vessel,5.935674456170217,1
50.19931212650028,20.0,51.22589621598998,-34.50549500457113,38,34.90516660762081,vessel,16.42104018774113,1
45.516602380821915,20.0,40.63975109442413,-36.931379520800306,27,65.62543360538994,helicopter,2.432777164766624,0
105.66682594159353,20.0,36.83213532232316,-40.55809600380809,15,57.18632232263661,helicopter,2.852658279023123,1
20.715077162860094,3754.472446643983,40.978896404033556,-18.017654479929284,26,61.197761205614015,snowcat,7.707891519444146,0
94.7464843090928,20.0,30.66271269358923,-32.6898667795178,23,48.39055700684606,vessel,2.332585363477883,0
44.965066694796555,3968.6492499158317,45.3955537343293,-64.56177389466156,16,71.83612071789864,vessel,2.562374069072612,1
12.793732535161698,7899.726078759863,18.66847242977124,-34.963996754859004,18,39.784998687424405,vessel,0.5253802632231566,0
32.771204051590104,1616.9247442637186,45.15736507657,-15.529222598340734,21,74.73414491884678,helicopter,12.577205460329175,1
31.959879322294277,4094.217023015475,16.29229747692739,-35.82389203485986,33,88.35090352827928,helicopter,2.298901106024217,0
68.9067142905732,6091.826110118682,22.39357254145334,-46.4764562669387,29,54.761109304130315,helicopter,0.8240134529242449,0
26.55632966128375,3866.0803526265768,66.15104913187787,-36.01337060199745,3,87.718768178055,snowcat,1.256543873386502,0
16.484149533492083,3372.425469260165,32.14070263100821,-23.242328614022092,27,67.70972973023457,vessel,14.66084473529418,0
49.27690843686834,20.0,50.30204032129475,-33.25638784745056,3,83.92702958976217,vessel,1.1082041610043611,0
43.70206867810853,3359.253493593962,20.312944005223518,-41.55623715502463,16,71.29648925023889,helicopter,7.896444356407345,0
58.34556247639527,4832.280001878556,51.929419060674476,-23.348776033810232,38,46.46862195319318,helicopter,0.3911699551345648,0
79.73538412348641,8431.302727492299,49.789091873348625,-16.531321373170936,7,64.52501068545034,snowcat,12.556136942722162,0
75.36303618517519,1901.2823527452974,82.29183398880379,-12.825106052763452,23,56.18209866308853,helicopter,1.220219551939562,0
120.85497508805334,6667.252129900418,62.75860715550881,-27.922677486385613,25,81.86000982281476,vessel,0.2663382739802134,0
94.11684800066091,1138.4051792769842,12.651787328196862,-32.48102624873677,15,60.270435598127136,vessel,2.952227945277804,0
54.89241401776464,5798.54841439162,22.33268883798905,-25.154952128107688,37,86.11357153683687,helicopter,7.892667602231896,0
40.45471868256849,502.8490134183494,38.704341840665236,-15.283058858554702,20,75.33959705318865,helicopter,1.0255516503616677,0
43.371859809554074,3374.7755644326357,41.07493026502074,-17.890713054162823,31,69.02883762620223,vessel,0.24793700746418768,1
66.4351787350488,1038.1739786247354,30.5824683130259,-31.22544834712599,32,69.96428641211942,helicopter,7.971756185523368,0
28.072744844867813,3023.500306865652,51.45549055161153,-41.74267212040944,19,84.69712850838462,helicopter,4.433481791454337,1
32.82437929166019,3014.743840759559,47.081750088722686,-27.396414175297537,8,78.33822660455348,vessel,1.3438360315222242,0
55.701703199098425,3277.9232472767853,21.51992246647029,-30.46668001180499,6,84.11360856523845,vessel,0.8373275440402747,0
16.14414717005735,616.8016311623182,42.36414705961781,-24.85357200198881,19,44.351469358365804,helicopter,1.5601174642467992,1
27.28367822622953,2857.4648773841936,17.660691835016003,-43.42135158647403,14,54.125938565844216,helicopter,4.056189301467951,1
22.312796404936066,4028.6015423183517,28.0866520778796,-38.18791016439279,32,65.11411189032287,snowcat,10.021822709301764,0
80.92758516927717,2018.9947934695156,43.34685847900527,-19.74833361054634,8,59.70098790523647,vessel,0.3700734202571211,0
18.57411747928141,392.4753241741482,46.771719335381114,-28.051482156106644,18,46.23238430896145,vessel,0.26379605139785456,0
30.73335477311637,750.0812438948819,52.6231540653821,-44.41144242503394,5,90.06126495569109,snowcat,2.352264971608677,1
26.457122554459662,5972.098720426035,17.662573272916788,-14.58561395791115,31,42.18186889650454,helicopter,0.3234890218029435,0
33.17436642125281,3024.09684199616,38.55024807637506,-33.8172733917228,7,84.5738138742562,helicopter,2.629622398564354,0
52.455650278083574,7189.751549274424,31.23133975127065,-25.720868205339293,26,100.0,snowcat,6.174778443741842,0
48.912856335988025,2272.279291567745,37.3266318340207,-36.11692742715876,4,54.914711633335294,helicopter,2.9496824547273612,1
44.678700187834764,2551.8733144083326,40.785632896702786,-27.00781346427875,14,20.69565285480236,helicopter,6.126055985478514,0
55.03285877952844,4609.4359767194455,42.179844403442985,-14.563663806045241,31,55.45391949585895,snowcat,0.15436965403090325,0
48.14559438046171,4660.15859698316,45.43251120714785,-14.499274008790948,37,49.62396628249752,vessel,5.654067646747868,0
5.857040914533607,7012.097342207917,22.162251126017566,-11.717034702222485,34,36.857114276045735,snowcat,4.0667667173908555,0
56.599427033739495,20.0,71.38689313462626,-35.995748782979035,23,73.37890075227045,helicopter,6.1236154699641965,1
44.38477658503925,4426.613919864934,60.58136936218112,-22.516520861731692,27,73.81103360531114,vessel,5.813156476827251,0
83.82912084707688,20.0,29.08752125676743,-50.32355409735245,25,74.26799303213394,vessel,1.7471935383516866,1
21.079347015366817,2626.6383456725534,40.92171612714245,-26.35456354404249,23,46.43046451972534,vessel,1.0180582638870437,0
39.994874126633476,20.0,72.83668442590378,-8.05899626521935,6,86.62589921410934,helicopter,0.21864347521409175,0
48.21613129359329,3637.8976965496827,44.914432356546556,-44.77720620096727,20,51.86002848877081,helicopter,0.4858722026556568,0
96.23956583393768,20.0,32.60865300913746,-40.24686118928353,17,43.96633450900268,snowcat,4.1635966739631955,1
16.500440256427115,20.0,62.46345559596254,-31.971690160267528,18,43.22789261678803,helicopter,3.0955649858112793,1
43.464626240817985,20.0,36.88035356721787,-33.16070172784212,15,50.14312889231275,vessel,4.753723207099981,1
44.82602795497468,6411.051424530086,26.62782490629843,-20.333429063918608,9,67.21600232814639,snowcat,0.4892621541819245,0
21.92203453198146,4997.677019737606,41.78524716964611,-21.134638247598893,6,43.954840620891396,vessel,0.6936611216881222,0
33.24955594526314,6794.838267595094,30.061606407991732,-54.614304563034814,16,48.71739663700342,helicopter,5.8668971268181025,0
33.69418059977322,20.0,56.19421734074881,-42.7376724654615,12,96.74376538313354,vessel,10.462665141883203,0
24.25611647680157,8328.596646513186,24.107871977754,-32.03896049834436,29,52.13712721903011,vessel,3.152110212890288,0
45.35543737386308,10140.283568633411,54.73180091134737,-37.049396311696576,23,82.61096375551517,vessel,0.10246975324595206,0
48.3995513607664,20.0,42.90444576545273,-25.811454409177,31,66.66106387360021,helicopter,0.1710266400779269,1
45.28038397924548,4115.976069948933,8.482337276198175,-25.24718053704186,34,84.08479313917465,snowcat,2.817812393000956,0
14.932959636435697,1112.583190150612,43.96057824180691,-57.104650213610306,27,69.22088530130587,snowcat,3.165905485636009,0
27.422206592640908,5322.763840829304,31.868546307937933,-33.8796133856013,38,65.2273997289105,vessel,0.5548369395324522,0
102.34668292930964,7933.594206007985,16.243088120748872,-40.34169366938748,39,58.43359962099756,snowcat,2.3866582389063327,0
26.163521883177282,50.10802763589072,19.883635607437075,-28.703692396239028,35,49.12397840666779,helicopter,6.289280897311543,1
16.25477785784368,20.0,78.24747690033377,-22.067687191758687,35,70.09877377263781,helicopter,0.053124318809312385,1
33.32510877693582,2213.8703418978826,54.73790140234158,-32.603634336337926,15,54.068362456358834,vessel,1.0806704020287619,1
8.116135706467048,13904.75089780016,14.836707484826219,-45.432748812336094,16,26.05052380395734,helicopter,1.6267309982288962,0
135.45188533576552,5520.915223773089,42.88613902459296,-14.208921926556703,33,71.92276641787713,helicopter,0.16322322529717925,1
14.086996932792113,4498.842500163637,52.72614482130204,-39.4755244246584,4,62.87235490150919,helicopter,5.102404661646231,0
22.274488952300633,6081.551720815438,42.70572178516694,-36.3298545122462,34,72.56689565393805,snowcat,1.0979675734193848,0
25.013988326750773,6500.931460777016,19.503094961739762,-52.862696725686746,14,65.00322869097221,vessel,0.8430410652859971,0
48.10321219915136,4004.5476875798595,46.48921061855766,-23.622617488451464,38,80.68401216492963,snowcat,0.2765990231606136,0
12.22732909222561,2841.391699094523,23.463105341498043,-29.813526140185523,23,74.0208236654901,snowcat,3.696091805671072,0
159.66708022297462,1265.1056614492365,26.731954827041598,-24.103969035649243,35,62.44524025519792,snowcat,1.1193234595500712,1
39.061432176639485,3657.242572407875,15.509012014051285,-39.69702355013888,34,72.98592683742422,helicopter,1.386648294200179,0
10.543547610566817,6432.875585918575,22.497213402858897,-22.203851332710965,6,91.43220496328325,vessel,5.822647678815689,0
103.76525609597964,6252.8163758225055,12.161092656335462,-13.012338346771138,6,47.978365635256814,helicopter,0.9902088012223937,0
47.850583755471064,1350.1998670183245,55.9004996850938,-57.46697514544071,35,25.17430301698637,helicopter,0.7694350425819405,0
32.24794883679026,2657.6699753461367,25.08673729866425,-24.66817666372105,37,84.02628083008823,snowcat,2.8580694482286924,0
10.475174760719776,20.0,75.41669045146311,-47.56179143952785,2,77.29911053485004,snowcat,2.52228744274875,1
40.9416388492337,6224.952077524051,56.83721658070154,-24.58346964970199,11,100.0,vessel,0.8755710551568674,0
31.64148536722222,4555.608682677524,56.06604971882482,-17.148531176069916,21,67.2043170701594,helicopter,1.696385674318396,0
13.786249887155169,2177.292029521283,76.37121826837719,-42.416873569162235,32,59.84339959483881,snowcat,2.7316234400961683,0
42.47965329815313,1736.1534637001278,6.782413611009669,-39.72662012638935,29,74.03783449533255,vessel,0.5669454128239076,0
30.149269169676458,90.97971552004537,48.12557936988832,-28.365729963349093,24,82.32409381745428,helicopter,0.057338878815671755,1
29.395476426570113,3247.0973807311902,64.51844237188168,-30.185589157167122,23,77.27752450186452,snowcat,1.3988924842077908,0
71.49054651926116,7488.029917358949,56.75033296884294,-46.41382609372541,19,60.436066755270204,vessel,2.2611683868737136,0
82.66034416980614,651.8978822475397,43.47815178637462,-36.81894194409631,18,90.67750619605813,helicopter,5.708289730514417,1
61.34056773835381,20.0,16.559273338897892,-39.25777903156769,6,45.49260320862906,snowcat,3.233627941130317,1
55.4001857783469,3357.3231883003214,17.971043697779862,-32.741892689660666,33,51.662962158359896,vessel,0.9146471454950382,0
60.14974006057881,6549.306757787004,30.18912866340269,-8.946586421295972,21,96.67653774740702,vessel,0.25853604806302916,1
22.074911855758497,5880.010502247078,35.64172116486403,-28.112583430560512,21,78.98356069963633,snowcat,0.14081178763786903,0
33.1407763706644,6650.084318823572,24.900932844540996,-42.899422216969576,26,56.61587929687551,snowcat,2.494886091597383,0
59.19904810088962,1451.7579377603436,91.3920585457155,-26.738091024421053,32,67.78442934676103,vessel,0.2774735557484652,0
53.6138957282868,5662.8477660080225,76.4469829017354,-33.08868732139458,29,100.0,snowcat,1.2593570964189844,0
21.12983091267437,4118.520931443293,27.819922178663056,-12.740787620642429,4,60.72471706735707,helicopter,5.0134823484754225,0
44.20837079729308,2212.2435037610303,19.306238082708564,-35.35152718996573,17,51.13978430705583,snowcat,4.282944971134762,0
19.48507640777635,3087.4161582301167,48.26076179479457,-33.63789330737222,8,66.49758403633119,snowcat,0.6732196058750818,1
22.89199602224841,5460.807801010934,34.58085792781617,-16.654030612275726,5,82.96366696592523,vessel,2.385989145180505,0
60.612189090574034,4716.81064886141,52.33063491276106,-40.17132990725428,25,72.70288401412893,vessel,4.506728040937958,0
48.60838825354478,4648.744739296801,62.36548618212503,-44.29982241502693,25,86.24784432554802,vessel,11.09824136856377,0
46.98874098895045,5016.5541583580525,15.263889946823426,-26.74194948224733,23,48.34962127767858,helicopter,1.477287309449735,0
34.81965681376531,1783.832412253349,33.217564647046494,-27.966725889974537,31,41.482666045937776,snowcat,2.5684394929714376,1
47.53253579530844,20.0,24.991320827332654,-45.949183226913675,8,87.19286528127618,helicopter,3.2047202653897044,0
37.63738781957891,926.4499560008694,87.30893410334984,-53.87898393020872,27,42.2519541501073,helicopter,1.3115381676268747,0
25.895263356860458,5650.0159335934995,22.78525623923205,-26.14652900546998,35,42.04603583034823,vessel,3.608311642702983,0
59.89698573124195,20.0,26.793733221063988,-26.221543075619977,37,50.42477254762005,snowcat,0.12604723241702745,0
9.329154454300154,3031.0775336345764,51.973976806292974,-23.505445789853646,6,46.673262688463794,snowcat,2.7095192722898207,0
31.86461320756433,3449.9722918423226,26.700910735207486,-17.908822425057938,3,52.371625720497725,vessel,6.481002725744802,0
81.92318849675223,5178.497409362787,18.698680428810817,-28.8003716645915,8,30.66803994480439,vessel,0.2526781968464201,0
30.28839848504706,20.0,77.61458688194202,-31.854103716514295,38,93.05328391795442,snowcat,4.622532223150635,0
27.184809474918318,20.0,38.59279135917125,-21.388202799392886,30,34.40420281342682,snowcat,0.16427472144853736,0
11.008294054065903,1289.0613198408616,23.37782963286317,-28.77500063677048,36,100.0,snowcat,0.5784020168547013,0
29.200748372354063,4683.402471886457,17.6885661849691,-47.95273655798219,15,81.65686179525045,snowcat,0.16625005334500775,0
65.26350299890498,7169.114372381092,22.278651741005703,-27.198721284161895,28,100.0,vessel,2.419567465561432,1
91.67986709228971,993.3418923953673,24.931944682385478,-22.183332411111778,17,50.836823002615425,vessel,2.1990141247013484,0
48.65549020662887,482.8213015914507,33.65110855143812,-40.92717556539802,12,57.076247426014504,helicopter,4.264100386796407,0
26.711770092174202,3736.539251023135,61.871239768200525,-9.457274718277372,39,92.82889052901764,snowcat,7.696696802252331,0
80.95962257921373,9256.978942924856,45.36261737298687,-33.80005915639882,13,45.58268386183777,vessel,3.3559815811704823,0
79.6201980840963,4387.182756124419,61.645974035205754,-17.11471444742616,18,81.9950139180583,snowcat,0.8992999565331603,0
51.24645950799795,4608.324041031474,48.33427796557642,-41.79330479330633,5,63.706034288069745,snowcat,2.027817696996831,0
18.263192334925307,8874.948395940602,41.83078409000934,-20.084302658653655,5,84.7224774833182,helicopter,1.2425110539453927,0
28.64636093393421,5798.781506948208,18.772154710040304,-13.5023410615028,39,93.24885783165738,snowcat,2.2647362022888027,0
32.27055920402593,3501.3913180387926,55.300068869026504,-39.604760103192056,37,55.12385853025506,vessel,2.792241273688009,0
22.35738726013772,20.0,22.27628116973729,-26.50680567504248,32,50.078676591088545,helicopter,12.350680002217267,0
54.464639575114624,3218.680647972054,56.43453502070627,-32.84846241468601,23,39.6996093217424,snowcat,4.737863482201961,1
37.21879590908138,5168.890355802845,79.0800163706069,-42.30788086868023,29,36.226615739132534,vessel,0.5843068391821877,0
29.873983021604218,20.0,46.17495868810419,-28.650588640044532,11,54.737807164678685,vessel,0.5347504677869974,0
36.83429036666016,5802.508885022821,27.682340307289635,-33.88329460236167,3,65.63124248698013,helicopter,0.9449122020377614,0
16.176246087282713,2665.557484766314,14.664660757301087,-33.15809191618462,5,54.35763079486545,helicopter,2.7397757916874084,0
34.03748718339727,2365.619971181309,49.28504773646959,-44.020803737324144,19,71.07122414702556,helicopter,0.9192773923292228,0
82.37685357990713,207.27761709420201,37.406480468071386,-19.72597840141913,18,80.35047496353609,helicopter,0.24840047936014514,0
39.4694970409369,4053.8737701225455,14.52777919173499,-35.03424655945102,21,54.62104511434315,snowcat,0.024123108574941567,0
25.175892960920418,5048.965334171879,39.82732809084908,-33.55099708534935,37,56.77280328652964,vessel,6.421747725695358,0
26.450753464587567,20.0,98.55062520109576,-42.54228552286352,4,89.8168452252778,helicopter,0.06071246733646146,1
18.37654721061839,4549.353894958998,23.31304703244531,-17.05400845384483,21,73.1700626302774,helicopter,1.3291906864020293,0
48.52697491588043,5687.130862404922,20.279982067970654,-45.72194359264234,7,62.10803332639307,snowcat,0.7795168845863094,0
29.19476711781571,5524.410484306343,58.9206251092653,-49.25930665063045,19,52.413316092906506,helicopter,3.79172513642592,1
87.35951970174212,3689.4120179286638,38.620890049399904,-28.319547887410128,7,83.33583818751052,snowcat,0.12753569999370173,1
107.7897190023394,2032.8069975770995,18.570742933409488,-35.95703083580827,18,60.27309827206612,vessel,0.5037039444493863,0
4.348675773299995,2209.759194092009,20.580617482245593,-22.473807593988226,10,27.08567248899422,vessel,0.9141917488942124,0
51.96141635569528,20.0,22.622987220651876,-11.389316714640252,12,24.82326190514128,vessel,2.1622330478553264,1
33.67559998586983,1112.7366318940192,42.29903959508186,-14.59307151889822,30,49.550946359954246,snowcat,2.760905463390335,1
30.509991663751997,2122.627149346068,17.997153755300893,-18.51693156325277,18,45.25018811580476,snowcat,1.4930000206196705,0
66.89117191182505,574.8457850879386,45.26382596422196,-40.9448725160897,15,66.45114722625031,snowcat,1.3594762034163934,1
59.795349511368315,3439.004046416487,10.573262947227454,-17.451309552748068,7,28.144738765090906,snowcat,2.7144425843239857,0
103.47236702839497,7474.953496816567,42.110774750563344,-35.450927624038385,36,66.28946256870836,snowcat,4.205707387426914,0
34.537168762088676,8010.964928091631,39.636918075205735,-43.68772853174876,34,45.75533050066882,vessel,3.4506558481085667,0
118.5583260440422,1244.6940886163536,96.52180551856958,-23.483853418616256,39,85.95621937815537,snowcat,3.5207519184047853,1
34.989279703120786,8282.002566044612,25.81726356216269,-35.18364949356995,11,50.04936107307451,helicopter,6.0127051161197045,0
52.820924971659004,6393.215452004455,36.89582675114175,-31.890672269322916,15,82.87020234660156,helicopter,2.729300251425542,0
19.650174914418763,909.3710549589568,17.169518357184263,-21.905589161204837,14,63.62637564506093,helicopter,4.013825256744953,0
22.002401072312036,4492.616524104331,42.8847305768977,-20.653118929731704,11,55.36111026882269,helicopter,0.8376481844450505,1
26.77113858335375,2932.3540255919515,84.03526838584537,-33.670594474734074,26,39.48198452246935,snowcat,4.943746495148183,1
36.40251158224313,20.0,28.40538455667833,-28.36365970329571,18,48.890482388172266,snowcat,0.5227353547331606,0
20.74272219341564,20.0,27.840769412750056,-18.9285571756148,19,92.42647971037445,helicopter,1.420369285338209,0
78.91783773911231,5125.272636334857,37.039645449280485,-38.68563635860278,14,63.020586836676564,vessel,3.881964112469918,0
60.87770449997644,20.0,24.835850216080473,-49.035655787132626,34,47.72119376477406,helicopter,2.992594473842589,0
27.335501225258735,8406.883646715713,47.15674210922133,-35.89125509112554,5,71.15547451649101,helicopter,1.7994681810631454,0
14.312841355290727,6002.438592930579,19.678999807370975,-33.90625682865291,2,55.31725273861836,vessel,3.312672725628602,0
125.45407056049534,5047.385814315583,45.505265315824026,-31.580907266090094,3,50.71169485230479,helicopter,16.47866831831426,1
90.44663383700806,20.0,12.747213793868276,-2.848496956825233,12,56.428949110871365,helicopter,1.2151263662132505,0
21.05401130423919,6137.27045768117,26.965609464056254,-38.722334361040346,34,84.07808726564649,snowcat,2.4008053529550404,0
31.04567949989014,5881.4722768553875,24.519900768019035,-31.986458729706992,18,64.1765525967806,snowcat,1.2917042095297013,0
52.66090413564636,5700.249003115985,33.53309613909083,-40.350900803489665,16,78.85572925387532,vessel,0.11783461418700673,0
45.26826201779738,5820.614257991843,40.72141404963502,-27.17285468134796,20,56.17106669326316,snowcat,14.817533773170876,0
26.21732014276394,8233.76347339166,50.1787116896568,-23.73145901036542,15,52.48391758612317,snowcat,2.1345521725164165,0
58.79240986974737,815.2415062480522,29.913499710825185,-21.035972668968334,39,94.15959341915601,snowcat,0.6087966349222109,0
55.15184551471581,2407.399682154157,29.2335353972412,-26.97563428799997,28,43.52056503280736,vessel,1.562314795766361,0
48.82265131809367,352.98777067298715,45.89730899032919,-28.867505697238236,13,58.53228975540885,helicopter,7.918732675054432,0
70.60836863594425,5342.846053787245,29.917781528987753,-59.09866262654181,36,87.23973440877296,vessel,1.2021038901905212,1
27.034013192385782,2275.9394532251295,23.323219265148705,-21.407420255371157,34,55.65855901617949,snowcat,2.124689360280077,0
50.21962682941633,20.0,48.23760075548733,-13.493379194060804,18,100.0,snowcat,4.999217219373826,1
20.426664522912805,3225.7139064508788,52.40976045426152,-39.3910493509094,7,47.08639277394349,vessel,1.350564213731215,0
48.426660855191685,20.0,54.85501622303274,-40.396822334874216,13,77.64248954835085,snowcat,9.116463216322513,1
60.96142938792924,3216.7674141498915,36.29996196983298,-43.136650014101704,28,99.11406195366999,snowcat,1.2025612257842329,0
6.6137784909565305,3363.00015314362,91.43982735884669,-22.571570108799065,24,68.7604085986706,helicopter,3.1972280412797804,0
68.7200119928375,1663.0473523159417,21.12162174506128,-43.54766565534574,31,73.12254289665948,helicopter,1.4646750677992426,0
133.29301800280078,6014.066640351632,30.372677699082967,-31.502527734126616,13,81.50965624376445,helicopter,3.3099766228130543,1
123.59255560129765,20.0,30.98961684547577,-47.83803864643794,9,13.840670444223719,snowcat,2.5288955021357897,1
17.078121139228223,3282.5618150396235,49.05552716124021,-25.014266964598235,5,93.55895282523075,helicopter,1.5665704127490083,0
16.281928972942247,3587.9159962294816,7.858256881490276,-35.20941227099625,6,71.81689137781176,vessel,2.4001363168011354,0
92.86662184209045,2865.972308791667,16.841470592487827,-27.439741143663966,20,66.21034609570077,vessel,2.2808604947936026,0
12.308667105066707,6690.255943622637,38.22434719128517,-40.26522808236686,22,68.13156484502022,vessel,0.739465756618018,0
81.93467458766139,1066.4949670126052,27.223396851349555,-38.5532492236152,18,24.068918500356517,helicopter,2.3886094138875755,1
15.19951563654294,2713.676015837945,55.16780464218746,-36.87614307163219,27,83.1007771806665,helicopter,0.20342898936763543,0
17.255476805068525,3321.056708950463,38.069455621771894,-40.20432181018117,17,72.50779159862194,helicopter,4.398327711711335,0
86.68096331220924,1821.3482796206713,64.67387635456588,-40.79906304466964,36,45.867316517064374,helicopter,1.813627837730038,1
52.292974997755174,20.0,11.46419543249551,-45.35589892662621,23,73.21889658934536,helicopter,5.984703562264885,1
23.545206643477478,7543.419267418838,38.71926123616471,-24.339823562603865,25,75.92577565299376,snowcat,4.699500533904444,0
69.65343115179358,647.1003180456873,34.509371751076245,-26.393288286355666,29,53.92378035327407,helicopter,3.19872535445954,0
45.33976277365577,704.2265966504806,45.23347789264016,-35.06670604291794,16,90.52851504202607,helicopter,2.66820783830355,0
36.944861924041845,20.0,33.60095595198693,-20.945463803020655,34,62.52718882093037,helicopter,0.5928632932405508,0
18.39893761740006,3170.472716931933,28.68744752328878,-12.267612906461807,36,59.43694695489071,vessel,0.8551826966814841,0
20.138054081694786,3521.2385399766767,24.81179767129492,-38.498501318805516,14,78.40212178243003,vessel,0.49272325492679125,0
56.956358245818684,6762.5487016913885,27.975100786930565,-27.481580755767535,19,47.60567166822261,vessel,3.592840625079824,0
19.166419425078335,1873.9417998889267,41.10820025473941,-27.47110177711972,9,55.680714891357404,snowcat,0.9631569501089181,0
29.47465163429056,3760.913259200031,16.187891374581863,-37.69493046497329,8,42.0416753671424,snowcat,3.8191691099050864,0
25.759992218849497,6003.248119365815,12.01958624895431,-45.61490386318032,5,61.50314616943019,vessel,0.39911375551203776,0
90.88098759047469,7145.855860064495,14.499594511998326,-0.6034452070655085,38,58.371531307069176,vessel,3.534596569015533,0
31.15006953055027,4120.700915592534,50.09071691997609,-25.880634410834165,18,67.59471904516573,snowcat,3.409573473117648,0
39.54706712147625,1948.128838621486,30.013824140041,-29.632822076277574,19,85.38296268990082,helicopter,1.9486357301350075,0
11.846713122903326,6611.194854255242,25.771770080098495,-26.084164841681172,10,78.5965096247393,vessel,2.645070313951725,0
33.26797441570042,6688.061396320816,29.3362451775584,-0.8961404178818171,15,67.57688309999217,helicopter,0.8349822905868218,0
22.0078938650824,20.0,54.04028297514085,-32.610130474806574,34,90.75506771639928,helicopter,1.3373950086840987,1
35.87833730892163,4049.7310166451553,11.476952612553923,-29.416863229139267,34,52.54656720282337,snowcat,8.081636109616012,0
28.749124127404567,5935.723308997951,54.164389123383515,-29.283384073830458,7,74.90004784217503,snowcat,1.2006318652924937,0
16.598352070734638,5166.705355109139,20.073730854818482,-16.90937711669366,38,83.30273609122584,vessel,6.045248692425522,0
29.940625412235466,2190.3029582235376,57.814224003778165,-26.757940235164924,31,100.0,vessel,4.348493052805079,0
6.84930950826819,1563.0959186454972,85.28114265127955,-48.623370619176015,13,67.92389239393889,vessel,0.41405650075331046,1
26.768011141245477,7134.325841710922,31.17519665297737,-51.18290065295371,37,57.247466519642344,snowcat,0.27193901054891734,0
172.3708451926975,3737.040348952444,25.85622204740932,-17.58228269342073,11,65.30852334506444,vessel,8.59674088749164,0
52.509173562689696,2451.60719361007,68.68501086009195,-27.029389016153676,37,66.3204904078513,snowcat,0.7360174417641544,0
44.4138564521959,2578.9395952732516,20.56350166149241,-33.99309187847665,25,51.540220396865685,vessel,6.929572092704873,0
22.980321250445687,2998.0669936784006,32.95693906897326,-39.502885511258796,29,65.38811990574776,helicopter,2.0417148590429592,0
52.77810740368424,2549.815418156907,27.548406913105964,-9.036537834025719,24,100.0,helicopter,3.0551104176729966,0
21.067530431659293,6457.69922898786,36.60519615762436,-27.231334501837615,37,31.445632631195544,vessel,2.407103943940797,0
90.36935281355929,4314.836329307867,20.564291664515864,-23.74473074611857,32,16.55140131903898,vessel,1.1500545155421347,0
71.88830661962507,4112.166794685793,46.77603195543935,-20.19989945449523,13,34.66423704678493,helicopter,1.4597327733470928,0
20.91779506786444,2401.415414750201,37.19861461766588,-24.8528877243699,37,46.35201281820293,vessel,2.4495111603369573,1
28.92595052332772,4736.902256226516,36.82184106031861,-35.34359334066896,28,41.15473551308763,snowcat,1.9926763058045505,0
53.39714349719165,294.45989940255504,40.38142228003058,-32.41303128562356,2,48.84858052175326,vessel,0.19754699035050355,1
30.215029923196724,3535.493862095947,19.915705310014754,-22.24219100228604,28,44.342505218498026,helicopter,2.1901204991767798,0
45.95675348138728,20.0,47.891508559498625,-19.34929767520891,13,74.0144504026984,vessel,3.8945406815181536,1
84.50981842556482,2256.8569697026837,14.98198507956555,-17.309451651803982,8,46.10806765175799,snowcat,2.930288393273337,0
74.56274782539148,1439.9270429799926,34.049581722693375,-39.56814026159741,6,41.90901153839636,helicopter,0.6978813769721111,1
28.14920519351745,2914.3997703975415,64.71316905099904,-27.80790936670432,13,25.88016881581499,snowcat,3.252468928692007,0
48.5129212782779,1755.2076844282808,18.25441825080297,-39.67149587766794,14,84.9004810229846,snowcat,3.854050657217959,1
7.815763758168588,4551.986297669684,26.914479184970585,-31.44451626993753,24,91.79199975441416,snowcat,4.12196406936723,0
21.759935248372827,955.1439794940936,30.51299315188061,-33.06522929347728,11,70.08828215008245,helicopter,1.3394631847305045,1
51.54895025554609,5607.518594457104,33.357877652497535,-30.099906161433232,32,67.54488597848777,helicopter,1.785660009010941,0
40.54407394081002,7665.734956727202,28.61935847355408,-18.92254241849702,28,78.16698262063096,snowcat,1.6829839868982992,0
28.935682995660972,20.0,54.884527777154204,-40.205159905075746,10,81.27730794131352,snowcat,0.9166708762905487,0
21.879913522627422,4858.046128947277,12.870734637782784,-6.458817962118289,33,41.90143344272562,helicopter,4.304188886520883,0
31.48676663248928,2193.9201535183774,60.416623724674984,-15.010891438479543,19,60.03088637501044,vessel,3.231866951474271,0
109.71081249860532,5800.1050037005025,28.448423577190283,-49.35978954597044,28,84.58763266084976,helicopter,1.8626035697145342,0
44.04188093701465,20.0,49.527847339843234,-26.306549930692867,5,54.13198601684329,vessel,0.5647402507600832,1
25.64198477472655,6619.332685661262,48.05630958969882,-43.98200291371578,26,68.15525437764242,helicopter,0.00299204692798085,0
17.589595735862492,1877.6760919438123,29.01104040174173,-25.848204246497087,13,89.24066946488256,vessel,4.516839766505567,0
25.657380858521304,2336.269895562965,25.003516834684767,-47.237245251742955,31,100.0,helicopter,0.05692336126739814,1
22.82034404186752,2341.271517926327,79.00608355520151,-16.2292815033642,7,84.71252989173942,vessel,0.744879453432528,0
14.50340196543484,20.0,78.00488942448317,-15.676547094813106,19,39.64092860491958,helicopter,3.214437760596664,1
28.530431407275945,5363.827823656369,36.34331586265436,-35.78761803664652,25,51.10347806637496,helicopter,2.2973506287188363,0
39.41364764325072,1208.9435732825518,54.64463117422717,-28.069461410608245,7,89.24740359752059,vessel,3.503684997671769,1
13.892186630890293,4488.8264541067,32.15396452566564,-45.455425421818575,16,50.06377539184207,vessel,1.6726290848834662,0
73.24653673805834,2223.9964341814416,28.40974201242652,-36.8409131643243,18,82.41983381444464,vessel,6.589705160043227,1
26.92584616837548,2366.7954778260955,38.608544588501566,-32.1446163549586,32,99.43596698650646,snowcat,7.276505522921205,0
32.59247635109061,6008.738763911499,21.404218482192068,-49.05517660583855,14,86.36055294330916,snowcat,0.45827040541942843,0
50.49634254131352,20.0,20.080230926445367,-10.652328756792595,26,100.0,snowcat,0.7207559160495527,0
38.224054601518745,20.0,66.57654765008178,-28.617673920226174,4,42.22366054472499,helicopter,5.863135323269744,1
18.365100475222473,886.7842500215088,46.50196429350554,-15.323632542377618,17,26.212879465892797,snowcat,3.9013851879586996,0
30.125446273290247,2701.422189488888,23.474148196922787,-32.44469404724772,29,49.27368544277111,helicopter,2.6997288374349058,0
11.49408017224779,2259.6764057957603,48.312176358445754,-38.66159416621194,12,65.09264125177702,vessel,2.9652129960834923,0
72.57494191764987,719.9954721560152,29.24298521207314,-29.08881850033576,23,46.734827951558046,snowcat,2.7626367514195755,0
22.95649147459097,8020.062566237961,31.516908540186968,-18.863775432632316,6,49.413976381240474,vessel,0.5814501601722846,0
25.892028876414592,6763.846479212803,25.15899501858177,-38.39915742875784,24,62.13130494697857,vessel,1.2474098145564865,0
25.846141715257847,20.0,39.62579947466864,-27.20738485600508,2,55.72860344069849,helicopter,3.7742308158229307,1
58.05776441791627,980.7621002290559,43.72357247296922,-37.36989511179208,18,81.6766153313569,snowcat,7.8423350648027395,0
16.424450613145453,4157.109427987563,31.821526482983835,-55.91730168855392,32,65.2861017665973,snowcat,2.396186563993658,0
20.22967703528606,3976.301244334815,20.028387139259586,-34.627541589890235,25,53.13464390450406,vessel,1.4159341322345125,0
40.128152959353095,572.7082243740629,48.971315094751695,-28.75468516293097,12,84.07989080003199,helicopter,6.0984114669811,1
66.45589709899495,6974.824902109045,25.059404421979142,-30.27565519506689,25,100.0,snowcat,0.7583635849203471,0
39.47968314482237,258.491941556661,44.68059312548543,-33.7302425508715,35,74.20019523393808,snowcat,0.025789069533367688,0
48.46831353868256,2915.7048681553897,67.0125916903904,-29.19686207870257,12,54.2725717362998,helicopter,6.518357480911135,1
38.616788768583355,2768.9592526174115,67.00595614106936,-38.0672798234594,8,31.767803479714175,vessel,1.7564916127039534,0
35.646845439512894,3728.6098015616417,18.259223061028052,-24.366465654646838,6,59.490751700980894,helicopter,4.077666463113097,1
57.97817501523414,1273.2491022179513,27.233053232333862,-35.69071424503839,4,41.041127198541695,helicopter,8.207864843694882,0
40.9535754295258,4454.735007761916,41.399254365266174,-20.515629990482108,19,74.98233852342877,vessel,5.2828688015627385,0
91.4593744571248,488.6518855272784,55.710378794260166,-46.99555015780162,34,98.45503771467506,vessel,0.5962140456109131,1
26.38082371515968,3999.7597063185,17.214261093473617,-29.331183767264466,29,47.69929557106896,snowcat,3.415127413038446,0
83.73150795794068,1276.0891818876037,11.712987018200643,-24.49305178360907,38,53.217222843509475,vessel,0.3779315706130983,1
22.47478438814386,7178.42379795576,58.967935039037215,-15.40856101593145,25,79.2326642532454,snowcat,1.9198932337085437,0
35.39881073492035,2259.6416364214006,43.55734729263694,-36.804156294534685,27,50.2958230822944,snowcat,4.594961216600703,1
19.672055586728156,3517.9041365076437,61.39337420520263,-16.362359655585443,27,29.834665350987052,helicopter,0.6356680140549524,0
30.826530115523802,6259.054072404359,18.05819077825336,-25.177253250709448,13,88.67281674351145,snowcat,2.2400632201234947,0
22.72075780821765,3634.0158469648745,29.743610034695802,-9.694873060430464,21,36.8578714901281,vessel,2.582175053906348,0
22.194995570643506,5409.498046343427,43.14058005840859,-48.08184307232629,20,62.96394617078979,vessel,9.727170700562136,0
16.3574730413268,20.0,34.14463576198698,-27.61722588791998,15,61.96675050577539,snowcat,0.4113457475451553,1
34.664519977269705,4657.252132376594,31.840295144362663,-30.900780543826162,34,56.10978937462704,helicopter,8.045057866343392,0
46.28701117026538,2399.48559353796,13.772777566941874,-28.517576381138444,7,76.78128912963366,vessel,5.320194727557905,0
143.92032334959345,5570.401715333939,30.58203939573343,-20.017198264383723,8,34.10322584011742,vessel,0.8696101138618518,0
47.13206041896363,4448.413517838751,18.51781805871797,-13.7545764163423,34,71.7314486344492,snowcat,1.810852393455739,0
40.892705195126815,4573.127704597489,87.86223750096346,-26.534681084680848,3,47.506048437748845,vessel,3.3453912885659225,0
25.534511899491527,5107.331148271418,44.068457387088586,-49.75485292269731,6,65.59367494709522,snowcat,4.086769148581995,0
35.42025183172266,6084.039484970149,117.41327836775667,-35.03153877395077,23,48.035825190194636,helicopter,1.1269684443993442,0
15.173035816423464,20.0,27.433423164964587,7.3817986124399795,12,66.87512524307034,snowcat,1.9318892509132053,0
34.24491999419424,671.3260222118743,33.70006001859941,-41.94208992572936,30,81.17782073899627,snowcat,25.822942319772437,0
11.040390112903793,2946.7267037562965,67.62028549787176,-28.33384763799451,5,61.261271987699416,vessel,3.489553167966315,0
32.60645266896481,20.0,32.727222263929356,-21.75434095282659,34,58.14047194315638,snowcat,0.8056072407784101,0
139.201669734066,2284.013056506686,71.52333706855974,-18.529262252125402,24,48.605157956194674,vessel,0.03962062894003991,1
38.87780989511364,3595.4041336835194,80.8233851823712,-37.74102352460335,4,66.53959428545666,helicopter,0.021332283130746962,0
94.12220352585194,7745.484418480967,38.01884825137235,-13.175546688615192,39,84.39788514592443,helicopter,0.8333673236082368,0
134.32838974580037,5173.830984283242,64.89366788120373,-15.84342670478297,2,62.99176293103229,snowcat,3.018139552262163,0
15.893351937449792,5167.751081442942,53.57246547447224,-25.241616130322555,10,92.44757804723662,helicopter,1.5331163151036877,0
46.23897108756937,3162.69729441568,13.127323426596247,-41.49185209526347,6,59.39773868610102,helicopter,3.8953940759594845,0
16.83068484991778,20.0,71.66863925221809,-37.23748936762656,21,100.0,snowcat,8.002404350219093,0
19.704010152042443,832.4422002013384,49.098786968746936,-38.488547865807405,27,25.40806839522017,vessel,0.055934877966165183,1
28.50810585098424,20.0,37.96534091019487,-33.46082112418436,37,53.69586822203276,snowcat,3.161057665632618,0
41.870503598254004,4691.430445132525,35.634784760569524,-14.038140202083621,6,48.11731909373791,snowcat,0.7478255193253904,0
21.822151963445634,3304.8562544989836,85.65542332525537,-27.052315771872266,25,62.642726351065235,helicopter,3.373058264128129,1
44.018845913851976,3634.652526507698,36.06310498509419,-23.116894061869584,27,76.50443333235916,vessel,2.0557793720143014,0
104.45015222909939,4511.045857484431,46.000101461076596,-28.68694967962349,5,100.0,vessel,1.469529518875665,0
51.55104167998949,1604.4438696920645,58.05797845957832,-12.283683366167029,6,66.9052428045139,helicopter,2.041339903782747,0
108.19396879534682,20.0,52.60837345911645,-49.3392034471928,36,81.95363181280328,vessel,9.518038287194376,0
27.617007801265697,1698.002866524952,34.12302592655853,-75.88735379689378,25,48.64884578168531,snowcat,7.52221127783306,1
26.479231815130237,4371.200879189331,89.50581060786263,-31.188794098249257,15,58.763949943649735,snowcat,0.7263444511251715,0
22.13375332114506,20.0,19.159241846425612,-30.888622373258233,32,78.56854757896892,helicopter,0.36086534113616475,0
53.61612229617404,3600.1469678878193,51.04598603170213,-31.242956897070567,38,34.65674176097379,vessel,2.1238724035405956,0
20.186205238026456,20.0,29.756215158168935,-39.01022096556792,20,42.11548732883286,snowcat,4.749152268268131,1
101.10809453060669,4774.58908596734,42.246368654363835,-46.394827256694214,7,66.58071443997663,snowcat,3.353570130779806,0
15.42696722789515,20.0,40.49103645913985,-32.0184167008939,18,61.71387226668135,helicopter,1.891665941045785,1
22.255969081285187,5354.828510919193,30.050301077288456,-35.15202511371202,36,69.33952416422594,vessel,3.856818280420034,0
28.873624126962543,20.0,63.08085451384958,-27.913288153780105,5,31.344502234684242,vessel,5.129570278600279,0
18.022879145471247,153.25748436538242,58.42869160877312,-22.439527352638144,37,58.17856331151832,helicopter,0.4313111257671657,0
26.741128932890877,5031.885489630411,23.627690150969833,-16.654525177437954,4,59.88349713374879,helicopter,2.7139444025408905,0
65.47275613271754,2473.168592201535,92.15600164823985,-20.827231952813527,29,68.85242598514257,helicopter,1.3716918495747141,0
38.0487717424142,20.0,34.0735915397184,-30.979334757905402,25,81.94213108867834,helicopter,0.5944820486110809,0
63.72332274638459,5121.002549191393,44.77836583427848,-25.222640214423265,28,65.90511917685026,vessel,4.9714799776520255,0
77.38752190262868,20.0,17.63101641602322,-44.7481088197226,25,43.04367721082218,vessel,5.3207538405536505,1
27.210365893714773,2466.6264549435928,38.75178029966328,-40.72469394191195,37,71.47719285475355,helicopter,2.2797712826039205,1
50.39748711760184,9222.150216074357,56.13974381359823,-10.156907737467844,32,29.961177358743186,vessel,9.093550785940963,0
31.76551448429755,3244.356160668801,22.636987070661473,-18.128857063780174,17,66.9496488297026,vessel,4.097401493237589,0
24.63787232787457,1954.6523607078973,38.72057644938885,-48.18594464979215,7,74.6474744303601,vessel,0.30016339864124486,0
30.55472560938844,2783.541000804215,43.063280512128365,-38.99105523243796,34,63.72386459516557,snowcat,0.1193853214113059,0
90.7372203513358,20.0,45.22790861177674,-8.393011516622568,23,78.08155190004344,helicopter,4.283860865037568,0
62.47874354589666,3517.6837275033645,10.272904795353433,-39.8299192712265,27,38.55848194035062,helicopter,1.4772512435598992,0
75.20386994947819,9506.099691993139,26.168831091922293,-52.75522040162558,16,100.0,vessel,0.6188021380358024,0
28.72243393168582,1723.9952872292026,43.142097903333024,-36.71648947824112,14,46.52830490055301,helicopter,0.5872855499177334,0
16.580452170687337,566.4386173511648,49.98314249567428,-36.40391022722117,21,12.869130230724949,snowcat,3.213824146699081,1
48.32069862425516,4422.197022829405,34.81586872600735,-16.76401614106005,2,39.385323459160375,helicopter,5.481979158918234,0
93.49196772142317,5233.814813441155,70.60875449054335,-20.085674954681657,19,100.0,vessel,0.16652837825169303,0
31.837213569580026,3311.464977442905,44.19422991190413,-36.01288502800097,30,86.80036218543493,snowcat,13.085650039733913,0
79.6920685467891,2072.62704782108,37.75153812330841,-30.946643489267775,4,39.64918775557426,helicopter,1.5094873041845105,1
80.28988303333759,4665.16112573139,34.93527131551328,-26.614756681406607,20,88.48852392499629,snowcat,1.7500933904030984,0
83.64088854512032,20.0,39.67978939962216,-21.386638801561826,9,90.57190501900932,helicopter,0.010516138522664135,1
49.25313958025916,1534.5315687551276,20.196389894319427,-34.52383363334768,32,35.95461497181155,vessel,0.19727627428656427,0
42.338072560305044,20.0,38.45987063529921,-26.52492443266037,10,89.4032674198557,snowcat,4.365621630103464,1
58.49385015883549,2677.4194465055475,29.41436459766221,-12.861617101458968,18,56.75314205266352,vessel,3.8824337802940074,0
79.59989191574469,2359.43196368761,40.49014137565103,-31.761548984750025,4,78.95709688416505,snowcat,1.7914579061151634,0
56.07270783691441,6152.996157169942,29.97180854743903,-28.33410075627932,5,84.20370751522242,helicopter,7.321061845842758,0
53.33633621681907,438.2303612400856,34.400264702233564,-22.68850713981692,22,83.75465033961441,helicopter,0.27251599020986605,0
26.41191453488942,6115.448648974428,37.6747042016537,-36.85271139435889,23,60.97818064820562,snowcat,1.9027781457459687,0
51.928482190384834,2371.259485523956,25.33911018382843,-40.61365458818854,12,48.543078310467045,snowcat,2.3417681290349304,1
47.06439528491043,4918.414349491089,41.22136278878183,-25.27026581520154,25,75.50486886248626,helicopter,1.024135651563098,0
115.71152173692649,5315.223210378266,46.96534149753085,-23.017237984164154,8,81.41639209254055,snowcat,3.2695157496225504,1
61.11390361766311,3143.681857549523,49.53004434615519,-30.979142104463175,19,74.32644965174627,snowcat,4.0083330138358395,0
48.96402269361093,3823.6475621867053,67.28007332714583,-37.63895382349853,38,63.73882774487383,snowcat,3.800813203509854,0
27.6136557977204,1273.2502813568847,32.661079253374105,-35.58699399348322,8,78.44218321308526,helicopter,3.1945042555203993,0
14.81813941908594,6596.071146086389,49.51981675762912,-26.875346814299238,33,32.38588446788744,snowcat,4.134530324333287,0
22.192042545966654,11083.432765008089,57.199537190246375,-44.11873058132627,5,79.62408502448983,snowcat,10.323495120825621,0
115.6995794819912,20.0,23.363193151797628,-17.43859528000538,7,60.89530330995832,helicopter,2.8887779326830074,1
33.92290690187305,3204.7120532514696,42.49361851410128,-11.21978145368271,12,87.22295057785654,helicopter,1.5876688763070992,0
51.53562590456937,2133.9754063496584,62.1375637878467,-48.00935120176876,9,68.20445792007013,helicopter,0.10359571238096763,0
25.14699703969231,4339.638474958191,40.90540612199719,-23.329009710305087,28,77.04236311708524,snowcat,0.6353372822784269,0
13.08651829700514,20.0,64.51664053596087,-20.48238836061928,21,76.66757290100216,snowcat,0.1044612274827423,1
34.429909364902976,20.0,46.40423616879673,-19.52409201264476,20,57.54348975756328,helicopter,2.9011908515278026,0
74.69785954153411,8178.114515993425,65.47717333365466,-49.82607796791071,29,49.9831754875147,helicopter,1.017564272074557,0
18.541291141691957,7393.332958833525,63.51235513860536,-33.88660280506414,21,83.71173814616012,snowcat,1.731900499581135,0
13.100338804710699,20.0,61.81158195882469,-36.82149925608175,33,71.48628845923807,snowcat,1.410472085863248,0
14.174146018472912,8913.841679895282,42.73545260355381,-32.92368558579935,17,70.52288680143197,snowcat,1.9415136707175744,0
22.278917158484067,769.6651775253181,49.54273279374041,-44.81736602846284,36,83.4435518996409,helicopter,1.3198833283556826,0
40.27536617133097,5511.467285299091,42.61480642393553,-9.294454400322085,29,77.38586031506209,snowcat,6.100767741977577,0
23.69787534576715,2673.8277130638426,21.840134965090403,-24.76432513943442,25,92.1989690297787,helicopter,2.193385080817816,0
49.613856836078156,3787.120990459018,22.49569699108936,-42.198730090484716,36,57.99149184207326,snowcat,1.7612931702160475,0
36.59459970136043,3473.0001328650815,54.22655527001277,-36.61656753932108,9,75.69193633921228,snowcat,7.980820152087256,1
21.929598008716233,5905.495888094962,101.00735482596505,-13.180261467619868,22,91.72018029562848,snowcat,0.6741951107734759,0
126.43563346262565,1530.7006769659872,27.670570802165155,-31.20433101659797,35,52.639914472884215,helicopter,6.248266318617092,1
30.117871712913818,8673.06768809742,39.572782860006015,-14.652345517730836,37,45.66843048331759,helicopter,2.4111556446049383,0
29.110813290436887,6408.635267734997,41.07709888672335,-21.891035493324583,2,63.049521634877635,vessel,5.774685986188336,0
37.27444702543505,2019.3550842827055,30.770304280464917,-46.289918775161865,11,65.73254239650093,helicopter,2.8904421260546886,0
37.41664771102158,3230.272193326375,44.332707575712135,-41.87320784495648,39,69.56177422775147,helicopter,2.815681385424007,0
38.63765559955161,3474.733940587141,47.895324261045374,-44.0791456628185,28,80.81590861169859,snowcat,2.216571743056045,0
42.47439051332039,1891.8730387708404,56.06537107523206,-24.40283282871186,24,75.63613424130774,vessel,0.8003079035206002,0
84.94537555888805,2101.899663232108,43.27996605415447,-7.123174156961721,37,100.0,snowcat,3.685235402754854,0
60.80166282484981,5520.851387497973,18.70482854769907,-27.922435684439066,39,90.5631989480615,vessel,2.206123755837778,0
34.178368306248636,4884.629907829372,76.53246760717366,-31.288572995292363,38,52.87959825968362,snowcat,9.87061675846718,1
82.4781740940578,1496.5954721929018,40.96413618702468,-23.556631049558277,32,82.92967753096767,helicopter,2.8897335899747736,1
23.208660614114475,3315.24422491448,32.4857826180776,-30.906345310738136,5,64.27574299107665,vessel,5.016859528741809,0
25.628819272961568,81.77622540586026,30.969240610110276,-34.04630243047669,16,77.8939009097565,snowcat,1.895583637548531,0
88.44627284942923,8208.937100501553,20.729102724031524,-27.682126512860307,24,71.46867743262095,snowcat,1.8244942141773672,0
116.81017405966439,5378.970989711964,36.337445199988764,-20.88728127599589,14,29.73410399884318,snowcat,4.935306859711456,0
28.88239527445063,2813.505061590606,32.33218487539262,-36.11255923988918,6,50.80158801310465,helicopter,3.674335048286642,0
44.99784223805995,3589.4955163568898,60.876380043949645,-41.98898302777762,26,68.05818501248734,snowcat,2.0748934655004776,0
17.720733021561497,5497.749868921359,24.28431933137272,-18.62943281194115,13,80.10913213030216,vessel,1.0178357619188105,0
12.81252504545216,1447.7886074692226,27.36234311324086,-56.62820813930278,27,42.95922481727122,vessel,0.9165796238699975,0
43.52206959016077,3014.635593838176,47.342643691357935,-45.880887882090086,26,92.77478771879701,snowcat,0.8936609176554111,0
25.7396385247942,5146.249383211438,34.26391130925667,-29.890664548324647,37,83.00740543951287,vessel,0.7856922923303759,0
13.762046161409069,20.0,77.2092290888677,-19.345993700408023,39,45.380996757025805,snowcat,2.475246313397057,0
62.18527189207536,4679.813680758438,28.198999309620586,-27.575061433050237,20,64.90185110991385,helicopter,3.240349867030628,0
62.73608034524389,10515.462250975379,51.33632244625901,-36.87833847925445,35,83.0917673127505,helicopter,4.788782168860928,0
75.90240143153332,20.0,53.95633147949796,-20.312320605371156,34,88.8059477896637,snowcat,19.035540652591944,0
15.320629498066758,5752.793332157793,18.594160953656356,-39.42542211767974,16,37.96437679593073,helicopter,1.6811176888714225,0
40.193583307154185,20.0,37.281226355031094,-22.021543652704516,11,51.99316828336207,vessel,0.17399364932058423,1
24.93050068959625,20.0,19.731315916466666,-35.42512783894031,14,85.7342601308042,helicopter,1.6674677112538088,1
19.988015610803988,1828.776859665453,30.847978583444874,-44.307871564711874,27,42.30436175841302,helicopter,2.012794203492385,0
64.64359431462255,4597.493101001789,12.313673167516994,-21.466460375497757,24,77.04393238290277,helicopter,0.26063210972584966,0
42.541188123986586,4708.004522637861,27.435957549154043,-11.06448383248923,15,64.86916527173285,helicopter,11.033573777495572,0
36.97582537813196,2652.8508649949335,43.24351789318684,-34.80467852618782,2,60.88827502428748,vessel,1.0870972601469306,0
68.65979736593341,20.0,25.763084141874913,-18.075489777891793,19,18.10096750646362,snowcat,4.462426326324525,1
37.93608479830742,2575.785158687708,42.41485393001196,-53.79569621559574,28,86.33339380981432,helicopter,0.8248726522267591,0
20.057062888302994,20.0,89.51660190200641,-46.43746211301637,30,50.25304449506208,snowcat,8.024413380820887,0
11.025091792219614,5528.617373665161,51.55708152747461,-41.86519474100044,5,53.082511211768335,snowcat,5.37902428509296,0
42.95128744272334,1826.7753645148302,61.09177506019546,-32.133547564997336,16,74.65311252923505,snowcat,4.1239539803676095,0
17.317734324573276,6321.660511712679,16.514501626469134,-24.448719736416646,3,65.11363856607838,snowcat,14.963638394107253,0
33.21331386382397,82.78631415820837,16.583734352291547,-44.88954805648027,16,65.00916149013993,vessel,8.61779578036738,1
35.26692883377983,4614.283664100892,27.683455177305873,-41.47399864800854,11,62.042011538564154,vessel,1.6622271923041438,0
72.95901614367905,20.0,17.751484012453243,-20.54319286108467,38,53.862834427758315,snowcat,5.323723637793659,1
17.604288372491894,7047.066034228292,10.7713019639959,-40.512083092280825,11,52.55069598253031,snowcat,0.46378053430801036,0
51.053998899519065,4322.095607415436,29.139129773953513,-13.790986482124048,11,76.86848016534431,snowcat,0.5081811209144764,0
46.213556623614764,1913.4555843138287,42.642572943099836,-39.14632321147839,30,46.11025726268157,helicopter,1.3322017702983833,0
46.005164087621715,1690.9146033591273,25.744972779445405,-16.48095245404714,5,51.95208612827717,helicopter,0.07606806456889455,0
50.04610456981083,2055.802287643003,31.883975434750248,-20.65719266360266,28,65.9890516883743,vessel,1.7761139119024423,0
36.469008451077386,2994.5365153991665,34.1566869304764,-29.436623988918164,38,77.4499407363276,snowcat,1.694225848981318,0
55.72686098449581,20.0,26.93798445592677,-27.78854604097976,4,49.89785316027215,vessel,0.29910145410673183,0
6.450170369380773,2007.8321610932248,20.933463873074306,-28.882645696632807,35,48.620926431534244,vessel,2.0112642726272636,0
55.07163111379161,2069.090376673474,42.34074334399136,-16.835853489989322,16,59.15788119846595,snowcat,4.825644137804485,0
76.47127973476681,6053.479290703237,30.43459930002558,-56.58260079428228,28,47.07271492495249,helicopter,0.6711275494948203,0
146.78320080511585,1437.4316356890133,22.72949768010224,-34.473890364972114,27,62.4861725798209,snowcat,1.2615768724147407,0
115.20674703532767,20.0,77.017855096154,-28.130733921542422,16,20.07723904428437,vessel,5.4914251302558075,1
20.476192874564916,2794.8359797038856,37.407878762718475,-15.92232275074159,7,94.99776687199213,vessel,1.6100661114194565,0
34.70245956192548,4753.696556815823,16.971705341099113,-37.26342768171871,7,63.55984044772974,vessel,8.267840713947308,0
33.847584556605945,3282.8603550805087,30.210449401353987,-55.453995092114965,24,29.122796784089708,snowcat,1.3408682463231558,0
107.72848074657522,3175.3058935589534,51.678305420291466,-60.60739106572953,33,53.34134301046021,vessel,2.060490509113089,0
109.99169790273551,3139.1089187657785,30.53897385743802,-29.534416419030556,19,66.03575165152843,helicopter,2.167472468130156,0
72.19398384400058,2520.674391651409,29.797503386563005,-46.164613625190086,20,62.38696468025429,helicopter,2.1116558216184766,0
38.22551872442952,1320.188289935214,36.1893790272313,-33.206370858262716,23,38.23283920703205,helicopter,9.331588518694403,1
37.890544014468304,643.2504652992279,21.037276442772974,-45.72243026987776,11,89.5413092468058,helicopter,0.22692508461547162,1
80.68021010047191,3082.3934618555177,12.78126981157931,-34.71136079298949,37,81.92157280122531,helicopter,2.14945862727413,1
25.205743028322647,3974.4691359500284,61.54941967237065,-6.945494428823462,21,38.59574948976514,helicopter,2.517518160823658,1
69.64972383488868,3197.102909124173,42.1539996318932,-15.15366131153353,24,71.26351652056528,vessel,1.6799216527837775,0
15.915878166751042,20.0,37.89664190477022,-30.592251063226122,37,46.2927691171334,helicopter,0.16454839690278217,0
23.376025246938944,5787.5239343407175,34.87546030911082,-33.711987507142496,37,37.43908655168054,vessel,0.8587735160733732,0
98.68268351014011,20.0,36.50326583069017,-41.10372009403328,34,46.28497988780213,snowcat,0.2997590440552548,0
57.515378451335955,20.0,83.14521819012954,-23.695438800895403,4,79.30847448135614,helicopter,0.8080076746998096,0
37.03318954810568,20.0,25.096829410198684,-34.70015854884151,5,44.28883376405814,snowcat,4.610135671258193,1
35.79443186054115,1713.4865155626842,60.096581364546886,-14.236960506594887,34,69.80437556811465,vessel,2.42691357814613,0
15.445958416731466,2661.9086643335268,61.162714739998435,-29.017169988064023,5,35.821932835172994,vessel,1.9022136649427481,0
40.8139461444139,5932.205164343965,45.006302513034925,-28.518463551068745,12,78.08449206665347,vessel,7.687443977494748,0
107.10202706462968,5977.753699634637,60.38337109149474,-50.478660831249464,18,58.530800025310256,vessel,0.337324816649179,0
38.44497941855937,20.0,40.20873462415577,-37.28263049088934,14,72.73923703060439,helicopter,8.87332023855338,0
17.927601449595105,20.0,29.15308916766362,-8.021311450100182,38,39.62415216829715,helicopter,2.2155293384884773,1
10.169885713269917,6215.439244496381,43.51151384475129,-48.906984243370225,7,100.0,helicopter,2.2542114965365734,0
23.346733808635445,2468.7256558601794,109.62469237294088,-33.450136792091115,19,100.0,helicopter,3.7735019246571597,0
51.15755772096905,20.0,42.10238925590275,-33.18409811788157,16,13.386831150299408,vessel,7.443460029939853,1
24.292439215235866,4748.0263135089535,45.02898609872414,-27.402477770979587,10,89.9424646169366,vessel,0.27228647387243515,0
34.08368794815674,6375.531691344409,14.62002653227193,-25.832157975787233,22,67.57936915038557,helicopter,3.1460340813838124,0
75.47825984768392,4248.633575575411,19.908923257867958,-37.05315667551268,20,74.15475266833886,helicopter,4.909839456836519,1
30.295611580614267,679.8723551144426,28.878644782043356,-20.13792154168067,27,72.99325618864741,helicopter,0.28517860797688593,0
84.64564734157798,20.0,36.17924942934902,-38.04779725413709,35,82.8819437442127,vessel,2.715647193109768,1
22.766765793384014,4557.830788885521,49.723300597448564,-23.679713826214392,18,52.70911122258475,snowcat,1.9127909389756517,0
46.11264098875963,2624.0055445461103,75.68130004959558,-49.2286311518754,12,34.576072817156906,snowcat,0.4259766170226778,0
40.82758533466557,481.707274674427,20.916503237476036,-39.87554972187023,38,51.40218023395542,vessel,1.7034730874108366,1
26.761536849670485,20.0,35.642129642793684,-48.85936028975963,23,48.84808201095669,vessel,3.7958175642688703,1
42.20290650812363,3668.759149657097,52.623265567172275,-27.446164745851203,25,65.10070647059648,helicopter,0.37721458422931115,0
96.92583610541654,1346.1032077499783,24.930038957940024,-26.950748066636667,21,64.48112893421505,snowcat,11.494713584278454,0
41.0397379162814,3495.275901267458,79.34626067212234,-35.53392441244423,12,54.512751468358104,vessel,2.6285050586589795,0
68.77692072684968,5731.916791183796,38.1129084582631,-27.504612830712208,29,50.941400693208045,snowcat,0.21818055716040963,0
43.750424272688626,957.3444974832632,29.67184874251116,-44.93765646859814,26,78.27499039593788,vessel,1.3057036439531873,1
10.98242354650088,9355.96337755039,33.385841527448065,-15.879216301607844,31,43.55339572141779,helicopter,0.1137320985713133,0
26.37410942938198,2666.056013091862,14.798797193238354,-19.95875039184966,29,80.02772746091925,helicopter,3.0929054158130085,0
22.651306533590695,5260.407706932699,68.48048696411392,-41.98811467003557,23,63.84186727817803,vessel,2.43883889647591,0
8.390619159369656,1414.1596862791785,40.3041023030584,-45.0710746248569,3,53.681149864679455,helicopter,3.8456395858893093,0
52.58940209857932,4750.5242017246155,72.84788961042665,-36.59932581939463,22,44.85473406796273,snowcat,1.5400292160068778,1
30.46106779226216,293.08518925380804,36.87332637375733,-27.943676305115652,30,92.78286582316045,vessel,5.148305643675682,0
9.664072051428223,4966.618363619684,89.0186027192423,-29.271007754606615,18,30.07238897617998,snowcat,3.388472834119137,0
13.863966883375191,10470.346593583508,19.234540877279244,-43.41234160240547,4,73.62033699174441,helicopter,13.275867575123664,0
62.35841598711913,20.0,55.171198917488525,-35.786840869348566,31,62.236708307883404,vessel,0.5956720900973587,1
21.856261988993065,20.0,29.723339892822626,-26.71622196568378,21,59.67272659737543,helicopter,0.47683875193861225,0
30.61318783297405,1168.692796869516,73.59832826227071,-35.51961802287331,16,39.16380998789144,vessel,0.8968906724043615,1
42.46902714135963,3891.0083529740023,30.728507255747772,-29.440638285186864,2,49.52297421155363,helicopter,1.0373833931928076,0
101.9949413088412,3269.6220864471497,14.974727537434823,-18.763857438658285,24,100.0,vessel,0.8852025754666186,0
106.83791616904129,1733.9805886786796,20.481998786003636,-38.139403179556695,7,86.81800897863853,helicopter,1.1326857658954137,0
47.057824078281,6223.072025035627,22.437828944352063,-19.857761395691952,17,85.09834983214387,helicopter,5.329590004831708,0
48.978839937572545,1641.3395578183447,23.260554134784215,-31.094834812871017,24,79.20131701040478,snowcat,0.04365247259171543,0
34.68750212079249,5641.25903104499,19.618850514050084,-32.0619328522876,14,70.26829039494484,helicopter,2.535246288201124,0
65.51743667987341,1866.9018388789084,58.61410202928533,-46.76143978644455,16,93.98675662908936,helicopter,2.0944692312251174,0
11.018583918530044,309.2210481066327,39.496053357591826,-21.125245068857026,28,69.4807531817346,vessel,4.015294619074504,1
33.37707831169152,3355.0973248067085,25.88883192850201,-6.854957749882562,11,100.0,helicopter,7.457775935917811,1
43.61213699133005,3510.322402467533,35.07346349910638,-42.80128046401967,18,90.71129423195478,snowcat,7.346849580240779,0
53.11948483115757,8594.977512372785,69.36214645491667,-41.501172921204414,9,72.36521253300022,vessel,1.9003263323523738,0
33.19590688823631,4285.16878767199,43.971079346374395,-11.622271307804564,25,78.303320508876,snowcat,0.26798777708140686,0
100.14886683354146,3835.2895730711675,29.19345964517732,-22.44035133774361,35,64.11475994824633,snowcat,0.7889851498506713,0
58.387078564097564,3346.510445050041,25.302215059675643,-38.280996232506645,8,100.0,helicopter,0.9140457047289892,0
51.48873819662046,1311.7201328932986,72.03050280583982,-9.895905357647571,23,53.66162330776001,snowcat,3.7030347230818244,0
31.24995463132015,2267.93996585505,26.111688753701202,-35.52120633952457,12,78.54909649591353,snowcat,0.7657051093798677,0
25.93163012320791,1426.6709348658633,11.59885345975277,-29.67205187419374,32,67.87061054830454,helicopter,5.092039872197509,1
90.58732275298992,3398.1784669204208,54.89577162298218,-25.95218456375269,26,49.51679270586146,snowcat,1.5278587576233098,0
17.153824460650593,20.0,17.94390035789544,-20.87360024743563,25,73.81460145708226,helicopter,1.6454872202865407,0
41.76021385576573,20.0,55.392798086108606,-24.707256160862794,10,10.514122439034345,snowcat,4.748051747148121,1
12.907691275614068,736.1573884179988,24.109230894534335,-5.233172937398141,6,83.23432848091646,snowcat,2.7813064326639365,0
41.89266670087291,398.04090707646446,21.797291764770172,-13.525432054042081,31,96.41624386101306,helicopter,2.1031896403644605,0
56.94661844592704,3870.536809840934,12.82637694779744,-11.155676750154335,25,54.84221851804632,snowcat,4.523278758591585,0
68.68267417717608,1275.3155934301385,41.3148195297168,-37.941205380945966,13,58.17332982627451,vessel,7.411745893016043,0
122.93591578614645,4574.20644492424,51.34227541274777,-26.115743015761304,13,61.57437235719839,helicopter,0.8909579220100106,0
25.660273450360954,1060.0945740013738,37.670481775521424,-9.786229807715475,25,85.85989167155154,snowcat,0.24363580145442898,1
67.24615590981224,9571.655627449902,31.321348982396785,-34.76309027911799,27,95.98837707548307,vessel,2.540701187346064,0
40.10023924639722,2177.3943563385665,25.588613995314226,-34.66824108062082,5,91.56908312466922,snowcat,0.4683516067430483,0
82.17030435545516,4157.618451838569,28.915034922839048,-18.9323749190282,21,88.93463580746304,vessel,1.6662295849974846,0
36.50935042760506,1042.5790899294548,36.64310111299568,-24.38111726457955,19,72.9177357285793,snowcat,8.435695383968303,0
26.746971803841237,1691.5963830536095,32.10450649596042,-30.22589926154759,38,25.017366278548707,vessel,2.4215904090791835,0
105.6343041875318,4242.097730126079,29.562679741300563,-26.722503612684314,9,61.26035288336424,snowcat,1.2128300330144974,1
77.77311041862148,2986.564534624781,28.836472419886352,-51.856053139428084,20,83.83289579545428,snowcat,2.8556659957773296,0
37.19697608563883,5174.315737281418,61.81068952059996,-34.01833232183589,24,83.51261783842952,helicopter,22.493566172213544,1
27.70291862988437,6041.48190280651,16.944370521296698,-40.192815866220485,34,61.369897996107575,helicopter,8.45824734576233,0
24.652459958960762,9172.35878844306,125.31436684418225,-10.752289073851756,34,27.904652995864573,snowcat,0.12697338282729304,0
62.32710764027074,5149.656454945875,86.53129874349696,-32.137585808057366,5,82.98353461942219,snowcat,1.0025206477428665,0
84.74182960815001,3107.264120757858,21.224772421838306,-28.98541943953535,27,47.71571552349156,snowcat,4.064032627068977,0
58.84841348471394,1765.7638086220006,67.34561135704008,-16.78173869306278,7,47.785323846223335,snowcat,4.862538299537071,0
51.09751329853064,890.8800309112517,32.54576229388384,-11.374122874264913,36,85.87852460266105,vessel,5.030157641861308,0
22.69577148813173,1760.4675077041973,14.18331742911038,-26.798417714111327,7,68.51409189654191,helicopter,6.549770973351263,0
15.705136856005767,3644.7895227056165,44.95600807166407,-40.21813447907072,19,83.31102961303162,vessel,0.6644477685692338,0
20.18588033243584,6496.96833901706,28.925147559741198,-36.58438832940153,35,37.667995744678365,vessel,0.14137599979579224,0
59.07649587062547,4100.152934670574,64.65819023653394,-26.470901268523924,24,63.47009825721411,vessel,1.0953868097358304,0
28.832023678786356,2140.923916719567,91.1917218555958,-26.12302570046359,8,32.112027992405345,helicopter,1.354407202946962,0
24.72534643194885,20.0,18.544612661773684,-39.71117011256147,7,85.70282072395517,vessel,0.5466681481805146,0
39.715825911280916,639.9022060876855,24.490424569947884,-54.73148956453439,37,81.5156917925986,helicopter,3.7489231381402863,1
90.27443009677845,3644.3844642197523,33.6688183436081,-49.458758703785584,25,45.893385869135386,vessel,1.4392937365255924,1
14.389901282969905,4672.153633247473,42.27758815416931,-44.23286949504664,31,60.35871827769711,vessel,21.451375767840375,0
34.24117022990891,5832.652023725524,22.29395241983459,-32.632099385625914,23,77.35638470375959,vessel,5.698492359502783,0
51.538398523418415,5829.529328037023,48.065824899322365,-33.81596147173705,15,45.259741101272965,vessel,2.0551806477328425,0
10.34144484904494,20.0,17.619693562543755,-49.958400478212056,5,30.621473456151364,snowcat,0.15779561641571993,0
68.34205408685642,911.6058702637129,19.121603221970048,-32.93091009529947,30,64.24099740757464,vessel,1.7797539469342527,0
65.98624872317576,5556.469954683165,4.501349874774535,-10.001296128331756,39,80.50189826992643,vessel,4.687036062711106,0
40.86140905043933,6120.185383281163,57.35014385684093,-25.72633169800278,20,45.16435545073669,helicopter,2.5802164508057897,0
24.759250124116704,2969.333534311346,33.835830285916245,-5.978313651170112,11,91.89045419243917,snowcat,4.3601814411794555,0
151.2683140874387,7799.5737938950815,32.56292853546607,-29.94168177466413,17,73.08127118885406,helicopter,0.3879852389598179,0
43.489984230234846,6437.053237818685,53.01357340303248,-30.309782664560853,29,90.96251914845652,helicopter,2.5739428824217363,0
11.331713699605586,5024.054108504458,8.061079887255838,-26.606501513131747,35,44.064514903565026,helicopter,0.31178317477679324,0
26.72092157882017,4038.7230420117526,31.090009460788053,-8.15091616386777,13,44.90732938606884,vessel,0.8829869837174975,0
40.76015915556939,20.0,37.83728718638329,-11.126670555145235,7,51.74367401771319,vessel,4.164320696022618,1
10.320082674396486,200.21647698727338,17.897466300349176,-20.901263617622895,2,94.26713088097671,snowcat,0.8084527822189433,1
21.424326773932425,2717.646194724587,34.38810329362012,-24.86977934164918,7,66.43442947685895,helicopter,2.036921014166211,0
20.893452065418124,7846.489939198426,61.14248334245636,-40.294717629511624,36,61.14221094591731,vessel,1.2484807981469639,0
36.50806570708707,6976.811824426808,47.79390414776146,-46.09961292216283,10,92.401298748714,snowcat,4.000619468176403,0
19.053854923900147,889.4697381739907,9.150448514755729,-35.3632183381731,24,40.632999264386854,vessel,4.195557797383177,0
37.34143849764471,5916.625102114618,34.092643564020435,-11.625275295860387,27,70.27124994871528,helicopter,2.1690510825894576,0
63.134958836787206,321.3719403901305,61.944609566022415,-8.565558535761692,15,63.04967366725977,snowcat,1.8386117359566572,0
128.5061102986343,20.0,50.6485838820566,-49.30947182178215,15,97.22931240199091,helicopter,6.493727908025706,1
22.532587830380116,8787.061590130656,31.15066228511835,-13.805516165893057,3,83.97401012413488,snowcat,6.040783400571398,0
40.78113352707806,20.0,55.41018557888921,-8.075290834896826,31,55.219299595504125,vessel,7.10923258809348,1
33.39898170017446,20.0,59.18010519262418,-15.017043665900221,12,99.18328983558722,vessel,3.1020552794745186,0
47.359679015384955,3737.6532114784263,26.300066011505795,-35.438338629821146,8,68.68941505264834,vessel,3.7459616539671488,0
17.512420383248127,2046.3111137766964,53.55779148909271,-20.14525915197182,8,76.66113096153678,helicopter,1.1485120886258178,0
68.69347606430037,4046.526952575696,26.204199106382468,-48.50227612172564,28,72.9852030149514,snowcat,1.0448718709845735,0
4.235116431152484,8565.657804707196,24.19365093849814,-46.82352114102208,9,99.18409384828882,snowcat,0.9556846713399396,0
79.22823275630658,5907.649014079951,41.18787239087897,0.015486756086687592,39,16.70444227315359,snowcat,1.9332961727583364,0
55.603046599210494,4655.059883356678,19.970270899603207,-35.44747457994097,35,75.76162003365307,helicopter,4.2681604638425075,0
21.08993675766462,377.87535831849254,31.74479586473385,-43.6553678292171,38,100.0,helicopter,5.846390509638674,1
92.52558613135673,1496.314465874359,24.442643993335516,-34.24662027091568,14,39.75506859415267,snowcat,13.882084808656604,1
37.19351386016368,4736.371463253161,31.97975891086471,-7.584886936597599,31,45.499984279797545,helicopter,2.172136053870768,1
10.207426641073248,1701.1724093508474,77.38868071931182,-15.999942152611311,35,69.74729826821124,snowcat,0.24886454228539154,0
93.38181534619784,5400.6847095419225,96.0119759761572,-37.9419386839575,18,90.21630868125925,helicopter,4.941821982705605,0
35.13288936523471,3669.6175933603863,20.11156192662698,-30.74740262077539,10,71.78276102457899,snowcat,5.063499810056439,0
29.80360421314344,2409.7010953737795,83.5325129707114,-23.963159092424398,3,60.71518255120087,vessel,0.5643295589495416,1
22.991603312410295,6366.809418441911,25.178789435502935,-21.788556788791126,23,64.80706809434822,snowcat,1.1160543761222992,0
14.393326789823782,2268.264093331022,54.677492693829436,-23.777049624578954,27,57.73195984483394,helicopter,7.609338785661073,1
70.41342732730068,20.0,23.244693140539724,-41.23661037190531,26,55.75118631950273,helicopter,5.2107688948837065,1
25.505801148479943,6723.671692310554,42.40020810605435,-32.60907048935448,2,37.81213340852805,vessel,4.286053262727728,0
64.46184936591193,3020.4690135894557,48.872375232988254,-43.11728057666613,32,100.0,helicopter,2.342200580080438,1
9.163053463358697,2325.6339006904072,57.1041293829559,-18.365280759694535,31,68.55972090569843,helicopter,0.72705716369959,0
14.719868267187413,2626.385333360499,85.20082145105442,-30.960352315274484,7,44.76668660167566,helicopter,2.6526178467921406,0
72.34798582901645,1288.0345519380403,28.987171737932034,-25.780894148410933,13,87.50141486781263,vessel,1.3731857506164091,1
34.37541788962668,10849.312381363126,50.54663368097727,-37.798125220525584,15,18.359169452306773,helicopter,1.0313593778869072,0
51.23027696435166,20.0,41.64601713259663,-22.125197279752943,35,39.196074532947506,vessel,8.144720400538468,1
42.59643421805941,4080.650000869602,78.79089309171795,-21.714446618863903,8,71.03039731183488,vessel,0.771661396805015,1
19.74186023760597,3619.348691551353,63.062584138676016,-46.90409035744403,13,64.05896755985114,vessel,10.048433285387823,0
54.13075358142544,5411.560877846423,58.370787281773374,-20.273936484432824,15,76.35008970666524,vessel,2.570300671688631,0
19.356942034645876,1933.2897298645942,11.513013216886044,-43.67461507929505,24,46.74425706400362,helicopter,2.565904376797443,1
98.23621631124172,6718.576897542854,94.11748562636511,-37.970443443127266,27,56.37020786545737,snowcat,0.3897779334359668,0
57.5944872624335,2000.3597696764214,16.600284762117827,-18.75552315286447,2,61.0462388706528,snowcat,1.1718940153692061,0
80.30338956353295,1521.1307059258543,18.398648593689764,-37.585494522136436,4,48.59014595967131,helicopter,5.978897769171551,1
19.789275405182664,3255.749164444867,29.48324355922744,-28.34905977183325,35,42.610738204066,snowcat,6.055182630390609,0
28.753173651436988,4044.8665245065577,38.16913661206301,-30.871444872700263,20,96.19999588599674,helicopter,1.6374493264471583,0
75.09010445951009,6283.409408906968,50.85222843540686,-47.02142118850509,32,43.9684686925936,snowcat,0.8559691801008179,0
22.837015807611834,20.0,11.510349321534108,-12.789467771351344,33,59.80440454271938,helicopter,2.1196563222758775,0
55.389891749046775,5762.6379705931895,50.69756166210052,-12.633133442908363,23,45.60231001115594,helicopter,3.4299471606911323,0
32.214515915211166,5961.462058768844,37.59699491085475,-24.17900417551163,33,52.69320348089577,vessel,11.750049989156985,0
95.83411153537793,5205.510617182037,55.88658072609715,-33.33447157923123,5,35.98586388550392,vessel,4.490098304193992,0
8.10470112207842,2810.375652818587,116.135070600342,-28.578206406333774,26,39.17309242159669,snowcat,6.852553068795174,0
117.6494603878123,1546.1397182134747,78.05820271193174,-13.663846171325346,27,57.68170380988804,helicopter,1.422085511961349,0
31.925964138650272,4500.215052716534,29.605509343575697,-35.94302807814794,27,58.28161283652196,snowcat,0.7925266065442806,0
21.35571999817439,3703.7462811937876,31.096876223614444,-34.84513965663589,32,70.28280459542864,vessel,1.8970268355755184,0
27.365460733259702,20.0,24.143059430027737,-32.36594867511053,39,100.0,vessel,0.7266555586546474,0
37.945336277084785,5739.071938682651,49.44559582546103,-55.88183765865084,35,69.37060200146927,snowcat,0.06482747876516011,0
60.83593591971283,975.4685161011478,20.890515268690038,-21.30022734232914,2,54.79195913600108,snowcat,5.65587680462704,0
142.7418408950416,1080.3113979946916,22.686167149692643,-27.336588238101456,25,17.629061629199654,vessel,0.6477564679225742,0
32.02826496354217,6223.150883170265,37.549118360590896,-19.690549736272978,19,38.83427215281951,snowcat,2.874206972377503,0
32.8658571417269,3521.8066343251858,39.67511326031169,-35.29523377772421,10,100.0,vessel,3.8741943835320978,0
33.71444222094302,2527.055642011605,43.90236149958316,-47.01226605625739,15,79.35548178469584,helicopter,1.1572522535001437,0
23.039120804722558,1907.295422604526,12.344398088571351,-27.98593803440581,38,71.23436743975185,vessel,0.05327344353074675,1
85.55549746612772,2295.5280825282525,23.187476235378746,-43.582197528572244,39,75.91815249205153,snowcat,1.9414596100504609,1
38.80127347683326,2927.6148133878537,39.51291035386348,-22.759302494255316,22,41.490764797419956,vessel,2.5896639778017096,0
28.066385308421253,7959.690897313535,68.00215564990069,-21.736086653662255,19,71.86210865031138,snowcat,6.768271881210914,0
77.17558428504884,20.0,31.12852576245703,-3.9361333704591956,5,60.17360215535547,helicopter,0.7034702557068799,1
17.83622677518557,10554.73234969411,82.15763732477917,-12.740065371328921,30,87.17948828157887,snowcat,2.6083648791953697,0
28.646148256335238,10036.455816366235,63.37519357484275,-26.31790124641127,38,61.863571146126276,helicopter,0.5613698400855203,0
81.08795583860581,1922.0108096666825,13.925872608360345,-32.65560769137515,36,48.701876795346564,helicopter,1.6327148934695934,1
66.64796731692468,3569.9030300117365,58.74777054581682,-18.995269058294568,37,71.04051082875455,snowcat,0.744450087285206,0
48.66051425975422,3562.5016114138552,23.90909715627516,-25.943708853430863,28,55.9525601430761,helicopter,6.711701967885246,1
93.64650313853873,6214.57428622244,45.17127724841242,-35.229041168295794,11,76.61997488848655,snowcat,0.7389109874056633,0
87.61655331648203,3423.3154633216645,22.65934211524749,-54.3660818894994,18,65.34125108979745,snowcat,0.2749052977580151,0
14.516843254583268,4159.060596997419,17.247702748566855,-2.0000811157839635,2,84.52027345985461,helicopter,2.5178590824893377,0
95.4545405483108,6559.669457883116,19.876367057743757,-16.767424134747817,29,46.07444602966552,vessel,3.3381760965327025,0
36.38603504037295,20.0,44.138808109942275,-21.856797492030385,9,96.11171659168525,snowcat,4.461136805241522,0
23.20082126202659,2538.9646791705823,49.79177760773499,-28.86828112011013,29,72.85136317725134,helicopter,10.498457440218315,0
16.049914707707153,3703.0065318263423,16.348882680343042,-6.794615819445184,23,65.51575281313494,vessel,3.138283495243011,0
67.96617354606036,2039.3085890105272,21.89290546784423,-18.923897849392215,23,84.89804715238499,snowcat,0.12421171589945086,0
42.567251358739504,20.0,23.354122008315294,-46.30299813152442,2,78.90872638199919,snowcat,0.4740357830252059,0
38.046889259989214,3141.55144902863,15.295933458555982,-32.666339019431305,36,77.96209074970037,vessel,12.704345135400986,0
68.50204901485922,1375.6910363730854,30.085139822933993,-20.52488802432476,38,73.99828985638423,helicopter,4.477687043497805,0
108.09482700024647,1727.9353185331977,90.91603922427032,-15.111592942877625,39,79.2681903194045,vessel,2.5851640097357587,1
129.166487047545,2983.554394287095,41.481724966431116,-33.11821153202428,8,60.075053640891745,snowcat,4.2294758982465055,1
42.510739777872644,20.0,33.75844711304164,-11.26818332174259,8,76.77008269884038,vessel,1.640579483697683,1
17.788145551025245,2142.515734486295,52.212528923479766,-45.56441290414078,37,54.24604187951424,snowcat,1.4617297746783686,0
37.33745480245386,971.085459328765,58.21932516754729,-32.70786569023941,9,49.221235540437206,vessel,1.3492457887638025,0
74.21627725152848,20.0,24.330353493427413,-32.20624591813418,30,54.846210793174336,vessel,0.8971409783108357,1
90.87745164667241,4517.780320690975,24.118002833391344,-18.209358289790966,17,30.45394248373448,vessel,3.7128169874979786,0
106.77019046872772,20.0,29.3697109904663,-13.967150695552586,39,40.30307911137507,helicopter,1.708072212463979,1
62.03593506195186,4659.328845727327,15.861066546922496,-14.257755188695619,39,58.45685619825795,vessel,0.1388739127487975,0
16.841043746702166,5647.914315025266,20.00929483232751,-46.30210060528523,4,32.756246167171156,helicopter,0.8070637088985407,0
64.38342397135479,2673.876039434513,51.182645683641034,-27.897824393437652,5,57.10253176635733,helicopter,4.1679768331030385,1
44.1949121933271,6296.720088838424,20.558100094964082,-48.00919040709533,5,81.64975914089617,vessel,1.5102939390004366,0
26.042447525847777,9962.3548664325,21.005936282768918,-29.160984503071614,32,58.44327613451186,vessel,0.3137940858993369,0
40.59317445294153,4725.68694471514,72.95484551403737,-9.622713308256895,37,57.127389629733266,vessel,5.538784822445223,1
64.28829265939014,2087.513168861658,94.87693317291225,-5.318298409001603,22,61.5893677592498,vessel,6.535903352542521,1
39.67597855309444,6552.522644789173,32.803390171158135,-23.85339788463736,3,12.450994240581544,snowcat,0.4880237051202448,0
7.730968083664487,20.0,46.674855999682606,-26.123757471678775,24,67.05285362221112,snowcat,8.31845258282435,0
35.87688217979694,10032.164357037549,41.85085705735798,-31.6863628514327,9,78.89892228068575,vessel,2.055608734555087,0
90.80934411244706,3305.110539083138,31.782694139156753,-29.870757641321187,29,83.70298137989506,helicopter,1.9892240101876588,0
23.628446745108356,3857.0143661207458,58.652421956267844,-12.156413761976225,9,55.12044236929321,helicopter,4.257645749501999,0
40.07124493928279,20.0,18.87875996516149,-40.01160986172841,24,94.26191567268127,vessel,0.30373531337500814,1
7.962538375098073,5748.450125208359,32.07585559086628,-32.86268454591805,21,69.77447086991856,vessel,1.9658458204241556,0
45.96341819718454,3372.1057383715624,35.05861702203418,-29.451056942602165,19,84.55580229655499,helicopter,1.7607424283922244,0
31.293131133308556,2601.4754328695244,15.876269562638885,-38.19042732584474,33,58.352160265767665,snowcat,3.2842150444068516,1
107.08712125284602,1134.5658180112978,34.7995713901839,-23.650154917413534,27,93.84007428678956,helicopter,8.564857674924024,0
48.00865349531927,345.4372719325779,21.097834747149207,-11.130748373199761,28,54.94947018191759,vessel,2.6045958473127473,0
9.353518148002067,790.2649099828718,41.459781138202686,-22.183414370198626,2,72.08547552415085,snowcat,6.514401066275502,0
13.661030959394331,20.0,43.19784395045833,-38.199453053448195,12,65.39703771712395,snowcat,0.8349521648391744,1
75.72074849249681,3608.5161480726983,51.87626254152407,-38.812811704524265,15,39.97398010920902,snowcat,6.557082077623318,1
74.96466236166445,7760.263432351592,36.96575492780819,-45.10425452376064,21,95.85533064652418,vessel,0.6343008954186061,0
49.01798400287174,4186.645250554937,41.42008987335197,-31.20834253690747,13,58.15369012308129,vessel,2.1770890635432436,0
3.9746469650464404,539.6517807551604,51.65785368389038,-39.896899986256365,32,40.68610506999257,vessel,9.709721966111426,0
53.83328819215087,3982.906726491823,104.57578750318062,-27.00740391258827,37,48.21673513443069,vessel,4.800853226226489,0
45.89020823291484,20.0,17.079753487905183,-38.346182320841564,6,80.88678243899936,helicopter,3.3037553535271567,0
29.22642105640858,8114.820913631062,82.42175036887855,-46.829343311870005,36,97.37189139880928,vessel,0.6588978352523045,0
116.77010919927532,1321.496051489025,11.478078678627103,-53.22831061492195,9,47.031498174808114,helicopter,2.2286432194152086,0
77.73233818365027,4540.173243286201,23.502120167131967,-22.454975284933333,21,73.9041971491051,vessel,0.49988469328498025,0
5.149844085577927,2831.672036421077,47.44852657895379,-46.67319480789375,12,55.01567649884675,snowcat,0.26904371038904545,0
36.55600272432323,4743.874218872421,23.686286579231115,-24.042290780905503,25,18.006369289700856,vessel,0.8269261579547345,0
29.094928548057677,9992.521993553866,34.347233291916595,-37.81058683795769,21,79.1392614847514,helicopter,0.6862374549195952,0
46.41970671500145,20.0,49.55201012499152,-26.860424174390463,18,44.1254845263916,snowcat,2.1536760660371566,1
6.876304733670038,3775.1898487395965,16.34956634111988,-30.57949344348737,39,78.82369236392492,helicopter,13.971662023438832,0
37.40193548107593,3856.1598774186173,60.28918911452251,-28.225442624308748,38,76.02325722193845,snowcat,2.7924760318648554,0
28.69378797364725,1865.3798566328367,25.96296335364329,-18.546746161729843,39,56.15280820197908,vessel,0.06566560473863238,0
65.77964431131697,776.177417385341,67.00336553560238,-38.50262974548244,23,72.40009955852662,vessel,12.097255931086018,1
59.588717414959866,5866.318212997785,39.80087732872508,-12.150936773984078,33,82.01996562187732,vessel,2.4688906481029504,1
73.9558689722586,2894.669946193774,31.368815766663882,-20.83945768911954,12,30.858090732626295,helicopter,4.872278404169109,0
37.82237440267344,2998.5673642993042,14.703518304897853,-34.05519659166908,10,71.25646324048115,helicopter,4.551901619038473,0
77.20468617325857,2096.2806470473643,22.8324128801123,-32.79753518455105,2,74.66172955061488,helicopter,2.554327425151107,0
36.34729167029732,2523.1781791627527,39.10526975272844,-28.638445909203877,39,60.68442469981633,vessel,5.435562645210361,1
20.320254803889,4831.700854860993,50.16030089686695,-35.14327377480395,11,96.63930266440042,helicopter,0.514257674051599,0
12.541860647644942,4705.054352827985,26.338652965553155,-50.897780128231304,29,69.3437455924735,helicopter,4.45234266984303,0
20.27281067065597,669.0604249982571,56.92981511940552,-41.78924914347367,13,100.0,helicopter,10.405779214498757,1
55.856000781835775,2090.6897774546915,56.09529190371211,-41.82863290065785,39,94.4076082418116,vessel,1.0181803121751256,0
27.62820215405383,6055.295513852324,44.882748558503245,-32.393269378747654,36,100.0,helicopter,0.2092472252999486,0
29.8952485039727,8046.64238438553,19.397581989198404,-44.643000529096454,38,80.22688567584223,helicopter,1.2070338044306068,0
17.94505618280467,8049.878729534084,22.570279184826365,-20.070338789744625,37,88.43541031022266,vessel,4.307287450895711,0
8.604427094612621,7817.024194511727,68.54325103569984,-28.4825327925805,15,60.165405403106455,snowcat,2.9938413716292454,0
77.54313512988489,3596.4591942333354,22.804606917499022,-35.013246763706405,26,100.0,helicopter,3.0373847457534175,0
74.91808088781238,6105.66364418649,40.70593510626562,-39.85859708603356,3,43.39481834851364,snowcat,2.141770770722941,0
6.855706329618683,4100.520211816497,26.598896911841475,-29.791533600859854,6,100.0,helicopter,2.179321509617275,0
83.42985612162724,784.563081012851,40.79873249197025,-18.762270894862283,25,62.28137043694074,snowcat,0.6214341297016251,1
55.71878075079536,2632.8730709762176,28.334157487057748,-52.60675248840555,20,38.11277914436915,snowcat,0.015705126401813,0
38.63555235213309,2383.565469290757,43.30751159204244,-48.04717448200053,37,77.65548232818382,snowcat,4.500208550568261,1
52.97721586308644,5776.248604921102,48.563559690895616,-42.4116495657014,13,63.7217586224592,helicopter,3.3135949280594925,0
69.2560143154409,5388.146656755441,19.119029321798877,-45.78848733857768,3,78.17448016303499,helicopter,1.1435660700103372,0
53.56264623490647,2691.0625715114,13.756576653293122,-47.42957482157085,32,100.0,snowcat,0.10101008121007697,0
24.496440847542335,2319.8534558029546,85.96885343415826,-29.9353559458587,23,42.17908390866483,vessel,0.8017353433435261,0
9.360885648296703,956.4958495931564,25.28695107545137,-30.50064513028934,22,96.47846157557454,helicopter,1.5455697814672356,0
45.300039840577405,2016.3752701197136,19.005712547041497,-34.58403532526205,8,80.54289649510515,snowcat,4.17138354559912,0
58.74074474629059,2682.889953540687,50.6838329469127,-27.636626648456225,6,82.59566207405466,vessel,1.4446026652628767,1
29.85256038504746,3986.4199989836793,32.55578647164987,-30.99591649343111,17,29.64387016624223,snowcat,5.109291614084139,0
36.352431946075406,3340.0878215148377,31.979320479356396,-39.1518577018026,28,75.75369566658446,helicopter,3.4071681177836552,1
38.780117815116554,588.6497632474129,15.220988073027817,-35.23070291931224,28,87.77487962842011,helicopter,0.3744135082288773,1
22.616510255580284,1540.7381329752982,41.170545858107126,-27.453437152495045,33,100.0,helicopter,0.5561422266970282,0
34.678575297536945,2672.876814990137,23.923042323259423,-44.62682835992791,4,34.3800949009788,helicopter,3.810655502802189,0
60.91280481642002,4520.303336274888,22.781677772379197,-26.48302143349722,39,59.25407559771506,vessel,2.966337375036284,0
49.24834465088004,1507.8328005867854,16.4770977808239,-68.57507676183374,38,100.0,vessel,0.37019698297993314,0
20.979312252312322,20.0,51.28614499756221,-30.41903035044861,14,23.962440297916537,vessel,0.12084288267422702,0
66.52179517623635,20.0,29.734216685129734,-26.209815099109722,6,89.0045885559869,helicopter,0.2469751393449508,0
84.08907884223058,3958.1877270612813,26.882922819406293,-41.61966649966887,2,71.54185105437575,vessel,10.43088220394228,1
13.886144600849683,4393.631532297755,40.05496456622927,-17.246093835779902,16,52.64779892011759,vessel,5.2508074187658185,0
23.356036998619853,1239.461187751583,47.02582545659989,-16.27853844624046,7,58.02838373739917,helicopter,2.715189935132289,1
18.53045235766234,29.866590590192573,53.47948161198979,-27.49611988712798,18,100.0,vessel,1.1516578447684516,1
36.90117331855726,20.0,38.07478311627219,-10.574554296999995,25,83.6093688994635,helicopter,2.4003596466532082,1
59.02416973497651,20.0,42.43520926346649,-39.62057328407175,9,63.1222383703545,snowcat,3.6413917401183533,1
30.28628752697395,1841.050398077781,35.77858960875498,-19.442877711674065,32,50.43519827577814,helicopter,2.775831413541177,0
62.973051527370394,20.0,22.357298705826885,-13.060104496045739,8,84.22471614269476,snowcat,2.5734303779222354,1
41.98330362917148,3484.5514176657944,61.22942125733478,-43.705620215876024,20,59.90477271783515,snowcat,4.6593786633815535,1
35.079352201712695,4535.455049448887,33.11887123475576,-29.078559719435706,6,48.18560685349051,snowcat,0.5118355361816065,0
31.100711579787706,20.0,81.70957048571644,-47.7425319772063,30,61.721428149313525,snowcat,0.8961701555891033,1
58.50107416954279,20.0,50.514474419792535,-19.979013590010304,29,74.85897882840355,snowcat,1.6366511165505426,1
21.495634185189815,2721.194663041466,19.403794917726508,-10.001210930035796,2,62.43731395011569,snowcat,2.0763009744624963,0
24.874003271549388,567.4686299461587,62.3398367962568,-36.56357163914216,6,100.0,snowcat,2.306581272022177,0
43.26583761995094,3573.4516774830468,39.639683480813275,-30.408002251348275,5,82.33432458646575,snowcat,16.213467897984664,0
36.66539312250181,5951.361438858901,29.51879316866084,-36.1383755256893,29,60.009058204784445,snowcat,3.4874738656800206,0
19.119749118369615,2383.8336614572163,17.676897089601752,-0.0920800430747768,4,81.96937743205687,vessel,0.5827702027537841,1
33.98538320633186,20.0,35.986200048935004,-40.903073804450216,14,59.810507141893204,helicopter,5.669082893513711,1
23.66329655437546,3501.9602770959045,28.114164838327742,-40.94719128862816,28,62.36009055944599,helicopter,15.936470924586985,0
50.85254402566228,1981.3706411109672,52.809916541364686,-23.30763121686548,37,65.912823742809,helicopter,1.7734524755456564,0
27.07104024916516,4595.082630012195,47.554950667972804,-31.064146454859745,4,56.230979783868975,snowcat,2.3936837317407798,0
21.579185082664797,9974.548713704426,36.12142954574746,0.1433295247336801,27,88.3519021711324,vessel,0.4667816295705431,0
27.35636267377246,122.20514664155326,14.922321007373133,-6.168064389856546,6,87.12861819400331,snowcat,1.209499863644088,0
10.23971199595295,801.6312844874587,34.326350415570396,-22.60314783022786,14,46.26026051873301,vessel,0.39041029959326035,0
18.38205090179724,3860.908206866574,21.44575613468048,-18.821893368177253,16,99.73401895534556,helicopter,3.2985091138514395,0
64.30695483517566,5593.992475380035,33.425678562286095,-21.225804051236608,26,75.72854556277827,helicopter,0.9926145715337003,0
16.62754281925645,9119.749822070266,27.109685725969616,-17.456034520986634,6,23.197960723781577,vessel,2.602816160511142,0
36.81092965570629,1734.8874244723058,69.55713425958388,-23.714664709855523,6,69.82955594990217,vessel,4.2179724185272205,1
39.574635981661125,387.19616084985955,17.648591463006685,-42.1077670988431,6,77.94336433965427,helicopter,0.516345390254989,0
69.43647272247274,621.1257464342625,26.115423290365918,-39.874439767716,11,51.389075026435236,vessel,3.521610366401706,0
30.114071101962573,1684.6274855461459,46.39849463749926,-18.34929311783207,2,100.0,vessel,6.597713702711953,1
47.03228163333404,2257.929417729474,58.44828879484098,-36.018324173172815,9,47.346824500858986,helicopter,1.2563238013995326,0
67.14141178274416,3508.902002638378,77.48848608899596,-13.895794280182166,10,76.39271664145419,helicopter,0.04457116050528055,0
53.882583366825244,3093.855651480407,50.200909508454174,-21.2828581745507,26,51.36209045618416,vessel,1.2481668972967461,1
63.22843729772831,20.0,49.437977672523374,-44.23987068582288,23,52.325898869296964,helicopter,0.716195301250585,0
61.705642824121924,20.0,63.5444162269104,-43.772278438902696,4,67.41000591934062,helicopter,2.0349222137136094,0
87.46619017124637,2674.741051779599,70.59600592546026,-45.67200723195138,32,48.78994345695031,snowcat,1.456375409075803,1
26.367962173356794,711.9532997720421,82.6401756004119,-20.580837068788405,21,58.11524913339729,snowcat,2.658529409673041,1
90.68133983531548,1212.51402328066,80.49039127280204,-16.032997831507892,39,51.730633462756565,helicopter,0.19945967599756803,0
21.364755664933845,5642.314533997662,45.589733871905324,-34.67347057470626,24,33.12194833098904,helicopter,0.5633519679748411,0
14.563724519092942,4968.334712885018,21.9406446071729,-30.055259758928123,21,58.644851526518515,vessel,3.8209124847800813,0
60.68907498137255,1903.748872561159,54.77563328943228,-26.159158926131035,32,100.0,helicopter,4.747078685582026,0
24.731099996512608,6050.02624958518,66.91347186847288,-19.493495239437216,4,53.551106186667255,snowcat,1.1613312966649068,0
35.96118621169049,6251.15611173679,44.784437460117616,-34.189424642572284,5,63.797044731065164,helicopter,3.8094748344854965,0
46.67346428973904,7100.838628249875,47.24398268779747,-24.79538805012851,2,66.95067247805126,helicopter,0.6839065414040114,0
27.418382546153374,7672.569539548347,18.125741478147848,-30.87803374866048,38,99.98700656499227,helicopter,1.3796749386977423,0
41.93392812558681,2384.3096895776916,35.501574786206184,-48.716070881608985,29,73.87332482112159,vessel,3.1953086527075896,0
42.878967697351996,6327.228688149125,26.947586296598608,-13.582882576501618,24,46.970912946493755,snowcat,5.2144273145941735,0
16.2979023536781,2083.206305704203,21.17487719353182,-26.206635383371175,4,30.851172730882787,snowcat,3.772966720525364,0
17.50019533941842,6641.306225804181,28.81556007117657,-32.28979386077206,11,46.28679376313336,vessel,2.2708187197340264,0
99.07303764374743,2288.981603059288,52.16663055261539,-39.08749326156405,30,67.44829364010255,helicopter,2.1355527857484184,0
57.150966591542335,3056.6543063191193,36.28559218516652,-38.49755605970201,5,41.36816605518513,helicopter,1.0705159773647799,1
59.47744731640647,20.0,22.078806008522832,-47.35323125984346,7,91.55430875722374,helicopter,1.3321153623256876,0
31.24032656065289,20.0,32.352248782958945,-43.483254422256095,26,58.13070854750932,vessel,1.748708864879026,0
11.780718220176597,4222.07221136249,59.389557432786106,-41.25300606644454,14,91.94712787463018,helicopter,0.48653172884149953,0
42.60494677269952,5908.605266143679,61.287190716550874,-36.66364740223505,26,57.177983623442685,helicopter,5.645136083921293,1
43.9814161078909,20.0,28.882404225836286,-14.134732668722442,14,48.22253576956009,vessel,2.7018160402755482,1
62.47399971754659,6977.172834607596,55.31111892684826,-22.842330165558828,6,45.48735899764441,helicopter,0.8080850622315958,0
44.14629164100967,6640.505547238372,59.57233937033814,-41.03213221737107,18,75.03457718133339,helicopter,1.1986991476411353,0
71.31940382149575,4192.999552835548,69.48181028272349,-49.12535528759562,13,90.48817702447114,snowcat,9.231406339585135,1
16.36676655861999,5849.478218626467,36.03396748889799,-41.00911021380071,22,73.95894253457774,vessel,3.9121730423306347,0
18.27360811488749,1423.3334495881998,11.961589018357873,-12.654323517963036,5,40.89391495418287,helicopter,6.200852186513619,1
43.35703754988363,20.0,30.446089670701355,-22.033846194541823,35,66.6560374321358,snowcat,1.2403202421882547,0
55.97982292032387,1431.1840084216954,64.2070545276486,-32.164707032483705,34,61.44247495356403,snowcat,1.1197817303804107,0
29.958701464502493,6567.493866793967,19.85770170687104,-30.20417398973178,23,21.70431493581289,vessel,5.809623884432897,0
16.096874836885185,6789.824560563425,39.44747312721438,-16.257874307706942,11,65.77997723120887,vessel,2.6266171183116365,0
47.10161301999338,20.0,16.75395040082216,-30.267230455702656,22,82.71040973859904,snowcat,2.8946475793322435,0
56.97375298016022,20.0,26.881246939756945,-2.8122998490070152,19,97.6013075991329,snowcat,5.057296384468213,0
75.29767506385544,326.94540429112203,14.051325458471757,-29.015554731515373,6,81.37843876466414,snowcat,13.978062536459568,0
15.693009733121695,20.0,45.3097739049481,-41.18016496820916,26,33.124622789976165,snowcat,2.843323466703069,0
64.33729504047488,1168.258311836909,33.21555038435625,-54.24526148041403,33,47.59070059437966,vessel,3.136310396744306,0
26.575387244076236,4445.063812073985,21.79470065171323,-24.698421833606393,9,83.85555922970207,vessel,1.6510053845660222,0
66.89943897962333,20.0,36.16624920979228,-32.515926162999676,25,42.175468899613236,snowcat,4.7575282336684195,1
122.64487546409163,2772.660954217573,40.32505986061993,-41.24779176385088,28,77.09193030931884,helicopter,3.0756279040188965,1
39.58700162721264,7250.302665134382,20.286633844876334,-21.699211121878037,7,55.2797686978191,snowcat,12.80363507898466,0
26.65056338159509,5733.598267542506,23.060133385243596,-26.75902732726095,22,63.73274678612156,vessel,1.8582389528836085,0
37.6436842989292,4193.32194177802,25.879853460540915,-35.51407682594156,6,42.629387173351795,helicopter,0.613078733048317,0
54.063478177789996,3324.1805553314016,12.408021753569356,-26.329966724506168,28,71.99882094158501,helicopter,1.0559402594969403,0
12.18637069734189,6400.394144791582,57.11787762153352,-31.64786888722902,25,56.49403814832205,helicopter,0.28684763187190454,0
38.590270342020226,4513.002944466374,50.48288636223221,-18.909089319681463,29,100.0,helicopter,1.187241446134958,1
27.39685890663792,2177.8841678017816,20.490803218389395,-28.91389162662053,31,55.89226612769038,vessel,1.7814573432227965,0
16.82175065035591,5807.08965796314,31.967481194956413,-34.58737428645308,11,100.0,helicopter,1.3883650359544646,0
43.523031759754154,20.0,7.435938917086082,-15.050944354478133,17,75.14457810203119,vessel,3.912624657694984,0
76.21840823880399,5379.93443636743,99.189514392775,-42.82364800910068,2,61.07506914695493,vessel,19.87331943457266,0
25.09060976913959,4643.831465157645,26.869258324305292,-46.89406712366852,24,51.181610911790074,snowcat,0.18486774985493137,0
51.71328661190775,3601.1708645893746,35.286768450767156,-37.17952994843547,8,61.25884955591573,vessel,14.234942446815582,0
54.868011265001314,3281.678772826414,39.60382793308231,-51.41627978803494,22,56.23277089154267,snowcat,1.6961095780632078,0
45.31732335158887,8046.980126314335,39.474742309918305,-48.43881853953769,23,65.09259979808984,helicopter,5.559757729530621,0
7.353344110943155,6249.119210256004,29.95101220630263,-32.864735237255246,31,60.13983091600615,helicopter,5.950769356518596,0
30.759013695249337,7118.018383867244,33.87435127795697,-29.284155326565465,22,96.43039800442017,snowcat,0.3378139699625696,0
18.59737811147633,4463.3934916772905,25.716938455006847,-33.16797567041511,15,79.62871096769896,helicopter,4.554422323441649,0
71.88482487710962,6445.838110513479,16.823160616907245,-23.956776451570533,33,84.90555669320567,helicopter,7.708425808819677,0
25.38076566925016,4349.179979216234,24.726196961298474,-35.61210779697774,4,88.67986775831676,snowcat,0.22679959443024428,0
60.14045650596509,2572.1878505099708,51.240487974612876,-52.77821782862772,7,56.48945566906339,snowcat,3.156077259237012,0
31.934011003299258,5368.946448227571,54.78160071576614,-21.038547955599704,28,40.24558281316853,vessel,9.185214091265568,0
36.13354855361541,2206.3474502403105,51.38946693633427,-30.995214673815372,4,72.95349956027303,snowcat,1.674302590402148,0
51.599611714208194,6540.347592946441,42.282878764759715,-21.634161066522203,20,65.36782869533431,vessel,2.228095464566676,0
16.913669102678202,20.0,34.01044979391489,-22.49371983498576,25,62.18925696137733,snowcat,3.525143497908018,0
36.992433165321174,2263.3329282045606,21.4299173111987,-17.012143124265396,24,100.0,vessel,2.755962989616624,1
25.434332252515425,971.2559837430817,20.124594964620787,-40.6348114448746,25,77.03063050035735,snowcat,1.5074112761571046,0
68.72942440719781,10020.620392699493,4.966297378892076,-44.25601248136094,13,44.45508415363302,snowcat,0.016131203027625076,0
90.58812738435394,1056.6786577218265,39.05045929811342,-31.08194925770228,32,70.6973228108319,vessel,7.712881298949766,1
66.33211624205872,2848.268430416077,59.93006132614684,-31.79532152445532,16,74.38844536707035,helicopter,2.128255251300782,1
89.5727846437338,20.0,52.15147672754406,-15.025082989996523,13,50.933664746803785,helicopter,1.1201278679235736,0
14.207367332201644,8155.802056614863,42.747276228354494,-23.864814786922004,20,80.84354089257027,snowcat,0.5719817710170889,0
33.849630783437505,584.0125833772886,45.9391695535702,-28.22266329944084,2,42.327154678410906,vessel,5.579297036076525,0
41.8379105335428,7523.960343800022,9.278521914469371,-44.57342247630895,2,48.903157500052416,snowcat,0.5479900893807408,0
20.610374953834445,20.0,51.7999388461172,-38.4668109766964,36,58.97481194724663,snowcat,1.1917698951908258,0
58.906663841371675,95.77417847325978,31.6849174292166,-49.3797840992881,20,56.75667698026803,helicopter,0.7171201936620524,0
67.68642862944701,5509.8255943033655,71.13956408975993,-39.81172978551344,15,67.36224487664107,vessel,5.20541809590036,0
52.441761965307705,20.0,40.66337350771007,-27.799929842040168,23,50.05473365779025,snowcat,2.4528698147864025,0
26.829573706386146,4305.908580843496,48.594975969997456,-24.584059886642976,21,73.01958856274376,vessel,4.339366665947272,0
21.85974139223282,730.8556668471178,20.768685404950595,-22.296486472958993,18,71.6996018007975,vessel,2.7308955598833804,0
71.02819788876427,9491.251319956618,37.09982962004103,-20.818384066600686,8,5.0,snowcat,1.9002481746079773,0
27.454285960670177,8432.300048555984,50.09457127287189,-23.16367635163616,16,91.72704453712348,vessel,1.8490213210569155,0
85.92221506782633,6821.713453117674,44.70118698727171,-37.20828602188389,10,74.97539180444039,helicopter,1.9633439711653797,0
19.06411468039447,10013.094906417648,48.73176210693419,-39.16169975822801,6,61.4674133005127,helicopter,2.051847425937175,0
76.66648497568693,1161.2213727484984,90.12179029452466,-14.398207622681303,39,48.42251422484423,helicopter,7.248961203709563,0
25.758785914517752,5365.1119051773585,44.65364168200239,-34.677296998313125,18,78.90314135213464,helicopter,1.1065260994894413,0
26.24026305536989,188.8938519275075,44.29983193211395,-34.13898242135333,6,52.35846209966425,helicopter,3.3717766066762316,1
10.570651181666952,5648.762778642719,23.703831534895134,-31.402746905075073,24,56.35843550907567,vessel,1.7737199872657403,0
16.952081627609356,4047.82713606864,67.54291423937889,-47.89328038293684,33,58.99599604763945,helicopter,2.233405262492391,1
53.87631428672869,20.0,12.407223886975988,-32.19537685313834,28,57.3069666749318,snowcat,0.9458657310143317,0
59.562172577663745,2850.123832570174,12.041398713021238,-48.76122849503953,28,59.805323045426206,vessel,0.6080032440222035,0
218.62124135228646,3313.7623767381547,41.39439595663279,-22.450395211855167,36,31.792332293275052,snowcat,2.451375948609946,1
56.62922764126636,3219.70703861323,28.72839671489939,-35.304976489698774,31,73.4277745441284,helicopter,6.213430507850298,0
66.15025251699448,8398.15790835641,40.49738145482373,-36.98892653191601,12,48.52754295772262,vessel,1.080030216418498,0
25.63290699323734,20.0,63.96752186686133,-53.0168479898054,7,61.97087608592227,helicopter,9.948598485717561,1
26.131304898768587,983.6740088469035,48.479733683360664,-26.14894842864996,25,55.126269202635804,snowcat,1.271809262788088,1
39.61172816234297,20.0,32.802235631440475,-1.2777476818592142,23,64.58900005556664,helicopter,1.9868505580104472,1
37.61536308570929,5029.013096439525,51.90001596544544,-36.860392917008596,32,61.42331126357303,helicopter,7.802003909297937,0
47.33251876350363,5461.699333867105,48.239528066549404,-30.579152487045075,2,56.56290012791444,snowcat,3.622289038901541,0
12.78933036193021,5647.688471148311,30.340375570080454,-11.05174808736324,36,67.77102997192426,snowcat,2.0125450537160035,0
10.44489197008405,2889.2002931305688,26.105724311634507,-1.5606930142541486,26,82.5906256761395,vessel,3.519168455120546,0
88.54311709342021,787.6685221798375,69.37897073310045,-44.5073805147491,34,71.11365311281642,snowcat,3.0548337106627446,1
80.20546275357655,20.0,18.810962589519463,-15.466902203166505,10,86.21735824300819,helicopter,5.304123256591611,1
14.656426835321831,4693.857996020479,93.0238608469655,-63.30360718117667,19,89.5837534668569,helicopter,8.73843746570789,1
27.231510462255383,527.4285497416613,46.128925895490376,-67.78327054088464,3,55.9772208837598,vessel,0.6168970267362976,1
59.19786386855343,20.0,8.363072134770334,-51.46066209251578,31,97.44292692160633,snowcat,4.793089200409221,0
67.72278097423288,6113.785369360126,25.383125577805743,-34.45006207203474,39,57.0303318493523,vessel,0.898822416452647,1
95.75381579871488,1904.0328653455751,36.26773917492301,-53.96491148017495,4,39.14506226075537,helicopter,5.1616441361686825,1
35.18643582474109,3509.2451094863136,36.87010795683663,-14.27934586932182,4,69.37219613115313,snowcat,1.0193402571226173,1
24.619531717718676,20.0,56.66642106174935,-29.49739455209985,6,76.27224224925544,helicopter,4.55025151338414,0
21.726099783518514,2872.852087339471,21.374456106137227,-22.568972155011238,13,100.0,vessel,0.7804816323931396,0
16.32278384867194,2293.0194062542996,45.74751029590993,-34.158139675930755,16,82.14111016877797,snowcat,5.677829447660674,1
83.72068587413531,8578.594712562524,29.097277188406714,-37.11049412969542,16,90.66605862721832,helicopter,2.1197570745875183,0
14.2193840731303,2257.7794124818606,33.12642909793833,-31.00680322258479,11,90.178856205936,snowcat,1.0655082618004708,0
83.63434907228427,20.0,60.37627616977129,-6.623894971526774,19,53.43979081603341,vessel,1.848646754400887,1
32.91368639264841,2279.3818262000977,18.106540054790813,-27.60505712383542,23,75.64231869765942,vessel,1.8639783097270843,1
54.30002755367435,3021.814828456208,17.866685829699193,-28.057974164109982,15,52.61359426799319,vessel,2.9186180487437294,0
50.25866318367259,6946.101137505126,15.760965083023628,-42.62902219431089,16,67.17474439194346,helicopter,0.21065483007839925,0
15.996123887166249,2853.8164289870188,75.86302621906333,-42.040652707498964,30,66.37565161623581,helicopter,2.917355980357279,0
22.72252467735258,1668.923935543662,37.553936506054924,-38.13233528178051,25,71.82698145193163,vessel,0.03128622793146532,0
78.70616049644532,2546.277762075874,35.11106256340962,-22.616077044292567,11,97.72850199984194,snowcat,4.279471511195326,1
37.92291597614773,11840.130034928872,38.70775004095836,-26.09203155484863,27,91.93156604219408,helicopter,5.5253767402337735,0
117.44974528140733,4572.6608909035995,67.27482551682235,-53.71413262915411,8,65.22119478558183,helicopter,1.6078318528875366,1
25.82222714171621,2092.9273489307216,25.103485053089223,-24.6269208860641,30,57.897671198111134,helicopter,7.522501624271152,0
49.93754449456,6160.040463139834,28.14772603905564,-21.367165946820627,22,89.3699310317647,helicopter,1.5061698209579109,0
19.21843352247321,20.0,29.829542075086884,-22.92570705140143,18,69.80420500414907,helicopter,1.7508780570300089,1
64.501464299341,629.7098424580067,62.31196955945337,-23.157973187890455,19,91.58463045455655,helicopter,1.220826527548937,0
43.789880414052476,1271.1601583001623,16.494714724704693,-22.853891087322737,6,18.39642042505011,vessel,0.6105430585364297,0
14.037185033861823,20.0,25.851888938022277,-25.595241034998395,13,65.73590710284427,helicopter,7.133147460015367,0
52.52948465623396,6112.326974733854,36.94198379834326,-46.01955475604868,6,90.80468543003433,vessel,0.08601889592874985,0
66.905517097751,491.92301797593746,42.656046661246016,-18.386958799684763,10,40.812252645913574,vessel,1.703016091086071,0
42.64964043457602,3392.940771407929,32.58074649742147,-9.335700528499423,11,35.514506996717685,vessel,1.8153915147259663,0
33.067166835400926,1184.6085447146586,64.94719989342809,-14.806791351114395,27,36.36045531169022,helicopter,5.757430667139751,1
37.13043799092132,4033.6925071802166,39.81787547645998,-26.70955159404151,28,67.59894424865965,vessel,3.4017367275141743,0
62.370155419320156,9063.98094260949,50.19861719570399,-30.885980324506324,38,51.43305050559832,helicopter,6.48174447724848,0
66.18485216129152,1858.9978532793991,27.372083404072374,-37.529823966799455,7,73.02960288210144,vessel,7.7797805524853345,1
37.153350376920066,1458.665855476204,23.991528575661377,-52.48938546559343,5,84.45097161569234,vessel,2.7762298663617235,0
19.124785530149445,20.0,41.564930705012095,-18.397332639215406,18,52.0724747749419,snowcat,4.66388331463234,0
72.36278675819166,2068.3510024072148,33.04449964177719,-47.79044431193527,9,75.60567896264833,helicopter,1.3906171254881472,1
54.11183362327308,20.0,55.61071700832528,-34.3053695114822,13,66.77775476374667,helicopter,4.365142951735521,0
19.13070939844191,7641.111201919033,82.35591002394445,-34.564261525050185,35,24.775889988091322,vessel,5.5952984760001945,0
40.299860603140786,893.5167221124893,41.80958793586207,-14.924122684466258,2,45.760356752364096,snowcat,1.6143968521262,0
37.10295440352875,20.0,25.59870944758765,-22.02743077669241,10,75.45431071724639,helicopter,3.900683650366858,1
44.23687963802326,2391.941832070466,64.53119762559356,-37.37446941838624,10,77.1194607368402,vessel,13.316979294315157,0
32.39041382441189,5053.646439289778,28.091294762396952,-31.360527644855143,15,36.98750534278807,vessel,1.2239369401887552,0
69.87360552669901,2174.2473467625414,107.43834612019523,-32.496081501568824,32,62.35499897883741,helicopter,0.11045827374613175,1
51.38061919618595,6558.381039336295,15.515259665257696,-22.51360755906419,24,21.980113046556482,snowcat,3.725192956240223,0
33.16343247590539,1524.7997265041706,41.55439652515479,-42.12734794981275,18,64.52267374618594,snowcat,0.7663429067710685,1
72.15491768014932,449.9238610972593,40.39269058529214,-26.46709946393459,2,77.00703839772697,helicopter,5.020982859050348,0
36.709672587827164,2788.219226575499,23.92094671169258,-32.4358552673131,35,33.531503505636465,snowcat,5.279729956219436,0
4.346184649498046,2462.7125247690387,57.42166117241989,-0.595770835227384,3,44.7704508902393,vessel,1.669147653354591,0
67.87310872293796,5947.7741356766965,72.66937563328659,-39.47400512463908,6,38.06997938343579,helicopter,0.5221784109171643,0
74.99333777799852,5602.769050094328,43.01853999002365,-15.309860239603198,9,68.57969848022972,vessel,0.6332554381088289,0
32.11719409645602,1462.6978955436152,28.888519665216688,-35.076942083586246,17,80.39297638993338,snowcat,2.8615512398887635,0
8.66257462538315,20.0,27.693499515514844,-31.083611722785804,33,98.15803817763887,snowcat,1.915459908718638,1
44.3156421290219,4883.052836712105,18.0528225898216,-13.720148772266661,33,34.68776909949303,helicopter,3.457524139198086,0
54.113887647209616,20.0,73.51324238182373,-23.40046123200385,3,64.18746216459388,helicopter,0.8566293488608479,0
68.31937522501504,2646.960026495975,25.099350361069362,-31.309962708747616,24,85.00059305847148,snowcat,1.3335470513356131,0
11.867210960408045,4596.063264226263,17.654809793849747,-34.2172312457254,27,70.863287427327,snowcat,12.39991567609324,0
63.486440425772614,8863.874214350692,31.436797555726542,-13.281438331331238,23,37.42517790794572,snowcat,2.603143188181484,0
18.017483562502104,10043.143101682184,15.064383468647392,-34.25942301397306,17,61.308377817950884,vessel,4.053140024046101,0
116.82265663521946,4325.404449856773,63.22671104748109,-34.281513973252856,17,85.18827822560051,helicopter,3.962956632576109,0
42.31877030093581,20.0,39.87676974180505,-38.134394905233215,9,65.35058557955549,snowcat,2.1365598422499636,1
82.95116704689632,20.0,34.31459002452957,-8.278349489153626,22,78.57862650135444,helicopter,0.1870672565166571,1
100.69276848030293,2468.4340872954026,14.056556174758757,-45.06414579461299,10,83.86458342101994,snowcat,2.5146395906350563,1
79.38046156787036,1846.31928228068,9.971629418105284,-26.540173817075505,39,36.89143245568431,vessel,1.218840050444973,1
92.85342216848618,3359.4244707853672,45.25732294595181,-25.966135953009562,15,48.53925559224362,snowcat,0.6834124560154446,1
72.75115514914471,3413.77120395992,41.691673516105595,-44.36529095720652,23,50.83862675801667,helicopter,3.3041659641005636,0
60.344186687045614,20.0,45.824114149584,-33.2385133059319,24,62.842647499290415,snowcat,9.707936730340851,1
53.41384474815889,4926.266385178186,22.61392951482886,-34.4563354923438,7,63.4554471845199,helicopter,3.419687053738045,0
105.93744103911354,46.150323034573375,16.379957377178776,-37.23841165270796,31,82.86304747658417,vessel,0.7063922529592654,1
46.61764628747473,3509.3900043153885,54.35154072874744,-28.719742732559858,11,49.556747877235146,snowcat,4.581427586828154,1
93.65015850413002,8827.087741361876,28.305737616607367,-26.23470448124022,22,94.60773659327553,helicopter,0.6720611423114855,0
42.963855771927044,20.0,16.56035349877978,-33.443317163162135,20,93.36088771709943,helicopter,1.0118337813175513,0
49.81904930752932,3475.4041961574994,45.14744362745296,-5.901968485891096,14,82.90834209597062,helicopter,2.4292660759001112,0
71.3523234993235,1715.569693537669,30.585363491591497,-37.88475042663352,3,99.11814109634788,snowcat,0.11409086997143639,1
80.82202886354622,20.0,45.7538108021228,-26.875262192994214,13,61.36233653039122,vessel,4.154508128366161,0
36.03636927511673,3385.1225303724855,64.45638507031033,-28.531216168002192,21,35.25514874090533,snowcat,0.3505687418751196,0
63.21790438766955,531.3189374303424,21.14986339528901,-22.67793242997651,31,39.257565462489886,vessel,0.8456800585465614,0
61.64523343106934,5519.548259114245,64.76771503805244,-27.443381456782618,15,68.8530074060993,snowcat,1.4055096213874476,0
21.271126471343578,5041.403790174461,36.93184722257969,-40.03014605351976,3,57.26187582585903,helicopter,0.7551326350702426,0
61.8815470967021,8373.64739250876,23.469647164179463,-22.167770209042903,39,50.38716944141095,helicopter,2.130004164519451,0
92.53328582197645,5473.040228508258,38.782564493267365,-29.73793660059866,9,81.18794571746076,snowcat,0.5637870065175408,0
20.814637580118294,5089.230859020197,43.82148670723049,-18.208666293036742,20,62.31899615834694,vessel,0.3455024510215999,0
28.592056555828737,20.0,44.471555383309365,-20.564127464303414,24,38.59464264725081,helicopter,2.741842271327185,1
42.53130356093902,5878.273908210585,79.10717439698496,-22.747979388107396,3,41.25640710967019,vessel,4.572560916102707,0
16.595756842610164,5444.440815069304,18.318192729525485,-18.773772197515726,25,84.98874621672587,helicopter,0.5776825072726546,0
60.68917063057612,679.078614305854,47.62351365076448,-36.75087132607684,36,36.21691208894525,helicopter,0.9426659513910585,1
23.226632115141314,8628.669055952003,25.441543159228623,-28.853950485752662,27,38.49917888352031,vessel,5.784552650279256,0
16.976636586282304,5929.064485259171,54.488084687709375,-16.626626300183233,31,88.1355505965569,helicopter,9.556759505090612,0
66.02620718816245,3689.855266637668,77.90042439706545,-27.140927946125853,8,80.13216407563922,helicopter,3.4106400746251824,0
42.544996060524,5364.229740209722,31.718647559279923,-39.20051838244638,18,94.35282555351831,vessel,1.7343191699495666,0
22.41260496271294,4485.00700242694,41.94254982772496,-42.42198166939411,39,81.59625741166714,snowcat,2.6263264592005804,0
30.005780854382806,3613.9494795474097,85.93543519006766,-20.695543337638647,22,77.06175837874197,vessel,4.449632225780624,0
81.98990651179336,2408.565259079448,27.272937818018363,-36.606394205739655,36,70.02116778323452,helicopter,3.6141462821201586,1
46.76607613508553,6864.713818018796,71.3272353273187,-30.600014628321322,28,70.32487063261343,snowcat,1.7167313192792997,0
50.98990150921179,20.0,54.181435218948096,-13.069281868838573,26,86.67384735827723,helicopter,4.89779850809594,1
17.90701699013942,3637.052529370634,62.91747893821497,-40.06960430105727,22,47.64095566767041,snowcat,2.5786040166153885,0
38.86641253910461,7602.322907431389,25.759589489250104,-15.775590992113695,12,59.64062432120242,vessel,0.6678667419969826,0
62.87377124441512,3382.4018712303205,28.743981484305117,-42.00042753479182,28,43.457702283934076,helicopter,1.5245641633042366,1
19.10742704736422,5457.744708203446,47.5348303881771,-15.607530076319991,32,69.38838150490241,helicopter,0.10923773510732945,0
20.03854720431204,3015.964537862652,44.09861991310115,-27.93890177026954,19,78.68299035264296,snowcat,0.9345597047900266,0
24.09224693766828,20.0,48.44171752066845,-50.4909715162385,22,74.6495831808955,vessel,2.2806634976314686,1
67.05620301321729,5825.933659660001,20.556125001622707,-44.60373224332275,26,44.92188767928981,snowcat,0.4005825137393698,0
21.19506532678298,7546.866011136907,29.756368836942684,-40.30830541774712,30,87.48701076255136,helicopter,2.349617473590771,0
41.47498374083062,1289.0225950877532,26.023310434420942,-28.392831596730232,21,52.45611357427143,snowcat,2.843555413772825,1
15.46181797231132,4709.863264388049,28.348605729015247,-16.488756162379914,15,59.71572343211869,helicopter,7.583046463752996,0
5.517087624817085,3900.294341959697,56.99864222335329,-25.327466719506425,2,84.49144062135632,vessel,0.12065174160719008,0
20.162755652701957,1860.68476636627,50.635004691465355,-40.32847428270754,22,66.27418063060425,vessel,3.8146090031045015,0
60.516041634927845,6562.336457909376,31.902341657066636,-12.649742931294409,28,60.464977503851586,vessel,1.3391030596727251,0
73.3191736509644,2259.928744657695,23.366573716276168,-30.7368264096245,4,100.0,snowcat,5.4582593903760825,1
33.54860218349611,20.0,61.11652698061782,-40.97481303988242,33,71.46118072900178,vessel,6.180542032002715,1
14.97254995147437,1871.4556258404502,11.800696916162218,-31.38812498561664,22,65.76789527242572,snowcat,0.918796063033043,0
41.72745377433727,2501.2533978201855,106.11341243456907,-29.878983071892094,26,60.009200197383855,helicopter,3.078284633206173,1
47.689428976786935,933.5806403768888,17.302404017025246,-40.242477613735865,3,57.39569551486729,vessel,1.4736857909091445,0
21.166460794386182,1308.4843199330512,43.34329095094255,-18.5804442378668,25,66.302154992616,helicopter,0.40931083662179346,0
35.77839534085859,20.0,96.5554653787166,-34.34260110858261,11,49.54285849937132,snowcat,1.5413703262320508,0
18.500559868850612,2037.3482676253343,53.125997366679705,-39.95091337704879,35,48.74476302959512,vessel,2.6341084721212416,0
15.533078239265535,3516.3152948855727,45.32888833447649,-22.674015837576185,34,56.964042464499194,helicopter,0.06474356730892256,0
35.12659554103378,204.7462278125854,15.920197352092266,-25.246446940254046,19,78.9910824911182,vessel,0.9551489729816404,1
24.932569648508835,20.0,83.03740658977185,-20.551769001074604,33,85.3841407109079,vessel,0.5612871949705411,1
80.1225377608568,20.0,24.339173494868124,-20.82641394605012,20,29.61898251729574,helicopter,2.069411980379535,0
67.83231609766275,2517.0716431512233,65.46323570269524,-37.92659367168038,17,70.85690856667766,snowcat,4.194620826216459,0
42.48630215638584,1382.8129670314256,19.39301388646511,-31.384917224305557,27,61.59282510985726,snowcat,3.4098625620768175,0
21.64987621896713,20.0,45.34264708982823,-56.97841998597217,17,100.0,vessel,1.9371836938556042,0
74.75098904299746,20.0,11.734579181875276,-28.371696507551537,13,60.05611103337108,helicopter,0.638768861399081,0
48.591671829775194,2639.8155182073215,31.263767586923812,-27.117772859229294,8,42.29533983145569,helicopter,0.4697598612646602,0
49.34942782153411,1758.3234596860193,31.685405931753476,-32.426615140087314,16,80.43247130985363,snowcat,2.115910408656406,0
33.009105674715684,2634.6040940203766,37.77114880147308,-41.50565314026133,33,79.780465880257,vessel,3.668304080914528,0
68.45697657438458,7633.400567902205,26.336884099254473,-17.32112549200104,5,60.53379615117999,helicopter,4.315298007872965,0
31.778711647698493,3688.286215130159,43.377223970736225,-44.52211880153759,9,73.96873046947135,snowcat,15.967590012300938,1
11.668963462349083,20.0,9.84542301972438,-11.969244551722944,4,87.64812212297802,helicopter,7.442722870770844,0
16.714946953194126,993.9815716537032,28.60622066949486,-48.235524240733774,4,90.8981155737171,vessel,5.271603115644144,0
111.42844899861758,3947.4599179822508,22.950780448371802,-33.18404201430729,31,76.09581854485103,snowcat,1.7861662922977373,0
25.358814492263548,870.5879129308723,34.62519176731639,-57.35806522401177,26,52.09625054661454,snowcat,3.1399649477084424,1
90.27596120377879,20.0,69.0818108345787,-39.07974862526357,35,39.328403222447875,vessel,3.0312984140792505,0
26.07538343236714,5621.257195875711,15.227738326967506,-27.106434970362884,36,51.91109860723991,helicopter,0.4152562214808291,0
42.80990926994099,1641.687581831532,40.92408158115775,-26.227117127523027,28,84.50846921357639,helicopter,2.9872244096345595,1
77.92979064879313,283.7052044838515,20.754282391230745,-32.89452142469473,35,76.12827848603027,snowcat,7.2659366193469745,0
52.333495588497755,319.01788221752713,46.82558823766975,-36.0415026295962,29,28.560458295879826,helicopter,2.275809190482244,0
40.24241326071713,7946.4927404609725,44.21728412490001,-1.6773081636429978,36,25.76003469654897,vessel,4.250725314567321,0
39.410617102721964,20.0,54.99800846514071,-30.992853930587646,29,13.482237473797866,helicopter,5.529176299018582,0
62.13948425309088,2287.5765714263334,50.068881631453614,4.0107425336737705,8,74.2888419779081,vessel,0.7317131636041831,0
34.14612291451631,2466.3255799972644,28.22844617510894,-11.601569113781885,4,57.9050988592227,snowcat,5.815121289923331,0
109.20339983070404,4960.786728451549,12.173019693040633,-38.03149084502909,38,57.731484037694386,vessel,1.128944896771256,0
13.83588508483001,461.7795069865774,55.792883976556304,-35.832606663549214,26,63.9767364219444,helicopter,2.358232586083097,0
26.85504331345096,370.8172338959648,82.94296523177007,-10.593032409536953,5,56.39787817102126,snowcat,1.0644768610571398,1
24.617267358520646,5320.87272792639,21.01127460560634,-46.69396423730136,24,53.988709850714606,vessel,4.091666947232695,0
36.574856205158234,10338.095764883365,48.166646597281925,-13.181090177956602,31,93.55498985355493,helicopter,10.296050745870568,0
47.355332223027354,1197.3452773566862,17.510765483868973,-31.35599357017951,27,81.29347773532263,vessel,0.44232206475568564,0
127.55181424853131,996.0028060331097,41.30314365218843,-59.78750585540208,27,83.81048153704246,helicopter,9.423195095471996,1
30.469438968614078,10355.302545033765,79.85108900221782,-43.594496309828585,37,95.96856039207228,helicopter,1.3842338419581806,0
59.87321538049209,1820.8917388403531,48.13171083195992,-32.87302597860343,15,87.24748810789666,vessel,1.2151073515052515,0
20.236707838179534,1938.9020896822515,19.966796621140446,-36.19036241308092,23,44.963741296938714,helicopter,2.1489496505971566,0
17.523223361354088,3540.3277218406915,21.799397231943463,-38.632213500887794,30,76.744100186837,snowcat,1.8696282158368043,0
61.372032218000115,4220.482291881344,56.8876730363602,-47.77848523086965,16,28.417672357510504,vessel,1.382245652523053,0
46.968810413315225,3740.2687541000914,32.39989913924193,-30.423882582798285,13,49.52321345931169,snowcat,2.4365968467773036,0
22.930212443305212,5885.74708672815,43.71157650146189,-11.681007364847535,21,84.53569379320405,snowcat,1.8566220505893294,0
43.56908906461314,20.0,21.877191523819896,-11.96574595851115,2,52.58744640206693,vessel,0.5713083443884654,0
25.32346963154382,2315.413372307717,34.830972918623374,-15.51270468667602,9,73.93038751268755,helicopter,5.21909479711347,0
67.23325959208478,6261.08365309162,72.43035419609376,-32.126415249010066,12,97.7396353834483,helicopter,4.974898964323582,0
39.867574139025066,20.0,54.044335284981145,-15.410156879607161,10,63.70602787216403,helicopter,2.6167019047718076,0
12.017846430939374,20.0,42.26744100601418,-48.92866414966889,33,59.67308818479145,snowcat,2.7384613511742577,1
84.70153372804018,5122.066008113092,47.229053367262104,-22.623307674591892,17,59.37715618054466,vessel,1.6902513348048986,0
79.03180292685921,3248.3154577620758,68.38071961585206,-10.887669811624775,13,57.30506723281114,vessel,5.260983662278503,0
54.19926530227866,1059.1874561937125,50.655837795938474,-21.090936754712914,38,55.76069241063532,vessel,0.7073864757434698,1
23.112569135822365,3942.8962761308585,51.922764914796566,-49.46205773734251,14,62.6498369643467,helicopter,14.747881995671383,1
8.020036603739143,4317.523481587261,13.356011094629913,-40.7393400405075,18,72.07540234812514,snowcat,4.408187719931621,0
52.68695722092335,332.9851658314228,56.753845956439676,-37.814503845734954,18,59.72427689611833,snowcat,0.3843266198267612,1
66.77525347777244,2770.1160694379746,29.414688058068386,-42.96544471684998,35,59.59815272528387,snowcat,3.6810536160404417,0
18.315507346588078,20.0,41.54989443257022,-33.95407914505998,20,66.51409973577388,helicopter,6.268309747043483,1
54.87544969550039,6459.633772444434,29.906045841359283,-31.209534435664544,26,42.2970907723856,snowcat,5.221780449264463,0
25.40138380458643,20.0,34.36069295240567,-32.76882400843878,5,61.00674761346127,vessel,0.6486154844690317,1
58.503209408054005,2612.32756287762,66.56933488252571,-40.840559667720925,3,78.41228294662376,helicopter,0.344389440467761,0
18.653508458865716,5378.982781941466,63.56861061587223,-16.722283180210866,34,41.63430031996916,snowcat,0.9488146298492843,0
62.280132965427114,9003.968706731124,25.02650047666048,-32.20074143447887,29,75.02331837344533,helicopter,1.0749138352458665,0
42.20915308016865,2422.7117400688803,23.14910494995066,-47.11260612159437,9,79.15687032216931,snowcat,4.3439944884276604,0
15.556298220265447,11251.207279904142,29.7366747795192,-35.37152245315878,4,100.0,vessel,2.3663897771555824,0
21.272671697155005,20.0,42.09747040356923,-36.73167974796958,13,71.70134511710441,snowcat,0.39026322682856224,1
64.31141877121573,4764.225533261631,22.35209073051104,-51.88224183257843,14,50.177225234169796,vessel,0.034671977508861626,0
31.450633162166003,903.8098742821412,25.57279375162503,-34.61719301536666,17,63.95564198017573,vessel,1.3869640241599592,0
13.694306098567504,7918.272586876472,33.20584904960559,-14.60848264304092,7,54.59804140325883,snowcat,0.7730217304833206,0
39.85966917230145,2734.0634383642587,27.755691194604616,-33.05148149574208,8,61.25781816560855,snowcat,4.559305820957314,0
31.391208226519506,20.0,46.18108601792795,-32.24392460326067,12,38.89748561947841,vessel,7.283676133814698,1
46.267596699002105,6719.448202442087,42.60115592214915,-23.417327417283985,32,63.62240020397904,snowcat,7.385512038246864,0
81.45914590198963,1684.7269297456364,34.704860049611675,-37.16544279091774,17,90.47921755636352,vessel,3.0785847505600246,1
28.299361105702374,20.0,31.58018234437785,-43.1100540325352,21,91.46437708181888,snowcat,3.110008709574469,0
20.068664140101234,2036.2681933821223,16.104898123159593,-21.593785541391597,17,78.5104904704269,helicopter,8.26847523329233,1
19.425830712282366,6027.304129095213,22.343390198952854,-30.254519297954968,25,49.278630692031975,helicopter,8.526068237390511,0
83.94434315190327,2552.4786503811392,17.126354429539887,-50.57910472016957,14,75.53012387516891,helicopter,1.3286543393141397,1
10.847132187455175,1821.8143955846942,49.67313681945229,-25.098768968391646,16,61.42397926025514,snowcat,7.385060470384337,1
46.89615449655482,2990.477968652902,41.43976339507702,-26.20827896415662,38,59.14062181649061,snowcat,0.023178364033134575,1
35.878367444470705,20.0,10.993084127885284,-51.00415193064012,32,88.93728995404307,helicopter,2.834456304003177,1
56.13266733888988,11579.504330038537,71.47937866008931,-58.71132224392237,33,58.82349540452174,snowcat,2.3453213192360924,0
46.09992025947301,2831.4735250645667,23.981312585984554,-38.02129461804823,19,58.06261467454759,snowcat,0.43441389960803,0
41.39155957510003,5890.578245083383,9.115824140357153,0.4971348452846023,10,74.63738929975122,snowcat,0.18613585985862757,0
70.40761497142424,7483.8249122487505,46.863918458884356,-1.5051272615846258,38,38.095724925365175,snowcat,0.2754746541020715,0
49.52250384521159,20.0,15.902029339364574,-11.844091370241856,25,61.63725966023488,snowcat,1.6882468638476804,1
40.079369191964496,20.0,26.00095145409024,-39.06842291592792,36,90.70375082307717,vessel,0.9101798040561362,0
58.54123785189981,7772.645455704583,24.721572515149354,-39.97250620335888,39,94.9669778662151,helicopter,2.531533595066211,0
37.6936977829725,533.6931176250218,44.53456534025244,-45.59246104049114,22,47.58073503664213,helicopter,0.028353340927404352,1
41.62925728847725,1814.5065293762657,65.89470688725254,-44.83994010744629,8,45.63784576489631,vessel,11.482282191031025,0
14.052628945914158,704.4920025970387,32.21900939779768,-22.564844035865324,32,53.58352618096463,helicopter,0.13742481965272685,0
93.46763638439147,20.0,25.538662362670937,-9.178696747679723,2,5.0,snowcat,2.4361449368341264,1
54.72607145687324,2303.215804750944,19.396809645877678,-33.02734518176697,3,99.43703458830049,snowcat,3.5833157364016506,0
54.2374675428206,2760.1420850202785,47.41754572354427,-36.57533497574663,21,79.42736160511998,vessel,1.6970380846485154,0
45.39862259967689,6193.1756061293345,23.36033185507275,-41.09352541374933,32,43.11598603284107,helicopter,0.48898841229119383,0
102.4362126433242,1620.5452429273166,38.09458526815794,-32.60510030965855,19,37.85477904851533,snowcat,0.393617363080796,1
65.06474098001449,1136.8446495023247,45.62913078265787,-40.34513620110765,4,65.44814865144754,helicopter,2.015829231167521,0
8.761646674075699,4591.793470361412,79.08563219606992,-46.91298219888955,25,72.4623159265279,helicopter,0.8448576493336101,0
44.90776760191945,5663.776012112179,77.91721044954272,-27.835684281326156,14,100.0,vessel,5.1465426900396265,0
59.493756637375405,20.0,23.903525031625765,-39.65858181387496,2,55.450678695452424,helicopter,0.4592891048281285,0
104.73675004964069,20.0,64.85287174948738,-36.307331531580445,16,69.75726543266539,vessel,2.1415373047737916,0
27.05595620028498,9664.138393127181,63.51926836957537,-29.827340157600506,7,55.74414941831764,helicopter,2.311801905336134,0
31.130589988154288,7657.369578251064,31.223046669064548,-54.8454974971594,3,61.74180562254735,helicopter,5.464663279927549,0
46.75454031531552,948.7979740992841,58.39251824032347,-48.386470723308,13,100.0,snowcat,4.380473876535918,1
39.567958836923026,1966.2909903724733,41.073955812127416,-28.427352620913307,17,100.0,snowcat,4.229929793832059,0
24.745034131442686,2828.364253265986,46.212520352854646,-43.964733400368885,32,79.22856670475696,helicopter,3.1111084688874193,0
18.92367919585251,363.7040065949586,79.8660421786378,-29.421285145964426,19,38.79762367007962,helicopter,0.9741918825050575,1
61.039485612886686,1174.1326782273181,26.892776421676405,-38.80900491877985,35,83.89680183636187,snowcat,1.6723259375239472,1
28.20058705988088,2573.22965193409,37.85768991160736,-26.649753288050448,31,65.96044137001793,vessel,8.956636362272588,0
59.19879960517416,20.0,87.24438455126926,-49.21037090958059,33,70.7403845162297,vessel,0.7883453526006095,1
34.848545716918245,9959.081510133023,67.72596085630613,-39.95804589770512,10,62.37029334402242,vessel,6.7994951193454725,0
30.62563302291367,20.0,51.49627521331688,-10.752871235228021,21,53.90193283505958,helicopter,3.10771614193455,1
60.68959986540608,20.0,41.62965532877908,-25.576971204159694,8,75.69125498872518,vessel,4.76827607315294,0
19.21748641043541,5650.153433235279,61.20093408386089,-18.874922817434488,36,53.98921037510182,snowcat,6.3951433530837605,0
27.073477756192116,1741.8132914257242,39.63086546161898,-29.89595569845538,31,59.82118880197537,helicopter,7.017175428228977,1
45.26053435348069,4210.3893691598605,171.80344191145372,-45.25737817323042,39,66.02696458269027,vessel,2.3318117865768677,0
45.172323136642,2935.0425256931426,73.71494755013718,-38.87826146306226,4,71.2722996385503,vessel,0.33728200348959925,0
59.93991745515462,1791.0609768564177,20.326646537047225,-37.86124078188677,9,35.86122024575873,helicopter,2.059151129388369,0
52.95654365393429,2643.338824981022,38.31852247749385,-37.820822889173236,25,72.67358137404825,helicopter,1.4716332034239543,0
56.53105142318719,4149.835762582404,19.455237994556725,-14.293868231124193,17,56.0790495087585,helicopter,4.8534860544675835,0
44.96969856928011,6351.860573601898,18.674919011471484,-32.732660977032495,19,75.93491244182803,vessel,0.0762843321869754,0
27.048358134048314,669.5396907089239,23.571151326256782,-46.70968049166021,29,100.0,helicopter,3.4617562149660466,1
45.163499779175964,4350.659060811991,32.45210253191,-38.18184077066354,24,48.186322357554516,helicopter,0.8726885082642684,0
44.06811262816471,1544.246672071424,82.95778633596272,-25.142687909533702,7,63.882760251635496,vessel,5.833096731105941,0
31.394652737841223,1840.3982306217754,11.344411211209803,-48.19829155941575,34,57.82355897595645,helicopter,1.9005937522155694,0
75.84936567097716,302.53477308828997,31.441457512003264,-16.945937244819667,27,54.446402617046786,helicopter,16.188199475274594,1
49.759644834817735,2061.4825878984902,35.52325486995685,-12.556712279342051,30,41.90650092838663,helicopter,3.5973981796978354,0
13.24048734447234,20.0,33.779461140080585,-40.141134361623884,33,67.93502748173044,helicopter,0.1630387916142179,1
6.810755839368286,20.0,32.57886841165191,-23.693144941796646,11,46.76912839142129,helicopter,1.6263816934608952,0
94.34317319064365,203.0715778858139,26.18175319780958,-18.662443370943613,14,98.32832098072186,vessel,3.7190675863183262,0
135.7114049445486,20.0,27.927411974005224,-42.27413256175255,30,71.52701129013153,helicopter,1.2302583033060948,1
17.514991468477668,89.43236024503221,20.716194280197723,-35.06503935246699,34,40.006254413414055,helicopter,2.449688735928392,1
27.67199107604202,1427.8726474995954,18.210738466529545,-33.319973026404384,11,72.49077268870226,vessel,7.682178477335663,0
20.09604447310443,4007.5152096360184,44.51572092255965,-25.562063604796393,10,67.19243429842405,helicopter,1.5107888196472932,0
60.516026870164225,20.0,25.495344351906827,-12.523561689240449,2,42.624490230045566,snowcat,1.623925956696362,1
8.858291383973347,2805.0286088066414,22.622039511099103,-33.22298660690251,29,64.37040127872199,helicopter,1.6192720680961967,1
34.29371431653955,4039.6215892245873,35.259386421707454,-48.40093495286138,13,69.4490427869107,helicopter,3.5182603967609225,0
24.001067025766197,2097.9926066878206,47.03045161025941,-51.35014791053129,10,100.0,vessel,7.913434871273355,0
60.18396904502289,3464.6862825541302,35.68051235095079,-39.37554181072467,4,43.1971664821217,snowcat,5.949049734744962,1
15.208831056689956,3537.4143016648636,32.354992781798195,-33.60314947213746,20,72.37746642397194,vessel,1.1049779147407428,0
66.4393187729591,1797.3227577264397,48.48749035870171,-15.83823541829333,36,41.74052268200987,snowcat,4.106943851842922,1
7.475793221353376,882.294342845777,56.693928572495984,-51.06832143205222,30,58.24699426207456,helicopter,0.8537396225827176,1
20.979183408563888,3385.9453180342807,61.59190311571518,-32.41909008733625,5,45.0945349719414,snowcat,4.254633532825002,0
14.019784307086478,20.0,50.620132964414275,-12.467851760104061,4,94.1650540093115,vessel,0.058882304008471595,0
56.82505323382675,20.0,38.51400749999812,-25.485714828687215,2,90.8351668813186,helicopter,8.15235960120794,0
30.300971968108293,681.0356447755144,22.40039259332894,-45.12261444343038,9,87.50466497738961,vessel,4.586005587572541,0
53.13330874792297,1155.1632990230598,48.3771644279515,-28.218807996493922,28,52.5827055543492,vessel,1.9519756908300114,1
22.4845363491162,3301.4626258795197,45.98108488586638,-30.9579720643558,7,48.36893352669421,helicopter,1.4197185935387566,1
22.622442200517263,3166.5541950634297,29.54649510536747,-15.43778479828937,28,65.46488768734935,snowcat,0.584264412699692,0
24.830468929553774,916.0184349986548,88.99322011035729,-21.71730374101676,6,100.0,snowcat,1.5750444120124785,1
65.74472461117819,3102.0476406822136,32.83734867697107,-27.184731087462353,34,85.26295104410892,helicopter,0.8725160967685694,1
33.89891487422111,5554.701169334101,43.36517795467893,-23.838171198620245,6,100.0,helicopter,0.13622967147499337,0
66.51896166897592,2296.3109404601673,34.34828339706729,-30.098108347626553,34,58.80549940678444,vessel,2.444524169568956,0
66.01343011183565,57.65400177561423,32.17799946193135,-39.80642187606905,16,64.92247080137133,vessel,2.077378285633112,1
98.93222892740026,1628.128147816009,23.562989426262405,-21.963814009405965,29,79.50430946517156,snowcat,1.015226327660888,0
17.50711615038863,4983.314181375638,27.78225939757081,-38.7184523675326,26,63.87657188933567,helicopter,2.8388675962074004,1
74.7367217443284,20.0,48.45364390065559,-26.32138447841773,14,63.90207938030631,snowcat,10.35628484499744,1
59.057997338763954,4818.808868497725,11.76011785721769,-22.257921396378173,38,44.65042408591105,snowcat,3.862033878546308,0
30.783420023809718,1173.5038836496042,19.888691935744113,-45.69601110257662,25,47.747212423567554,snowcat,5.786147635182586,0
48.80323082720298,6092.602271725954,23.18885421786217,-33.35940977739814,3,100.0,helicopter,3.592671349493994,0
26.147734275828498,3640.4844548885862,35.95336716954618,-12.002843241464397,27,54.21216838392246,helicopter,1.3271541562497744,1
17.21478738960167,4613.498326360455,24.050747642330187,-14.668825432439258,10,87.26926531379733,helicopter,0.023905336295257235,0
87.54536372470812,5543.935183105172,40.333305914487354,-25.522359179305425,23,31.811994543394533,snowcat,5.929444294240411,0
16.264902438594277,6073.092903507764,44.38995541104767,-32.86538556177571,8,66.14195388849984,vessel,1.1429720964621741,0
19.70252283263622,5334.668505426165,17.96031609991346,-33.97629321885861,14,44.211060549247705,snowcat,1.4622855805506827,0
41.51284092361881,20.0,21.531895377645004,-38.75801841870449,23,60.765654770729085,snowcat,16.831568198945106,1
55.818416483242004,5040.261596288705,44.53803113733126,-31.57493821156764,5,83.6087688626967,snowcat,6.7010948511960216,0
68.20358645245217,20.0,23.141586791259687,-15.235362280802175,26,59.23909130301543,helicopter,0.3264747499774136,0
7.004308293500321,20.0,54.45153281357218,-38.29373701356164,5,100.0,vessel,2.378896619083417,0
34.97071914093505,2543.0621228102436,73.13118340717584,-46.028373814646145,39,71.6775503365023,helicopter,2.0043849730455947,0
34.378267270561324,6540.866743486329,98.60359994418278,-19.01243774038446,38,69.03894373843346,helicopter,0.3657261489434198,0
52.302729825697995,2475.2505987455734,75.22145209298262,-35.15198242094936,9,57.88798554447614,snowcat,6.778657597807636,0
9.685344708832371,415.06855715194615,30.40005078395787,-42.59892005041614,24,47.57188524361809,snowcat,3.327739727423097,0
67.70706091359403,4666.191342505968,64.17843912625354,-30.386987866375627,24,50.569965462599235,helicopter,5.577982868432444,1
18.67189889374827,1414.5414234356942,33.29184282576843,-34.79057402468689,17,74.7874292877193,snowcat,1.4915733053205908,1
43.25039473241333,4182.639844679296,52.94487198501504,-30.16020355852345,16,49.8961031136452,snowcat,8.686991863362945,0
53.28893671364203,3208.6004506484323,38.2813540526771,-24.918471151682304,15,59.62661137115894,vessel,0.7864512416772165,1
18.4932585889283,20.0,36.959005597935004,-26.557405332583286,19,58.37421748527953,snowcat,2.196454392798442,0
49.013629184938864,6230.062579653745,46.477539063085615,-25.44632495467946,10,98.74193087715591,vessel,4.807881017828007,0
58.03062167874893,20.0,65.78703295102873,-29.30411414148469,17,68.25037770324965,helicopter,3.728135602737373,0
22.938024898242062,136.47805187575568,34.0096085799139,-52.326485496497995,17,70.53758717861298,vessel,3.015415475234852,0
28.394682510653517,4752.933080240239,29.001970492066434,-29.992229659872134,2,47.863511776040184,snowcat,0.371235274557488,0
24.861701043155726,11439.238386444133,57.14750584267609,-46.489749284238954,34,48.06708862889047,snowcat,5.007918220446272,0
50.99778463773749,20.0,78.90735487150853,-39.658327951805575,3,44.31953521398537,snowcat,3.0979125925859066,1
51.135942568641404,2456.0724816594648,25.987110812994445,-39.47943992085743,27,62.811614256318066,helicopter,1.4756762479355472,0
80.6944692903632,20.0,16.659494252026253,-24.158696997980957,9,31.75772144550097,helicopter,8.92291585886965,1
51.31805641466959,2395.910282319426,22.93134946167125,-52.48022993918687,3,80.03192653838741,vessel,6.723178319181828,0
60.77901103163411,877.324984292442,39.14035986201036,-33.41331991234648,33,74.149686716342,snowcat,1.8126329257779543,1
45.3873164980372,2950.902451533211,77.4717065350205,-32.172475430595526,29,40.61994281814033,snowcat,1.2130783641668685,0
12.728169637126797,7076.884167248441,53.75440291414673,-21.737566206638533,14,60.24232057184762,snowcat,0.34667182380416667,0
76.4722605060137,5433.571541456723,29.279918413174858,-29.850690546222854,23,88.12763380965447,snowcat,7.116371918513434,0
26.50352624263088,1785.1906809430254,44.71489847908206,-24.49350739769359,38,64.21508801362413,vessel,0.4110409102671706,0
65.52238500961913,4968.081358055653,16.703239877802552,-29.662747310859956,22,40.03483127978165,vessel,0.7064406644417144,0
27.965952465698262,3085.294498600825,75.88613883349281,-10.516907641668073,26,89.05114351407825,helicopter,9.48510640515932,0
51.59652049334419,20.0,43.19061618227121,-36.23985975413137,14,85.19555795008387,helicopter,0.6737707827708301,0
94.49375275851418,2703.6210587265614,20.942219737792264,-3.0515770404917433,7,89.3889252602842,helicopter,1.7617763542507698,0
61.03257943376016,4292.894389605908,18.56004132918774,-37.679549528634475,39,45.34420421677099,vessel,1.373729738282485,0
49.57174027636643,14022.181857939753,78.70031708145123,-21.640666487339516,38,100.0,snowcat,1.397087595889809,0
28.85508915836071,6843.432677382512,61.634348469211204,-12.67490727612963,13,72.04824222449318,helicopter,8.865890448361075,0
25.94165318211866,5055.896158675728,34.033045449015106,-33.202657127867276,14,63.5601467934866,snowcat,0.06625955884869024,1
10.837110427028081,20.0,26.405353182757203,-31.82268163852048,36,71.06541593311967,helicopter,5.597986101101696,0
11.168143260242152,3489.3511278925953,38.9163552967129,-47.07635190187681,30,82.06095197829526,vessel,3.935709079238449,0
49.70802940926589,7219.70891846001,40.963266571681,9.758549564280315,4,96.17846447132652,vessel,4.192089801544903,0
52.500055989968686,4583.804121665693,38.22560411010985,-33.385727190324054,20,48.052166405942714,snowcat,3.86603351375689,1
63.53275341067098,6399.916255575812,14.965778465486437,-13.724942015515929,8,58.36178580560325,snowcat,0.781166734390826,0
55.96327264717922,4487.683940588764,74.24013569711984,-39.22815482136638,15,49.42273042360895,vessel,0.48398207433524576,1
17.3048857979057,6044.861737730493,28.9277183574869,-47.48141401899912,22,32.091079215698535,snowcat,0.17060800711405286,0
47.97433104182883,20.0,19.757844632821296,-38.24771994765281,36,70.08689908263959,snowcat,1.6546620640428982,0
125.54800215594935,7913.21123736105,24.825515944267327,-28.403566568141493,7,83.83171381243658,vessel,0.6963378883650042,0
81.10324713717917,5410.712634486418,48.97814838286406,-29.110969736739225,26,49.22940948274014,helicopter,5.038067577334021,0
54.88698351024533,6521.277492417623,29.25339900785533,-38.39574724680652,35,51.82899572873686,vessel,2.941436725289088,0
52.3161123193344,3389.3547570643004,27.66766487968397,-35.92237729350877,24,51.915268248583146,snowcat,0.012916729356642821,1
34.58431798270098,4598.7365212523155,30.046833165752314,-28.75088186243582,23,84.73287646035476,snowcat,0.2386915826486226,0
27.72900536938164,5191.157831362705,37.971380600298474,-39.89146829901904,30,54.50315593038752,snowcat,3.606280551305307,0
68.45930378885451,2470.17138163172,32.92694249353181,-36.075871173977525,26,20.682778707861132,helicopter,2.4422827239597056,0
32.89061934905282,608.7358072215293,53.4175583784286,-43.42424206185841,3,66.59665085732122,snowcat,0.3892436147198007,1
55.9809260403605,20.0,81.11111653660598,-20.921473065312412,26,56.26823060506921,snowcat,3.1981010219092894,1
25.832596027707687,2607.8165083429876,32.8291394884323,-46.165464472017554,12,43.65517837195874,snowcat,0.16106267132779317,0
80.24091392576302,393.1699182450693,38.63364187995459,-34.01615396872139,24,65.22702976045721,helicopter,9.250750689679828,1
50.80009438111139,821.8902470588737,70.5968237817278,-23.89543427911424,8,68.58939071731997,vessel,6.516043623486441,1
46.75696804546737,7408.233319917951,27.755095033793534,-22.97584949592627,24,58.85731133094084,snowcat,4.914157056084542,0
34.45356803875394,7865.1189058292,58.84956894393909,-43.911766313423925,30,61.545582345672635,vessel,0.5645601484404417,0
48.7338740589656,1937.522315137345,48.021459971925196,-20.829359894453923,37,30.863072695072553,helicopter,0.9232413040062106,0
3.2362297317259663,6902.402680263114,30.11121973151735,-24.553473390695444,21,45.424917637606896,snowcat,0.5528190910740582,0
62.96622150414366,2433.1014253894737,14.604763133646907,-22.164076182148534,23,70.74244249925154,snowcat,1.8859186990154306,0
52.435841309630426,1867.9456579844655,50.61040597475612,-31.48469038917827,34,79.27341345218164,helicopter,0.09293364372007554,0
42.331994021469,4105.8040893927155,35.93424245413119,-24.725737749878164,21,49.35753036945806,snowcat,3.5649915580970184,0
15.12191734673965,759.7555489571578,17.639185310398922,-22.87512070906285,21,100.0,snowcat,1.5477345877095952,0
53.47189464154869,1988.9929625971417,22.04369858116202,-0.29163554045537055,6,60.5079994112235,vessel,10.239490879361254,0
31.269665679473096,7023.394279250631,33.002828368393715,-50.68293610384886,31,50.46725929049086,vessel,0.03385876037761962,0
49.3629851984842,3994.103543018179,46.52448995227202,-25.091811701849476,21,68.14063990448457,vessel,0.9586493896202096,0
12.554038091121779,4138.849583616506,12.46831886122137,-21.2967416606607,11,71.79621798058054,helicopter,1.6516862199882503,0
12.194382976395707,2316.0398338197674,26.00558117181445,-26.453736632508445,23,65.78713212672585,vessel,5.924308883718522,0
108.77707400621294,2044.4765028562824,27.60758794026239,-17.865959619389134,17,64.08521224115046,snowcat,1.1010040590695107,0
48.54589670849382,3341.9127565307463,68.0830712199546,-18.498433816467298,15,75.88995282536715,helicopter,0.9831304599203307,0
90.92553000666062,5326.94948486098,51.92178775492292,-25.703615967865453,20,91.74138774169995,helicopter,5.041749431166173,1
5.837013351686655,4027.035081336613,19.281695287177662,-31.201052339303796,24,45.3928851142866,snowcat,1.6373105002106207,0
47.08594198847203,4822.922594852165,109.25612656255369,-54.695505487163885,32,48.44911439941527,helicopter,0.700641764834655,0
72.81722233914229,20.0,34.741258752918355,-3.932364143707865,32,66.6301467107052,helicopter,8.379188276823449,0
44.41569904888309,20.0,23.995224338424332,-57.64059540276632,15,81.93478350335809,snowcat,2.4291461322779075,1
43.98574582998816,1158.2737263200813,50.48904737282432,-21.998949050180013,30,28.15284301857919,helicopter,0.31012742276581756,0
41.46908235977199,4303.518795270063,46.677378582088394,-25.245553613662903,10,67.73057631767831,helicopter,2.0564374636479705,0
12.439737979565496,4092.797256102759,55.83636022093147,-45.25522457416103,35,98.09096551636492,snowcat,0.26166951486170087,0
84.96187090139948,4947.300205411543,58.7936205243342,-2.1802446120627295,10,70.00780452822445,snowcat,0.3418962973481682,1
61.964205774025565,1964.0016649277534,52.3938038369488,-18.455808173149258,26,76.32146225492926,vessel,0.09846830147836848,0
21.022217736522176,3321.0657704874643,44.804821204733194,-25.61187453140463,24,67.07481070122341,helicopter,0.021914018281850488,0
30.452806646175844,8314.447566137347,22.48009234268169,-44.836258883482685,5,70.77669031133036,helicopter,3.7284726996768205,0
23.64410383694473,3098.975699214013,46.04085644005866,-10.732880009814991,33,78.71411188752094,helicopter,0.3830149650505297,0
91.0163814562809,20.0,48.72333216752496,-9.912451037823331,24,49.17598967315659,helicopter,6.363535669647139,1
134.52000292371952,4454.091654042634,25.18329738214674,-27.243062412996768,38,38.3120466924741,snowcat,2.3645243866666807,1
17.42627695502819,6549.65427808412,26.108034064578828,-7.047135187391159,9,76.57172337993273,helicopter,3.224294094208597,0
10.059265250056638,6424.917022368305,22.167259034515403,-26.5637863374142,11,65.85527910776979,vessel,2.439318450793274,0
29.335301432893225,2017.1105988115714,66.77163040171558,-24.462491514081524,19,100.0,helicopter,0.9754540493108199,0
31.725568017693583,2220.328325575413,88.09062479403657,-29.933660930324,35,36.91771575967795,helicopter,8.350120969555597,0
10.276508077852188,5269.524226575948,57.696834708128016,-20.19340267266254,36,83.44333938243881,snowcat,3.7420298798525646,0
35.185453209211104,3425.163838283272,34.34388942080752,-22.560659436441057,32,45.354910853904165,helicopter,2.016105186466727,0
48.25880871015929,4641.92087469425,58.82475506433444,-35.74517828219074,5,69.16858346908677,helicopter,4.165965866070105,0
5.298129799693092,1278.5433156401039,57.30253530074361,-43.15454438633661,37,78.2352864732548,vessel,5.423715039615892,1
66.97823952670917,4094.2491048666375,25.44472067155131,-31.91385440746141,31,64.97558267573261,helicopter,2.58472389815383,0
15.095343278749343,1385.7898875849312,19.229374655815057,-20.82337491148846,13,67.01868555676172,helicopter,2.449590605791797,0
7.46039705313886,2358.276934759852,15.75517856540789,-31.714090165446784,15,62.34697318624617,snowcat,6.298984512930913,0
81.0474014245079,20.0,23.37075867677077,-40.8551695861027,37,65.79367295441945,snowcat,2.3172482002327373,1
37.16787142879124,561.4438851374794,38.37609976389876,-30.564199748701,30,40.472904540005075,vessel,5.180528779695101,0
69.46410477968548,20.0,54.07901346696115,-43.80148313517432,17,46.50777988460925,helicopter,5.673477836109515,0
64.82287112825136,20.0,37.09043161340404,-36.37136479825415,9,64.31580275433548,helicopter,1.3375206670691158,0
15.686682129795493,178.5609638816827,56.35509039520208,-51.56596763320258,16,66.12540341806186,snowcat,8.437494978430848,1
19.885873034597182,4267.723937899729,27.229763928866568,-28.296043081966165,5,62.94849461072656,helicopter,2.600637034106186,0
19.776219578445225,3709.3891445170393,46.06180972809632,-20.34250920726077,23,43.43246697371456,vessel,0.46418471339386674,0
56.6090340470624,5500.262247008315,44.68789961683715,-29.391800244368795,31,84.43876861482073,helicopter,1.6100571385410758,0
17.475337922412844,1620.2583498079441,94.44931294929853,-25.00976495660866,14,71.15525085671034,helicopter,4.103667624634547,0
21.465232073504577,20.0,21.162654458698157,-27.90380424942794,26,70.44345264296854,helicopter,2.874685686646545,1
3.1502007556024596,4051.20229152726,94.38395518538952,-24.108681681411127,34,65.6734281266534,snowcat,1.9327905061853894,0
7.985650446959097,2936.5083455880563,84.54884445291083,-22.65879387943359,37,44.23410381583091,helicopter,2.7099469658903987,1
46.012723458345455,2581.3649816779753,21.599896590534495,-22.40632184571615,6,32.155489167655745,vessel,5.039932881334575,0
21.058930087825637,20.0,38.083583079736314,-16.04739117492139,16,66.23648543515034,vessel,2.057726395036901,1
43.22298649284975,1887.8271313993914,70.2604129481008,-49.272297987089644,4,51.857600164647614,helicopter,4.521245158937545,1
53.54913755837519,5020.340438478164,13.25429589260876,-20.569828652576525,19,53.281777148780336,helicopter,0.4150658068377904,1
24.87557514794179,20.0,23.554617995327334,-32.62295681548574,28,78.6564844204032,snowcat,1.3589146491778923,0
27.508372150830418,20.0,6.654141928202866,-35.70460853812217,27,61.24125642751585,helicopter,5.456249503248702,1
63.34070558835727,3426.8175646789196,55.27396870521425,-53.203388156659656,20,77.99770916816966,vessel,0.830612345659524,0
6.642623339827749,564.2031611990878,12.082382905568048,-49.03065133932395,8,51.86356429492279,snowcat,4.509462792735469,0
47.84637183483772,5214.3359154382415,32.936353426143214,-36.0284714849241,38,58.308747051691455,vessel,3.1710974565798633,0
43.21808543164984,1983.6447929055607,45.7895643896877,-39.97115655731372,2,62.25466108390233,snowcat,3.1180182031454406,0
49.299097342650185,20.0,18.128756086720653,-18.051698685318215,35,28.834599964729406,snowcat,4.179931487768474,1
7.8316334864968695,3420.8812502945157,87.65983926029074,-21.158791547974353,32,49.30177905636933,vessel,1.23859000809159,0
85.86176505042691,2880.30132822995,50.747658012378,-11.961880972168409,38,92.05473727950722,helicopter,0.32578535149768273,0
54.15839014436021,2884.6153073531377,57.179031422383126,-31.83919242655481,20,51.58721932837519,snowcat,2.1884473194625356,1
70.32890544015741,20.0,37.114727699126135,-22.1449111383197,6,68.0991878957196,snowcat,0.5394829681601503,0
15.877276800414583,6609.5722979620205,40.65088267562386,-48.895195229520105,38,50.10098423023841,helicopter,0.11446988743862921,0
78.1656221944331,1199.7226240585228,27.98455769754789,-1.3094309754118605,3,50.400280697883304,snowcat,1.5100598782259493,1
104.87817313759969,7296.728371410097,30.035054680729317,-8.444297082909902,6,69.29526157642307,snowcat,1.246318675305052,0
41.6293475754978,20.0,26.981152862202467,-39.94405385846209,18,41.14207798768544,helicopter,0.7348859497715521,1
53.37801674514861,5585.928433208683,19.74218466540064,-10.783314561493015,9,80.67629492010799,vessel,5.119253695323052,0
7.06345388407573,4491.989388881085,29.047169373148943,-43.8015274312351,6,79.3582292411544,vessel,5.9220569346590555,0
28.956012375994828,2090.9619308176825,15.107552315690766,-38.084633348130666,4,76.7311384453472,helicopter,1.0394504771047912,0
34.45495050993943,20.0,94.71872966112556,-29.884825001791544,28,22.546088305198346,snowcat,1.8043498043123354,1
60.25254115717097,3158.679348287267,27.32557085367666,-40.51811367183285,37,65.4325300189452,helicopter,2.032274723086832,0
9.98480226299439,20.0,24.999344831990786,-22.734383045497044,34,100.0,vessel,0.7001211966068288,0
82.18892020430732,1612.4370579114902,32.64355670236574,-16.35083044888561,33,27.653743439954027,vessel,0.22866834760650148,0
33.702238382089924,5343.667663623133,43.76810171230428,-47.03246065934822,20,97.01396811615379,helicopter,11.296380563066787,0
138.46033067682188,2385.472145981434,22.531567632369978,-28.57768581677307,39,14.74951327760693,vessel,1.8119843959048183,0
26.963198456365127,2379.391964857705,44.039361355680306,-41.88310588627918,6,76.26562327010808,vessel,0.47328215648182537,0
23.58791538231901,7113.798785637671,20.45057524244285,-26.702822577334118,37,31.93135457600939,vessel,1.200531251320811,0
12.875798491680833,3374.701987293064,19.076748173414202,-26.421867105176993,39,68.68582039640415,snowcat,4.113289246858974,0
65.80441483204886,8119.864243099511,56.65960684209949,-37.64560411918533,10,87.25235319187074,helicopter,0.31012960419315333,0
39.50871290023089,1985.3821120364178,27.082389904938037,-31.970725340034214,7,39.138245185620434,vessel,1.2634115813583788,1
40.846489840852335,6031.68176425937,28.57350495231332,-28.76124547158804,35,100.0,snowcat,2.2900052138806837,0
116.57270350910055,2523.347948613371,12.41020086201721,-38.21074026256589,28,42.3687191948211,vessel,8.17350486190642,1
31.590270055565057,4012.285405706823,43.709298857195904,-50.093305014970845,30,71.95670846487303,snowcat,2.861812008378593,1
67.58829231328451,498.36540152884527,29.387900705449855,-20.690995248916074,24,43.91750661765556,snowcat,1.8676425921939868,0
46.574645718378555,3725.5538696028448,56.55379706490769,-20.779238723535745,13,89.68350094913555,helicopter,0.066006827656459,0
17.91228790557663,3922.257316021833,56.89012372640633,-21.3343569112604,14,99.3899813447024,vessel,0.8527720253887032,0
29.300140984807125,3351.2284325136643,37.52709278075814,-41.91411221639773,20,57.12331868906904,helicopter,1.7408320631232699,0
105.56899391724696,20.0,35.382735636074905,-32.79159489709538,37,96.0207760767215,snowcat,4.46096288095325,1
49.119939193914774,6059.096690548922,27.16293025846689,-49.56748389149945,22,70.29650521208256,vessel,1.0784500124231384,0
38.406858705307414,3901.986388996654,97.62684806989591,-4.967659472266483,14,59.05717225862744,snowcat,3.6403665339688622,0
88.73221599892355,4300.838722317825,26.287692186614542,-45.94336297903941,12,43.13002533235731,helicopter,1.3639388769772613,0
66.58091618283645,7515.736567626252,65.70220146955148,-14.97901473424006,9,49.58582962989038,snowcat,2.508544081499684,0
49.22378233158297,2754.9692851759232,38.009700409869765,-39.31361471640049,13,83.183802619236,vessel,0.30057643807700524,1
42.47615322205336,5018.731579644275,10.943386842106552,-26.367093889095273,36,49.51630348611128,vessel,0.7099546447432603,0
62.87687419511912,5293.380787793241,101.27038537571258,-33.08241060375953,32,78.52766977216773,snowcat,1.1381472594487625,0
18.241253886133013,2154.1236585016695,22.02601147021026,-34.626034782743695,32,58.458060869819576,vessel,1.9628813176254387,0
57.38984672516469,3001.3179953089116,26.890350850354704,-25.122422374073878,15,96.45317069634923,helicopter,5.136184279702365,0
46.59491177020416,614.5888486493031,40.289026633256,-36.622449651421555,28,51.571158651441095,vessel,5.29062491771696,0
78.67302428127867,20.0,56.53161780009685,-49.36138136279031,16,32.080507067944694,snowcat,3.344641961229086,0
31.557679862724484,732.9540798247381,43.365128864123996,-31.989287891421043,25,39.53289046846678,snowcat,1.3388529942983718,0
39.951137926151716,20.0,31.617355066191323,-16.62660108846589,37,74.49931872489016,snowcat,1.9274338552126036,0
34.9630134259278,20.0,32.454442163444526,-29.802038627960005,3,63.939754350360474,helicopter,6.079023980522468,0
20.01929119618567,866.0486210840604,30.947647231259772,-41.28128901067439,34,65.29531130612891,vessel,0.8405764522202355,1
25.064080133780468,10080.2239473339,37.54927423398388,3.1822291053040175,4,78.34152815547256,helicopter,6.226527828550417,0
33.10344464337652,20.0,47.80242987521429,-29.900388660165046,7,41.000960537247906,vessel,1.588522087739939,1
17.51797299783558,4519.631816791414,60.22058818132143,-40.204944694288,20,51.643792310602024,vessel,0.2676194138214214,0
33.60142913663916,20.0,39.843462067030806,-4.220998664277907,7,56.277664508619104,helicopter,2.174111217781163,1
34.64728465526709,3871.7995848652126,34.7767413581704,-50.785103238118666,37,67.97178676802388,helicopter,6.095379255060886,0
12.484016504309759,5011.410751318849,77.77842638173182,-41.18672036707588,12,47.58403597169296,snowcat,10.281127172992603,0
17.95262615787187,20.0,29.673762743098756,-17.740973035547647,4,55.617629091005355,vessel,0.7036880973447157,1
126.17760274619928,1032.8052852459311,34.453639443218485,-41.384613128613026,28,54.23123558238429,helicopter,2.3089838715572517,0
52.540433784524545,182.69348977072332,27.894995441394887,-21.231782145659075,19,33.76480667060838,snowcat,4.51513266381717,1
46.41827395982582,4476.69150261484,27.313627495981248,-19.70034350462506,15,54.60968888873747,snowcat,4.0302452246034175,0
50.87333222095278,3844.6551700011396,44.8848774305596,-5.177488286259827,28,73.13807167473875,snowcat,14.679732697773872,0
29.288931693623343,5375.589389429705,17.7793628859514,-17.24584667570156,19,41.79797357540235,vessel,0.05418587350525116,0
65.67475362527867,2508.373481640222,32.19897525588713,-35.49694505180364,22,35.57720093602334,snowcat,1.3453093529336382,0
79.65280611798258,20.0,26.649966694428944,-38.837490459712406,2,57.75893752474189,vessel,5.870254663050895,0
43.4184470760883,20.0,34.63139446721895,-42.671613284701515,3,50.92343758729774,snowcat,0.37942175972893777,1
56.10331963355616,20.0,32.92849934932051,-43.397631085114575,18,26.838422525840627,vessel,6.486530301320947,1
20.310806626802087,392.13624187191544,74.49316598032482,-25.270953836073446,3,26.333601675755183,snowcat,1.3414062442678407,0
75.50628002868955,1216.3519896126172,59.087022911953554,-51.32777555288863,12,83.7905475169926,snowcat,0.14734053205164438,1
52.49064151134929,1565.27808011318,65.9479829183156,-28.06538950476787,24,49.26258968305726,helicopter,1.6928718901409945,1
63.334290135731884,2521.277170239825,34.28073325058934,-53.14858238899548,15,81.89659443945601,vessel,3.3571546433339634,0
37.67636455557134,20.0,40.98930137430109,-26.913565228662222,20,76.8403915052491,snowcat,0.7314432214509128,1
44.29224813556467,5409.286215897072,45.12123097872294,-36.569962866449956,4,97.65124127708017,vessel,5.618947856095468,0
51.34094933272647,3809.662540866809,27.784722881507555,-22.404938361559065,20,69.83858180793719,snowcat,0.8255028043596426,0
68.94746218181606,1826.017346895784,17.316018041756493,-62.415919622055355,20,51.869039212137054,snowcat,1.6881850997501726,0
17.65100725481336,1313.1199221926604,26.692080033672994,-18.639223329814016,10,77.67428920511088,snowcat,0.970715438773283,1
73.78073503026363,1397.7201445228059,45.29470134728317,-29.87267101775072,25,21.457402036019644,snowcat,2.5837195648616755,0
94.24588313560729,1860.5605953846518,59.0003743206578,-35.62021197411657,15,83.32756927406437,snowcat,4.608662679936648,0
36.561194061043985,4298.1776862296965,129.8645319922626,-23.72227825083703,17,100.0,vessel,8.596463365144773,0
40.30004653532482,2489.464765793346,15.87489613471626,-24.655772902674975,21,40.94120244990293,vessel,4.2214719184369915,0
81.75656513104246,3808.638820395933,51.70895203954983,-46.528967728783314,5,59.73347207484038,helicopter,5.553763821996706,0
125.96690870099589,3206.606675865531,40.26578912081254,-28.11514779063603,35,66.74737705072899,helicopter,9.522107684037264,0
19.983240781399303,1163.9787709866278,86.69415682034212,-21.21388361376104,16,57.204707220437655,helicopter,1.4990735716654982,1
44.41923436124994,20.0,59.21676372628554,-49.116527929444516,12,62.42080415580252,snowcat,1.38897634579526,0
13.681468793812208,7089.607142812138,28.875593341997337,-27.55099148787689,13,48.71544584648326,helicopter,0.5828846734821351,0
19.538296251486518,4819.2656575313695,27.65556701147146,-15.550639161363481,12,52.28298325170144,snowcat,3.3913434615866747,1
61.11472407544336,6825.5769487515845,28.386274403266576,-27.94968860241386,16,100.0,vessel,3.1444885150737294,0
41.866046830609015,1473.7469801915086,14.472883392099309,-35.642613538477676,24,67.2901120005316,snowcat,8.160497030411255,0
58.32970333788743,3987.6080433675047,13.657537103730185,-46.4307514606377,31,13.195876381641227,snowcat,0.34811161654512535,0
48.58732774520887,1143.2280599491246,22.141857657208895,-43.19812170434154,22,53.29587484029577,helicopter,3.539356376443548,0
40.8320924004063,4956.766451250293,17.05913059972261,-34.86046531169878,38,56.13083352469978,helicopter,7.456212274079327,0
75.59384928709237,7697.7975211932135,8.919332078787157,-20.680241817202074,15,97.41142856366137,snowcat,17.121068748376885,0
86.00534708251595,7542.664998516311,32.69798158141385,-22.886449883295946,25,94.14101612306044,vessel,7.085275132229606,0
37.77525765209416,3101.4448701703905,37.739821300973176,-34.803678105921065,9,66.93101796845508,snowcat,4.786535068516602,1
20.75296788579053,5203.641655304197,86.41089311762322,-39.92271728807033,17,41.96782396302727,helicopter,1.485026181477418,1
52.77182132966929,4545.91405477773,6.032255048406486,-37.333835489994215,27,69.32623088908062,snowcat,5.970827561338236,0
18.803346330774552,3411.258581313465,30.30427639424012,-16.13943345935694,20,47.1222240270559,helicopter,1.1621087134946724,0
11.495191595000588,4285.759367550432,34.71015628027979,-48.327549523156456,7,70.87579101997622,snowcat,3.332982825258931,0
23.099317917585147,680.7835822993566,34.43257633994349,-29.80868605313368,34,84.56320855399824,helicopter,0.05036573862258025,1
22.227180128619718,20.0,83.66376291665112,-36.545404284389924,17,52.99853080726813,vessel,0.30654451328307253,0
61.32389328963677,4293.433050222591,13.476364965109845,-22.36650592802454,34,68.7191344475189,snowcat,3.6822528486261845,0
99.03595606722004,20.0,30.948443204304784,-32.97131782303183,26,79.9836804799223,vessel,0.5611219579191403,0
86.02636821955544,455.3384539145036,17.99277742069768,-45.58442213919409,34,74.97339779463981,snowcat,2.2737408938529597,1
31.142682552517307,1675.6371210218756,24.599246328544403,-11.55128151491163,31,31.76946992754324,snowcat,3.1097435165041527,0
44.10308427325584,7510.6040306062605,21.296071584670734,-27.921261801626187,37,63.67105067763821,vessel,6.235751256236082,0
34.9297032871242,2795.9613985071833,52.48864817933096,-28.615859339500204,20,5.819307420003014,vessel,3.508714408932426,0
76.42930047407323,352.2563299305107,34.31916049884637,-47.33377298821005,35,71.07547229313175,helicopter,1.8369285898368182,1
51.83100008461212,20.0,49.956132311934994,-34.50335345053957,6,81.82383609373508,snowcat,0.36061391189014086,0
65.21917179180001,2465.623253385471,74.12935512665763,-39.403078290294594,16,73.67487413094965,vessel,7.8899932074275645,0
22.922515468268415,2351.5810157893966,53.91008846300039,-31.68352634599344,39,71.42748715322884,vessel,0.46057232917018426,0
142.9034385266652,20.0,6.183598729714566,-53.15189702449811,24,70.87589444633207,snowcat,0.14925294096194355,1
13.909627871579243,3399.6821232777856,19.273512023280574,-29.08222221514652,35,76.54629047121415,vessel,10.262959633119092,0
19.162864091178612,20.0,61.26694867024794,-20.639904846755723,19,46.97040523797448,snowcat,1.0171458137836913,1
65.34852169175848,20.0,34.68843811796182,-37.20794276413598,36,52.02654817704934,helicopter,5.781944653483368,1
13.701733278873162,7085.750452440282,39.590039954065745,-27.350382926488688,22,67.40630413661727,helicopter,1.8911883923578259,0
99.27435278378292,20.0,64.02037772899553,-43.06965635138711,33,89.93838846039276,snowcat,1.2706888338487081,0
84.38608475293316,2591.5914316254493,13.938649051499151,-10.415044729075774,22,75.48392435473204,vessel,2.509122005647633,0
60.12955349654425,4146.95990278705,43.07530948304126,-42.85686648693401,10,79.23809792287393,vessel,3.4592729908915114,0
24.915578197612568,8451.522274612656,13.27575501621279,-32.87099326464014,33,58.932401531945764,snowcat,3.1467949590999464,0
65.32066625803027,7560.990325463414,24.981887866794914,-40.24662385631508,16,66.9597224756662,helicopter,0.293243404307241,0
37.193807250345856,4944.286361219671,63.17829344386317,-41.80599198652425,33,63.434195662578404,helicopter,2.8613915132143712,0
21.70263627441328,20.0,26.27019407455064,-11.530407583493957,12,39.851544231190985,vessel,2.8105489882011243,1
37.693863873596015,119.4866293934333,35.564375940199774,-12.829388274637779,18,71.02553037031981,helicopter,3.655980209572564,1
36.90339506577999,1555.9188622109032,59.32886000380371,-36.43113171423796,8,61.47455395782377,snowcat,4.105429900995562,0
39.690377889353584,10300.266838288388,30.20077424965202,10.666770073719412,21,82.52711316168808,vessel,0.5526671282795859,0
58.057521211532375,4480.1748009281855,30.771505880983288,-17.06782879064039,18,34.78197712162025,helicopter,0.1339162361478787,0
30.12563315514536,2821.3729231630564,29.671027967985562,-18.086980880186232,22,55.3595127607208,snowcat,4.031884492797852,0
33.76812846809406,3552.080164950288,18.676666905455885,-30.167883885177844,22,27.959253805076024,vessel,0.9862175188963793,0
39.4597514292381,7075.751989995631,49.18832288886021,-15.95241421488514,28,72.83514785802224,snowcat,5.087873040898089,0
80.07466486745085,1161.9636286584628,46.38636113478586,-28.737231427245035,25,81.24655564555448,vessel,14.740156806752651,1
108.60934274906538,3208.465268491613,76.01489809626814,-42.06617187416133,21,72.62227684403886,snowcat,0.56753393603936,1
21.500767855646473,2299.692930250092,24.278327248469722,-30.47645964619367,33,100.0,snowcat,0.7694143029839587,0
34.95861609600102,813.6340948729321,43.159450942935614,-35.54427027110384,31,76.02011923595741,vessel,0.9692679066519977,0
49.452851470014885,2234.419596307229,24.26049912729261,-45.01333622655584,34,47.44432517080669,vessel,1.2341603258614948,1
14.15047001173729,4036.468016182374,72.80302047273898,-18.056554027518935,14,89.34173118442176,helicopter,1.222864865742046,1
35.896170679365405,3862.4685770295573,38.49600984128023,-28.08425988161769,17,100.0,vessel,8.370401423841534,1
62.38238711497114,7171.429298311301,88.9836919699622,-30.997250638377793,25,78.6671830312966,helicopter,2.6155229720028195,0
46.129962308492466,1111.2439948006825,29.174655699859628,-9.127641111760923,2,50.269718059189486,vessel,5.773979619713469,0
19.729197590846024,3688.1998394189086,39.8369886879554,-28.094481715142827,38,52.06636461083308,helicopter,3.7560200727725848,0
208.63740365885124,20.0,29.192729589947977,-15.246230270516083,9,72.08622116833999,vessel,1.5653811932686679,1
65.65782767336233,2756.046290430427,82.79778900048883,-42.70880007600873,16,56.96417325139818,snowcat,4.677468969292446,0
60.825361222068466,20.0,58.53952510087836,-39.50740306185352,14,86.74387267038352,vessel,1.1816704377562726,0
28.329327247698572,4407.203694818789,52.57046828757042,-30.016702831630532,7,60.40433070307635,vessel,0.6419861169738549,0
90.87965328026677,8424.232241506412,56.24272314949629,-28.859238504101878,34,82.04147695523415,helicopter,0.7531568815278185,0
46.363233191201424,6077.871546307827,59.74730103188051,-26.44321609784006,30,78.95015357535124,vessel,0.47565173319548737,0
18.064103510118,1813.1047898432507,44.81387074147408,-17.977471655352886,2,37.27633321135134,vessel,0.26304462957763314,1
46.40545584728804,5905.580253556051,34.431049622777905,13.419756584989202,30,63.30151731677431,snowcat,0.12280183139770415,0
56.52330498975135,20.0,20.93642609347073,-49.36446354310071,17,85.80643930059315,vessel,3.5065055367982354,0
7.959318514800318,4296.749144087073,18.703879581916375,-37.350886895308996,21,62.17316916674202,vessel,5.627264975144438,0
16.172677258295852,10606.650678850976,20.247347121073766,-25.199842401733246,8,71.86340966925057,vessel,1.2316068618125169,0
52.27499667223304,4269.076318986137,10.963044562714042,-6.574944840145495,9,68.39489146179655,snowcat,1.430628815318964,0
30.24088284525024,2180.0822273511053,51.719158512653266,-32.72528586254734,21,48.307143951825665,vessel,11.318773610083923,1
85.6300198480331,1974.699567381862,39.8664486958453,-30.26972317463668,15,99.55534858373812,helicopter,14.902545699279386,1
50.21187362926062,3805.3009597691616,27.005706103725085,-34.9435305060597,31,49.964308878892005,snowcat,1.2552847225688704,0
44.73698967777544,2834.5429631324205,24.46129964804137,-23.66702111254046,33,46.441895045233494,helicopter,7.126804696556288,0
39.149868779608916,1533.6018299140537,15.765320374952614,-30.37713297188603,16,86.07295964310872,snowcat,1.3593672683254723,0
78.96045090573365,2500.0488245425868,31.160277421652477,-20.220651038427054,30,54.092381113852205,snowcat,4.3821018352556695,0
57.6022905960428,20.0,23.575918383179385,-15.329988810935951,24,66.50022607406602,snowcat,7.161605285124091,1
55.40519816696798,5159.421126381938,20.337709758915672,-34.598956932032436,14,73.49936845410248,snowcat,2.3295623052642505,0
81.8800628123324,6180.707080717377,13.266874443890115,-18.56693088872791,6,85.38776177634958,snowcat,1.3052598340150021,0
89.36092521297479,5034.990215865897,24.303850815081184,-39.0485976990272,10,23.02943961915056,helicopter,9.373735200814277,1
17.841323932214618,1898.3800455846967,18.671060774531966,-27.38944219044589,39,62.09515289081222,vessel,1.8644384913179188,0
162.96234016838798,4031.6061474530816,52.256459219360075,-38.10960139191561,9,59.0635534250038,helicopter,8.176893002372228,1
9.99983969825075,4179.186930558941,33.1368258737749,-49.969661911878546,32,64.15416917839876,snowcat,1.9520716564489562,0
46.580737410776585,2050.509282835359,49.07112492075396,-18.999250406543993,16,80.45685246120425,snowcat,4.6315942116718585,0
18.541890592225208,6402.899179655325,33.63755138263141,-42.327948626153486,37,94.56935354940207,vessel,5.031014340176135,0
63.638766658128006,5466.013098427803,63.25799345301654,-38.917200221225315,11,69.03635478798596,helicopter,4.900368876578092,0
68.77262821356912,5958.11965179887,8.895034733640067,-34.356555488692614,11,49.527541339062296,snowcat,0.4003713404636186,0
18.541310826563716,3936.205239233736,26.395528887893033,-7.224242016529658,20,69.59384266076701,helicopter,0.48027328589626705,0
77.27476366051384,20.0,51.65694570749133,-10.525212987720444,14,76.57392314889289,helicopter,5.498315727381342,0
3.5940626277752803,20.0,26.2756129248195,-50.183637612713554,7,70.63424788334834,helicopter,6.224326485882884,0
64.67112087144871,1479.2560155179533,26.577405984986783,-44.866047686486695,24,86.1749292463168,snowcat,0.9874573005218763,0
12.294079160353759,415.51039043699166,16.65363348380924,-7.487332379090727,20,51.46610003695807,helicopter,4.2473660912086615,0
86.60402491150137,2753.1924618794314,26.43809720532967,-3.7730708584372934,2,52.58831863108238,snowcat,8.129598575411412,0
35.85963669878409,20.0,34.004761894619925,-24.259144312030173,23,68.52826505005893,snowcat,9.163464808868728,1
25.753362882488748,20.0,80.45071634122928,-28.353408838606207,27,88.07125776657318,snowcat,4.285574184895717,1
92.83695109146572,20.0,24.667339216529385,-30.749057402672747,2,99.53231996086839,snowcat,10.110307613177604,0
64.59267266180952,20.0,34.31494363014444,-32.63266866846756,21,75.81193921758539,vessel,5.772932148669948,0
36.158091350693596,1601.0302723768787,109.23129421687604,-44.97675288352934,17,71.5319513798756,helicopter,2.4027542657881606,1
45.49447093317626,1163.3802520483464,79.76995320835157,-20.0716346052391,6,46.083420018615584,snowcat,2.3386547962366127,1
96.93065747331852,6058.898152479016,52.95542113056817,-41.311650571882296,33,79.58074612616979,vessel,0.10753169838119286,0
35.488052769391636,1967.693966490939,46.623152326169226,-22.163522392880875,27,42.44995956830526,helicopter,0.4167096784282111,0
18.398783154020208,20.0,33.83340564933753,-29.587100097492083,13,86.6021130233812,vessel,0.004178048025226601,1
47.381910403991974,2084.0335654479245,51.16488218215708,-16.860486200404733,17,68.46030045661188,snowcat,2.5529937465890753,0
31.62099523855399,4364.7329473645295,36.85654926938985,-38.22764995866127,35,67.87194171444676,helicopter,4.515042697188016,1
56.50125110378904,20.0,10.045564986788634,-45.31542510054012,35,91.1375134271114,helicopter,0.8376685881255425,0
54.76105180335688,6588.87316825229,32.04765113506329,-42.13800347842986,4,67.87118346556272,helicopter,3.6701283032325716,0
42.83690658069471,4211.707881665854,27.88922401655046,-30.258517211609593,12,57.83249794633452,vessel,3.9097756571544324,1
24.903837641202983,7141.537222206837,28.899106310700017,-31.864300430547264,27,70.66158282136549,vessel,0.15758217807224928,0
39.343244801611675,4371.454784511858,35.42589231752078,-45.38805218455188,11,48.09961038082246,snowcat,2.380766146531193,0
51.21050629786355,1657.7641134312246,26.977170925882948,-36.39796511294999,19,69.98253534055456,vessel,3.7374788924385065,0
27.73202889902942,2758.792060206192,57.68108232651691,-29.056740318423476,17,61.85551300650386,helicopter,0.279261269832899,0
35.663312932587694,1495.1415426924832,66.73243758205798,-21.518253893035165,30,51.60547912952532,snowcat,0.2740328102444137,0
69.49264895774013,5432.756226518944,60.7918140835378,-30.273733929851417,11,100.0,vessel,1.8953024526451756,1
30.035923260097782,605.7586029180284,21.943802885283723,-21.58096372544719,21,61.35283587429633,helicopter,5.757006689124053,1
32.60654236765803,3962.8076749367515,68.23270824012428,-29.493362899836477,4,53.376302516938814,snowcat,3.807179047797521,0
26.36061990843636,6390.965205730277,31.792342216131043,-29.422720610631064,9,31.25679581156207,snowcat,4.227566720206963,0
33.694568552730956,3634.6622838450266,106.45519802823256,-23.99630920682042,2,50.26424818408378,vessel,1.9072885942637519,1
17.524797253027273,3187.4800563957465,89.7037216209213,-44.3055900827016,33,80.17711574683128,helicopter,9.67569301563157,1
43.686108934381515,4214.735294753354,17.495588269472297,-7.358053807093405,38,34.285521870599254,snowcat,4.49984995781354,0
33.50874100898163,903.2943743351761,35.41185954653559,-29.069909661649127,35,42.05769714700544,snowcat,0.26874097973045097,1
53.790864163446955,20.0,25.52880873893883,-31.056045913931374,31,84.57582953220955,snowcat,0.3300692882421019,0
43.04024482062705,20.0,47.35661290262824,-27.010653814353397,29,57.71645051936176,helicopter,3.966736924734966,1
34.93935139061931,619.2552990170734,48.506091629414215,-16.328891029802314,23,55.49959569084133,vessel,7.971961276547072,1
71.06533620188523,3980.5113331428292,64.37185535614013,-25.00909691311724,16,66.5302249804969,vessel,3.7431231369475695,0
99.76268210521772,261.63457492498765,73.27269399648725,-22.353903026243273,19,88.91248993612248,snowcat,0.13503456296568722,1
33.38898598186091,650.9923654995619,18.13984289305157,-28.933164585742364,9,45.98770312306459,snowcat,4.58452040581103,1
64.49610906236666,5237.105751299061,84.30702031306544,-42.97240432209463,9,100.0,helicopter,1.8380165879543537,0
37.66344349151447,4152.7899673309075,35.59914105536999,-61.148936083695325,5,66.72884810201737,vessel,7.8951635071909205,0
25.46382874344629,6588.4521688327895,36.05282420994245,-20.04575677991097,14,64.04006778993386,vessel,1.0543822302870072,0
53.59182016682017,2667.5038491229857,13.51471467325548,-17.891267568781135,30,77.69059596891141,helicopter,6.421639818518161,0
51.55783727127786,20.0,40.20691630155842,-44.37726303575022,7,21.67571763406457,snowcat,7.422666806138021,0
58.44156914974866,9385.804013511912,27.16688098698581,-45.803305998146925,11,70.691179015606,snowcat,1.3308594254418682,0
44.7455900791888,4810.497471159103,15.565258451664299,-44.04860100843099,7,68.75528618822004,snowcat,1.8500171272679706,0
40.34741332692563,1218.5409249309257,34.550415322437644,-37.69434630710531,25,100.0,snowcat,1.0423013320178567,1
39.59676639461859,5581.664304415996,30.32640574868415,-41.45462474176274,23,100.0,helicopter,1.3442994973937852,0
67.77338091115413,3577.948535705898,73.01049171856837,-29.085999422043148,33,68.56505317682402,vessel,2.9453739699285926,0
53.09975008179678,6649.977967799771,68.02191277644323,-28.68756021594179,25,67.33751122298207,vessel,0.7707228662496313,0
49.94851481616385,3687.434311070563,28.80099046948318,-30.135545895533166,20,61.51581924905647,helicopter,5.269905076226257,0
45.47896579498873,1729.740317806548,43.139217930054656,-37.070110885419226,36,64.22660145874144,helicopter,5.809127385982309,0
30.17349856226567,3817.5809890860246,62.34903013085098,-41.741141494782454,26,57.185567898521384,helicopter,0.4509061543097055,0
44.17827752469417,5903.800528668218,15.828327633266671,-48.6193036528659,7,84.98349008047455,snowcat,2.9154535237015793,0
70.58081972200547,619.6233350029011,33.78245821511426,-37.79945595607041,12,92.61833993242588,snowcat,0.8935629934733228,0
30.518562771898164,3152.2650345783145,30.771318950191286,-23.357223606948203,14,89.52403940695767,snowcat,3.4033505698691764,0
27.031963885322877,20.0,11.201045742213049,-50.42438378765879,17,91.06298575406228,snowcat,0.7276819196526421,0
17.558033530694974,4440.346543019994,27.45507260735103,-31.81257377554662,2,74.9230883328251,snowcat,1.3143879751872918,0
64.37057154499075,3154.3168080392534,10.722038867669077,-43.67906875199576,18,80.47738994663027,vessel,3.299534329042968,0
117.56544646468396,4894.87120274501,15.834566639296908,-46.59471832857342,11,79.33723841158964,vessel,0.8140890033232181,0
110.27660617844707,6014.680492808566,27.01564061345937,-19.378488196770064,23,35.41851404776172,helicopter,4.325340954233919,0
12.463604375792887,1001.7864642070883,49.08046690012121,-16.177442044630965,31,59.504482243221275,snowcat,0.3062319479752904,1
28.450506919522798,3557.8024285952697,16.664750808195162,-24.954926849048917,23,53.332187743545944,snowcat,2.4656726022557365,0
47.106820508684,3684.2204676933015,42.261591398066365,-45.21237833966804,16,62.79365305563097,snowcat,0.8816724410060817,0
74.90165708731409,1058.79989116912,55.469317725453166,-20.899651396345583,18,61.91647273819926,helicopter,7.59170434173652,0
12.492168804196517,20.0,25.308250671882583,-22.008905783294153,4,77.33945339120108,snowcat,2.960145095409359,0
19.587992322775158,7582.768626667734,48.282397031599785,-6.926826261087633,3,56.30847995150494,snowcat,0.8431663123658102,0
34.94614591906905,1740.5869370845899,46.53511616063462,-37.30084682341301,13,19.0267661556381,vessel,3.3046229407751424,0
26.25161012343959,1727.3914361599939,33.59537086626015,-26.3762931503367,21,71.42228131707095,snowcat,0.2646303457726078,0
26.938741869617548,2236.138148482556,28.10747006594369,-41.563940255888454,32,59.74716045900446,vessel,1.3424249748265638,0
39.9440065823608,4516.583538497562,31.276372769360364,-53.67036287557402,18,74.38365515047987,helicopter,1.0750203364004403,0
54.12815639094163,1571.5764829766115,99.63491285183167,-52.85551177024027,28,41.459254916487666,vessel,0.36282065877094194,1
24.86810235457918,652.1087054420568,19.813415894299844,-30.154728458714384,27,73.87574877410685,snowcat,1.551450322170126,0
45.020255611970505,3457.9322738212186,83.90858870320798,-39.741579727187364,27,47.947077936900186,vessel,9.12946248075636,1
45.24864242942393,5115.344765187115,21.724204684994465,-24.5828464044019,8,31.499168250254137,helicopter,2.511158226602899,0
37.170212403768474,4370.457199439563,50.15029702635182,-23.068131338885475,24,58.11172374509116,helicopter,0.009839003256457535,0
19.272817498101976,1130.8009927944274,13.393359599498236,-30.59543665642709,39,30.02689397417371,snowcat,0.5240651789864333,0
20.304498149142127,20.0,14.298247286318253,-49.393888192833735,26,51.60069763494244,vessel,0.37068340851122555,1
32.08693501800714,97.8862785717306,72.36146422519175,-42.606123538763455,37,67.10603593026421,vessel,2.6092900338193594,1
36.008677214154304,3988.0252275766366,18.214730053256034,-27.936794268409223,33,37.53862381404948,vessel,0.7526643991204398,0
73.56536742777075,4587.950746789837,53.763416040658576,-26.72976513900391,30,71.0120436074937,snowcat,0.2977281317584738,0
75.55043481453284,1547.8367866866665,41.7352405878816,-26.55944349813028,16,37.350552627798876,snowcat,2.288157834045457,1
53.26884612987993,1360.0069838668167,35.90731020773811,-20.359586970305102,14,45.572132035004586,snowcat,1.8897137259725971,0
2.0806392116402415,20.0,51.65855796032751,-33.64985901499627,38,43.45482277776876,snowcat,1.0207795293353,0
15.36919062503434,2793.9730764826695,50.26557848485318,-28.24036571882626,23,76.9949199061881,snowcat,0.25998584757037824,0
67.24292639065308,5056.164127204458,35.82718795312126,-24.058562380433436,16,68.69368636268163,snowcat,0.3527638221553383,0
22.753218354242932,971.7978610046591,9.227252197938492,-19.140736297528804,21,55.06526788662863,helicopter,4.971521425273698,0
55.15058161431606,6144.09526959946,34.346050120261694,-30.91491876077164,14,21.409128879596217,helicopter,0.46206738191516084,0
21.482397801748206,20.0,86.09543017445161,-31.33366540153223,30,63.19188312752549,vessel,0.49763240866426023,1
49.96671591525823,617.8409330615168,24.04303062561803,-27.058866534441187,22,40.58486835522686,vessel,0.31163104959702503,1
55.70741192475048,2527.2785828091564,30.68751696129768,-30.191821693705528,18,39.220726334227415,snowcat,2.563754337921126,0
36.20318279828954,3464.6267950676975,15.229088659250642,-34.02350933664606,5,76.90203987448943,snowcat,10.016524426924255,0
32.73460781634763,2250.3053783257183,29.33420767499537,-38.36906522755523,20,47.37358745219026,helicopter,0.9488769813596722,1
34.53458430143387,3789.194166540918,36.015087965455194,-51.36708581013836,34,65.79932920654365,helicopter,0.4662665629324087,0
60.48093205329132,3668.8813989089954,27.222733913541074,-24.33743385707526,30,46.261769496470166,snowcat,6.1781833041280745,0
42.167433476004625,6557.089506766344,34.763667685471944,-25.178278214198087,19,82.32703666454154,helicopter,2.082595637160993,0
15.710450236522624,3211.8978666021662,30.304039108936053,-27.584217922610136,18,75.23355235006962,snowcat,2.8159288355187435,0
35.440050385297994,2001.3618748845047,70.11338064931279,-25.82907657059505,2,84.75619044127966,helicopter,3.4082358522105567,0
62.902060010308325,4201.687138840456,21.915132724255145,-32.73949766517825,30,88.40160454603976,helicopter,3.98891899953989,0
75.36923676388835,20.0,59.33618051310233,-8.297967948163937,32,34.88401898855142,snowcat,0.8453720002421243,0
71.21065505165632,20.0,26.049456655805123,-20.116105537251116,27,100.0,snowcat,0.05873182954133625,1
38.6584346642035,5689.982627751913,22.452723065166698,-7.420879853776061,10,15.36483046595685,helicopter,1.8284624882747562,0
19.715713584513942,1379.6013330555152,51.25613962191438,-38.65711083968887,24,52.944127290338024,helicopter,3.474915657496749,1
38.703683695944626,599.8770193266564,21.143233178123356,-31.40309694282126,25,55.924163926370326,snowcat,0.9040226443078674,0
97.92128414860329,4311.786266309484,36.2393742412306,-31.402575556259887,16,29.80417381169267,helicopter,4.677502596639912,0
20.201484820782092,2607.082992964578,33.20312118013894,-13.309337957015678,36,54.50699230070161,snowcat,0.9606441935770557,0
123.67520909663293,5856.551980829047,82.96489725253767,-55.508086219569705,30,83.6602244527576,vessel,2.4733069026166525,0
12.811025377442633,1745.5786486993877,35.28731061592767,-23.315374283209376,14,67.2428896500718,helicopter,0.7326348235461912,0
24.572615813448873,6810.183319540374,9.243298630243455,-28.086809138194983,27,32.55794756173896,vessel,0.4116490336735826,0
61.24460490161021,1947.5281473919592,41.58005329483747,-17.461102571520662,6,58.13422695207255,vessel,3.9248286888539,1
28.6106610802255,5781.740758697582,60.52508421830831,-36.711036221741395,32,83.16210952061398,vessel,4.98876242138893,0
61.50004187830365,3258.080071109742,49.700521740983,-50.839782680425756,7,48.70977597595817,vessel,4.316704146332021,0
117.09656784368323,542.7478027743532,39.83526615186619,-7.2786015990705515,16,56.90969827007389,snowcat,5.412391492710098,1
48.5153546978106,2777.1051235041846,29.540007695531322,-30.13512623786707,35,73.8910134667194,helicopter,0.738251037632713,0
20.730130526698964,3322.702131548904,47.30765936294618,-18.531755548312276,12,80.24650351029118,snowcat,1.185503749460702,0
65.15760730375375,2709.365567705655,35.697199084539236,-33.689837279829696,19,77.75845994021736,snowcat,0.3883022522113028,0
142.82593132679025,651.3376580451509,39.57679751277065,-16.334243954226515,3,57.663982024243296,helicopter,1.067066252774987,0
24.225823596776426,7297.799985005005,50.46367847652398,-20.70429128180148,6,31.524246439112396,snowcat,12.129608518669581,0
19.813538179021176,3730.0957178103404,71.47770126556408,-15.323548471259285,22,70.08602335185776,vessel,0.544859789704427,0
59.139953229761595,20.0,25.94641406345449,-33.93372826593602,30,34.51271938513712,snowcat,0.013642657219656776,0
45.203351366255404,3612.2615288889406,25.696829946443536,-13.739898183234466,30,62.01624835619109,helicopter,1.7594287644136832,0
67.55085370580443,4520.898284804942,38.75148916945067,-23.635446076505712,31,47.8856657245213,vessel,1.469820072071218,0
154.7109114174469,20.0,36.07523948236531,-51.73881989607563,26,60.941353781289344,snowcat,1.777136350033278,1
15.536746898092549,865.2093746824248,37.73550847499175,-13.599134975173882,38,89.54507574342085,vessel,5.600846543394896,0
42.60940179544137,5773.752510719485,25.692798283686983,-23.0188688278217,28,70.27504079685608,vessel,1.8175669682680562,0
12.438936931287692,3481.724591796588,17.814648848685913,-33.52201923636925,32,86.47153373357142,vessel,13.004928796892305,0
23.795943932879897,3486.543845771147,16.302015675278675,-31.529746665256706,13,49.679190130794915,helicopter,7.048575954970328,1
7.67434074359601,20.0,17.388953976242036,-42.02890341582112,14,70.90265664325446,vessel,0.7168225017340646,0
51.48131073119826,434.3532426583124,2.5217377686843707,-28.16921905392257,38,43.102747494172846,helicopter,0.2503880019841337,1
30.274444692898967,20.0,23.001600848959516,-23.30077103164682,9,60.16495294488468,snowcat,1.2130328357436289,1
42.27132824066221,20.0,80.60708403391499,-28.574938821057152,2,74.84177132624306,snowcat,1.8938291295198961,0
45.38841663816844,20.0,44.604919651032844,-27.17579537768504,18,25.64204311637897,snowcat,0.6027855134576305,1
37.041113343210014,9249.898383801697,54.921175623904894,-36.50454380450511,5,61.83072341108907,snowcat,0.6245039167139885,0
16.89008081281954,813.7954098572832,17.47314961849854,-40.99925461036605,11,74.64924528974687,snowcat,19.498577607464682,0
21.212220991838603,3849.3801359049994,34.60276421168941,-29.552594486878814,30,55.459536876468476,snowcat,5.669273138609851,1
31.481789053475868,6378.160398408123,51.46143967885546,-26.845506672712823,20,80.95303564393323,vessel,3.0203972680268527,0
27.38183702388305,3448.9005655732785,20.203190509438784,-34.883309443485246,12,62.569299276415705,helicopter,3.211264845809648,0
72.45051996484817,2709.631092392353,37.41184448455397,-24.27777118209969,11,36.32821178195102,snowcat,4.6073301256949115,0
21.440913821456867,4075.0302488030347,25.600968657278187,-19.584755458190408,8,70.80651487784972,helicopter,0.6849681302434769,0
11.77564046281903,9142.24469694425,15.707479350428082,-18.264517929087845,21,65.96010223951625,helicopter,0.03181463278276542,0
51.86447075889176,3166.4240856250435,12.96147887108652,-35.806994515511384,15,61.42554458023854,snowcat,0.7049448259248972,0
50.91522475946764,20.0,39.937409366155954,-49.89521062672732,23,63.63949749226483,snowcat,1.4164614870170626,1
30.04923809103006,20.0,28.48440812526193,-24.77190608908496,2,79.37501427707817,helicopter,1.6691123127270049,0
31.614737387988345,152.83321934474725,33.110255868707085,-33.41315833036121,25,64.37386945037333,vessel,5.661417579443613,1
57.750707107611,2396.6555749196546,14.439673219975504,-29.679805957773503,24,76.70692156344147,snowcat,2.1828161036043623,1
20.107955937541064,20.0,46.06983402291633,-35.761483829317605,37,94.2400134491113,snowcat,6.307640467359812,1
44.83855111632609,1201.8603155470973,89.96278753141203,-10.356796623142355,18,79.2180916808155,vessel,1.0523006452789465,1
46.08034187961772,2487.4835407720357,56.001581849646854,-34.96707502370827,11,64.81468922405237,snowcat,0.622254576320771,0
51.56772807689408,5941.279343486487,24.21659078717797,-7.499827712084723,9,63.75431965900946,helicopter,0.6539800203718769,0
64.68303171424567,288.7602720721575,10.820001485376459,-20.621646200603237,16,58.99788025505043,snowcat,1.2584660862939228,0
28.211016208833666,4750.258696760306,51.61239951415414,-17.349803098846955,31,65.90855380346277,vessel,0.5209327686342496,1
52.95933739080433,3697.30840544886,61.703708422565285,-31.53977938463572,4,67.1253639580363,vessel,0.9176821742585692,0
42.993120306657026,5044.848506332672,45.7384595266157,-39.96216598615072,29,50.94472707145915,helicopter,5.453005002178184,0
19.851128863410107,20.0,32.52344878170764,-21.566217412114604,19,54.73432622996131,snowcat,3.5507363267029537,0
77.79761264441964,20.0,60.22840773938417,-25.851942973813983,27,47.08853768025659,vessel,10.305447668966092,1
37.036646251514036,20.0,38.855240625188515,-36.022730385121946,25,79.52197299135183,snowcat,2.0482038614141698,1
36.11393752411908,7017.129800177356,31.608231703239547,-21.44620017036324,37,69.33286789510194,helicopter,0.8692666306834316,0
41.56479493749175,630.9529158228461,54.46403763178006,-22.924207438846036,37,64.25738511412948,snowcat,2.8542955544916695,0
45.20644085665232,20.0,67.68790823534346,-50.64528398819917,13,51.538781655355486,helicopter,1.10546736937382,1
71.24399449400667,2611.810960543745,25.33151544082298,-22.54807699402902,21,76.80333709923505,snowcat,13.681245724960661,1
48.178520497449554,9154.890010939806,21.932217761008495,-18.403250434311506,13,51.84145688039605,helicopter,0.10712351488202132,0
63.88174773927368,924.8737886314466,37.966715646037095,-48.248422732991266,29,50.800268013767834,helicopter,4.883815026375665,1
28.960915800057347,974.4749550830759,41.249460509428445,-6.533108401864979,30,79.3774977990871,vessel,0.26093313469151563,0
18.359709310271633,5845.345080255802,34.13193635820457,-13.162126004684833,12,56.76740709026992,helicopter,3.459558073911598,0
25.702943176315245,3694.1425006411573,64.74617798104747,-50.60890521104942,9,70.17032673764297,snowcat,2.5378781557885373,0
34.265321137375444,2957.4478501340814,48.82902766065504,-34.291209108705836,2,54.20638067145191,snowcat,0.19780097309357514,0
23.142574645792266,1555.7012236084945,42.024660749259006,-40.71135669342095,38,60.02058045915749,vessel,0.31853022751483595,0
44.6407905689383,3838.6366929746373,32.90545756889114,-44.22864034559128,3,63.96647990834547,helicopter,10.059769390766869,0
61.65695101374277,20.0,81.13021993617804,-26.225229982889317,11,85.56042817835551,snowcat,3.2116806270201304,1
51.06253863865,3778.901858350354,57.57009122124551,-28.20398563259036,30,72.33581664865603,snowcat,2.1272746493508246,1
73.60969552945464,20.0,86.49526287325342,-40.911650449225085,8,74.62411168959991,vessel,5.877168995863264,0
30.703401983450043,7335.845892306399,39.152341883319295,-39.52719136193521,21,74.58574068401126,helicopter,5.020215984588917,0
71.48665402348773,6094.55655004761,27.055916359291622,-29.85506629445483,18,85.23586791120334,helicopter,1.6495585151252974,0
57.19303094400328,5249.526336558798,60.131345383870496,-25.05898112718541,31,97.44117353426844,snowcat,0.7167779179728346,0
42.24034308467389,8905.784584843292,34.30726523451787,-39.90259256143034,3,75.7076069004744,helicopter,7.641008691221163,0
18.628803331721304,10929.993604933388,25.88386103850042,-29.160753901055468,36,46.67212083820942,snowcat,1.0621416063875786,0
41.02001163886699,2939.7163720466815,32.323125306861314,-23.364425973926817,27,70.71873097584312,helicopter,0.8917016277958235,0
7.513482524150508,3074.352408785256,51.030010895463356,-18.997354110918977,14,91.19262099274272,vessel,0.9939534029698396,0
40.21150761371829,5115.161226593033,35.88667482102444,-26.458157122799474,30,39.50538604793845,snowcat,4.683229292848199,0
108.48377914193247,4808.217079640659,27.57806181917087,-28.074279729994675,13,98.20896382500692,vessel,0.05423400428380878,0
48.965655228730974,20.0,32.993178910996726,-32.86374471459906,15,79.14727675848886,helicopter,6.277394381681306,1
15.627295043933476,2112.2910153229423,26.69091289911829,-34.89331712245664,34,71.32116016158048,helicopter,5.940089087611879,0
68.83906148995408,231.8140528224435,22.498273468252844,-27.85121300699426,14,59.235789112670545,snowcat,3.0120952254263624,1
47.136133113301305,4167.766584896391,16.26914914719739,-28.851357528107272,32,54.38073894126847,vessel,0.5696527040735467,0
60.998333355811525,4281.765078097852,64.54914042373301,-25.03651398594183,27,85.32705268298983,snowcat,1.7279509773108992,0
54.90923510639988,2975.5273552983044,64.22030510785963,-39.17002824188373,33,39.02510582400238,helicopter,13.614609197193964,0
69.20094525774458,829.2453157448626,40.636532202419076,-22.303845435394713,21,100.0,helicopter,1.5302911662625913,0
73.78895619788335,1297.9530546352178,23.946291120788953,-48.22571939865806,4,83.31987249926554,helicopter,8.32308901897461,0
106.31683019522445,8453.141616658806,30.3359649982678,-21.807157615754747,19,75.78233327733713,vessel,1.777030452512271,0
69.58694816378612,20.0,18.46357379491248,-32.54098434958771,29,72.69609067180721,helicopter,1.1799123111501035,0
31.734045117367103,12061.573607229084,16.8974362466955,-43.566410980452524,18,51.32966896314581,snowcat,2.8477913578140925,0
18.189489047004333,8550.623800559053,24.83185428096085,-43.49273157092557,25,69.17546920567383,snowcat,0.6400907550460959,0
20.42440142127927,2449.491151617845,46.60242687268656,-23.405807337327715,34,35.88460444237644,snowcat,3.970545960168483,0
24.891745584647275,4882.552606406631,15.156029285882939,-28.501169995711546,37,43.875321911909055,vessel,1.1765446646213036,0
32.96328845590266,2608.927312736046,48.9279987760532,-27.521437987827966,2,33.25485196468101,snowcat,0.6489916975151692,0
22.601490954974114,2442.665396684329,42.94762160203736,-32.28096122195731,22,66.57526524760057,snowcat,13.510016383384087,1
39.532576060035794,1584.4965092223545,42.26030878955751,-34.8765242581622,22,56.141079488244564,vessel,1.1681473731313252,1
24.88131215192391,937.12769867309,36.05869814184408,-28.558306286120665,9,61.15020939063341,helicopter,0.28464546865748475,1
46.28282977900068,5078.628861587378,42.00367470572761,-30.413057197483184,20,69.32913208259674,vessel,4.029176190696683,0
46.629669637944396,349.1674791004875,33.61257281706338,-39.15765692028749,36,89.92445128299711,helicopter,1.2061137394102555,0
32.98482077193092,3134.238973931237,14.970003352319823,-50.13900522685833,12,34.72650285838621,helicopter,8.855525852526139,0
110.25838893158718,1739.3688447488962,25.76376417795106,-38.41832715696469,25,93.48206226452697,snowcat,4.270720581302711,1
62.721953050873395,8820.865901209294,77.28842826618515,-28.162159260570476,12,67.16111479093544,vessel,2.1481075515740637,0
50.34019309822229,6211.828593345781,28.53941012019884,-20.07667539574877,32,55.66707144903343,helicopter,1.3367769231396345,0
85.07377400485532,732.2719752924927,29.696651537903232,-53.988203434950435,19,70.16157109087702,helicopter,4.897368153601983,1
38.886761367541844,6862.815524850642,37.007514664066,-36.040741199187075,38,73.06866716437116,helicopter,7.940201893676811,0
52.99057193286292,4137.405643699974,85.0183782221893,-27.47257982712933,2,88.28657106251862,vessel,0.42195703960915065,0
79.08476658810929,6299.828493331324,56.65719287296413,-28.564866806751102,35,61.415216550825214,helicopter,1.7559812921203206,0
134.69099121629688,5812.624533694785,40.4682432741279,-29.392368634868916,19,39.245594242499934,vessel,1.604304433076131,1
23.555872944837745,20.0,35.71669192376967,-36.33496796562788,39,37.56785035346119,helicopter,0.07570406539992994,1
24.823324237857747,4673.37690313526,28.890890106319567,-39.37255609775224,35,79.24424967791592,helicopter,0.4817886759898766,0
89.96993448723246,2786.006596110973,44.55127143429797,-24.662197150461726,12,75.18294466887937,vessel,0.23506525938198303,0
47.900616572239905,8796.932111665614,26.164805781790143,-27.285005343103705,31,100.0,vessel,1.0504875082521663,0
40.12222075737027,175.73282544672293,34.912423009369384,-30.937166095463333,7,36.597513379340654,helicopter,16.770341778286785,1
49.48686006566944,5122.277542544277,66.55024898052002,-6.032265933470796,12,74.28603754162528,snowcat,0.8401568127044919,1
93.73703961347897,20.0,33.347176190905365,-15.435181304033712,25,82.35214314685295,vessel,0.4830427823599369,1
63.359747701538815,9487.197169427673,46.14207693704297,-24.11830683050166,4,71.21219427428339,helicopter,2.850967525186001,0
49.76289969373767,4706.964771636478,29.982269561267838,-18.921693898246275,33,61.65159972709888,helicopter,3.630265781888254,0
24.259014776079923,1404.8019730944404,28.725343427066278,-22.245830926863565,17,58.89107768085163,helicopter,0.6188757217891601,0
41.524558891425364,7317.265897818703,64.12565611740334,-33.297604394835346,13,58.87983896051563,snowcat,1.0156007558158646,0
59.210718418364266,8288.849179041976,51.89975557719778,-43.36341379488601,13,70.06798807084407,snowcat,0.03629254295318529,0
46.21835717306243,4206.598846676258,60.32568528171868,-18.436535721246795,10,88.98010679163914,snowcat,2.427496240031492,0
111.71542641347472,2386.28183151311,44.34743041598531,-30.17756498163772,5,39.93867302904595,snowcat,8.070192341530207,0
53.23959125997412,20.0,37.80698113588793,-19.200269318517954,13,57.54717210305754,snowcat,4.188412594157005,0
39.69548629069456,20.0,12.672166698690921,-20.179867917534544,12,95.14662029811106,vessel,3.266256042746626,0
67.48327707815048,20.0,21.369321080983447,-48.00614858990768,34,39.21041836477511,helicopter,1.278432068356764,1
117.17361596575472,6384.451757176208,19.1625672344152,-22.469911305761038,39,73.91082607091698,vessel,5.490397811159323,0
87.40912758626524,6533.247669191716,32.11894085137937,-9.196711304560509,19,10.975893489071751,vessel,0.6076961472080269,0
15.851311274130857,20.0,41.24725048538858,-32.14170184224885,39,55.41152640534618,snowcat,1.8034207302896954,1
55.512763302014626,6651.124118428861,19.780602736237686,-25.82617353189869,38,46.74535150770743,helicopter,3.5648443961779237,0
61.94544263035536,2018.4336859816347,17.786027284427696,-17.510548873633756,10,87.5306994944673,helicopter,0.08309948813827447,0
94.05153434613533,1174.4869033093512,30.193084856113934,-47.55394235769932,34,41.67150568478193,helicopter,10.068099200446905,1
22.114030311612794,4340.989529498482,16.010032738980122,-54.41804226214837,11,42.79591461979469,vessel,7.256776783825924,0
59.83333426904106,2697.0653719947654,65.37180594429044,-31.849779048026868,34,47.33450768218186,helicopter,0.8568056875322305,0
23.060108023425236,20.0,20.780566349871393,-48.78289913372774,34,54.38956608198352,vessel,0.7755274563103778,1
11.12115150382291,1836.5752859216618,30.657293881097036,-13.83695572624774,23,56.31997027573482,vessel,7.729734513393176,0
30.194779434402005,20.0,23.639291375834507,-19.657810154551257,31,53.14469013380571,helicopter,0.22415006461030795,1
57.13742128458091,20.0,30.711368732268042,-14.374842139388482,36,70.64339546723397,helicopter,0.22039660716930948,0
90.17078787272983,1004.8551766812138,11.629455137016997,-30.524354159670033,31,43.03380194327811,vessel,2.82519245298424,0
29.086934708100934,2634.2666358360334,67.82306733275736,-16.530449131534272,6,73.82641056655171,helicopter,6.884774439226305,0
29.182673033270845,20.0,74.58319724658044,-28.87684906420001,22,49.71227711841951,vessel,0.3377856688200515,0
50.98152356614698,3113.950752028111,17.39433845599976,-25.18326399037359,2,22.898353422050228,vessel,3.6103046060777966,0
51.41246749438716,3181.5095372405103,38.82827992106086,-4.27594011440301,20,61.713474783092245,snowcat,2.9287364525598787,0
45.755892728986616,5040.283905366406,40.330877807484455,-45.050162089194245,29,73.9997493811022,helicopter,3.862168739586501,0
20.179765137680356,2336.0688193296774,34.98780661092035,-9.148660509028232,5,45.797891864846534,helicopter,0.1812441943974228,0
26.231930389086074,5102.720148292957,61.27927031364934,-52.520778940328086,5,66.64100883223583,vessel,1.2860334213238833,0
100.2577900678288,5364.355749123943,50.383011291964124,-30.178280224957778,36,55.244503247264895,helicopter,0.9493938457287037,1
79.47791401977503,20.0,27.01172445129381,-23.271961283018484,19,53.26019254630745,helicopter,0.16538378097835632,0
37.206582153285254,8218.295715691314,50.64688456565421,-35.905778108922185,35,76.92606945720726,vessel,5.708427115357135,0
57.19328245574184,6658.874088148135,26.229778612368897,-26.550147662553233,22,77.76722922885946,helicopter,2.597390183150022,0
61.94686111561025,2064.5199603260908,16.043298593558035,-25.56467346167647,15,41.845066920737345,helicopter,8.811230046057673,1
44.8441893318547,46.93324572429856,73.1199846683117,-22.549492548799236,5,45.20846990175477,helicopter,0.3073015588494284,1
11.823880404137492,5525.132597477945,83.69589484881038,-32.38516967156299,9,79.09689121005133,vessel,0.5529379331986679,0
62.05628578509255,875.5432581749296,18.2461034684721,-38.14174669377732,37,43.52057494151942,vessel,4.192192366890868,1
12.713955709472685,20.0,37.04832333992898,-27.73027989910291,19,46.673591713102454,helicopter,8.900366694811837,1
22.95732985021103,1915.8948174009618,61.00635588685617,-33.85139718081014,12,58.995573847695326,vessel,0.7745136288010059,0
78.38919433112399,6587.285826129075,35.27814535498229,-29.648501838002304,39,52.846205285851696,helicopter,0.7687984690837109,0
31.131381987796868,7384.114151810006,31.86554666782728,-33.709314805224416,30,54.41990801582024,snowcat,0.5323877193310322,0
38.63322010892638,8581.251378527868,41.447531507563355,-27.591857546389253,19,59.42831284706929,vessel,0.533827628020206,0
20.825632090119765,2245.3493777907906,44.66440584899765,-37.263732372130576,18,60.065379138045365,vessel,0.025958951016672623,1
20.976570723675263,2500.3189045628324,35.75681374971593,-35.730173918413264,34,69.06194111830989,vessel,0.2673745561890678,0
64.0674898982137,2518.56440157782,59.13189086910272,-43.304792152268945,2,66.62285784528575,vessel,0.6883926019314138,0
49.915973893014325,1059.3782148577543,38.82118630087497,-28.114401747641796,23,99.43675718700376,helicopter,1.3576830087437406,0
49.38598241239683,962.7955892476054,30.219620800920815,-40.79339106015405,23,77.32539295797126,helicopter,1.0266774645171028,0
64.41625864589929,1686.3181532212582,83.68878189157266,-26.28507774578683,21,63.40860963426895,vessel,7.34539997277367,0
25.319241931158377,8626.132316445783,22.99629486234565,-17.769038980029393,3,97.77054377707127,vessel,0.31240467758178136,0
36.822100656229196,420.34482765273196,43.083259138867554,-11.192578745336078,29,47.1435742311565,vessel,7.059270770571503,1
24.986839635047,3654.6973956809243,31.66924288423651,-31.314924768731647,3,100.0,snowcat,11.090345092195571,0
30.844578742705412,4809.59294923221,42.45505561992072,3.273173081951505,38,100.0,helicopter,10.739082740169072,0
27.204567782720666,9355.840011041226,20.31881658546274,-22.598639702497856,8,82.25407798692717,snowcat,4.20581427317023,0
58.15865315460358,3898.5330890742766,19.107544496526685,-28.46674926094635,30,61.899505637048065,helicopter,3.369081677360419,0
90.64421619259883,2163.82174377588,38.69351611132697,-6.698256312448855,28,84.35432239044836,snowcat,3.6558855601007068,1
24.31072753326445,52.150981195125496,43.39680126323297,-40.58786728257224,38,89.42459555214354,vessel,1.5633912632680413,1
63.5010148688514,318.3980985081371,11.365742803299225,-30.174875829043625,20,46.11933355741235,vessel,1.2674464795070737,1
85.82113945826563,2965.627865697952,41.7336905970202,-33.56829549518622,17,80.93567686992793,snowcat,2.2537794466465155,0
27.846561547413412,2077.532690345331,31.95448045883009,-45.487405609293496,31,60.40609518052563,vessel,0.21485524746403487,0
34.918543937615134,2823.6593894514854,13.975433333141396,-18.113911208796992,5,48.63211499270255,helicopter,1.2767685874039358,0
42.12750503378849,4741.632982977197,18.393262375563133,-26.459459624655295,25,71.47903013259781,snowcat,11.858265261792111,0
84.61871327024627,1038.4119230740216,17.672462239816234,-21.984681646213133,6,66.78087727096178,helicopter,6.077446324216437,0
77.29064818652611,4126.679827951473,35.36829320430054,-22.180143026888565,3,38.133560231377174,snowcat,2.416516928918517,1
2.6980329458656525,6118.5157686195125,9.565966333941065,-50.287222081593356,9,93.07038868159876,helicopter,1.2547708505816564,0
38.4084499791785,20.0,42.38188562894696,-15.661353662745757,25,68.83010228225623,snowcat,0.11987860682009086,0
50.84696676638003,3528.9942204747704,28.91271453014356,-38.99993941851937,30,81.69089697009423,helicopter,3.7819966961556277,0
55.886643855678045,7308.474873904998,85.07551396598465,-18.267079858150147,5,83.6137624569042,helicopter,0.17696678993223075,0
58.16207543918355,4264.460008052759,9.121533730861985,-44.99861467573233,13,51.19576049336759,snowcat,1.546226275074476,0
53.75404368758938,1122.6629853092102,26.411739766757698,-25.611475826718838,5,100.0,helicopter,4.323644984144217,0
85.9276386482721,4846.33907199236,8.992647485682827,-37.5212212870496,10,100.0,snowcat,1.7933504566577159,0
24.705800753783777,1428.8621374620843,32.81901135281031,-27.265223998277687,2,45.910278945024515,vessel,0.36404948576775353,0
50.21542936989887,5652.923982109,25.798082998323068,-31.84493440191736,35,66.05562188520956,helicopter,0.01275435392201053,1
58.64466501000461,4413.900416203342,60.5790654110685,-26.51170060357765,30,69.30609482878506,vessel,2.0256638295759384,0
31.619116916354308,8725.71490139846,23.768509671124633,-32.69390631546191,35,52.58274385183969,helicopter,2.4993069563755363,0
40.16356784236478,2690.7756080466615,18.761758163854175,-35.72250621417194,30,57.825573115470625,snowcat,1.1804126937509505,0
9.081651404803301,4336.194995451507,25.402853067587788,-14.966142589276956,3,100.0,helicopter,2.755393015577045,0
27.29901249239103,1982.9668878771347,36.99333213911239,-14.970606925664946,34,55.71412972468774,snowcat,0.743513692546528,0
16.125259326070395,3325.1277767681886,30.16514112639126,-7.1476049305179075,26,100.0,snowcat,2.6553359155362415,0
44.33300367369726,447.345734443275,44.690974710977514,-29.354507964445222,18,89.87322225451271,vessel,3.9317847212669865,1
34.89525770240428,6973.045263679206,45.32949313088516,-30.92347155214105,16,74.64132283254537,helicopter,3.078840208351313,0
38.95237342877449,3713.831876478536,24.417603341578857,-28.693359551866042,17,92.17498218425305,snowcat,5.999903914231851,0
63.471001579304726,3102.240370233155,21.42245398983969,-37.753242113599185,12,83.95498356924529,helicopter,4.4629831622632965,0
28.14159612980111,5732.65211878009,38.219900803134344,-44.34116271301288,31,77.64455020133903,snowcat,0.849886151086436,0
71.09472783570257,7600.655061841354,53.4864949236869,-35.99090240419023,17,86.29748776749705,vessel,3.148245222990893,0
61.701509272399534,9820.282531870427,10.824803290131149,-38.32744396636564,28,55.774057884089686,snowcat,2.934883209965699,0
34.823479565690086,469.1666817455848,37.41944609594064,-22.756487788917894,24,61.93710803408284,helicopter,2.7126103921019338,0
37.70638403876914,5096.337613952839,28.201641549162115,-20.09216800463802,32,37.932029301070486,vessel,2.65834872829977,0
75.35554415849067,5873.089416247303,18.396022448805287,-52.94766935094344,35,80.61344615524574,snowcat,2.5236133662674667,0
33.68910489222015,2743.315165503035,42.81700063387402,-38.991461485680645,33,53.23499453817704,helicopter,3.211351039080993,1
43.56337095223633,1087.1472147953668,24.219655952306148,-24.76619272207863,23,36.21830272123505,vessel,2.9365467196630033,0
10.340836280405892,6527.947034641011,58.07359377142616,-27.724840140920616,8,77.89960193463958,vessel,1.7707766472488926,0
36.96534894107073,269.1900467842752,75.94828713677279,-31.941205566862518,33,60.55969717473128,snowcat,6.960312797908261,0
83.00092204629782,4238.142708163014,18.99639502861602,-32.29054836631259,7,98.86223851758427,vessel,2.985383363014027,0
51.369854724942314,916.438512288832,34.01821982669731,-25.3729976201026,7,83.49882749339201,vessel,6.369592832516603,0
49.0486907414167,3149.343022675024,27.326891621111887,-24.666730568193856,18,93.73819295536973,vessel,2.8500017152554546,0
66.47120006951634,20.0,25.495853712182928,-45.119534464157425,13,64.32474989297053,helicopter,3.330777207255341,0
21.15679053965783,20.0,28.759892766729767,-50.92100299718675,24,72.13101340430241,vessel,2.024967016812276,1
43.026925856188164,20.0,28.534008311704255,-30.49564950883623,33,85.11216177043217,helicopter,1.9975206209508027,1
52.47335438482258,11009.155185337098,69.9014804973575,-20.720012547619774,6,16.444219029145657,helicopter,3.18594492392004,0
23.58418764210984,20.0,50.5773830662958,-34.79763069309466,15,34.345270411712576,snowcat,1.2262652401984027,1
78.06675575822467,5651.007758941412,68.77994520892356,-3.3706606042324303,13,64.5653584680631,snowcat,2.28622383626187,0
52.59829445798055,730.2631184174147,18.563335565081058,-19.577987534659194,9,32.09648819931126,vessel,6.66639793585006,1
41.68628860542676,20.0,51.70107840583506,-35.11182447459631,30,49.768013322283764,vessel,1.4389048674506355,1
23.183036272100324,3793.102218387119,38.592243780374496,-50.2656617388576,34,77.70638027431448,vessel,2.0128956934086193,0
30.7885081285021,10740.645491950567,52.28777465489455,-20.723910252911704,28,73.02824085917106,vessel,1.6280214828308939,0
25.57538846801704,661.1324310632108,20.84900950978092,-39.56429005923444,2,79.58817585162234,helicopter,4.136903290947956,0
51.39675769241001,8532.72180988278,15.801015111373356,-36.41788975624373,25,43.87358527954348,helicopter,2.9828183177892362,0
93.6729566220654,8908.939432781443,21.021804786512885,-38.75208415413341,27,83.89885999321594,helicopter,1.9366218874388568,0
40.10240828219864,20.0,23.192322497476997,-44.82754128932474,9,49.64058308496546,helicopter,3.820748826884884,1
85.0616275085427,20.0,31.871052104408722,-35.92797679519254,16,77.30353204468189,helicopter,7.040572730290478,0
79.6362802697829,646.8619570589972,62.93858289132848,-36.071123216354025,2,80.10388679193355,vessel,1.2003892213331004,1
44.927161721757535,6269.968717520128,47.413329691495825,-39.76108699590379,12,100.0,vessel,3.820966483134587,0
32.366523600255675,20.0,21.764515387203375,-37.29081036058753,25,100.0,helicopter,1.7744707838923595,0
26.79737770634466,4484.206407884207,30.683025994007398,-8.28332289192084,38,80.23547326661279,helicopter,0.1370730793373477,0
10.485996693688733,3291.415406640198,36.6988957252503,-21.132316295123058,17,59.50645968961683,vessel,0.40288437331860605,0
55.607364074413766,1026.2812145075843,6.6858921226130805,-31.568702831020694,23,68.79278870124547,helicopter,4.133096056870633,1
64.78787731772039,1519.8581731438617,52.30377894003114,-50.41529374136838,2,73.46984369197655,vessel,0.2722128207020994,1
47.84185820726702,2454.588824219677,46.62418887062631,-23.485812867904464,35,53.772129219533674,snowcat,3.112514943573198,0
38.72954012537712,3267.694012590817,44.12987366076291,-7.98633816732228,21,79.3289610265055,vessel,5.496579957568928,0
100.10986840824278,7924.385475705702,28.076857838667255,-9.234827667997585,20,81.34965622556933,vessel,0.3614198538215851,0
60.47590920919326,1753.8862119245066,55.26849047094123,-31.61231983532523,6,81.32173305517432,vessel,2.512700230340148,0
51.980278289910586,2711.2678339504128,36.58236857578794,-25.8413013891433,32,43.779095733910886,snowcat,1.095963037259493,0
16.669942788614247,4857.082629359882,38.1626497234099,-43.2790523126353,14,65.14100782927025,vessel,5.549125257571947,0
43.64012415240039,29.52964654565858,62.22386320849012,-26.82024267522487,11,85.02991320696819,snowcat,8.558701100939912,1
39.98085285430328,7818.4363818861575,30.52162689895678,-21.761682404461567,25,81.06220744548114,vessel,5.565616603600929,0
37.562148149818896,499.77161069766817,12.627605856931778,-23.928222835954386,16,62.56481184264527,vessel,0.46426163069315957,1
57.76447601976235,4413.233107956202,57.44950937570593,-15.893227198630463,30,64.73546352654068,snowcat,1.7037276719994692,0
8.825420118738196,2205.694769611116,14.515666007489225,-22.086225586254404,15,57.51991939405472,vessel,1.500576694420381,1
43.19292963910013,3013.828293024205,31.376176076913296,-49.594938156252994,32,77.54924697702359,vessel,8.178968756195605,0
104.18613661342063,8998.721095759201,14.19832809528712,-34.58834192960391,15,32.868184410320595,helicopter,1.1304328078211454,0
39.167456713212175,3784.6659247828675,19.864841049809097,-18.05561836891451,10,46.40326865569503,helicopter,1.9737086977759808,0
43.94172132140708,899.18383690788,40.727718409414145,-49.57915610719492,21,54.08595354485141,snowcat,0.49733806565735506,0
86.69515645676954,210.70792781062528,51.67282902296734,-29.176982615812445,23,76.6339929493698,vessel,9.251562658807195,1
17.262731010975163,6790.205442502547,58.15356640677293,-35.1014684800315,2,94.57850100364374,helicopter,4.817166183262193,0
20.733413521253418,4341.091719134088,59.8861900830059,-44.85549318826656,28,72.91574286553245,helicopter,0.08898002705176439,0
20.561780741110997,1477.3064204879158,56.878537587475165,-18.711141717448964,25,41.77780429949882,vessel,1.33304352821996,0
77.06520488513867,6303.885346718606,33.349827275042244,-39.417073912307615,23,61.09978696443829,vessel,1.2341878396123689,0
46.25223534439016,531.1935660837662,61.0395442214589,-4.5838576428802185,6,46.65665952150306,vessel,4.8776085336399575,0
116.63236224222094,365.7793214233875,24.811392453261725,-32.57186108914046,30,60.184286467807254,vessel,1.5478030016869875,1
55.41201258905581,2561.04710151773,11.07456741370415,-17.10141701444053,11,46.77146496059614,snowcat,2.6942110682586655,0
43.40463829195729,2093.2454180617015,42.4710446759639,-9.865918478774688,39,57.881984308755925,vessel,9.367634160717136,0
14.961300363746636,20.0,15.9591741980846,-26.050380616712264,23,48.59852261385899,vessel,3.2610150497398314,0
21.05552255978744,1449.8238417045004,19.314093823481958,-28.989830738629685,22,100.0,helicopter,1.8015113480503382,0
32.09744109243633,4677.519951692441,19.442577588505813,-20.78145383860918,37,73.31791020712166,helicopter,0.3803696000964758,0
125.57463688919947,1842.4662277410184,22.560231204489778,-10.129303630656903,8,47.77418184849405,helicopter,3.2237421255746725,0
43.509199749211675,2882.1649769902665,44.54443794074213,-26.090285602647224,32,64.35324537913883,snowcat,0.039368419983833024,0
82.26815165378142,20.0,69.681626306012,-38.4003733784388,36,100.0,helicopter,2.2611158236117146,1
37.19670087939898,3842.59997377747,50.73697560038852,-47.28525368802055,12,82.49187013304945,helicopter,2.6042259625444424,0
9.682966081404146,4467.376867617331,20.563072724531757,-25.859917551817688,8,61.93009736612831,snowcat,2.3629204433887714,0
23.443943212443923,7210.249817868859,27.381024914867464,-42.09109240866739,39,53.97526698863445,helicopter,1.1241877339463922,0
41.54951677442107,2028.4425049704087,9.422030441528157,-18.89118243648759,14,71.75932510481448,vessel,0.8787254804777975,0
48.10634892961245,2217.1353727039864,30.287221632946366,-14.854578796208536,4,54.74984453253366,helicopter,1.8562613842618616,0
70.25583829182709,4899.592232231931,41.570063221305496,-23.001138292725496,35,88.36298006670623,helicopter,3.5092295164140435,0
19.45554487732558,2536.436823547974,54.58666656362047,-30.694307727786466,2,100.0,vessel,4.110836686400955,1
38.24584122590509,4887.864215293632,19.529585468400175,-22.590463165400575,37,69.01552382181251,snowcat,11.024302235113623,0
39.373199253884486,5190.327265347126,54.84240293990956,-29.660425830130123,9,67.34873669709457,helicopter,2.723222376188657,0
17.092103869774405,20.0,22.466154011489774,-33.13284362933916,30,41.65974557205624,helicopter,0.8328777058668086,0
18.0393348396444,20.0,55.00513968888667,-35.24553932157251,15,96.42190477436156,vessel,3.2785624394376796,1
21.48027613775456,1255.8477566304268,54.10368367581286,-28.599015523964095,3,76.36596398207267,vessel,0.9491725302258198,0
37.391704438532784,20.0,70.07672586418241,-29.77319108059155,35,30.86690288147014,vessel,1.3130921047018729,0
20.104503191439743,8568.027811194497,103.80182289424917,-15.06073708141935,28,72.549954853361,snowcat,7.434289285515824,0
43.10745095819724,20.0,24.491560247721004,-23.106025857630986,33,65.14947953644504,vessel,0.8130469781678062,1
72.58658437278267,6461.958246400036,51.25647493856274,-45.869839465387294,37,68.32228227000486,snowcat,0.28308904319747097,0
19.321316192966794,20.0,28.450364846022545,-23.982701844060834,22,57.34743890847257,snowcat,5.734594650556894,0
101.25981449788128,6232.687853772463,17.442913304337818,-28.831338966062912,12,67.66277184616604,vessel,2.1342358181372507,0
37.9982859865176,6551.643103850336,42.27508935064768,-26.556548666292965,18,44.01659432381234,snowcat,0.4782149948981153,0
67.27304818256182,20.0,47.89805112753554,-32.92636977621802,37,67.48871408898287,vessel,2.195229099569084,1
42.785986338059274,2665.8780544290694,29.48860365787652,-29.515429071218765,4,81.77696463226698,snowcat,10.826053243713707,0
29.33031008773462,8128.248102169777,20.85040219609503,-10.187100712594074,2,61.75020871723319,helicopter,6.269699853620107,0
24.780004261951227,3306.1007473485743,42.66498854916719,-34.339994789516524,11,51.33727749534395,helicopter,0.8518228146280519,0
34.50303306260326,5709.362939305973,20.517652002121693,-37.58679228077783,26,94.10416793912412,vessel,0.9286447991093961,0
31.2167001090902,3783.255032467492,31.161618620070634,-38.35044029143789,21,88.3488217951597,helicopter,1.0638708642155048,1
42.19451852540172,5667.597942574084,48.03588594742463,-42.75671411615207,30,44.81140653921503,vessel,0.30494158874550537,0
17.331703985803728,6797.152815129732,41.064732581747315,-22.731168530153006,8,57.32993390846521,snowcat,0.603498161154571,0
11.962887474961821,2447.5960186489197,51.38410490194313,-15.85404706547015,16,66.26952735647278,snowcat,4.699491942876019,0
23.276918066805486,3013.9781870234815,23.461441332932868,-37.09015848754194,26,71.42882161446771,snowcat,0.7503036247524375,0
41.339191706058266,2062.160085667519,31.22233923906867,-23.593324589806155,2,78.18874709198452,helicopter,0.6824077960307786,0
18.029589851571146,20.0,25.71998182890193,-17.52560913987287,32,59.63818009739335,helicopter,2.042715020824479,0
82.87632519870814,5107.77065057989,35.472418837391956,-27.25271365252413,32,46.69880713964806,vessel,0.9210261639387682,0
33.29885234515734,3243.065570434057,23.638705936803362,-29.75131694575145,6,71.0384184352178,snowcat,2.9505566672049035,0
65.00369662513302,6779.578246005803,31.237283780586893,-37.865797509123986,22,50.92059640438448,snowcat,0.9521832175247134,0
24.880630130418183,8838.320249189353,34.693205649054974,-22.517388701799145,23,77.32118642791895,helicopter,7.9983209189159385,0
15.168397362497041,1388.897479095212,66.58929392728467,-32.82679496025371,35,76.58025078194218,snowcat,3.9701295347909378,0
2.3166721198519657,1764.0355218945053,27.48293429842716,-22.77078447951621,18,100.0,helicopter,6.39233919086003,0
30.472096741348587,1143.5192682065228,39.46421241923162,-36.13646154034999,7,92.32573755076942,snowcat,0.016725145411459346,0
24.120299232980788,7351.102816414392,64.41918807539591,-26.094006655198008,20,79.39105367229365,helicopter,0.49098127117339213,0
24.296759359808004,20.0,15.036088226243848,-16.917659327297567,10,58.43051592641196,snowcat,2.675947794091398,1
13.492398672674813,4031.1431655982424,43.99825790758868,-24.19390083322063,4,49.062556724635456,snowcat,5.812560637870614,0
38.342436306801126,20.0,43.805574688398174,-37.63297725687894,30,87.21726566210543,vessel,5.5156537168214275,1
39.12728029967612,7417.984734517605,37.33028645848468,-43.139739962655106,27,73.92384826875482,vessel,1.0663407566012073,0
54.166402108686796,5186.8847061719025,33.07685117414214,-29.142543564989214,26,49.91580608384055,helicopter,1.788243770019323,0
36.86826875318454,1106.0490083523493,61.74370482896119,-13.337744866192104,27,68.78104690678437,helicopter,2.125772851424795,0
57.971106363382276,8403.370931757825,6.869566415369003,-20.499354955786444,29,62.45453658256086,snowcat,4.7716314239543784,0
125.86101744731474,605.8064587149988,41.26530129660887,-6.263137061946516,13,59.54933050314207,helicopter,0.7533791144741279,0
54.0660626025751,3367.0537554328503,37.82699040825724,2.8908297898704305,35,68.46615974455355,helicopter,2.1048104889866575,0
45.12036469354762,20.0,36.76591519527035,-31.19532583464505,18,53.07852564226745,helicopter,0.8778603154541454,1
45.6908903756334,4880.99014318317,28.066419967932266,-22.380115742786348,8,41.72743009399113,helicopter,3.149546493945675,0
28.538153005735904,1935.1489079853625,25.52509131786351,-30.03895770173548,34,100.0,helicopter,4.405733308786051,0
23.851574680454902,2328.740842947506,26.805320293702394,-36.52029165337103,26,61.55902441724508,vessel,1.8529633798729543,1
33.0116982604678,107.37970780043406,30.74304379467347,-24.690887107886386,18,77.6737811129562,vessel,5.329927193023306,1
24.084022936964114,20.0,31.544800789282476,-26.938090341161793,17,34.51039011033617,vessel,1.506708322316829,0
28.045281727534217,1359.1455070466243,9.773966020440332,-30.565268278090084,39,38.680924969857536,vessel,2.2501566528772132,0
23.001944103902233,6865.738514359504,45.16331392088772,-34.21463970956386,6,47.172844679152185,vessel,1.1476833758035032,0
33.90846462718415,4227.1691116300635,16.51120437644152,-28.361261933469816,37,46.701857251544354,vessel,0.18466786578953953,0
32.60179766950079,393.8715993223336,38.11359925285013,-34.39105425170055,4,45.328816368777815,helicopter,1.5119358461582588,0
36.39191632078323,20.0,21.91379118652369,-31.639689984612893,38,46.65614382106345,snowcat,0.877691157104034,0
45.86261347872614,8884.043915428883,38.449996866240895,-43.23508171340359,19,81.15362116212548,helicopter,4.782344336200243,0
21.781311167542704,20.0,71.55153886491097,-39.72263703809786,2,50.51937096086327,snowcat,2.8529291259157556,1
27.267244495330004,6394.551713290779,16.785492262066008,-36.44355222420111,34,21.91890643857232,snowcat,0.795427075881231,0
16.126555635539294,4483.336222552392,36.55759972706161,-27.587214587023798,35,67.67206288210865,snowcat,4.113923998915056,0
56.082218560047366,2404.319757931485,35.673592389025195,-29.026384320708704,12,55.535269234305204,helicopter,2.2756498057690537,0
111.31781437717308,1277.391578421845,18.15055001720062,-37.08335792682165,23,95.61481008162262,vessel,0.22766900735579645,1
45.19441763845544,5297.0947793516025,63.96857436594065,-36.00060899703629,11,63.72697216114095,vessel,3.468621348879133,0
56.00306488568402,6281.897413996221,18.63068852879724,-27.48375693454967,4,90.35500178447516,vessel,1.7454713222143128,0
20.986236900273592,6308.801336542227,13.825184461703426,-35.72435542280009,2,60.08689175225639,vessel,1.2999878588764175,0
90.39703702947081,6344.179844192961,26.083076381677436,-41.44270990401156,24,53.03489065133711,helicopter,1.1958839197093218,0
64.64126217977964,20.0,65.2573382815806,-21.809283696027343,10,76.93062213622434,snowcat,0.9030819788449852,0
10.571051402501997,957.6417910987307,38.0102457139926,-46.343677629084354,31,40.21723436056559,helicopter,2.115194494226153,0
36.258916858414636,1101.2564966677903,62.207332116775575,-42.472247055339196,15,87.53647557412302,vessel,0.13941600245638203,0
41.17604364801105,3174.812042432001,42.334434520088244,-16.540368961463113,19,57.32845297253987,snowcat,0.6849755527766118,0
41.578609063547894,3854.209679255973,49.76896676822388,-43.87639506293348,19,33.910816544503405,helicopter,2.6872363266988075,0
19.70941791583698,6214.733835732492,18.98270510507841,-12.059921119885942,31,75.37019870734765,helicopter,1.6300407190337198,0
22.663751245421874,2919.72072842888,11.934547298272237,-43.89662001405385,24,60.75487618841864,snowcat,2.703518953928359,1
21.944582681752163,5349.0906516553405,47.498675279517556,-41.56877471885754,34,40.89270327584037,vessel,1.2110084174827875,0
53.23268054284427,1941.8389951993925,23.964309605583058,-42.612890928559594,18,73.13389052804217,vessel,1.3607867488457452,0
40.14336303735236,9177.206554313481,13.168651550402311,-45.7122586908806,19,55.00026391164344,vessel,5.31870147270839,0
42.68213190985078,1095.3759877303848,45.89421112757033,-13.22384071073785,13,79.2076312804304,vessel,2.4958355104234897,0
25.66839487944133,1044.2371440965867,42.435923016823864,-15.580882991814878,23,62.264351571256725,snowcat,0.9310882310191839,0
21.817703310014522,3805.8479620796215,76.17037508430465,-46.69434639426141,38,74.05898109103867,snowcat,0.21953863831696246,0
9.873573237045775,6481.464230023481,29.0259810564121,-11.096730981622418,30,59.19263063304505,vessel,7.315945915631094,0
15.995924881413549,686.8408244011589,32.19248897425971,-44.67683446096571,38,34.648208901234476,snowcat,2.082718503395461,0
15.05933482562527,2125.960425207746,47.274996699479395,5.575287382505017,2,82.24355786118757,snowcat,0.8466012004032986,0
120.31779541352404,1923.298965559271,76.10013427775965,-31.74009117137713,18,50.0721684655573,helicopter,3.6214037224705566,1
9.854765091409154,20.0,59.072656268732956,-37.17789653055608,32,24.807377206034133,vessel,3.5197905538891505,1
46.082387683977615,1358.4358211410554,19.311194403745844,-23.98471583851571,27,56.9082861734626,snowcat,4.387309096309199,0
56.97684187807208,958.0747592225273,29.675819852821803,-40.524213732517,5,51.263032718981364,snowcat,8.648331059173332,1
11.008411096607425,7002.374357114212,38.65375664037854,-46.93242853161496,24,82.994552922727,vessel,8.501032830816214,0
55.50631557791,3506.227788125983,34.768549973185465,-35.20418171855586,28,51.76424493955553,vessel,0.13359239507278028,0
37.25381621821951,1502.6241226018576,20.328344760705157,-28.993798311387337,3,62.64383381693075,snowcat,4.30201438174606,0
27.609068977279204,8622.278241105712,72.40884521831386,-55.918342730727126,13,75.86397396917735,helicopter,2.1155809614148104,0
104.88313696683997,8458.310217634371,29.58016349938088,-40.72787143940473,39,66.03614747881369,snowcat,2.621874597743992,0
10.132016871960353,8181.839615540282,15.06259625038142,-6.540899741186671,38,85.25764665986308,snowcat,2.4359799287693824,0
44.76166306936215,1670.6028399520767,30.601398890896185,-30.07968576817232,31,86.06335088583914,vessel,2.2668076808601523,0
68.35884980735497,6114.15778651029,50.73708770151746,-58.74421154080976,39,46.293803617740124,snowcat,3.7775851881154106,0
36.874776507492896,9445.467196622038,63.794706282666034,-29.958473904617254,12,72.25134246318447,vessel,3.275699218314463,0
94.28783214464177,1833.5746121459063,25.197524418560175,-25.684276558995393,7,97.48765439317333,helicopter,0.3294016865442182,0
24.867966853513252,2365.216650523561,36.069578526587705,-30.190052476027542,34,47.89997540756752,snowcat,0.2475054420669086,0
35.718824521027,1703.720338631442,34.96889779786878,-20.559489949117207,24,41.99555119773429,helicopter,4.427190099057675,0
92.55846858537677,3666.585867812449,36.01500498787314,-33.450418073372575,36,78.71697913041717,snowcat,1.1632783694559854,0
172.82509340019567,8483.64792901004,71.25058480187829,-17.786359438296948,2,49.89734933789492,snowcat,1.7419861816842341,0
78.82361129812452,3207.690342120232,19.70535146145543,-30.139570641407104,13,100.0,snowcat,0.00860202868856045,0
47.909422132231185,1323.2651038940276,86.8939101613914,-28.59206672790879,38,58.089456492304734,helicopter,5.164768183763833,1
10.123267854749487,2714.6319949669432,11.402087284549896,-25.828016335461164,36,46.679993509145376,vessel,0.13025235165536153,0
26.764703411921815,6556.208366266077,31.927010294883047,-21.637591383218115,38,54.382512191209415,helicopter,2.519157215843642,0
22.637855139100115,20.0,62.550888115064524,-25.71591429908692,2,93.63035829729067,vessel,0.15948905125938817,1
9.072040470783135,4166.5024882998705,67.76482680089897,-38.91622909969004,19,39.43627162693164,helicopter,5.389332311742492,0
80.78383432743428,2326.0782178133923,60.28791830937993,-10.766695968444473,25,58.04736767605125,vessel,1.2327718247397812,0
52.597900276548835,1054.0684970513946,29.45413978256085,-39.39105983677235,14,59.85975228116921,helicopter,1.346501206387206,0
34.818315713722846,20.0,67.31212698421285,-40.410595044583374,34,13.782891464983933,vessel,1.2106544596768598,1
48.6558115565788,4852.94024756437,70.1876050518809,-53.33560306310565,25,55.35513044837528,helicopter,1.4817931905679549,0
40.25321620709665,2120.1862550673145,58.83217166895828,-33.053899358714574,5,61.188591638948516,vessel,2.5281016200714927,1
43.18278723701795,4371.983395614334,13.559490928628355,-35.97568344953494,31,47.641342849396125,helicopter,8.293740030490051,0
66.61380436401923,20.0,21.970641205122867,-29.1849966800347,28,79.47162201371147,snowcat,6.761021344701886,1
16.51730537850122,20.0,41.540608124020665,-39.95017794825415,37,80.87189269395228,vessel,8.088048316492735,1
38.18574231340487,20.0,55.884348553480095,-10.197915056375955,37,67.8058004002858,vessel,1.1409069826398088,0
12.071534780842654,2327.46931539992,20.40342034377826,-37.0417935986969,17,41.78928437827972,helicopter,0.3759871507667847,0
44.08302279680998,20.0,28.152828281241913,-37.04319980939222,3,46.92018141993395,vessel,12.823857723443181,0
70.28202874019023,3433.138792370866,32.85307619534016,-30.856730001351202,17,86.50749687909459,vessel,0.7527167316699421,0
48.603639935738826,8000.622011956643,35.389575608799916,-25.506188776830147,19,100.0,vessel,6.0949934513259745,0
27.6479990328274,20.0,42.057684006584765,-15.48421889111381,21,83.54557854211457,vessel,2.8606779650875542,1
38.1314209276001,867.8130625479539,48.62141057964998,-23.694435769742313,24,74.31433242427504,helicopter,1.6560366998983338,1
16.56361158582681,2478.396635416624,9.96965656388935,-23.906202688647316,9,45.449017319417266,vessel,0.6179550552951224,0
48.824409270578116,2418.242726458324,48.29753143871257,-28.567040700334516,34,66.9181413917529,helicopter,0.2549785730894132,0
14.759882303834024,6931.295537364392,50.98294197167338,-39.8310274837315,2,38.83898128137423,vessel,12.489522615145706,0
35.789864259153,1718.1747083381124,30.02958074260095,-37.398697303610824,28,76.22194876255556,helicopter,3.1965308017343936,0
29.70652034560473,2119.714225934586,55.23888093904927,-56.62011081544806,35,57.485257561006186,vessel,1.240045373160984,1
48.61428800027019,1898.5061038923761,26.489307412461507,-33.75969689800999,3,41.28856042891408,snowcat,4.59445513064844,0
38.00808364220749,4443.251816800285,56.95019295846215,-22.321474814451875,18,55.90331388502497,vessel,8.22810698738175,0
36.98555242320306,7935.729724957881,36.27141743562782,-33.114403551307625,13,72.83206352772639,vessel,8.8132703384617,0
8.207443472389173,3006.8819826371814,23.25730493754909,-24.808113904607907,28,68.92617410299613,snowcat,7.013271164500395,0
40.90791029858837,7594.634918219835,57.03077906180313,-7.204991106545204,31,65.97403737241011,helicopter,1.1222823493748888,0
38.1700257797863,3283.9130254528104,55.59470666924766,-28.725220093950444,31,71.58949255767833,helicopter,7.340859424826072,0
33.20356619248875,20.0,63.70809183457695,-23.108468644583855,14,43.102988064213235,snowcat,0.2925835023203891,1
42.382926223778625,6340.349443260964,44.87819919202089,-28.60179282369955,16,44.57782264898684,vessel,2.067965120341462,0
19.21816095682622,2933.055390591807,39.7156186975491,-39.81217633225211,39,47.12790145141136,helicopter,0.7252541391074252,0
42.51566345142248,7290.71097008981,25.11330838168407,-32.56017779938027,16,38.164744424402386,helicopter,9.433699029829434,0
42.47788237948346,5474.1992071447985,20.091253459213814,-43.07208818595066,31,64.72969625471684,snowcat,5.864025817687038,0
16.880061985755095,5796.950502297497,78.27429175296956,-19.819840988094693,39,35.12971105783629,vessel,1.6785179936662113,0
44.822966148796134,711.8763854404342,13.45003941655116,-18.849765778381744,7,69.40657048853713,snowcat,0.4881888777299752,1
67.76138483557737,115.23183870548564,43.10691171810599,-31.111395592084346,33,33.29169934441101,helicopter,5.516000276152965,1
41.11977476973796,2880.7817390848404,18.212919274082946,-8.76410585575264,7,79.44676312600384,vessel,1.6566401123053873,0
16.498430070289228,20.0,43.57276842545214,-32.7132004423259,30,69.98898044642459,helicopter,6.019965845219133,0
55.200216212473286,20.0,58.725476022150325,-19.526477840807274,16,34.527158425640735,helicopter,2.497253210199314,1
16.203908589927305,746.7778305665379,46.72466981275168,-32.969021513404805,7,74.10976908530446,vessel,0.6560956421547002,0
21.988000702297857,20.0,17.610858298861622,-24.63761075897936,31,62.59087223578634,helicopter,0.26813341719112727,1
17.062534008640352,2674.924946403082,33.0672372386731,-46.72617860097138,11,87.55261262250028,snowcat,2.6782619938721828,0
35.185680860122154,3064.3095901790352,43.49483205612933,-35.93977864200113,35,62.27415959364273,vessel,0.3002695841377879,0
93.61381053005748,1419.8819765763574,19.016275162902346,-29.20446201417259,38,31.416817954269234,vessel,5.425857628628722,1
29.352653025596524,20.0,35.122313727043164,-19.79668643249986,36,56.01632829032734,snowcat,4.405958857687358,1
25.219605610512193,505.26150220698264,36.89387437937408,-29.433315488000446,18,60.999400773989684,vessel,4.416963191766996,0
127.45729129557527,3682.4439966753043,24.92091201612559,-13.602145374287154,20,54.255383758987264,snowcat,2.828079581083281,1
32.53832824113949,2254.994475560341,32.03514627293373,-34.34514241117755,3,75.3791728870108,helicopter,0.22281072059371895,0
22.44361468012461,3301.211347629592,50.971867020921295,-41.108107575599945,24,85.35147759004094,snowcat,3.6267597597447443,0
16.8716638446318,312.77335187879635,34.659254475258415,-7.557852005184884,33,74.45601400345511,vessel,3.061045161905322,0
35.639693670194404,4247.887438386733,55.501095668456514,-48.20195188131816,13,44.452665225736354,snowcat,1.794141205722892,0
32.83622847883444,5336.794499764049,53.164755452686876,-38.816663323233925,3,71.95952921562503,helicopter,2.1668212873112367,1
79.57249453359215,20.0,56.33372443859755,-30.099684717398116,8,63.36867252075384,helicopter,12.414298775837619,1
33.787924893455674,1622.6669544836377,35.56835044768307,-33.52336791911931,15,49.18376609479075,vessel,0.09322460153368793,0
6.642899053890651,20.0,48.22233609931236,-28.483742102066667,29,93.71110617379425,helicopter,1.196218879488993,0
24.87755473837041,5461.77689944942,55.56291404864504,-28.81998395001621,15,66.59060565549417,snowcat,3.934680273094714,0
16.423968444449415,9668.87650193935,45.370363853758285,-3.644435573777333,31,48.87863893747565,helicopter,0.763227584157679,0
27.530448715533495,5705.494436134402,59.50076113445226,-32.86581408991327,13,62.369005934399844,snowcat,3.499281434072606,0
31.07481111362135,2554.310418875508,12.076160006174707,-25.679491166714907,6,69.30973051962796,vessel,5.556004236711907,0
23.867958759086953,3469.5423628903236,75.01809259304102,-29.372540782748676,30,98.38566682123485,snowcat,1.6085419188411607,0
22.84033637676264,4708.513703603125,41.30573410632784,-59.163565637767924,24,75.33038866179724,vessel,1.3274650992257286,0
21.452448044445156,20.0,48.048341345959216,-44.4054641358727,7,51.95538377756155,helicopter,0.7388557276858863,0
38.852552135453514,3159.7340879089597,100.17731242956293,-56.55226498633082,26,78.22743058554416,vessel,6.875904082853473,1
33.7737263380826,2923.5281768978934,58.48621666240555,-43.43271020492915,7,67.90616248656436,snowcat,8.536521336171042,0
31.62047060565925,2320.9297179565306,26.98622888728012,-32.39712936330155,26,33.810552529326415,vessel,1.197262933752873,0
93.26626895748554,1718.8071043767545,56.87210570092457,-20.014285187575837,19,38.132694848398586,helicopter,1.2416054460344454,0
43.73440162641953,3258.8433844398132,84.06204407688756,-14.259362312554192,20,49.11901256538082,helicopter,1.155965156351562,1
49.09923555051195,20.0,44.59053017918031,-0.16807318662113957,38,45.12549698274986,snowcat,2.1630079001035094,0
39.86557346409042,732.4920799293368,34.27141304354906,-29.32689262753748,28,43.13847520760586,snowcat,3.911673397633094,0
15.158440978192171,3820.6780159444015,73.52780166670294,-30.00176055167576,4,74.01946731729792,vessel,1.1125313439734712,0
7.703596217247475,2860.9486444052873,45.95917360490915,-47.761548352446525,20,83.86060602102361,vessel,2.0817142699979625,0
24.137647215289114,3036.674797973128,24.54061660964184,-42.41253864267475,32,39.07444082923144,vessel,1.0831281514058966,0
34.727153246375,5902.583023099378,32.49892124117345,-20.697785997189428,16,62.09106545971822,vessel,3.8300485323155256,0
40.22984546896291,2682.509713764898,44.586063491340546,-7.218275247343861,38,88.97593701336004,vessel,2.7636812725198316,0
20.43894245759511,2357.6109450774698,14.779114128857692,-13.646554772395824,8,82.55486821345183,snowcat,5.090901128113087,1
65.76105587641825,4949.545563067342,60.55865223375471,-37.77457758856721,2,58.61893857378058,vessel,2.6569562138933964,0
18.169142757979124,8293.689360626795,25.91428174344266,-44.27300364313872,34,55.33171936987514,helicopter,6.039546095945757,0
33.943581290885774,1584.6131673410262,37.81599363993767,-52.19609583073651,10,95.33513713762346,helicopter,6.612908868846987,1
45.04849681410143,4356.867417338712,61.2100662183348,-31.37605496489982,39,92.47424831057742,helicopter,0.9461754877754558,0
42.21041845704226,2218.250638804488,55.929103887868806,-6.970872974141532,4,95.03109448041783,vessel,7.870578998431112,0
122.51699728453886,151.2467919797673,47.723906629820576,-36.57198897917087,30,60.69258301022378,snowcat,2.1446868807026207,1
51.31522171555821,2922.1905566043133,17.22126381902949,-38.037033176278584,22,60.57260331342752,helicopter,11.75186413196447,0
40.35411313615471,4821.515442489837,47.0326625874192,-33.470720463556894,39,42.85209227885659,vessel,1.2587789409327974,0
70.50552346085692,491.7477393236768,26.436797967310675,-33.76999233413045,38,70.18129589465832,helicopter,1.0524816429613455,0
60.264122455497315,6346.656084010441,29.184858211908118,-29.484666117927222,30,56.432941677812224,helicopter,0.46406450176192193,0
14.879627138741146,1820.870119933002,52.72801183904187,-60.68646803107026,33,65.059322172822,snowcat,6.23235653175497,0
33.0628286962262,1664.003791921813,22.51869692314419,-42.31803934344282,24,18.847546076018162,helicopter,0.9175815772384224,0
57.20619428825289,5244.683919103127,48.708476219734,-35.14820125444517,25,56.75733624850548,snowcat,0.6539596926245259,1
48.20230374212978,3802.8125176357453,71.30540113668017,-27.22029977360825,24,91.41743618768453,snowcat,1.8535557733719124,0
30.83987010558221,799.3225934028387,35.95819224801141,-37.305267330773745,37,68.11658049784273,vessel,0.6604494113712054,1
76.30978170314498,20.0,66.55798672824837,-27.928953143122186,3,9.99774985338415,helicopter,4.319462679527032,1
104.83825478999927,8139.852499115224,34.135294116845124,-37.99633817164472,19,78.63560565622353,snowcat,6.2206543014826945,0
26.57262257910009,3524.179703060477,28.09628342656376,-20.36700785170995,3,90.08982012991419,snowcat,1.3080406986756838,0
125.33634844020015,8616.579377081205,29.671599315768514,-26.601527755679587,39,34.525913902167964,snowcat,4.2915035155892465,0
61.538504429942684,1526.052943104389,54.21913445192527,-28.160818179076305,12,69.60661884088462,helicopter,5.333359032824723,0
43.145435046666066,3997.6033871254954,35.27635769162293,-20.686328582216234,9,58.97416055126939,snowcat,1.7293895696355834,0
65.96923942035713,20.0,30.247684380693073,-23.42080134497899,38,74.70402656246316,snowcat,7.419839307211358,1
18.477912573233105,20.0,75.84466691280353,-37.20362107343024,32,78.97494754759593,helicopter,0.04519221642416422,0
61.781978078296554,1706.1340898253131,72.04847980445126,-40.051079332656876,8,61.64051228779853,vessel,3.566316995353212,1
41.913262653199354,7992.234389118441,36.72525099337089,-14.157231991289276,4,66.386953979207,vessel,3.5397483098944913,0
71.68136776349795,3696.711297887444,34.31175002652707,-6.916794675561135,36,100.0,vessel,5.776411835424179,0
60.004180086642435,6263.131081084686,14.726933503175072,-16.167882667004847,2,100.0,helicopter,7.433636259800059,0
87.03927865147443,9084.560150792022,33.12773544813584,-16.474228490287356,23,81.05409192728735,vessel,0.02184042021574545,0
19.966088650819366,5854.973844575214,14.269387503421756,-42.469085153381215,20,71.05359888831184,helicopter,2.1727308062880084,0
56.74640794884728,5724.977501902795,45.857069971489565,-32.08247328524262,25,54.0349719021399,snowcat,0.08342069281349032,0
26.61665602879979,3398.3716821015987,13.839819391311716,-33.637995451834776,31,64.08433139447385,snowcat,1.675439116082173,0
55.13824377264993,7346.159087717785,36.3010946375677,-34.05969452052337,36,66.93299718801356,helicopter,1.7822181890850994,0
46.670388966680704,4093.6711683654967,37.98820118206804,-39.77734895271162,3,68.59599663507744,snowcat,1.5419929558608452,0
30.58050514966981,6416.324684011461,42.7125543634055,-25.969098063853167,24,22.131675760151516,snowcat,0.748677239941666,0
28.01091663804068,2036.394936333762,123.24239766895246,-25.8270561912131,32,53.65032943294685,snowcat,1.2467655171209535,0
15.05668764660683,5085.12854582326,14.296896677325261,-41.03253918798154,39,60.77679193102073,vessel,6.107214562598445,0
66.75525414598211,4286.212816473877,78.40061172520197,-38.94871610286488,37,58.607587318447735,vessel,4.696836761105086,0
50.24842426341418,2036.4110859339858,67.45832635259998,-27.68047733397035,2,73.06479820411374,snowcat,0.8190007536372783,0
36.22516810826595,20.0,42.41394977558653,-30.44972630829411,3,100.0,helicopter,5.6448259990526255,1
47.71938503079905,3970.8317901378105,74.21657497794666,-37.2923433394932,10,77.48299246430079,snowcat,1.2364063179196414,0
98.21003479631892,4362.56925923796,73.77005867854501,-32.49659562085289,5,75.08239748249547,snowcat,0.8810327705937657,0
34.934053577247056,20.0,58.49226645328491,-45.8110996108229,2,81.08846691496045,helicopter,1.6488435940623862,1
32.208809498214684,3447.377388762348,25.22218652964421,-22.061217146127746,33,93.91588291197553,helicopter,5.029602013720347,0
28.857819958571614,3896.6527613763114,28.978794629930853,-34.79503339949066,19,100.0,vessel,8.026437808301496,0
56.458302782298034,6335.782712873699,55.03534831886256,-35.20811686818659,7,71.74960878065127,vessel,1.0584975791048208,0
24.046608183697447,3934.8445587986,26.85347836778975,-24.308748501213366,31,71.22968471338807,snowcat,0.5572454900386798,0
36.6143243910642,5112.353756578055,23.02253097797685,-17.462790704191068,8,73.12075971794656,snowcat,0.31301756392577906,0
26.56114800661542,2563.888899952871,47.93231649872568,-29.980758132916662,23,73.67408086714131,helicopter,2.030854688703558,0
51.428421126702276,2073.9144351079467,32.41945805892574,-37.5349071810757,22,51.88313410636205,helicopter,4.153851031746676,1
42.272013443462484,2596.0451614483504,19.49696658179771,-25.210397960166052,26,67.9692088311173,snowcat,0.9576818653419008,0
58.07441397422858,1652.4683620491915,19.305889281301916,-29.307418315526878,25,51.67183973464805,helicopter,0.047685216694816776,0
13.594140586081593,2287.1361191543356,66.842392513118,-26.259206050158177,21,86.20567048571367,vessel,1.5911746055049232,0
27.76436417130924,4560.959067891439,76.10690168126587,-20.298476004143183,12,100.0,vessel,5.1442711764112135,0
39.527765633737836,4637.651046307099,16.663505333433537,-32.124812542642786,31,72.61169084201684,vessel,1.109817185289513,0
56.83540322462531,4339.903383116052,53.11523552329185,-17.742665585415953,22,83.48638857880323,vessel,1.0627642618773954,0
38.179651283993785,3933.8111850254554,76.3110054160748,-36.942177000480974,25,90.89499766591157,snowcat,1.1592469005242536,0
38.91302390053858,6969.488027728681,42.015450812458994,-38.23687931941119,8,45.32877576241435,vessel,1.9180994050485478,0
69.17999975049773,6946.6714439699235,11.368470765255934,-19.25781026842652,21,81.99095892134638,helicopter,1.157991038311145,0
28.706783375685507,3464.8969642367647,36.34866998094718,-24.70820360687668,3,74.71606332345853,snowcat,1.8455401859648335,0
49.886796649915844,7671.476282458281,47.91303353790003,-31.912412391201016,8,36.13694453056611,helicopter,2.6892634994498255,0
58.63575135150879,7267.5199792329895,32.648268802791016,-30.191758748307095,4,62.62606230259652,helicopter,1.0823019391945037,1
23.165089913476756,3462.7896527193207,99.91759925119038,-33.58448160291572,30,13.537991009465806,helicopter,0.14698390971983055,0
33.72255161813752,1166.742112008131,39.60570836528526,-32.41044973066991,17,31.20290404712872,helicopter,0.14221105914545007,0
54.62317842988191,1927.7551621446855,67.02303039261841,-44.78618390988053,24,40.07617535051546,vessel,0.8086303876247924,0
34.003380260683436,3263.7495593672065,37.851199796899955,-39.29765795487318,8,36.384714124329676,snowcat,5.784013634607444,1
49.13939710835138,2072.177630365155,71.08658730918717,-31.852933670592215,4,93.74837543517737,helicopter,0.8122872181485009,0
33.88924044994597,67.00522442582906,21.392269218750958,-48.822001721368906,26,41.38885041167319,snowcat,3.2787895702211487,1
89.29347989106398,20.0,20.638097224967456,-55.90982270536893,15,70.83997987897182,snowcat,0.4527583319811893,0
46.8756983680676,1731.8722294908978,14.562397477031821,-49.366493290192246,22,62.9047818503135,vessel,0.39416037884696464,0
24.317516728134887,1252.9422816886508,6.485543378797694,-15.880239629205374,29,62.444384080633526,vessel,0.03898100115701484,0
42.903107834115474,20.0,41.265533063564526,-6.994725044609119,24,55.7745003614332,helicopter,1.950110820618855,0
30.18149662563552,5524.28256037537,20.43534216142882,-26.67795270363235,31,50.7967210773722,snowcat,0.6945831515690668,0
41.972611521596484,6112.966275045606,20.292487537548404,-32.128316918279914,6,80.09024070185701,snowcat,0.07432694070435489,0
70.52673376332248,4785.157926624755,9.8099779002526,-16.245454224560078,18,15.727692006570173,helicopter,1.6641561901596318,1
31.3049229896285,20.0,42.40151869259674,-43.17972954251075,36,85.58523068441808,snowcat,3.803705200050389,1
34.091188259782726,2429.169094053551,64.75633918892608,-26.346032147528426,9,56.313921125141576,vessel,4.2751103389003235,0
10.955091416290212,4361.250540842994,58.75188134172782,-26.270060973752102,34,69.34128942099744,snowcat,0.927728600643172,0
43.91098048924616,6740.116015159568,16.808295759807915,-33.073709711049815,21,78.4620644977828,vessel,1.3148646415582432,0
32.461288240485494,9521.481593266926,35.83947495645015,-52.29000503559404,15,91.12901335091789,snowcat,0.28070941234117,0
59.788721494643205,3036.3343434402454,20.90793561066679,-16.68742669813289,18,50.14741999882944,helicopter,0.017435805912071112,0
20.0486049783333,3468.295375730263,39.53554619369034,-36.88831586410236,18,56.41057032474274,vessel,1.9658718583910169,0
54.75540000666426,4464.334861866445,67.22797062769736,-38.44833585998826,37,33.520165637418295,helicopter,8.56853979479698,0
51.99910148409393,1242.1478467634383,24.27315267860161,-48.1423888202647,18,72.66600626128182,snowcat,2.9305078888440526,0
43.49070306618715,701.0601427007664,47.322117816720386,-22.914671183271405,7,100.0,helicopter,1.8499313902829422,1
88.26847614021729,5654.994661472081,63.85164184772635,-25.598355354511273,18,54.34503280744295,vessel,0.5843008714085894,1
114.7328843704017,5040.676382369353,46.91188617581084,-23.515110920392786,32,60.1724712894408,vessel,6.115971025113764,0
72.3420993741182,2397.4019247941837,61.81672436412181,-35.51120635860663,17,74.547632522252,helicopter,1.5657996200009658,0
9.081081398785768,20.0,41.45732419979784,-33.65892656209019,10,63.24423364249028,vessel,4.481613401503667,0
24.9181106335514,20.0,44.411877217865296,-38.40853216695096,20,81.10628081619575,snowcat,7.052889795495374,0
18.054472170471087,2782.09630557303,34.49820834324138,-27.175963103255917,39,64.0834840102684,snowcat,5.623116186719935,0
21.81898430306456,2884.907342159885,14.328388040778059,-30.189989247996714,25,84.62498991928007,snowcat,0.14012939782336448,0
74.93544028493523,2263.8859253156406,8.849524014639778,-33.850850221501695,24,55.72883567847561,snowcat,1.8133616043506595,0
102.01831546927026,5698.541367754124,26.829725932678596,-44.89972052450939,19,66.9330673373935,helicopter,0.47197709044396563,0
73.44109194756724,3649.964726488715,85.37481292966564,-33.89187760865566,37,45.892111742625474,helicopter,2.983066490975892,0
49.16137724969608,20.0,53.76550323946808,-47.831181064926085,11,52.085179409521245,vessel,1.1036437281513825,1
18.828830259448118,8997.563319128667,28.24021924298247,-37.61668317450325,37,67.28345568174836,helicopter,2.397416275090107,0
37.61069757638515,20.0,67.49577366638442,-39.954513989710094,24,65.05619474823595,vessel,5.167270094522216,1
61.709139870155866,1354.0110621279791,45.277861090569104,-32.90600417200719,20,84.64029629745252,helicopter,0.7552127590243815,0
113.0536737048545,20.0,18.765821976002755,-26.855021791620103,14,71.70291120662503,snowcat,0.315321179066972,0
80.12068012693949,4458.7212841914115,36.62444256175752,-31.998227323291104,5,62.63390853109537,vessel,1.1881220675245623,0
30.545512431214288,20.0,26.50383396846904,-37.24807809045902,5,55.57555036073969,helicopter,0.7109146515002877,0
32.96695598510289,4984.242029273544,31.596654020882262,-33.25124155451787,8,68.0505233251267,snowcat,18.711412682691574,0
35.985876019386836,2062.79004598203,55.68436879377127,-28.237027013027642,17,83.72789523648953,vessel,0.31875384142192503,0
59.425585409293035,5164.633591590784,11.865225809422967,-24.950274583773655,13,51.46580370956209,vessel,0.9986426593579717,0
22.54670074314589,20.0,27.13116787206228,-13.904861336018612,24,100.0,snowcat,9.84550268055006,1
39.534832792030386,2402.7052356528966,22.192858279307558,-1.4888329084052003,5,37.83762593546441,vessel,3.385754952379349,0
49.88519392396617,5097.567235617132,12.575370984825254,-12.590510998830823,11,48.82797051766576,helicopter,3.933408341074686,0
58.206209366256985,20.0,25.66290534812186,-30.102445854316745,10,55.76726217735237,vessel,4.808540569693818,1
42.647388609892175,3931.279076452754,58.6400362135026,-41.21388829402434,39,83.73408194560295,helicopter,4.364547839291063,0
38.233445785190895,3832.277615965344,36.29012577335339,-34.43185626747177,30,94.19960142443273,vessel,1.064404670199046,0
60.903176619950216,3749.0987624271443,18.31008428634138,-27.605038242355377,35,58.33237694038924,vessel,0.8934799923714625,0
49.47103906176837,1915.3693282162942,66.29111647621588,-35.07826807393311,32,47.6181818968158,vessel,11.3543953014137,1
68.83747494863702,5185.825653982777,14.8240562292426,-33.962951173452105,11,46.860373051161034,snowcat,1.9410919934323145,1
30.642285775256916,4045.1145480432874,62.60752701885512,-22.258769498242774,19,84.11976459141478,snowcat,0.6239515568576915,0
116.13248353503418,3870.1233262043634,37.47143947672902,-32.40638942406339,36,40.489058853508155,vessel,5.155564643742547,1
73.925733955103,1264.2035340169614,36.14164335391597,-26.18511196058943,36,70.97321925953582,vessel,0.01619931367045815,0
73.16577582171219,46.80081226993207,77.82275621622003,-32.707209225134996,10,72.78148970421663,snowcat,5.197970992293392,0
3.4913687702132314,4435.28101402458,35.294609116136094,-54.10207902476522,37,71.96284119944248,vessel,5.62982215314473,0
33.060037301425844,882.5512183928881,38.76275028773652,-54.12259320642,33,49.26323787934436,vessel,2.6659560486849023,1
22.09271746137891,7328.4028506913155,42.080925538932014,-25.468682614407356,12,39.93520903499484,vessel,0.3830718789388703,0
16.441483955426403,9113.549709587438,67.37962307061127,-31.087609754858278,9,65.04750287492027,helicopter,1.2105386651112724,0
148.43052340403008,880.8751639409816,41.91068392974539,-28.322314740501408,4,77.41075142843569,helicopter,2.5574947849470457,1
80.06296708164739,532.4733095251072,27.971185811829173,-26.692559052673534,15,57.55745921767505,vessel,3.924000774341022,0
30.660367636165905,4328.317457361622,33.95753106310198,-27.40269633370492,37,77.7357861896564,vessel,0.7423346955467318,0
21.87745559621859,3913.799416486818,12.35158535656965,-30.622236838861543,32,62.07123588143464,snowcat,12.503298356014632,0
56.90415594095633,2905.7318548096946,26.932498626062245,-14.669551627810733,17,77.03269360306253,vessel,2.004340551152289,1
36.26088123353362,4728.918143933798,59.05361710117486,-27.46452210003911,22,44.07421987015383,vessel,0.8938482002970414,0
61.968218540796414,5119.945844666689,16.50781941837866,-27.138533549528013,10,60.548590778130844,vessel,5.846943639022128,0
29.356377815240798,684.7700839964359,48.21943708475232,-36.20160911753062,8,99.10065421830465,snowcat,5.991782444180023,1
46.45790625224875,436.84367383351855,13.461658965274477,-43.89265033592697,18,53.252763084849775,helicopter,2.3915041018465435,0
62.4343146662756,20.0,39.783057725252306,-3.982517595496603,36,72.1885998907135,helicopter,3.795353981116423,1
116.48757240031952,20.0,49.13183587205991,-20.179887082367845,18,64.47432178549039,vessel,2.1045792855499204,0
2.2396578708679367,141.16259155406715,38.23759462597322,-27.029426036159872,20,54.842651378493706,snowcat,14.605847431752196,0
51.929166177984996,1994.5363323224879,74.41372948188574,-32.82760393705171,30,81.62117795709295,vessel,3.2752033679574772,1
26.39951571115821,5403.934209913325,35.45994163733042,-22.550493449836257,23,51.477735281632626,vessel,0.4455914208728743,0
4.62521848755151,4842.755473518225,33.174043298300944,-36.10011475724605,2,86.76792012984059,vessel,1.0749041285793524,0
38.181731952621526,4407.3873027731825,39.19955024842685,-21.589406994854702,33,79.2799134237261,snowcat,2.1023202232618816,0
46.51520364627901,2410.586459526886,51.07737911058551,-12.07446817242609,26,37.44334337194134,snowcat,0.4363194273532155,0
57.00785481297349,9701.619829884508,56.658045377971746,-30.9577293902766,16,81.05933007225379,vessel,2.750966201492553,0
109.92737432776538,20.0,50.957030175425196,-11.41326244035275,2,67.13876995007335,vessel,1.381033210739785,1
49.52967891621585,2249.03748043025,97.99212104622093,-33.181517765379056,13,43.50094764467611,vessel,1.2062178046924137,0
84.22678754944138,4024.5972494368734,38.83576175834303,-51.37351423458308,8,54.28782089344841,helicopter,4.036902061859239,1
63.68606715795836,20.0,82.319656072096,-20.13864916714858,38,48.62454538538109,vessel,1.8466144282434436,0
33.90757428743184,2098.62896922422,28.063525765153972,-31.213121726408918,5,71.96400431287657,helicopter,0.15106961261747115,0
46.34184224710311,20.0,4.96323329422858,-20.067926779055075,4,100.0,snowcat,1.8476926861138545,0
86.73567894420525,1985.8490364405018,34.74410954471742,-43.44849055953658,25,64.61244722946829,snowcat,4.861600465872555,0
13.59654205774414,7428.725524086896,49.64006346013524,-35.83175259518837,23,54.14479135278805,snowcat,2.686493349675246,0
45.32437989754599,3505.075918001836,25.025902116509936,-13.881344687392684,38,64.59259633516635,vessel,2.179956009903405,0
16.829960627407687,8794.278436680335,34.47960896914095,-26.457616452667878,17,62.65324100826037,snowcat,15.660081459737004,0
24.483961445605747,7264.886856709092,73.36981398702957,-12.035430353582008,8,75.95426203088928,snowcat,0.48964577260165815,0
89.97759070197678,20.0,60.30171851537064,-37.52746804158795,12,56.25273540750888,snowcat,0.7792594648604547,1
21.313600325025636,20.0,18.917852282106086,-1.6602888764249784,17,6.782574191568187,vessel,0.10779970834574883,1
12.902977866363404,7304.423877860683,52.515545850650994,-2.678777935964632,4,66.86294430610116,helicopter,0.3080665628870957,0
43.473498247119295,2714.4139777667774,33.29778391249191,-20.947789712631568,18,58.9083989814276,vessel,0.42801915224713855,0
56.839538177145336,20.0,15.036571745913461,-28.158513488833528,34,42.99148926435332,helicopter,2.8371380779308972,1
10.369804179497107,5865.4017563833895,44.0454220989288,-24.794169790812358,13,59.68640891658136,snowcat,2.0988108518484823,0
116.94855340948341,7622.972674410596,67.77833726521146,-17.465447830510126,29,89.58038480466378,snowcat,5.984855957509846,0
36.951247931889014,7475.028982927072,86.76210734563591,-26.973719421234424,7,47.604696523175086,vessel,11.975627281960469,0
60.73746002006775,4502.161676899558,16.907062989495028,-34.158351437947374,20,62.49191476877518,snowcat,0.7865104752910628,0
22.515673733588766,6572.971453480192,6.9188851448369215,-42.31982277017056,22,56.24591660704911,vessel,1.3801474098273168,0
59.77094899263304,4566.60993535232,62.104999876423946,-56.05622952406617,33,37.32979494186595,vessel,2.607850998549345,1
40.102739980361626,107.82535153549179,60.77819458000136,-33.53813144270101,26,70.1158232315428,helicopter,2.729418269398451,1
49.19574044054141,6345.394537673929,34.190624851694686,-54.713257658995325,19,63.72367588406745,vessel,2.020109019246309,0
66.21800566011949,2359.1066498549512,58.76848278498021,-31.82549300454316,6,100.0,helicopter,0.47034788808825917,0
59.32364997032395,8559.185495332473,54.99558723993003,-11.260210966178377,38,79.12845971539237,snowcat,1.4588692736633808,0
19.05247701832275,1974.0611478344315,32.94155065913289,-30.84973449182169,10,81.34826430217757,vessel,1.6607200312846584,0
16.024312696872308,2302.01495533773,27.646644521365552,-41.319981317028464,7,48.28692798965038,helicopter,4.659786855698485,1
64.55940566047978,20.0,34.644718128913205,-36.145950976554246,31,79.85368965566451,helicopter,2.313804160499428,1
35.639265637990526,5180.781504824081,19.221701727247613,-39.77529497195764,38,76.07099405032082,vessel,2.3478241247858875,0
47.09575688112567,8707.949043518212,28.854092412443975,-9.583441215295633,16,16.622221738492826,snowcat,1.8088230399449692,0
48.77185457557705,5409.399423703517,31.234773185765196,-37.880005107016366,37,87.6058336707903,helicopter,6.723659595240344,0
76.03377867332756,3256.563184191349,53.354704796589125,-51.44972565879634,5,62.772290902777,snowcat,1.8211924495305372,1
37.255236229744014,1656.3133750314141,19.554588209947703,0.5731407780724496,37,46.97968305267277,vessel,2.399144960701967,0
50.64230415298806,1040.8331192261082,27.083432013637992,-32.28578370477831,24,62.91668254675973,helicopter,3.035521196996275,0
43.6025735707049,6681.86702533563,45.94424121319207,-40.55727654247197,5,52.584896808522785,helicopter,5.342964097628882,0
23.11526182838317,1117.1849972173156,30.76424532329475,-29.892675877761615,16,71.7696797127736,helicopter,1.917208927501667,0
42.03977328800326,20.0,18.30356177412538,-32.839758768501646,14,57.05319245063503,snowcat,6.772843383775271,1
24.526192692208674,12025.08335332867,38.92768522112967,-24.367969775469042,14,99.32533276014345,helicopter,4.435969427143667,0
50.76818863108242,3891.217415596413,38.82103410473907,-31.953169696564697,31,99.42194536117616,vessel,5.013144449758666,0
50.030721981651205,1881.886541599068,76.64839641206328,-55.70245846292198,14,70.08647137456873,vessel,4.4069249266615484,1
21.698947068882955,1009.0326699534232,12.994753715611619,-32.15274673249043,21,76.43224705986458,helicopter,0.6160887217839428,0
6.437903479697705,4662.984393221934,62.694106627824354,-19.366246476447877,38,98.83353200607785,helicopter,0.49265618813892587,0
41.72606844050512,20.0,22.29918469736143,-36.45193890065358,32,58.45884555002158,helicopter,1.1835144680119625,0
47.31484062889139,1145.6092452847681,75.339386750373,-21.265501259094236,18,61.499345749834035,snowcat,9.956601544446503,0
31.396481687192193,4304.116764387367,50.58557109162037,-18.6697467494129,21,77.1294361166096,helicopter,3.2186860824544814,0
91.10968385088255,377.4089550220151,92.85207454390445,-15.849442561060691,20,63.94635172381165,vessel,5.383766576486988,0
47.60924609008214,20.0,35.80583777212525,-42.440310412032325,8,70.35044789658103,vessel,0.21183594758799554,0
27.074883389663135,1427.6253347750578,8.815303471121744,-41.198153374659995,24,58.35548104843217,vessel,2.327034468877496,0
20.68563415315467,2164.2073467782957,47.28091841171776,-29.734794270482965,10,45.309233176044145,snowcat,0.38503448751928904,0
22.077535267309695,2280.9003916178485,26.9477616366834,-51.77105785754182,36,44.76987616207913,snowcat,8.634524542937665,1
22.311455214522564,2197.5713631626454,45.41660092313772,-42.962230239333685,36,88.80119469722722,helicopter,1.3442606774270889,0
15.400062844371906,3850.33805560091,23.06381377025119,-26.42810129366856,2,72.87111040234879,vessel,18.885196560883003,0
63.03860133582596,921.6114465023788,37.32026282116828,-55.015980364609625,16,83.21923179414208,snowcat,0.29057966816222114,1
70.70233166867715,3896.9674499131943,41.11041388088225,-51.53824570546627,10,47.02684155014624,vessel,5.963436380071311,0
84.81982068386213,1262.9610816008537,49.697218368405686,-23.88267676084015,19,74.36452641554602,vessel,1.8233105489814887,0
13.78258691167056,2646.644511909283,37.38403165607995,-49.454697345396795,38,77.23790599905645,helicopter,6.620820330950416,1
83.99903725877064,1098.4155435730408,17.43320556453734,2.287165834375969,32,52.153092283199335,helicopter,1.199306232241423,0
36.662011749028174,20.0,64.12450124605047,-42.23608044774876,25,55.40432929249906,vessel,1.189599476905044,1
51.33307115535148,3915.5003689246855,17.03607735376712,-43.0057194905911,34,94.34432416567697,helicopter,1.2788038273319098,0
58.263429517957896,6207.277594918711,14.535167150032517,-47.03728270899386,21,60.97293093879381,vessel,1.1313627674586983,0
40.323141431724764,3773.4542014466924,29.636545554164165,-30.455400021263742,14,79.39673695028637,snowcat,1.4700102021317298,0
87.04572656418438,20.0,21.20188669622191,-32.64326682544971,23,48.47965879206172,helicopter,0.8872178069246295,1
111.854151787734,20.0,46.99377519044119,-25.581961896610434,7,93.94067966744097,vessel,2.914780374057905,1
70.71880244871323,5549.151349751572,35.40959242720882,-33.23418113985025,24,57.57011392242503,vessel,1.0114391640262514,0
69.64333134789375,4252.399008387447,60.5205536948439,-19.187309638949202,6,62.023048247987525,helicopter,0.12151081619658596,0
80.71554201480139,3474.8545061889176,48.90416977542866,-33.038122136177776,24,74.66695344735476,snowcat,2.740057731478066,0
39.00378932375155,5562.439694093509,49.18238272861025,-34.750682421766044,35,100.0,helicopter,3.6018641326328655,0
23.177836007603595,5019.5912700777535,26.15641372831137,-27.52364513274495,2,55.44364542452976,helicopter,0.48566347080784583,0
6.785265033805816,3382.7737392917697,24.099344198179256,-53.78611285617797,22,66.18849349488671,snowcat,9.419622274441723,0
46.894944938736145,7189.922131112418,9.062657715274844,-43.72500552715678,25,90.5820299379041,snowcat,4.953492533078145,0
32.15874684115281,8156.837362193487,54.100893812846245,-9.832764499215322,16,68.04057993211778,vessel,0.023962187784576337,0
25.236327642387693,6850.642014674187,61.64186629997417,-51.65283299706202,27,67.27770352209757,helicopter,0.42437019071989346,0
10.204717401508697,5301.134950390382,47.68883544711154,-19.68182292164117,17,100.0,helicopter,2.1555231297295965,0
15.867074315157247,3349.5502681488556,14.271105316844608,-58.97356263524638,36,91.83143201635224,helicopter,0.827941490704324,0
84.09121970474119,3145.7577714042377,30.50595498724546,-49.62861199957196,29,100.0,snowcat,1.7043989789746405,0
75.41786799137265,5248.565443099582,20.019757260252074,-39.73432793887593,20,54.21037725474979,snowcat,8.635796713913802,0
101.18889685929454,1318.8924977241534,39.80770465492381,-25.219618810693518,12,83.87717360822312,helicopter,0.28772097102210487,1
12.683172382931412,2821.6028294395437,14.598780926383338,-32.14049010169968,28,67.65539636693101,vessel,0.009324360668723011,0
31.010210111700307,1197.1712958582066,47.85372332013309,-25.658240908629583,27,64.32227489878535,vessel,3.18276529289574,0
28.313141030778507,2786.479030424335,60.02831201642237,-36.82066851420896,38,66.35806932841099,snowcat,3.415395668125652,0
57.02521696448378,538.0425414580873,17.44012278670979,-32.36432308346803,18,80.98759604174215,helicopter,0.5699569356012346,0
26.2600027582919,2352.6638881698045,6.520950546495983,-30.007913591651402,30,67.42747615321845,snowcat,1.714743452468353,1
23.783460182941074,1822.5528250468797,25.466831421505866,-19.02898456742047,16,49.74371699062742,snowcat,1.6968430246375144,0
24.703186744068372,6215.95328614316,7.50563874070609,-9.627273558644735,25,50.026771185331064,helicopter,0.09085536451769008,0
40.200510933195055,6486.429896014122,34.22295362832373,-43.303724144224255,22,43.47398670831512,helicopter,0.020752209357510314,0
47.46357973879901,4724.756841722067,41.66554770742906,-32.32666657243416,4,66.61950074095641,helicopter,0.4152760960185016,0
34.842442907746346,20.0,52.70849361523308,-35.229236506037736,27,79.18448886438975,snowcat,1.1400911385988883,1
29.920537078192954,4798.003727396327,28.31525928942954,-26.653783092561714,38,88.73936808842866,snowcat,1.1783740685941053,0
82.67670460436963,5630.433987249378,40.93925737550172,-13.479684681288532,21,76.218160229871,vessel,1.0850079859661785,0
18.843860837538877,2021.0337817507439,26.436818149251163,-29.157049990360346,38,71.27584370045608,snowcat,0.38493931869834425,0
29.016085963759174,5303.131154456191,41.9828655599877,-37.08602925645479,29,89.57538480463118,vessel,4.573123872911546,0
51.09610392657111,5813.892608040251,21.514342301741923,-17.89939877426664,17,38.48023610433247,vessel,11.54381806128812,0
40.75946894078835,20.0,37.691354584628215,-33.161916809232935,14,76.96143694044238,helicopter,0.25066264431358787,1
63.52406074944117,5886.0887380077065,42.154890737220526,-32.03118536173994,33,75.16998474141799,helicopter,2.513507694406446,0
20.550222516551194,2361.5608954267427,43.43005724141307,-22.97105858183157,11,42.889694805916406,vessel,1.4712193146865733,0
7.084664494944953,20.0,29.030480811478267,-46.04111953233692,21,28.901938228154847,vessel,9.005293948695511,1
34.746599765913864,3479.525507892962,64.14230280479924,-46.80712009624123,22,65.02689429372045,snowcat,0.24504024582897355,0
73.47455193328047,1843.5609998430516,21.48621827044582,-42.19000216823114,20,79.6252733573295,helicopter,1.0997548609738033,1
69.08915181340589,5559.243167173669,19.493193723744223,-33.54821823939653,15,39.13238895561049,snowcat,2.4136752853571197,0
52.72045058447395,4841.347845954132,28.180185772110566,-17.69132158351123,31,53.067455676944334,helicopter,1.3276128226530652,0
27.857073333743763,4634.5064855266755,28.13733585364445,-38.14959718413881,36,64.8386511517345,snowcat,3.4927828456182066,0
33.865696066095026,660.4426317369607,15.574949830965059,-36.30038737858825,31,86.59433448480495,vessel,5.506325961891678,0
49.50583503171918,1829.279670183179,28.429533300098907,-27.95403981398437,25,74.53271390905276,helicopter,0.13058406972610248,1
45.56187981994251,2083.7334826847427,71.21910359670318,-41.27670662390544,18,74.15737310564214,vessel,1.159602366673411,0
67.14740262572597,4947.673920155763,9.815480993263016,-35.747847363908036,18,60.32192037920569,vessel,0.46664735549677633,0
7.551686862842724,7129.9927334854465,9.410820951445798,-30.506189436850146,32,95.88333074058535,snowcat,4.400635823699453,0
41.485794560779254,4644.175865350501,35.6165400405918,-23.21041412054212,34,73.79554562462204,vessel,5.189910581982617,0
62.57989938494226,511.4957994361889,20.019193300296617,-18.697000602503643,7,54.69021896335944,vessel,1.080235063334398,0
31.187928997408196,1719.7533691933784,37.403657917681656,-31.929835321458018,37,57.01595899618069,helicopter,0.279278579715348,0
27.063383162591858,4233.270245208636,53.90557886778253,-33.57461193452214,26,62.8141260083466,helicopter,20.9927086805269,0
25.549735706782613,6483.609395975155,56.0243500420946,-32.57399617557703,18,59.86188031398764,helicopter,1.8162044972268259,0
57.711534516246445,2679.1011706402323,44.22975647865371,-27.551526015792206,12,31.412072520560088,helicopter,2.3146282333220993,0
34.25815882208345,5026.813869054639,31.064156086880402,-12.383503774311695,26,54.70347177918684,snowcat,6.658272213227281,1
107.28120840310788,20.0,31.23791593334186,-3.902516317191207,24,74.73831881077092,helicopter,2.3143167115348278,0
34.66247302369276,1361.707527464468,15.535428566891614,-7.812124910289516,15,49.6876670951157,vessel,0.6965161890923323,0
7.216919225135355,5175.967308048112,31.86356961052264,-17.20810595884273,18,67.64396569417944,helicopter,10.168487275112518,0
102.83038256694343,20.0,36.30480249241153,-42.26587187836641,20,43.10999225878395,snowcat,6.870313957115318,1
91.76629607936748,6267.377546615445,6.949478285345348,-27.39001911798322,13,22.59164614353395,vessel,0.46185681260276945,0
13.961744408272764,4157.47422103904,24.85640703881126,-34.38520714749855,22,59.22663076424989,snowcat,0.5902753434456975,0
23.721278378279287,3259.203338174097,53.313532853903084,-31.642403343476715,34,69.27082126898141,vessel,7.580444153566404,0
72.98623925767617,20.0,23.77692825378606,-9.117843613888006,12,54.75056467329436,helicopter,4.327134803943373,0
15.154632464905957,5839.025695101376,18.393651535384592,-14.056296488253993,7,45.21769227976412,vessel,4.873095447605971,0
32.02274211314047,8882.912632316094,87.90024409050201,-19.83526930917181,32,77.88462633469534,vessel,0.30285697448782917,0
23.037319139284747,2255.5247191698904,49.958212436981796,1.389788037689783,39,64.43502327974633,snowcat,2.099710294758988,0
70.73661969561562,1535.630979495775,28.34544799471292,-20.08367892431859,8,77.9389285082688,snowcat,13.805557524003461,1
84.71455269445114,2126.0585943285,26.286396405129683,-12.152190881380644,35,100.0,snowcat,3.4063698580593798,0
80.83015356720193,5249.702031174985,68.45446234228409,-23.32883704785275,33,74.35326187120386,snowcat,0.5385212455891094,0
50.768454176489065,6040.428608349848,74.14554050643771,-27.62116742077007,36,74.52952573446859,helicopter,3.3957821037271034,0
58.46089523026426,4725.698979098002,47.33588012814678,-5.630830389977,7,50.718333369186475,snowcat,3.0091895177441197,0
105.08646295375826,2221.780579925039,39.92489100655971,-39.40115252030775,38,64.56517847019587,helicopter,0.9848770753462923,0
35.71173491305258,6288.633025707153,20.040845931504457,-49.34687174203685,34,40.316656053025966,vessel,1.6465616466926931,0
42.09598414375801,20.0,17.9971909917617,-41.53335343740079,14,45.20129416343129,snowcat,3.428574037069449,1
12.990865838146881,6543.378483695085,52.59505085311429,-35.48210276478288,35,70.85010173801261,helicopter,5.200380778655363,0
9.870159303739454,6957.048334364052,31.15712438703404,-18.99991861764579,25,58.991251878063736,snowcat,3.1973191319097225,0
64.95969735567824,1822.202702983571,54.59092143464063,-14.90147296826704,14,53.273169368353976,vessel,6.407259194515351,0
139.60535043523063,8276.500120016774,40.147641174428614,-39.41622749935,8,67.50653337164641,snowcat,10.248370192534946,0
54.43731131657,6004.876378318153,46.1976398292948,-37.28975322973319,33,53.951219099631246,vessel,0.023774939929805276,0
30.503370556123222,3009.3881609199716,40.76552237221132,-35.29177565285144,4,59.89870264990921,helicopter,2.82780604372377,0
96.11510019803484,1977.4170665578656,56.49994264670164,-29.43046201696166,10,70.81254600305276,snowcat,2.6194181424415657,1
67.57432866840855,5344.858429396736,42.104078158987654,-29.93235241673444,19,55.62934688285018,helicopter,4.254942015968094,0
53.41118674019174,1084.7827570355619,14.482397825595694,-25.60618529465649,19,46.12271658532838,vessel,5.105264944155933,0
65.16280339373128,7350.129880562475,50.09857217597251,-41.3040505737212,11,89.99677892613654,vessel,7.464515971577839,1
48.9377872743818,1316.6291004586917,26.03228361648575,-42.85363067495926,24,100.0,snowcat,3.0432033086478105,1
74.17369379275162,10392.744521729972,66.82568467613372,-40.407375801863495,37,64.9950635790904,vessel,6.583524274073104,0
17.873314250412093,3897.691411388473,39.29690504679838,-29.470477749830987,39,61.65595844065653,vessel,0.8361706415115742,0
49.573006506291726,20.0,67.69080223000071,-44.63407214719505,14,65.71215337505441,vessel,3.0757642763401747,1
31.685882301977212,6926.657371084502,62.343953726336395,-40.81075522076622,16,51.11951483890659,helicopter,17.13848341928606,0
7.8778727765061705,1846.1389410454403,48.74947276019624,-23.84603136625809,20,88.20693265532557,snowcat,1.8672660026018257,0
52.83164748435194,20.0,44.25981644103861,-12.361283772484857,8,83.91576892553249,helicopter,0.8991704517843655,1
60.19473390770183,8681.44870793429,26.078416654358723,-25.33473649474012,27,55.677271919296786,helicopter,0.6403608792247613,0
87.2609180475644,11216.611099759648,56.186750204829266,-43.04872959123858,37,58.40831365541373,helicopter,3.1803139752904173,0
26.91799210274189,4589.8620927327165,11.099410373373962,-21.69187727548149,38,72.65379497319063,helicopter,0.1510979844750049,0
42.043236829770706,4947.639212725409,26.220191758004454,-36.86968090436379,14,88.55905190282398,vessel,1.3718146376054652,0
60.34259850343251,4402.7704656346295,36.47340732414656,-13.160935523295691,14,73.78308145253048,vessel,1.2944841121757804,0
30.631231459266584,4871.06865446876,37.160827856723444,-24.828827494563594,32,76.38176170378713,snowcat,0.9005623293178767,0
6.533433473323057,2092.9716272994024,37.52629612153405,-40.18815537548116,14,73.48339184945527,snowcat,1.8206211909162793,0
15.28311007910043,2993.394551924667,20.852374120815462,-28.553270919828993,38,69.18897980686955,vessel,2.71749786713783,0
44.68815809049194,2433.3951005518347,22.398150298869236,-46.811612549239626,25,72.72869608582612,helicopter,2.124742059115897,0
46.61010150102887,3022.0372951235568,13.459071333647053,-27.913330766474495,34,80.99596392580294,helicopter,6.360163530198996,0
29.83826588211656,20.0,51.38686196584697,-33.18805104680335,4,71.66054427532053,vessel,0.5653812471280367,0
26.23804941972973,5915.237854935778,22.008871879042836,-4.783578014537163,10,61.036772645287215,snowcat,3.53342906774718,0
31.586294720862085,3328.8636685985084,24.550339304442733,-27.483840477827307,24,100.0,snowcat,0.220272947667159,0
25.655821346994053,5158.622666426305,30.575684324809412,-29.279792036735273,2,33.511123111785864,helicopter,9.62708364566843,1
35.11327570945188,4512.655667714985,20.43387507695146,-58.64220396929217,23,82.90919459200646,snowcat,1.7744149648969467,1
107.64606387283206,20.0,58.65194257095429,-22.409878623855327,36,55.53073296386847,vessel,5.572878566970992,1
107.0433898552096,4377.214534974278,90.00415766176113,-15.974064623284342,17,32.28004196199201,helicopter,0.44720817684455366,0
45.11582230475716,5497.335346712172,8.999276701331148,-15.889828571454487,37,24.386050456836486,vessel,0.06333033163393866,0
20.123254299899916,462.7985453897827,45.29055244520427,-31.485342455119504,36,61.38619839916853,vessel,2.2362808657446474,1
43.978714143129636,3023.645661755787,16.22983914621825,-37.38769905964339,11,100.0,vessel,3.3081299273153464,0
24.928340741375077,1997.0505068782822,40.597155414148496,-15.087323019197305,35,100.0,snowcat,0.02655345678997212,0
36.600050606559606,4210.597180536053,51.073725727121655,-31.041211793436847,26,54.01447051861146,helicopter,1.4995863411262664,0
70.79676490397799,2576.0494851506123,11.023884784064052,-30.433885557727848,12,53.20359091893353,vessel,4.213182365084114,0
28.676637480576606,20.0,49.94353792273802,-33.97497228227789,4,57.3345080204704,snowcat,3.419593944956608,1
57.29775662014935,78.60767456558324,76.23026199161336,-56.96377184539129,7,69.38604237054093,snowcat,1.2122708683716292,0
31.34544073851048,4879.126000032482,62.95049532798548,-39.85231605744046,24,100.0,vessel,0.5376144742717817,0
71.26614615993974,4348.591100560556,13.447941572128403,-28.82165888569026,22,84.31833946340214,vessel,0.30989775145087617,0
41.9836555733651,10183.260654654892,83.42549006267598,-22.80453978847791,29,78.33022168176547,snowcat,3.9748579345549935,0
71.2979577880475,3096.069777516668,88.18916189855372,-30.371409398838527,6,70.41685788084969,snowcat,4.419392471006621,0
22.27216261915109,20.0,30.704091706000685,-23.533273182722745,12,27.0231716792103,helicopter,0.4867972751088305,1
61.70263745536581,7380.181253606605,14.006058579688503,-50.55468263044615,39,26.67705893918143,helicopter,12.353609035798968,0
39.152549741869294,6149.023791670907,50.961544607216325,-41.45490027174938,9,49.81406769835375,vessel,0.838759963963722,0
46.396679323230394,720.2232054669585,43.70464190501539,-2.369218428422954,33,40.900778653731116,helicopter,4.115986635826129,0
66.22324594469858,5553.938101179139,62.496233148832204,-21.517607999869487,16,31.9821742144862,snowcat,3.0552652031374077,0
33.84551573447542,3968.1079321405946,27.02614607756507,-13.748478977625421,29,84.47290883411873,vessel,0.8202078784992023,0
56.69634040475664,460.85901635589653,41.39362045664947,-33.260209914327376,38,60.53754154182623,helicopter,0.5903439192376466,0
25.325216292438714,3966.406891734846,44.363423555810904,-17.62714899929567,32,48.120216069316676,helicopter,0.010577805476037268,1
87.2879754430821,1326.3182632508024,8.917011943627365,-18.095410423503626,4,39.416844958002265,snowcat,2.2412444233704303,1
90.08718630008045,20.0,36.34478400939265,-4.12292327184575,4,79.83698033440433,snowcat,1.430577687796881,1
43.280166010058366,2557.163425927328,28.361802869468438,-24.652764296643532,12,63.92414225516339,helicopter,0.10769074023766223,0
100.41113954044154,5054.11678785185,57.02448847391022,-42.55157227162054,23,35.47745316707625,vessel,4.595402469366399,0
79.2440264389848,2934.8756684725045,16.766517308866742,-39.16662503929811,2,56.03665082166037,helicopter,0.9758940498078711,0
17.836044584359996,1150.0974182265518,35.32674887726573,-26.345710527128443,20,100.0,snowcat,2.7225531575930386,1
43.509178951053066,4706.1583075233675,29.04417329858265,-61.2883039871622,20,85.64901737569426,snowcat,0.22016736437471593,0
52.788659785476234,2436.1832331548426,65.99664616877044,-25.043065403330186,35,66.19913509502142,vessel,3.400869458155441,1
34.67839946760901,388.13674137183807,26.644962279575317,-23.25306481055759,38,72.55815636456467,vessel,1.7942700344889044,0
59.009744465240566,3767.362615508767,18.02010673838554,-12.222409762776415,13,56.13578508896778,helicopter,5.129214029413267,0
42.488301797165285,2407.7764437276574,63.429481536102806,-51.800271150869946,36,59.626234231758566,helicopter,3.3829969927330783,0
34.81443913618777,8597.0815509017,43.33261875334572,-43.32241115068558,14,42.314908342002994,snowcat,6.643229981833593,0
69.30115126469404,5754.576879572065,67.45137965514877,-28.607016511643497,25,51.34646320180711,snowcat,1.1452892348613397,0
127.64829636225163,5504.564421839068,55.39749900877751,-30.520126496932793,16,74.82103389828794,vessel,0.06355365587875433,0
29.693593702833567,20.0,30.331464357440467,-29.75609649296122,2,93.59104695615375,snowcat,3.9767680701700074,1
74.51919437603263,5291.650706647856,34.47203915993916,-18.298704493553547,36,72.01296797743903,vessel,0.5798099809844086,0
8.969197692584775,5762.263881658315,105.81672043648328,-25.841658566642284,4,84.50238374857935,vessel,0.5593339579416707,0
27.04053987937077,20.0,37.400657610104766,-11.573725733886604,3,23.903053887481946,helicopter,4.050956988611368,0
23.285010493613573,503.58732624181084,105.15603367296359,-15.555511905997658,13,74.63755213903099,snowcat,2.2633288864433188,1
12.50159024196814,764.1346315759356,43.30450110833258,-38.07981984107981,25,71.76099651321906,vessel,1.2731466476110156,0
106.08020315535188,6249.34604486301,24.036188900861056,-26.381381466069104,32,49.51437203694428,snowcat,1.3417896658017248,0
67.44122796008892,6671.1953774893045,31.240539081531825,-23.162163270288243,7,63.721584988396316,vessel,0.07595657546256082,0
39.52229506552232,790.734176957094,22.550596650904495,-7.156232659875663,20,91.67628729377981,snowcat,6.800464506484452,0
16.442798203886465,20.0,46.61111484161681,-27.198703659617546,38,73.51241749855454,helicopter,0.6072833624853452,0
21.66151151496248,20.0,43.47009502152272,-22.923892751138354,26,58.453137629330556,snowcat,5.650582674549491,1
71.7824839096581,20.0,31.92153271615732,-35.5433448162558,10,100.0,snowcat,0.1480812798037447,0
70.20299103832333,864.4158099637334,24.42338113640519,-23.38056999933118,34,65.4971509420536,snowcat,0.025231703567917912,1
11.961168658203105,1092.4544883309911,34.655521135168726,-42.78264629524027,38,95.33458588037551,helicopter,1.287264655838061,0
34.91350120236566,2983.3389048278846,98.9062660363367,-37.787939907014774,4,57.25560546102672,vessel,4.831638220213175,0
19.900546149187583,4792.432374346048,13.070279466013861,-14.704598922371224,16,65.76269647679896,snowcat,1.1038768015143339,0
19.34824800082012,3698.2003985212123,69.00618797894589,-19.591743836815418,16,94.68195506867971,snowcat,4.171710078039518,0
31.65004179937514,1009.6103396763256,66.90502302435303,-13.58425965778192,39,45.44062560748415,helicopter,1.0766163918825402,0
36.343693080078694,2691.90512926297,31.745408423348383,-2.7641446013634834,21,100.0,helicopter,4.210673885752317,0
57.22033475323896,523.232555652899,26.670239192722946,-18.585804212792358,16,50.02691444506936,vessel,0.026028457600021197,0
52.043160735424735,1668.0339647126218,39.43618570692509,-26.928792931888452,35,78.44817150160883,snowcat,1.1718818264777715,0
27.230086611581953,2238.0112656013234,25.297312454767578,-36.58389946577368,7,75.75860757499828,helicopter,11.491095671158988,0
51.0519745369019,5275.9495200394285,27.297766223311562,-36.35591088276408,26,42.546543540225315,snowcat,3.1102988593213903,0
121.98528874587896,5734.612403880017,36.06827007514242,-29.683594307232635,27,34.4303323900833,helicopter,0.522851948405184,0
20.200933918044285,511.11906094341157,33.18462873981531,-30.586290713349047,38,39.427912270487724,helicopter,3.478418505067607,1
80.79309548888358,3054.457483093365,128.6180156810327,-19.477937375352624,3,60.99460172319561,helicopter,0.7755569608981725,0
25.111470512641368,5135.214010759401,52.11702057604065,-40.47067107077686,16,78.74826593457931,vessel,0.8630485577952907,0
35.57153412588552,2588.944870217157,26.570694848011712,-36.655345581045566,39,59.36240431789652,helicopter,2.2706044200893074,0
26.30419024336958,1927.4711318594673,7.752911776761772,-25.59970909351005,14,54.139527556684655,vessel,1.0585764579810388,0
21.38955459657999,6014.930808236904,56.0688124861094,-47.63916855503048,4,52.19348089508281,snowcat,2.9051207745115875,0
11.77704984006737,4932.465041613286,47.799412017224945,-12.341524115267951,7,60.852104595738254,snowcat,0.18796976421193026,1
46.89896282421199,2882.6286845159684,25.71172912222015,-19.5644751400569,16,58.12349965582298,snowcat,15.430480100315954,0
24.180715840114484,230.50552698427464,75.94078783797826,-27.466593752489086,16,55.822733467247524,vessel,16.583771864872997,0
32.50034979871616,20.0,69.73263813998103,-42.208235739535915,35,44.5411222615552,snowcat,3.127599285572473,1
39.35694109201676,3562.0149143820654,18.9646170643817,-31.619015605761675,15,48.47667662996088,helicopter,2.3531870991678274,0
28.36335079492433,4834.056509341839,67.9122750969262,-21.383574939328422,22,81.61053103502529,snowcat,8.05768121194449,0
7.8744454333379865,20.0,17.244374264673723,-37.49621992832902,19,51.19922094512067,snowcat,3.43346325996594,0
93.57504252221813,5966.341888627678,46.46649556695535,-49.6584231503238,7,81.27851267434204,snowcat,3.7778701998702573,0
23.751016627953238,1987.8002442858483,51.9435900320599,-24.347695371915734,27,67.30609378793416,helicopter,1.2875778391443025,1
39.37844853740121,20.0,22.459267061627113,-26.17604474633484,18,100.0,helicopter,4.889133731376602,0
23.99250471483181,4470.265360807398,61.311575579707444,-35.78965587424875,3,68.08485269813741,snowcat,0.5160724049459675,0
8.896153060069226,2714.09422802958,63.03247758707889,-1.831127563859333,9,76.60510102032909,vessel,5.121045365388511,1
22.477782656057936,2559.2889913345566,11.442357240538792,-39.815278324905876,38,43.878408996633624,vessel,3.795799110922662,0
49.15614692936519,5521.521588113095,32.622423557395194,-13.260587140029344,35,37.47976891331065,snowcat,0.0013900725176252422,0
33.991472177513316,7527.377926757306,17.66064980985853,-21.898613709096715,8,100.0,helicopter,6.077548284748995,0
26.081290978897474,4752.413737889671,40.87714372312931,-25.560159558522095,9,83.28590056913936,helicopter,0.14328742715774412,0
46.54264276297348,1770.6366454603478,51.05616005999277,-2.0327843512141683,39,39.20324378697224,helicopter,1.6138490545142932,1
34.61395317321842,20.0,66.56909564531806,-16.009383872104884,33,77.96122152867493,helicopter,0.9978311337159276,0
40.240986505968465,4869.656440070973,79.61240316699639,-37.893503358047354,13,79.83488054414019,vessel,1.0113975707274974,0
17.020365227095333,3161.3641225739707,57.752795002451045,-36.72310400041649,37,97.20581893859017,helicopter,1.8069436807035935,0
21.007990111960858,659.8991050324971,34.72495288333453,-39.065348118808195,9,47.85661338731536,vessel,15.686611430768842,0
40.42874482568816,1444.278610107861,48.285364952740785,-26.149098961004896,3,61.92674677343654,helicopter,5.076239132405931,0
53.02537453873604,7491.81517617139,68.31916018920856,-38.34101306353111,29,54.83089184729556,helicopter,2.1168450245068504,0
33.233386513908044,5857.936725731775,34.191189649227944,-55.14921590049279,34,69.38040760165907,snowcat,0.05555503619377957,0
27.323436596948184,6397.25650931421,45.48078165828265,-35.633837995128715,9,57.12714780419868,snowcat,7.566773486204039,0
50.87440684648206,6170.549735903954,23.256276702239656,-18.752558706610703,25,79.29581021992327,vessel,1.096848083188889,0
21.546939090589124,3785.589880145317,62.89421214815817,-13.466622650751095,24,37.174083202517764,helicopter,2.6275552239261177,0
127.19689877790667,20.0,39.86587339090047,-19.746624235506054,37,68.4363649695036,helicopter,2.299486701173599,0
28.264130839601084,3321.8389309988424,12.20422430618818,-31.27103359258544,32,37.05100988543087,helicopter,0.35221037514323245,0
131.38772550259694,4968.899852502558,15.13547001669641,-17.098454738273357,21,88.37372907095894,helicopter,5.154466955324838,0
17.470999897849513,2658.1709682702963,27.032442405417964,-6.313764380604201,29,59.7486071536786,helicopter,4.746394225143022,0
63.61075301173354,3801.3846654693225,26.924037623466713,-23.43588171896002,5,61.73245824207156,helicopter,3.5840068819903035,0
33.150839549989854,4681.016123045445,11.66760085620636,-29.260757385855413,34,81.5660430044305,snowcat,0.18090715167476454,0
31.670696234054997,5908.058682269895,32.515991574176965,-8.817905978027461,5,69.14720813117195,snowcat,1.7291666102091536,0
68.12753742878249,5837.852530319322,64.6082706032402,-37.35933965631852,12,65.10769327558816,helicopter,1.262489141652927,0
37.69622357261444,1905.694540009127,18.05194598769745,-20.507964568244745,3,53.030214367132814,vessel,1.2733521513067196,0
68.40111839495103,20.0,36.92159680238452,-66.717560645877,25,60.883637480900404,vessel,3.341537444630889,1
74.65146451318913,7610.594574445173,42.776201861167536,-34.23771456437614,6,45.61994184029816,helicopter,2.050111787899372,0
107.95843696046748,3971.9959897200238,58.85417503434511,-56.53460827936873,17,44.90220349601225,helicopter,2.95400378151256,0
30.097812897808648,2125.9630113288104,29.576958513771082,-20.544845220960074,29,71.87455361785621,vessel,2.680114838165319,1
32.91888517913765,20.0,31.4570454509705,-39.22137992203868,15,38.231765920770954,vessel,3.4539278385117904,1
39.38012025020484,5143.884215809408,60.57885688227014,-21.754159304717348,21,60.7005130125909,helicopter,2.711849180851167,0
79.94891669173482,4487.8655159298205,37.532484872956175,-36.61653992676263,33,69.62861068769449,helicopter,0.5030997984924652,0
49.84154689346495,2171.3441411200643,14.484083132143532,-35.61028286510589,12,71.893044638973,helicopter,3.5216662391805684,0
32.216623763261204,4156.276816372958,34.225958201431695,-37.72465121555141,17,18.963770843685722,vessel,7.723110696689158,0
14.049340794837436,7230.156260368222,50.95458740967917,-22.954499641144963,36,51.717539129720706,vessel,3.281524569121523,0
32.97174115175012,20.0,18.649383905603628,-25.575623461181955,8,81.4103909416427,helicopter,3.9468561557847206,1
19.004586702019843,6377.5195087269085,13.239866324205522,-40.34363092025651,12,76.57296563474114,snowcat,6.084395586986208,0
79.67043884233003,206.99928324221355,24.26527374943394,-30.68975235398914,38,65.86731059418615,vessel,5.1099465794783745,1
40.95686034566371,20.0,40.19282675483376,-37.89478836218022,8,54.49232097186618,vessel,2.684384544687868,0
30.303368083805303,2195.6129376157096,55.39646347537433,-35.33373169738571,16,61.10949841357355,helicopter,2.0138907701288664,0
9.310843744915491,7104.886031960611,29.083437625624637,-35.40041387303472,37,72.59999685898026,helicopter,1.2488603827766367,0
7.593272386270482,670.2853472878633,60.564923155959455,-36.36162911587415,36,57.570722259539636,vessel,4.560901366396212,1
31.36488452360136,2587.385534375032,35.95489278643175,-21.34093398659152,25,75.07877771667296,helicopter,6.172677377523133,0
36.57032856297001,20.0,48.33740439262398,-21.493368090833727,18,83.97125613812506,snowcat,6.930827645080703,0
69.71012179661687,4556.031677042115,58.224506637090904,-48.50829496848898,30,58.1768637055005,helicopter,3.148912069112943,0
18.082773937234265,436.9068718860435,25.758569410361076,-32.43479755250843,20,76.2467448193986,helicopter,2.77726429399879,1
26.247605187269563,1633.836440562357,31.05480704917738,1.662435679741158,13,54.55720170180713,vessel,6.7396209145437584,0
111.57804638337201,5701.682654446955,46.065826505674806,-14.069329331904889,35,57.81436092626481,helicopter,2.5632981611073262,0
87.90542316478407,956.4731465451634,29.73442196679518,-3.431328939124441,21,76.80425486274584,vessel,0.07022322481521917,0
32.90517428493612,4272.734920957805,36.10757622579658,-41.49914264373355,33,100.0,vessel,5.792027204648214,0
29.726616447341097,3941.1627972004767,19.103856933214878,-34.012723677207795,17,60.72834787397002,helicopter,3.40934249496497,1
58.830292572266636,3718.347319379772,48.49156382832178,-39.732658558904696,8,100.0,snowcat,0.6802045926608529,0
50.84636992620031,20.0,41.113567487086485,-29.226550282672676,32,54.1353653436592,helicopter,0.7338045163465373,1
22.0703434748437,3536.172907651714,34.89591023596081,-26.352278024493174,14,86.16403087174592,vessel,1.9777832750096156,0
44.044744619267234,2457.332403620094,21.500931999496594,-23.35956088851911,36,85.76438349001914,helicopter,1.5664352508182002,0
36.09106100107593,2182.7082115055987,57.32253342515121,-34.966564408472166,17,90.03015790136389,snowcat,2.173879629784136,0
21.381412230229756,5156.573855713593,21.163225802322536,-37.43831263878083,15,57.695180610860675,helicopter,1.138515735859325,0
31.57404569804155,20.0,67.83203159792569,-40.24444910610154,28,75.34939977671345,vessel,9.687180050009058,1
41.968491983581146,1035.5283456179075,15.547734014294454,-31.462195432546746,37,68.65947539939937,helicopter,2.952097540079871,0
18.767328454622035,2962.543907063312,13.106575785145926,-22.212137687133804,24,62.05789159735668,helicopter,2.6310918111632797,0
67.21698810316865,7567.7724507957955,42.64333789701337,-20.592148185172206,12,63.62099278984255,helicopter,2.7217323549512016,0
46.896932173148116,20.0,17.839381706822856,-14.240005774148951,23,37.50137505404092,helicopter,2.166905210888407,0
32.16699309642712,3586.284506788189,31.422496213345234,-25.213504739565742,9,63.615157245047506,helicopter,8.555121560165302,0
72.97720238356645,2459.4269093270477,52.720006771977516,-20.07087266113205,27,56.80907515265185,snowcat,5.08871390024843,1
81.66796212664369,5271.509508196144,17.104343900367397,-46.63806626555876,26,60.465868369992336,vessel,6.9484234054547045,0
77.09306660071474,848.5658267826052,44.427328953959766,-17.282743684209347,7,40.73537943410244,helicopter,2.3039997411361477,0
25.710293601019703,2378.930336712143,46.47329914624211,-15.91161087125052,28,58.9710726070348,helicopter,5.2922267078439225,1
15.457033202902021,304.2686495168623,43.30358826023108,-8.225509991152922,25,70.72396032650728,helicopter,3.109356440309063,0
68.14823697962079,1747.9865915994533,63.77063217261461,-4.1728664083470655,31,47.120349054203984,snowcat,0.47690123042009913,0
23.098645735449594,4893.439838592821,22.826209621548784,-43.29466197603013,18,71.47879739667466,helicopter,1.6759530791663348,0
17.019195116774174,4218.316495763733,17.523684814406593,-18.375605136794054,22,67.30037168745632,helicopter,2.8191386995418646,0
30.53116199818916,2188.7309067366314,11.52915848088309,-33.708950472689004,39,58.15654453745069,vessel,5.668738234383812,0
51.119197285403615,5682.018310106227,47.6550263429626,-35.16177175729742,9,76.62984820549588,snowcat,1.107801010480553,0
17.441226164745036,10296.288220684375,33.90003972129026,-33.773887774820935,26,84.41295237881187,vessel,4.391837464701686,0
38.33011198165037,622.0601558085386,59.488997130868725,-35.19462456839842,38,56.137641637200915,snowcat,0.8574916737265776,0
25.76258034931194,4577.863746440211,19.909084276040584,-31.19103824931626,12,51.03446278967776,helicopter,0.45228222428715836,0
43.56184169058487,3154.284761451445,22.172279727466787,-34.48287537294962,3,77.45618730249856,snowcat,2.54491912714212,0
38.76234912186437,6256.233079924803,21.37706543852361,-23.702003307337883,38,53.026582777257765,helicopter,0.6896509875106687,0
21.649821999855178,1349.1645208663106,30.513536534242107,-20.994491811669647,10,40.9574396796003,vessel,2.032412607469527,0
33.097622401294274,6015.607648659119,17.09967233988941,-15.104365751081609,3,79.05595617675189,vessel,0.9134860431207181,0
6.86549300849014,2686.0991184503887,24.072259808541613,-22.85472298979789,31,54.42300255811758,snowcat,0.699668343321741,0
38.00202171095871,2309.263492615757,33.62103336368594,-30.338631734907388,23,75.29182894347717,snowcat,6.845600603540647,1
45.995563030301284,3484.0057711934405,37.973006148103046,-20.90362079234385,21,38.52678547947606,vessel,0.12712411859121506,0
47.400132493429574,3476.685894882599,35.642382850719926,-17.075650390620954,30,69.82144847623405,helicopter,2.4507844262513636,0
109.89854024394884,296.5754032767409,16.718187447440002,-22.094047152790885,34,65.14045774991858,vessel,0.03127423270155705,0
80.04492883985219,3097.507368651367,36.320683724192904,-22.802713322312965,25,81.19487289316109,snowcat,0.33287605268835746,1
33.22069034241259,7019.576942100457,28.503491521429734,3.6008754645953474,12,30.285353585069707,snowcat,9.366498182840743,0
64.73555675868666,20.0,52.56764762376166,-36.35354146044102,35,39.05958607232935,vessel,6.370257340812784,1
35.88940616629199,4415.768310407319,61.327570757064336,-18.288822176367276,7,89.43641965328364,snowcat,0.6244100920204579,0
43.212967940154606,6060.0325204386445,59.54985122042824,-27.32415067139557,17,63.05488142752322,vessel,0.2842283875261302,0
76.52295983643809,2914.0134190307294,29.55513279815755,-49.16414691215298,2,41.991037077457236,vessel,0.36776965289412006,0
19.30733231228138,2301.1408143533663,29.37163324645461,-49.813023562399174,33,73.06050208993136,snowcat,2.404425290265965,0
30.158251701027204,3032.058714009099,43.64998045515684,-51.85360318122198,14,54.85207973301375,helicopter,2.702940256099443,0
40.28194965578808,210.77970676672248,20.58276220319504,-28.858007949708934,15,50.78230638955521,vessel,0.5564008653125223,1
38.214579528270534,2383.4931973515777,39.894184777501216,-48.583310547493895,8,98.0797756080687,snowcat,4.544058498235162,0
24.00287802945155,8119.957027523119,35.53930140903609,-30.418221190238185,31,55.79357028650291,vessel,0.28561340725875517,0
21.66400175633776,2620.0618800552734,61.09679352120562,-27.427014387005862,33,25.116853029853623,vessel,0.45836849735398616,0
27.65383589618474,3042.24373414119,33.112955372123125,-35.09273849876651,22,58.12684845993561,snowcat,0.19312025858575765,0
19.836894170938468,200.1440818758706,38.86391885052253,-32.34786575533514,35,48.90376159020032,helicopter,1.266299768325887,0
22.43955803766035,4214.779894443776,54.5309162524093,-18.247421149232014,3,17.469893783637644,vessel,0.08131757004090837,0
50.249381374006575,20.0,33.3579620417037,-39.864549425530626,18,78.10529566242138,vessel,2.100183727005821,1
49.96936201868855,2408.2722460470663,23.367254330682997,-28.537078560788572,26,89.91251207365377,snowcat,5.205673632190237,0
26.70687016257189,20.0,43.9128659851317,-56.19694626883972,11,71.81080406419161,helicopter,4.96866822868494,0
42.2327398637105,3072.9846971038746,19.110692536736593,-26.243774510850695,23,61.25736757777268,vessel,1.0415489234036666,0
45.124571511218605,3479.446520543237,37.45410571452555,-13.618585671705205,38,55.61501964319105,vessel,4.004120209561076,0
110.64229225014178,747.4996432513908,24.206503177137932,-19.74972152627881,12,60.75952342064069,snowcat,0.09836299178704039,1
15.820559352702748,1390.2401835936257,13.439974330171992,-32.278035292127534,22,81.84646413232605,snowcat,0.36206019067470074,1
13.76019865027494,948.6296600713645,42.468356154812874,-34.2679012260297,27,22.76890863879118,snowcat,4.085939434744121,0
48.348700774347016,5015.688166011974,35.895383171102665,-9.110945949757884,16,64.06743446296286,helicopter,1.984856377748676,1
69.49634984328296,1371.3720196918455,63.818821739151836,-21.6725168030522,30,85.60210016628164,vessel,0.48875850721471525,1
40.77051622035189,7135.731806793438,14.99985712376662,-28.48852511044848,24,37.91340007540147,vessel,0.1998544731211278,0
80.94405134404556,7286.897527509704,21.907971359446222,-21.43010173859909,9,82.99575314547343,helicopter,1.5622415968217263,0
59.54992737597928,3165.1398148699027,58.2880958927797,-36.02748216907041,24,96.798859499494,helicopter,3.5319473542905593,0
55.97213816486145,7626.836553597826,61.979444358304974,-31.087675669452256,30,53.05346740631736,vessel,0.9410681942872197,0
39.17097901600083,7347.629254272126,47.030601757333976,-38.13188135731131,24,37.54070966987393,helicopter,4.793209583214445,0
12.598669000881626,4199.407183743903,31.80544122741611,-18.686954413991774,35,52.23014088351189,helicopter,7.604131533024521,0
38.28120449849797,338.33632842099723,52.94955011869621,-40.690341515923954,22,71.6749721398746,snowcat,0.15664918415130175,0
64.92597119029755,4099.405174645663,28.43081706522421,-35.45040850051734,36,100.0,vessel,1.3219223867053544,0
57.282901849160105,3677.101318089532,7.355519351107845,-24.516385465285346,13,49.16658547066295,helicopter,0.6823789368490909,0
57.12196235529594,1376.0288601399702,60.92868424027016,-60.3433109971522,4,50.15764867370163,snowcat,1.5684487707384278,0
53.6341090991928,9034.949733247922,27.335119392930828,-39.12848336874298,17,62.492973903093265,snowcat,2.236562583262722,0
42.41659209492109,4931.5962120635095,95.84629381082762,-40.69269956637871,38,67.33909282620782,snowcat,2.031219413218774,0
30.88396729979152,20.0,17.77417658830755,-27.59176528895821,32,64.49967530873472,vessel,0.8900397541643513,0
40.71856284541839,4228.84392074693,59.55817433729231,-27.777958524570085,11,31.489726560550523,helicopter,1.4404434519450529,0
102.56334428403179,3169.329713870645,37.761956080698134,-6.09859979918388,32,40.32561873655884,snowcat,0.43494760266031984,0
38.60257577527658,4332.142342969732,55.396213118895794,-41.07567417332884,30,81.07302699091588,snowcat,0.6047570740570929,1
51.345878913983896,2509.0799102500278,23.117197433225396,-48.12392715923286,5,90.59998868648884,helicopter,1.7400898812233039,0
52.13288606015815,20.0,87.9967175459102,-15.463784552988972,18,38.29100106538696,snowcat,0.37917493526898993,1
19.811257407517616,6194.51128932625,78.8590366724069,-37.728226427753974,5,89.26007959713698,helicopter,0.021705557687442582,0
114.29362360238478,8405.9229895865,27.763236453197578,-28.43328120562745,35,18.432357849354723,vessel,0.5504893033136643,0
21.2330492055426,1763.4889295102041,29.294754507765944,-36.14292536447252,32,70.17438645969635,vessel,0.46791207164698034,0
43.05627679631228,2594.7583269165875,38.757510575593656,-22.66509344844298,15,58.208634791316555,vessel,1.7002849408474008,1
45.36199355613747,6390.28824589774,20.922616978004093,-25.876193119595115,25,71.93124738758782,vessel,6.802584570501165,0
7.462261113691733,1582.8118815623889,22.80320597620376,-34.50002684419385,37,37.671039573342824,snowcat,0.9519355243791594,0
16.51612856349641,5573.080777630907,56.56801112805656,-29.75749048099639,3,80.99010965418123,vessel,1.6718113733812272,0
29.484416812269757,2800.3456368388424,7.397644026621237,-35.87094239828667,21,58.52913684078369,vessel,1.4036307258877012,0
69.77577784502627,580.2709749124092,21.318261771544826,-29.373218904389315,34,49.332449410780605,snowcat,5.730259613246908,1
8.371207568787678,1265.1813046672023,71.32871744302595,-35.44673249409542,22,55.57140967647594,vessel,3.7880284022684085,0
51.35593919304053,2874.342045638484,65.9155205615188,-12.463090297005834,3,79.45175683088442,helicopter,0.8875318795879903,0
26.208440170378648,3104.3650332403163,32.30698847630283,-33.34441997472803,24,63.421499686748696,vessel,0.7440175458208812,1
56.53372005832598,20.0,12.163262602815808,-35.50892874903186,19,71.2318870568828,vessel,2.4914103146769238,0
45.05268056032311,3589.035812439806,63.48469591945098,-51.61328921811122,14,78.5456922122381,helicopter,0.9013879514397591,0
26.174623377016953,20.0,25.993670938885927,-43.03962446668429,4,50.27377971105019,vessel,7.229149771048153,1
29.866275572563335,5017.988601481598,51.08862499954505,-22.864114237905167,35,52.08446766587292,snowcat,0.9018550543920232,0
24.526820921584353,5319.822863776002,44.22963280195503,-31.96712778893116,29,100.0,vessel,2.5491161711288326,0
66.08890483258129,707.2737408103908,51.04271472691478,-33.98669062509881,7,37.88694380290899,snowcat,0.3579581503169675,1
18.79135276986011,3171.4833230925774,47.16737667532695,-21.178434880598175,32,22.01100382933032,snowcat,2.71056724826841,0
13.51804358730733,1681.3912973698611,48.78092130863364,-14.307038256206077,24,48.9293614537504,vessel,1.894454651887083,0
55.34981274344403,1805.3733213154878,23.418442181158742,-40.189467442758755,6,58.35416252696294,snowcat,1.695505429845511,1
51.2543364715269,2228.4511016861343,38.36345842895643,-32.812433996815926,22,79.3364954076815,vessel,2.7099563261001376,0
27.68056323858097,2579.054693680534,48.48083498689708,-55.09748041471182,28,51.33044679919793,vessel,3.736515747853731,1
32.779323950501855,1442.4923283598298,44.58824354292932,-18.548545128778102,20,80.01656617412071,snowcat,2.743768365611341,0
101.60793087492704,3768.010018111034,30.375489607874467,4.167698411660751,3,54.951263719857266,helicopter,0.07617410056132351,0
89.46888129108406,7530.697348508701,6.0855589148768505,-34.232696657202226,24,74.83575524878823,helicopter,13.636998902053119,0
31.18410071372329,4393.645356438166,20.407548736157185,-34.53529704546912,31,86.71624142041668,helicopter,0.912943251731968,0
110.09463507541648,2430.2268693860224,11.581381510214195,-30.982305314540223,17,52.019794903977846,vessel,8.863792532007771,0
40.47152717706461,6668.167632604678,44.905133735646324,-27.13883841633606,9,81.55138485183849,vessel,0.9890523413469466,0
51.71324741465171,6446.253729818839,24.656535250175892,-26.62567630495412,17,41.42326660123227,vessel,4.657322532336313,0
60.93106114638983,5645.519765889916,16.787807575378825,-26.65483218787748,37,65.90735422008686,snowcat,1.4430315841740697,0
73.94383790289056,4248.383274994344,25.90909681132966,-46.691765582694714,35,68.39852126820996,vessel,2.7872480557138153,0
52.16642020370986,4284.026735660888,26.681005067386234,-30.665226344483585,19,67.2080907160932,helicopter,10.33589764009346,0
26.63134351097507,4998.125719129226,31.155349106927726,-22.318908953115756,25,69.47767034260895,snowcat,3.8942092931722705,0
10.493631855086878,6521.756995497246,39.60864398893112,-44.318280826401974,24,68.59935441300682,helicopter,2.638060521667342,0
78.05518332888974,951.7249810185026,35.53904893819271,-46.33058977833541,29,5.0,helicopter,9.80260426894944,1
17.08611217448633,2574.4942462024537,41.335798722217554,-36.67848720069632,14,68.0929611791411,vessel,2.2831547869041935,0
20.942922069869777,5723.638094987495,44.31407999276681,-27.921983487022942,13,31.274105263723143,helicopter,0.04499138463304101,0
55.207409662648416,3328.342199609772,8.329798568031507,-22.535779154028756,4,52.60546677227303,snowcat,3.997028573863492,0
32.484205431080625,3279.631004854226,79.74653835504704,-20.631585147477864,32,80.61703254767613,vessel,0.0688640573523261,0
46.738784871173436,5625.776240726429,40.220514499703825,-40.372158702005834,2,74.61667149274541,snowcat,9.722010111160964,0
47.50757112913861,187.03237155354554,80.91095264516119,-52.57318549945721,37,93.79186673785597,helicopter,0.7535436293914909,1
31.67862368828883,5846.569446509666,22.24814872156805,-11.140522243729396,20,72.2669636376576,vessel,3.6377946291232144,0
22.80323907513816,271.04681055809124,122.2381724012568,-15.15361210287099,11,48.778247542584204,snowcat,1.3173664725719356,0
69.2523163544992,1909.4096786551968,22.981570842178662,-35.35686580455748,39,38.24455598272958,snowcat,2.451162354457821,0
58.52586063189001,20.0,19.155438641178662,-20.837391732531337,9,88.18073949555307,snowcat,0.2852222835254936,1
36.28104532213568,1624.6360935831235,23.014047428632104,-26.615411726299996,20,42.70160059062123,vessel,8.604836198542248,1
10.266950750394125,4714.879693255341,22.359610267445614,-32.15872911764663,7,40.79992054668696,helicopter,0.06266142049937817,0
31.39970745713105,3576.56965024673,21.454434024228377,-8.40873755907214,13,65.45637355291286,helicopter,0.4058810664164308,1
33.13503173747719,2270.893432941084,26.067205756872124,-37.81475182803635,24,88.14522704455156,vessel,0.5580216751013228,0
83.79048509741466,4312.880830310194,36.05565779584393,-46.85181028422562,3,65.57804955237229,snowcat,2.4512668545736225,1
90.13374370712879,4351.033228668806,21.39475605741556,-28.220426313140845,10,57.90095009780989,helicopter,3.5208298874884196,0
44.932529074595166,20.0,36.111955693790236,-36.97010924744123,9,49.189947798371755,snowcat,2.8230190749505537,1
47.2291203971678,6284.990828739585,27.938746679912928,-27.87558515731006,15,71.82953619196837,snowcat,11.097599927641589,1
17.946350582873187,4738.590118893465,12.832738451657015,-33.521651324437414,3,28.349370463023213,snowcat,0.26711549526044975,0
57.411766187569896,20.0,34.323682376665325,-38.47434975731719,34,35.69516962492044,snowcat,1.8452475047462087,0
9.464443539515209,7864.619852380144,9.614620974930473,-32.62701436363709,9,48.13091716409817,vessel,0.5057551865743607,0
23.930103622371796,2166.7377988897706,20.653434556222784,-48.30606162416079,5,48.70174976282182,helicopter,1.8833113547547664,0
29.988514294831404,20.0,22.840188717778254,-48.398716518557855,20,52.33011579745257,snowcat,1.156320920724271,0
46.56418649216215,20.0,44.69419212305858,-33.04949655627183,14,83.37946028035564,vessel,2.127276895261856,1
16.87142823665798,20.0,62.833616937576274,-25.295030062178846,13,90.20923225446612,helicopter,3.366116976570599,0
41.38180127150806,1555.5771265801973,17.912408753232302,-50.139207989090814,29,45.68148942167451,snowcat,3.456641273752992,0
15.953664830045634,764.3839873511747,9.107207932702462,-24.55855130580332,12,58.78592569710166,helicopter,0.5075205612296847,0
90.67580368925722,20.0,28.11601846892655,-35.814717564529886,6,48.74823017182307,helicopter,0.5866139915108993,1
26.14582444748498,2049.256203982033,28.577855355217924,-25.31072855785584,8,52.307811595211355,helicopter,0.7106767735702487,0
57.48427878348481,7572.3170708003645,48.6190915497139,-27.177054062311086,2,74.81852717777126,vessel,4.053700531424241,0
34.019727596201676,901.0699863291743,87.46062048932066,-18.288943792014756,39,86.77770343734716,snowcat,4.988724787211985,0
30.946214909445974,2015.5003196555008,34.98639388759992,-31.771185368927252,23,89.07367158181903,helicopter,1.017665733776953,0
58.48343883197714,4706.661698659721,85.03828417589189,-49.68890001157021,22,65.06579157622933,helicopter,1.7832563099429646,1
25.926196486697254,8410.559320195302,25.9633728562114,-5.565493538059904,12,27.685729950169403,vessel,0.9463101691164563,0
27.80781455502612,3560.2902403246094,50.9458220820573,-28.802556943221926,17,37.009533831666396,vessel,3.5602565789556695,0
32.89800648650752,4371.436750368522,27.460992928068837,-28.176902335063893,12,29.81447040666084,helicopter,1.4225860810944682,0
43.36033992691094,5529.9663572991485,63.24663666058775,-31.63458999558244,17,84.59091768958658,snowcat,1.536366473687635,0
33.18219027026776,4458.961602400257,17.925440792315126,-13.163213376358271,29,51.541204949107055,snowcat,0.0035097226757122265,0
26.730814243194494,20.0,43.02932958064849,-44.67929456816748,2,66.83099238251073,helicopter,2.6207272761701765,0
28.56494586345801,697.5249557465568,51.815417099035066,-46.585829709970106,32,94.5146348488239,helicopter,1.16521115460793,0
39.47963944495664,5115.130382141369,22.991961321231685,-38.38482242887833,27,42.70401152027908,helicopter,4.945171699711415,0
32.27265094911553,1388.250290499177,45.01953931164017,-25.29133614641785,37,58.08641020829571,snowcat,0.9125973307687711,1
109.29646347181593,20.0,16.49388430497162,-38.67406402237193,18,65.7401827299168,snowcat,1.165632487350004,0
38.50617938400832,2184.683319623407,72.9707223909307,-39.16694020859738,14,35.17436375486987,vessel,0.7043378942153674,0
40.11549175441655,4651.827709801384,35.33285513612989,-43.373063340514264,3,80.50475969424775,snowcat,1.3044261614577084,0
38.74892347651945,4527.6775699957425,30.956845978902518,-19.73290700710184,2,88.2791590738458,helicopter,0.6778963545012622,0
38.60443341102268,3141.9543423981722,52.67755294218307,-25.70900233312378,30,77.89630933732255,vessel,3.1473963354926804,0
22.23108071249129,20.0,44.40509398030581,-20.454094290503598,8,78.18089678467851,helicopter,2.9865893153020138,1
41.53791718491865,3615.250934685204,29.800004344705012,-36.47602823617733,22,66.26255303378426,snowcat,3.4923466052962993,0
53.41065295334421,20.0,60.99254224654136,-30.880352870256754,19,71.52025167400156,snowcat,2.5282545458006562,0
21.194870865192904,4667.952443614138,16.32979348267626,-20.97684359943114,5,88.49860518411965,helicopter,2.5540959690062564,0
40.393826003569714,4114.393804371322,46.197071855772876,-39.71876398983987,10,86.20025193328601,helicopter,5.991428556411254,1
62.34267920327895,1358.8754040202966,12.418098411911583,-17.9560430098247,10,72.66744060361283,vessel,3.2070718804970504,0
25.405763148821116,20.0,19.068400373273004,-24.823209923650293,24,47.33923504402214,helicopter,0.10149082005672032,1
32.209830073519164,6402.569404279133,46.36032651175189,-14.517620684410907,31,12.483682983047686,snowcat,2.6180077047667814,1
54.746779327214405,3880.6226014462845,21.454808807094864,-18.741021286690422,29,91.37431272776479,vessel,2.318411906912927,0
57.700721833891166,200.98789238192057,53.28415440152166,-49.64267996414134,9,98.18194346932216,helicopter,0.3583893361895863,0
35.85997231099405,7425.484800616004,62.03165902022751,-36.87476015559264,39,52.76310016519244,vessel,0.762282321029897,0
64.89952595971481,3131.364108607791,33.9742138940574,-58.06152001255506,22,87.49248930062912,vessel,0.3054782562229884,0
11.9801500012859,1059.6888067523728,66.12590501853231,-53.43733347647773,21,21.542223545719068,vessel,1.3352845961288344,1
20.74110570867819,6180.068550296132,27.907339148243103,-41.84793005391164,34,78.93417397772653,vessel,5.218082840317029,0
20.558778071124884,5395.050230510816,61.83581604715567,-13.978030937287617,18,72.76859783332793,snowcat,5.137000010634774,0
13.983640861568265,4764.965320788231,40.11472038678338,-30.25898263972155,33,51.75148806074238,helicopter,4.109015661219425,0
29.050391123274586,3743.133417096704,44.050050916531774,-24.705848220662595,6,100.0,vessel,5.074576227888504,0
38.816896044108404,20.0,33.659412808512386,-36.06108956037724,9,59.616840206201346,helicopter,1.0181690975575806,1
47.71133128809673,20.0,38.99486173326182,-33.959394602035744,35,83.51764498872052,snowcat,1.429599980958049,0
17.323214003178308,1795.3501975506,25.721668445663084,-22.02040531543183,39,100.0,helicopter,4.792186590758029,0
30.341599739179173,20.0,88.21147858279757,-32.125990369573294,8,62.53786590173674,snowcat,2.2718420451975527,1
29.430968222026635,3850.5565610609774,34.23667222145101,-32.642810827302306,21,82.56428459210908,snowcat,0.6650907541748345,1
84.97855704718444,2756.98400308668,7.083257741229934,-23.82844821476928,2,64.03856585557389,vessel,0.08606714079088777,0
31.80155956696173,3150.651189271525,23.466044760186982,-42.9318511247034,14,71.4087886614693,snowcat,1.0037354059216337,0
65.98304099063641,7694.080394524902,45.97240283926241,-27.854591284115152,10,45.48970956450649,vessel,2.6046940760965196,0
48.492047467887964,20.0,36.51320563314397,-27.272430918363426,31,67.59246054477953,snowcat,3.665505336082073,0
74.31428821436431,3406.830107762933,46.75379495834932,-51.3218270553229,31,68.3997647982465,vessel,0.8645002622549331,0
55.07020231390761,20.0,52.176651215139245,-43.32500346954721,28,67.24906449412289,helicopter,2.3883833837497632,1
42.004143692373674,6820.666500757707,109.02409502076965,-37.92117462951978,30,88.11186190911724,vessel,2.822890324623102,1
27.88425040096211,20.0,48.89605777660365,-35.92336071390598,13,70.52758388899292,vessel,2.742420236735144,1
40.903773279783834,8679.144491924446,43.91451551310661,-24.178928877577448,4,44.38301971916431,helicopter,3.4954773027030512,0
51.56611229522617,104.09355032554367,47.025958753897534,-41.10091145453879,26,75.70742491114574,snowcat,1.8072260759493919,0
43.664097987473966,3931.0172616960344,65.96370082773429,-41.30738354414048,4,53.131709884989704,snowcat,1.5335191649257878,0
37.67359124034615,4530.6147472120865,41.31508209399752,-22.451642695524264,9,68.62085460498633,snowcat,4.297981944969945,0
89.35544287943296,5592.520541994823,39.56988171703448,-18.6161258868445,34,67.58500155681685,snowcat,6.268516093495856,0
15.402614893350133,20.0,45.327646448988006,-18.204044118827248,28,79.15697105544449,snowcat,1.852881654886993,1
23.872354514482538,20.0,25.442752548623645,-43.56226395818975,28,68.89007974294657,snowcat,0.8173967290082615,1
44.74422247123461,1603.684250777313,60.06149440296775,-41.10903677731322,9,77.01703371371808,helicopter,2.0283564341841456,0
18.81016228257732,5078.781682167352,38.45415299083892,-50.57842766140611,21,67.8895243072238,vessel,2.0262913375197056,0
36.03423134163252,3017.3665236589136,43.12498263383013,-61.28846784458711,25,100.0,vessel,4.449807433954218,1
65.23085308876355,6241.30106354579,13.253377508377557,-45.04544005813705,14,58.24405257999957,snowcat,4.003874665036053,0
19.88811849868947,498.72884966154425,17.297532955636047,-37.96672796533733,38,54.266109921322226,vessel,3.270203030868891,1
31.398140727291306,2240.092151920275,65.44300342115338,-27.64392440395961,10,77.39108324476445,helicopter,0.05449327375649814,0
23.88349054030334,2769.3670714684313,13.8051400338038,-20.07161647787806,27,56.43279771492114,vessel,0.8359158892152476,0
20.57120272949119,2613.84224784997,42.037723411586505,-31.36421353526932,2,80.99462894824357,helicopter,0.6457740161102237,0
27.507659532502114,4765.296210359757,37.09564213321382,-12.93566922650735,10,40.790454219344426,vessel,3.429657777808252,0
43.73795236336646,6715.6363236920115,24.654788429276515,-40.95888012022797,34,68.34903562049318,helicopter,6.596539376486582,0
29.295289283600095,1239.9452096512316,38.529130524670265,-13.74157232889845,31,74.50776860575306,snowcat,6.416445309598821,0
45.899120718516464,1607.5842183339619,22.997090549774022,-40.13798048275361,29,43.05795967618671,vessel,1.0203250618152089,0
42.38383227702132,3895.802004834615,28.098141335941826,-24.271819109433878,11,73.08428260156326,snowcat,1.4211332724666093,0
58.43180866465775,4004.234614261655,33.63639006433679,-27.47915787274069,7,26.094322752607667,helicopter,1.8248216014970522,0
48.80592817513283,6236.847712631263,92.79224170588874,-15.883618573409144,20,65.97126590862348,vessel,5.198255189728679,0
22.296785625085626,3281.7723696683283,30.29646162404316,-12.322270209190183,25,89.00812302263012,snowcat,1.375306151277713,0
38.42665114017734,2389.583877571139,53.77552247917598,-42.20588622599351,28,48.140464704600106,vessel,0.7483956239380007,1
25.233808877150715,8249.09860982024,118.22217346361357,-57.72243587272658,6,63.90086251964375,helicopter,2.1893623339292705,0
77.19828160956334,3991.816639616995,66.61967230508512,-32.56022154035834,29,48.454066000805504,helicopter,3.120444930802978,0
90.02062536025662,5149.6413823163775,15.279118123137438,-25.346829964400953,11,79.13581637216534,snowcat,2.2813081139201854,0
25.179562282790574,20.0,21.175282279593937,-30.16412823665906,20,81.44498443375099,helicopter,2.961682902000832,0
97.65142247708187,2587.271356727101,65.99591769444801,4.888188224874618,36,76.0303863152224,helicopter,4.1387249276797515,0
60.24690697865755,6390.263131335464,8.688445555200413,-23.48582147087891,22,80.2722593947611,snowcat,8.409477219405504,0
38.98084178178369,3345.23365082763,14.072915219840596,-23.52470337842525,29,51.810060756014735,snowcat,2.587062501812694,0
122.23143676163036,2795.860651953135,65.77995747333495,-45.61360006599698,34,63.26909100552706,vessel,3.5974988271626875,0
39.545679284601,20.0,47.03504500854382,-36.60501363515617,9,42.04075202277144,snowcat,3.0386469203129955,1
12.85922959522687,2609.967260371959,8.18190792540112,-24.304164416308446,37,46.982996698232405,snowcat,5.013259404979586,0
27.579632118362415,6757.937906265755,25.307840053420037,-26.257213753156083,16,61.42005266821465,vessel,0.29815669866373673,0
29.264563382762127,3038.011071815108,37.07043560191962,-29.19456960512367,19,88.97419879442533,vessel,6.414960998188555,0
62.36154221443662,4438.390539090802,28.999465986252044,-14.893746543261205,32,47.992835816061,helicopter,0.2824488492233951,1
7.86827098258145,2046.839988594466,51.242189221001524,-38.13906557739503,21,71.5484216550428,vessel,5.262369760424898,0
54.9950641075929,2019.953092390376,65.18851117700552,-24.93884103011213,22,47.77020716131126,vessel,9.479003768801057,1
54.30135141041094,3188.5862627833912,30.19274564691863,-37.823886348455474,36,41.312749025800855,helicopter,0.5839823099432742,0
48.48801163210357,4515.379050537448,18.2807021360601,4.1073755578409035,7,92.73872216091144,helicopter,1.2364684414751599,0
46.48535071929485,5348.8781034543945,22.834942844541246,-39.125335911714544,11,88.00032993236427,snowcat,2.366653266879982,0
85.47109487185782,5146.506640046234,45.1017061375118,-4.998557782597416,15,49.55969097757597,helicopter,3.3347079635013115,0
79.17678768562264,2018.0178025059604,62.76453116757531,-32.890486753525806,11,58.51201854513589,snowcat,1.6826225024478516,0
55.69696096422897,3647.085287906501,8.623377462531058,-37.724653656274796,37,68.64238027014424,vessel,1.156229321326449,0
48.434017149909344,20.0,120.38724129818877,-30.406487051485396,5,45.09270031785561,vessel,5.487764211974341,1
10.418969517232341,3783.512654101966,35.11210192304815,-43.66062169130877,9,75.30481339939327,vessel,10.784613101699579,0
22.8587135559749,20.0,72.38729939110947,-40.97787286434457,6,33.163232956791084,vessel,5.444778148004154,0
36.97059051379043,20.0,37.026620464215306,-10.33303891595719,17,54.599628646057084,snowcat,0.14186214631770538,1
16.46589123877821,3616.393919656859,15.15531798544358,-24.48705879862948,7,58.05282471125079,snowcat,1.1089574289156658,0
29.316288912151432,4621.821915130264,41.064678886303994,-18.860679722408932,12,74.14349272835508,vessel,0.996089932637394,0
63.815457662808065,20.0,91.25222071817122,-35.546596992736895,14,90.16936521142554,vessel,2.394212579288276,0
30.880543828268728,4674.2077966167035,43.70928463724678,-21.607469847624834,32,43.93445738212472,helicopter,5.649626755146119,0
44.575928502485766,2512.562522903174,53.442564462814,-28.266282417577276,28,62.01389895722713,helicopter,9.262676368748448,1
49.87147098489773,6407.8362013210535,14.009163376457623,-38.47281104691209,31,76.2623739516415,helicopter,8.189603284886253,0
52.89143260134947,7373.533134834481,41.77825327971797,8.17727304005843,36,63.04194463596958,vessel,6.075781057977217,0
56.09627854973369,20.0,28.857398169401236,-46.67076037394666,22,60.71106049637764,snowcat,1.3828847349403715,0
56.177219752270425,8772.037747120337,46.23333325134369,-28.954220822599403,15,80.75983817033492,helicopter,1.4595288357593725,0
9.467310480048067,5751.950913406134,18.961749590509122,-23.25009924155142,3,27.258583835828574,snowcat,7.309057070739234,0
67.43988682698203,4824.953462430747,83.137355343418,-26.251056541016542,33,60.11148724888099,vessel,5.7216187442035835,0
45.87494581781021,2013.9904061778868,44.605136411590834,-35.31231606694334,27,65.62935623270735,vessel,4.238439565804482,1
33.65661442209499,4566.549488227713,45.51932857049516,-37.70569817994699,20,63.95326866076286,snowcat,0.10476044706461585,0
30.345871403264283,4114.730341622439,69.41565894004391,-25.781334032966022,22,48.76200860179735,snowcat,2.302943537481358,0
6.836871520815128,5591.229694812191,44.357358111710724,-38.76457626413236,36,82.24692880954188,helicopter,5.384057632286618,0
18.67142180882003,4110.867706834315,15.238515964338802,-16.061076325981546,21,70.31496963634794,vessel,1.5160700860022753,0
19.04644818690048,4704.2331663271525,11.197757828685539,-27.119100554823024,23,5.0,vessel,0.4035589280970474,0
19.28010993505077,5268.73230553076,106.24229231916267,-32.0283932640587,15,76.71979644001236,snowcat,0.09029552007744031,0
11.666559939566314,20.0,44.33434602582479,-28.487882742785832,36,61.53105755441185,helicopter,2.401224272210735,1
54.59755889935003,2181.4056002001503,34.16815914225089,-23.592185709989227,9,82.21794320927694,helicopter,2.208527776500859,0
38.841971217904494,3053.3728552067614,32.13085198982387,-14.061757865122537,31,91.33890204386215,snowcat,0.8816561528483436,0
40.01488158757367,1898.8055302631187,25.231779193265,-25.08869311138794,2,66.24325300271019,vessel,0.44520924469454426,0
75.90398236155778,6425.755105899434,46.69323422803883,-27.463057826803567,4,49.442591033060936,snowcat,5.962362673576251,1
12.316875784303573,7898.385485222449,38.4100221098823,-18.970540236106665,21,82.97270098712195,snowcat,4.620656641979179,0
72.89275841380916,3471.8353450407685,33.876761517689104,-47.00976696750114,17,94.41201087903264,vessel,6.083741833866174,0
31.77037687945704,3461.86307734272,21.5835475495657,-36.4339618806335,3,71.47180302164948,snowcat,2.4981166935942927,0
59.167275398302046,3388.5325327379755,39.11721899831916,-31.756446571704526,15,63.868684754702855,helicopter,2.303513896556752,0
7.9427216710515145,20.0,34.062534933527786,-40.426134729751276,28,83.84502172151775,vessel,4.121992909014428,0
71.17378143593004,407.20182796077506,48.981986132899856,-21.198744130668533,26,47.84422711228095,helicopter,4.930488626729792,0
16.119567246319214,440.7098380362436,28.7035686161877,-29.593141182353104,6,66.97821436040068,helicopter,0.08713678030513504,0
34.575963259934014,5460.060167205218,24.504337447305794,-43.49111166849552,16,56.10293669562117,snowcat,2.761405642528106,0
75.79567729352499,1854.666869393901,25.18328097671748,-44.83177522714945,35,76.41909434934755,vessel,3.4481956035428496,1
49.447511102052864,2808.1033183080663,20.42224342023114,-30.035224130202444,36,60.861613740483754,helicopter,2.9678458297459622,0
35.124864898726116,2523.9342364377453,14.144969440321677,-22.038532280974035,12,61.54123088049716,helicopter,0.015131703376735993,0
58.69964710048204,2244.880484949773,31.09254347061566,-28.867229764328073,14,76.35489307202273,snowcat,1.5732577382169994,0
31.506163400457773,9301.486944684537,17.02163309496683,1.2574574046462565,5,92.65613657563783,helicopter,1.8699056605974858,0
66.59358788545167,3347.049448570341,68.53966241897426,-32.257048434022025,13,77.81070916969345,vessel,3.635123391623244,1
41.42808448393436,7236.156759181227,50.45039261742489,-36.96236630312905,25,81.38929593733475,snowcat,0.3991816631217187,0
8.86078198262139,913.2262439180263,25.252359573372402,-14.24465018229148,26,85.98791851435328,vessel,4.6791469023498955,0
32.38099956286132,20.0,43.302159384163126,-26.04035656686491,28,58.90020421450884,helicopter,3.441977049866172,0
44.59866608760018,5697.741492866548,51.136296197354405,-13.891598801919965,3,69.15163597405069,snowcat,8.19084901359682,0
51.99628522746326,3490.860714939379,29.391701779814294,-12.81521412866374,5,62.85784041713282,snowcat,0.46941854794675425,0
62.334761643304105,4906.760096362374,24.557703086100556,-34.17577897441607,21,65.21108616586623,helicopter,0.7612313548696044,0
31.24253288281932,8433.267306866022,8.076661725931329,-37.04821196332036,11,57.80299045024062,helicopter,9.123027148419476,0
46.02760106817322,3580.6621927090796,55.67383637131685,-21.20299175418154,2,61.7791827816647,helicopter,2.0008589923250555,0
25.4292647994021,4193.081362712204,25.02253678113921,-39.69694258767371,12,59.44433244247065,helicopter,4.083459655290371,0
99.64292558330101,2006.875788664976,79.00669121698648,-35.619188430149094,27,50.39461347339021,helicopter,0.9404976400988168,0
57.14445251783427,3418.5065159134356,54.162087411412344,-53.18323527465855,25,15.856901808579337,helicopter,1.2470296935714433,0
61.57055264332175,3809.50634176186,35.65794808837809,-31.758993022106836,37,65.70070056569749,snowcat,1.391781639060003,0
79.97102786485283,4482.938598104615,39.3948492152691,-12.244324412508433,13,96.11659971190814,helicopter,0.14250820528879612,1
41.45775920286873,3885.546532465135,25.346509697800013,-29.582394403976565,29,75.45539793555905,helicopter,7.353723548353168,0
77.74984192837312,20.0,38.30161811963373,-49.78786838547002,8,62.00787476023749,vessel,0.1359945240212293,1
55.17236565602862,7582.877358364299,37.38972900587706,-5.163068746521525,15,38.465792685412765,snowcat,0.7428200371804099,0
56.08309847131943,3268.3942757244968,17.332258315969252,-37.74966211055762,38,47.591745763730664,helicopter,1.3759799036371585,0
31.448976581120984,7762.175690024329,21.02313362168623,-29.406099670524263,22,28.508887627189296,snowcat,1.5783775969329663,0
67.1239662796806,527.5280928881325,30.59560025071438,-25.961399194989504,14,73.02392692814658,helicopter,8.528352415958373,1
49.25746317369222,1504.730036314149,77.82244468846456,-19.57508323942659,3,48.97059346531712,helicopter,2.0629198362761696,1
33.42401797240255,2393.1411896882564,15.665436225212677,-24.302812744246275,3,87.29485809436756,vessel,0.26095549464282397,1
9.934147976630925,1768.8576839793732,12.306845631810827,-31.660185502966183,8,18.425682504743826,snowcat,2.0541780837339143,0
43.81847347870036,4084.603072261289,19.688070552896274,-30.135104474582896,25,54.12710365471908,vessel,4.385664227884861,0
33.06804481253326,6273.604730200865,68.7588679720685,-38.36469719386002,10,84.76842201582735,vessel,9.343433930055097,0
34.654576747410864,7122.889168927382,11.834962848011015,-42.462999870275304,11,38.665357424953285,helicopter,4.568403212423984,0
41.43328038815564,1599.4360285970108,37.22868392475088,-33.65018324059892,33,38.424881557558166,helicopter,6.9703333859768195,1
61.22316190200265,1204.2149700630791,15.815331140887976,-11.391043176127901,12,52.820889404235444,helicopter,7.816487423136788,1
80.76814267779784,5306.726126723788,35.058461306866484,-42.74575966415481,27,41.74121507007486,helicopter,3.7514313529173355,0
69.15151782095862,20.0,64.09966132216069,-45.86012257833276,21,56.02395486141627,vessel,9.64903379317393,1
51.23815581984402,5012.2575589816615,32.90242775059355,-27.84457980837724,25,18.98792015780483,snowcat,1.2356906189293997,0
52.59962381393391,2290.0637467993056,55.066497041594566,-17.715032370469835,4,87.83288463360577,snowcat,0.5138178723418018,0
37.94103775546488,1676.7027623908816,28.038666383242212,-38.07768968304941,2,79.95598438483367,snowcat,3.9007930647422837,1
83.39027926700257,20.0,15.650051006500096,-41.68518203544188,18,53.04652557277856,helicopter,8.369130947151438,1
23.12967175107905,3795.210845254025,70.25840349920536,-25.596615278205235,17,27.034274195567754,helicopter,0.8108856157788974,0
18.613985788620088,6502.803686461017,45.69149491165811,-27.976975434689155,29,46.038415527121586,vessel,3.1245025153785524,0
31.922638819066073,20.0,43.38715094841032,-11.776726515852946,5,78.62538694654381,snowcat,10.797287611100073,0
13.99214750391086,3847.992285706555,32.79218887215054,-15.538030772902554,27,79.37741016902227,vessel,1.0014664402852589,0
47.80965469072907,4498.524384850238,54.75642745549652,-45.17102300395227,4,51.20825493584056,vessel,10.123206357172439,0
143.13136859430628,1416.582133848095,34.73153567088853,-42.39315806876745,33,72.86677935386895,helicopter,1.7983564054752703,0
95.65176640181755,4294.782174183713,14.204087812748192,-63.488013244322616,4,33.13644025256664,snowcat,2.2735769677045794,1
48.778919788169496,5689.394326124415,32.15181835984331,-27.67157760803823,3,61.976914706831735,snowcat,2.504504924428602,0
16.903995571682678,3548.8503142186705,51.22459927236639,-39.1949704853904,39,37.93704935383412,helicopter,0.33695682185584525,0
63.35813266773381,4659.606493249945,44.803262843350744,-6.199479591794475,19,70.9762015152627,snowcat,2.4781888431865418,0
80.10237017058753,2217.264095082298,13.666647338787643,-36.01442929822648,19,54.91589939792128,helicopter,4.677132593204771,1
28.17537636412264,5436.599447263567,12.70824206025985,-33.98102990127159,30,58.35028011422417,helicopter,1.8824376723385126,0
45.18946086206488,20.0,38.5006369315373,-38.42928629617593,12,63.41623623684651,helicopter,2.1375676389905873,0
9.546004805393155,5310.345786162063,34.22361420247496,-28.927793036626273,17,27.906427578123896,snowcat,10.385909163758292,0
51.426920190105285,6695.637994214359,26.381184370485016,-13.801902305838887,18,64.23413481247013,helicopter,0.16228575289831632,0
36.90199186026851,747.0405973965453,60.75519068329217,-55.290056140196654,10,86.7731065790693,helicopter,6.682082561595394,1
22.17314570118993,672.4856276141377,35.161303670582946,-16.583238149368764,22,66.10910055932193,snowcat,9.792587269333174,0
33.236458470749206,7854.4782709942265,38.957858830932,-53.54936375571571,2,85.38564248491592,helicopter,7.883237791986545,0
26.829845818012323,4157.943137237889,18.19048241151209,-33.54347999730828,34,56.432909701840686,helicopter,1.1605384941877313,0
32.55592478616091,20.0,45.43835760702276,-43.0135591082543,3,69.44824664332747,helicopter,4.114062178896662,1
37.376457421100476,2342.3517409496662,31.443085713164866,-42.39148426592632,9,71.8045203560559,snowcat,4.445111194583491,0
23.576038645474263,20.0,22.95734968539477,-46.65507090606482,8,77.32925077843461,snowcat,1.4688057463853739,1
58.584995715039334,2326.5488201553253,45.48388624040186,-25.306491119624845,21,83.47939892120746,helicopter,4.169092166213041,1
58.42853319370784,2914.1402568814538,59.57850021207201,-35.39154407769797,36,36.936317627346845,vessel,3.166670399548037,0
21.06917711450177,4838.8198350906605,24.49532248947184,-23.60337499278047,24,49.32221899093047,helicopter,0.7192617403875478,0
113.45217861594845,3087.3289402744435,43.31926702893977,-22.10710296926987,23,74.681556693223,helicopter,3.94910471880796,1
22.981627342952166,7789.510981077668,27.985330704933226,-33.33735022104453,27,72.31257709714566,vessel,0.000559771027566956,0
48.09954812649132,3341.9362346357143,39.86637948518761,-22.15248088634945,13,64.44491709522447,helicopter,0.07334368424165455,0
16.310744816715214,20.0,14.684195765253055,-29.137243997577844,34,100.0,helicopter,2.9477950372727975,1
17.98744505376895,4845.699755471878,15.041731148375073,-35.77058000690104,28,66.88261982276192,snowcat,0.15615535112655776,0
65.2348941645083,3322.742333761586,40.756147408345626,-19.024247453081514,36,70.80195166374537,snowcat,11.396281695770991,0
84.89868858112513,2487.4254054075295,22.452455302739267,-12.307606467152155,21,37.95831732578472,snowcat,5.983111386330193,0
88.917245292907,6165.799887488821,44.83952322276625,-14.920869946989853,30,83.84779529931785,snowcat,7.415264154527425,0
74.33227777559208,5497.452429263453,35.23474472714196,-50.430668918330326,28,66.83231341444291,snowcat,2.2692483481321197,1
26.654110662040647,408.7820608697316,19.078168462230085,-29.24751288558464,3,66.2457401263606,snowcat,3.459306369555384,0
69.62147076418691,3813.108747488234,32.86356092002868,-14.36138552742078,12,100.0,snowcat,2.8226587331353574,1
20.09540588709275,7559.957646605829,30.836116513019842,-44.7303181537984,28,61.61939585888025,vessel,0.8199301929732936,0
40.98839811959179,3232.085521059639,50.05805327534539,-31.144237873416113,26,87.3099804783972,snowcat,1.6876525249899748,1
58.13858006404226,20.0,38.16740767397954,-39.01176395186504,8,87.02538401848412,helicopter,1.2801940754933625,0
40.70387060475663,4189.822823727888,28.791417011707846,-26.77709419861823,37,61.13082065786246,vessel,2.0247578695380857,0
60.83504966811938,2067.5852808230347,43.34495890074855,5.051938075468797,32,36.27818971435179,helicopter,0.12235579592765454,0
97.49506527477747,3099.1989961953022,47.32474069915662,-30.10860370164441,30,52.25730674027632,vessel,0.765666028172878,1
26.98017327810115,124.60915709106303,18.02525080421982,-32.015068351476856,32,87.14549611298864,vessel,3.233778233089553,1
93.94239606054988,4008.786194860306,40.16757775879726,-3.3040185956717707,10,57.17558312521223,snowcat,0.9464483408005792,0
60.503893830248046,1260.5816379731211,13.492701305045534,-27.626072187136025,14,39.99148420120247,vessel,3.7223853288688065,1
88.95713486413732,5422.071941440172,19.57012309205542,-37.535940718125715,32,67.82929829193779,helicopter,0.6878346771671334,0
73.63186200798194,7052.044794980824,28.0286765321193,-49.81422343221216,12,43.47495241411673,snowcat,0.007729583151205941,0
99.16658465051371,3559.247847248025,7.509099873649173,-16.978453708121016,9,46.29660876422531,helicopter,5.389897458941213,0
81.55967014914008,147.704270209274,58.86595535716001,-44.265830838929276,34,44.750821425621396,snowcat,2.6916373754919256,1
54.34206489202703,736.0340880819972,48.29616580871096,-32.3896734493958,14,84.56007635790286,snowcat,2.7948625646769214,1
61.591661886494855,3531.891289411652,39.79463471008381,-24.848994095772028,32,90.10036978722326,snowcat,5.478933555095436,0
41.09925914934025,3957.59534490908,16.54977579656543,-22.391279389238818,11,37.73004229158745,snowcat,3.9639027951656267,0
56.268740883529816,1420.4111514994313,61.269331809866976,-49.73281498091008,38,69.10576933962534,vessel,4.217092582440372,1
61.26396249801637,2398.4839189196855,52.95312517717133,-42.97487903562514,38,75.10738499673116,helicopter,2.2586649307381976,0
53.34136718420642,4742.34930871313,28.46786013129716,-27.3758580255717,18,51.06524171901454,vessel,0.15048019095897916,0
23.11524032785744,6211.573662610681,27.931821444685948,-49.04527074505353,11,48.81504983865817,snowcat,6.118697680195746,0
40.24312664696435,2974.2934468436083,47.984706657484715,-21.84085464577983,31,97.79321884784653,helicopter,1.0012726941520826,1
9.821912330682325,4835.000808285095,4.317556183765136,-46.01333042409722,26,39.68610099800247,snowcat,0.4076459173386857,0
10.409040102188078,2988.0236060937245,28.612837254153916,-33.55819282328435,34,76.9652546942269,helicopter,0.4586793992343272,0
27.812059802012772,3940.550065679609,11.060693110733201,-36.13871804139356,27,73.81297560513173,helicopter,0.7480029878319934,0
17.926801657022885,1046.1073424156232,63.816161949938845,-20.545271994540254,15,100.0,snowcat,0.768910320316928,0
83.07928640432289,4173.272509856824,32.97318525429646,-36.33032864702167,2,87.51682624745234,vessel,0.8907369959769966,0
49.609492061324254,7100.2629324301,36.449577679940056,-21.5346280984031,7,33.47087297665831,helicopter,6.688129161546959,0
116.2781960288382,4099.9981014058485,22.84665018538182,-16.252168496341902,14,40.31472739981947,vessel,3.5622739585148313,0
42.142275030769845,4258.4651340672635,45.00152460656247,-30.54598699774225,15,51.0343711823859,snowcat,0.8370542008078027,0
51.66311856505078,328.562044552325,38.45061924831074,-27.131536151301727,14,66.46481797681015,snowcat,1.1606271628143123,1
73.97688764955443,4023.9107033774335,36.61194975465621,-38.420649649288876,34,30.004925644133287,snowcat,1.1818550062884925,0
80.03851141055272,20.0,28.089103748919445,-43.34940214769974,21,71.92890943390624,vessel,4.126709458099045,1
49.96105937341635,4961.700621400863,29.385458600040035,-45.50258726411601,18,70.10818148225883,snowcat,10.181892035790554,0
16.486162605774652,7315.269358609626,33.53679069950643,-28.844134922239345,6,56.16138333903068,snowcat,4.902699317720296,0
66.87493783880566,1408.096081196251,62.47822009789866,-36.941179668916334,23,88.21127723242931,helicopter,2.48423769387429,1
16.070979985687902,2284.4634302155728,63.071418720877475,-24.98041263576815,6,76.59334728587173,vessel,2.231772956528149,0
49.095747501598694,5867.452406640577,20.90037046032227,-33.58600438649309,18,88.73397358135335,helicopter,1.670465356316941,0
17.730135857247113,532.7046273785409,92.59107421447304,-36.08088596244013,6,100.0,snowcat,5.708124561135815,1
32.4528763804055,4404.5597027403355,44.54294280030366,-32.388176065238255,34,46.76565394363711,snowcat,0.07833176270950823,0
33.83121975213808,748.0938208153602,47.84881128790312,-55.59542323094039,13,75.30071513626389,snowcat,2.65310575308865,0
7.913632204897297,4719.386158851599,31.699295873466742,-19.04118712817864,18,53.40617892227865,helicopter,4.719350726060325,0
116.61969209307034,2271.616629817422,35.54394956153685,-34.37043379925348,9,79.21583044544107,snowcat,1.0490741257253102,1
33.54849339001724,20.0,57.56693712170212,-34.77208327062897,18,56.925694284061464,helicopter,0.503931435015105,1
13.887913587551122,20.0,53.317887622587165,-10.948375284302067,6,57.68708267241655,helicopter,7.405811332416593,0
23.61022105109532,2719.62733203503,23.747780147333764,-33.883066220551754,32,43.991677617789335,snowcat,3.934413654216629,1
50.3794894417924,8600.998184283773,30.568936608375097,-23.00465213294307,23,75.40015309257406,vessel,1.409687436838061,0
21.035979147560028,2267.9634064489055,24.790011189927466,-53.677389324089674,11,99.22070659777768,vessel,1.0417572845065737,0
40.11281457055556,850.8098311394974,14.66787044200176,-37.68110815622249,11,44.23690338405027,snowcat,4.979823428537624,0
4.6183619557516,3933.46389422388,44.55869993680808,-16.232207040320628,39,24.315862881040616,snowcat,1.68235587540515,0
123.41592321467486,20.0,31.575416303197766,-19.595532491203343,4,78.7424499919087,helicopter,3.1094203868998176,0
67.94673509524767,6824.7385913510825,50.524054778184905,-21.96940546814479,22,90.82630398748793,snowcat,0.8580333036750896,0
19.597944269564668,4849.320948444939,5.477382096828278,-39.76371328664321,31,100.0,helicopter,1.9443482461271764,0
87.42907370381377,1484.5228502530547,44.049080971258505,-27.277867172952096,30,62.55564429526567,vessel,1.2752176182060626,1
36.998078576933636,5168.521844618723,22.730792280719676,-34.715454820814,5,62.460641125117654,helicopter,2.8522447039831844,0
55.045710876554764,3904.181935236057,60.5704834100752,-25.884128442133918,38,77.12986459582564,vessel,2.925062705956039,0
47.858962932729625,2600.9584894471527,27.349837685937914,-19.416950278870075,34,47.61303752011391,vessel,0.28076868158919277,0
54.335406992290515,4639.677174497558,68.36019004230013,-27.67595037386594,24,50.68895396383043,helicopter,14.639146736842271,0
36.21936646887646,2737.1817489657665,30.852030919074146,-17.424443011337583,12,83.17510711702784,snowcat,2.9680523147064686,0
34.801917462940004,3507.6387683955404,25.740208316679833,-16.69278639711832,37,37.691747619626234,vessel,5.355329288854803,0
45.24370918092299,4666.679604431663,25.957814832476306,-44.235539472925645,39,44.85470960884007,vessel,1.2652240965510835,0
29.819212743876385,1869.350946081354,45.55494067375765,-53.26072381264767,11,35.479769370825736,helicopter,1.1378387533217267,0
68.6335238069258,2621.331267910894,38.1755246821196,-17.659098638154592,18,50.45843813794307,helicopter,2.7460697206000693,0
39.12994174891125,20.0,29.034610050971917,-29.039738239803096,35,58.05839888227538,helicopter,4.918347551390401,1
92.78474020250337,20.0,38.30556665415465,-13.075873023508265,25,59.73695372436428,helicopter,2.749633954798613,1
58.808749229331724,20.0,73.82039819907877,-25.848432682345624,21,60.50473268105724,snowcat,5.2263694459268635,1
36.118814130203575,4093.455352154584,46.596277763411805,-10.883699281586573,13,80.2229971798471,vessel,0.8101445412415947,0
67.70355184056332,2057.3436181963107,18.70549039952269,-20.812601256253387,11,61.57969406467177,vessel,2.5693553523711907,1
16.241479310562312,20.0,28.09537062515914,-25.290723825657643,3,48.83914627220196,vessel,0.9998382266766326,0
25.78041630791948,1846.1433687266522,46.521518459087474,-34.79436802571632,24,41.29282968709026,snowcat,0.9803402235381791,1
66.41269490893892,20.0,19.737878442692196,-36.291857205346574,33,57.529290760153906,vessel,2.965057846151611,0
34.196789626026025,3550.099973065737,71.14260208187817,-51.372332479073044,34,100.0,vessel,2.2905588586154995,1
45.135433419803746,5959.347721944188,59.67329713490876,-22.463295999073146,13,70.18548496945452,vessel,4.477144858880067,0
34.551771698083854,6982.128495372079,31.235289941926297,-39.95432080416589,24,99.12920768326507,vessel,1.099291094630793,0
51.026244940025826,2536.2209449682477,56.427651469185456,-33.29569287899132,23,23.420074157904907,snowcat,0.9303055870035144,0
45.77368724005058,2469.511682248635,114.33450957925308,-30.501978110103472,13,46.08431234757428,snowcat,6.7454193512792076,0
21.071219574730577,20.0,39.18923768661054,-36.658386536739066,31,28.516862292746595,vessel,0.38641863508821594,1
91.4737086770937,20.0,41.28869576785693,-27.854379047798183,17,62.353054904542965,vessel,3.04081093293622,1
71.8524078099469,7006.419023226967,19.11011334911023,-59.40070684834807,5,74.23585903138452,vessel,0.10601128826562145,0
9.410239336852744,3521.3845703858697,24.216584556726353,-29.733583956929262,25,83.55634453019466,helicopter,2.953063918893309,1
11.968516223051614,6370.986168842743,25.705901798196336,-22.089951741733746,7,79.7844410764981,vessel,3.640888596077898,0
9.808940722700648,20.0,39.950856022310774,-51.38157777244828,2,84.1127604671295,vessel,10.505234093952517,0
24.30300062550778,2772.128282280559,36.19705380253447,-38.512985333251194,15,60.39901029397726,snowcat,1.0763247081203189,0
65.2617465010228,20.0,65.05907655362884,-13.223709905642021,24,53.79102077720925,snowcat,12.045473989692272,1
39.297406132929055,20.0,42.86713607326885,-31.20412004484554,19,46.34887950703383,vessel,1.6344079927116963,1
31.103854019334563,314.51444949323513,44.85977477144756,-38.717023242818655,21,96.16503841572074,vessel,2.9675421779198703,0
11.49599212707395,8468.41415052132,54.65226928326427,-20.83029720790477,37,80.61290997564436,helicopter,0.21879424290454497,0
47.854396666838014,581.99533774272,41.33645122844526,-43.83831943485634,12,57.23275853680874,helicopter,1.1777213995093778,0
50.73489596371796,6753.838204732989,16.787464979762557,-42.75719181710737,15,66.03132387369048,snowcat,11.570211949981232,0
36.236944114028724,2226.387533376267,101.85385128678726,-41.63450920639423,31,85.47751406471734,vessel,3.27716738407151,1
73.53084932422705,6691.9484423941,17.95117234305124,-13.158654154879155,32,50.98184845838016,snowcat,3.0599171405610104,0
73.76796978356296,5044.175859936252,26.048938757886702,-42.693145440008365,31,70.33223322247396,vessel,9.573032160579288,0
25.907742722394072,6954.4991792901055,24.182957708862794,-30.964170270298425,12,61.17848575142489,helicopter,5.142636703506295,0
33.448628078223294,1571.270592671479,9.742747528102784,-15.97420003170444,7,90.43319942727831,snowcat,1.6659567561837894,1
75.34694338165744,3800.0126208293873,63.96414969658659,-42.46788516929421,22,58.81193428428653,snowcat,4.01388969102716,0
35.03345754559357,3359.4570729408674,18.062893715146455,-51.683414952242956,4,78.87969933148727,snowcat,0.2912027857472768,0
27.224056847452204,10619.191339796103,17.382540220686675,-4.036987022417918,15,45.27340675813274,snowcat,0.16187584541994965,0
47.27831569271219,5696.027410773053,48.7765464791136,-28.415650052227917,19,43.01655212010198,vessel,3.8492435274728907,0
71.93643333302977,2568.326193976073,53.63590165671955,-37.9752134380705,35,40.51203143260603,snowcat,0.9413716318543446,1
48.051520245904705,9099.841553787674,18.975579702293768,-31.999122051983917,33,84.5738360633667,helicopter,0.5704711493064125,0
25.80133389633917,9348.638940733907,25.824901070178964,-20.83757814261161,17,77.93120056878293,vessel,5.888743197165286,0
30.004966127974548,1071.1345635768703,47.31934837130539,-49.20438822495066,19,91.6861566763481,snowcat,0.9024738587326104,1
54.575717541545174,3838.316068139035,35.260112675587195,-35.848422267047766,23,77.66247982719403,vessel,2.8769222900469034,0
35.392302693812404,1856.2397752434313,30.778021790609383,-20.171560716888536,14,67.62790693779874,vessel,0.6802091187097333,0
68.55684417108971,20.0,16.45411203164318,-11.924518174596724,34,59.50389934308094,snowcat,3.592500173400526,0
34.30876497482162,3549.917892610023,45.12001889762904,-12.045805498712085,2,85.55065323315429,vessel,2.9626094447348086,0
36.51608439338361,20.0,63.99416812992405,-28.676371761701926,36,77.5074103167052,snowcat,2.995838312128486,0
39.96266098510527,3241.8922718109093,77.9633991184197,-11.469680481492993,13,49.00112396387822,helicopter,0.945311184407407,0
38.42307356885608,2844.236538217015,63.32830372086828,-50.96119287537542,26,53.7356173169762,helicopter,1.4169927811746874,0
16.98760149169946,2809.717955688117,22.281785540892486,-28.22340205007709,20,68.29030345582034,helicopter,0.7408096425457888,0
56.515475247096106,2361.011483376418,29.70782824611389,-62.33029268985193,16,65.31094329394584,vessel,0.6987937929705816,0
84.82373113723739,1705.4608745880605,30.41199768631694,-12.500343845595562,12,80.86628777989287,helicopter,1.6062462607089363,1
50.40454638871506,20.0,56.38875983038144,-24.609926082695235,38,78.55263394624018,vessel,0.012447645489911029,0
54.10656403794573,20.0,66.90021442266082,-8.289804053609323,35,49.72825309035151,snowcat,0.5707556050399399,0
30.398615230199542,2828.5401758575904,20.601234018077363,-37.43646330217198,36,43.3994275671266,vessel,1.6959485484874914,0
49.08786284283006,2850.3128260869107,63.92843323270909,-46.54547166042492,32,32.051147711277416,helicopter,2.8538803433728597,1
81.8004218242509,5580.1851677605455,26.53007882764747,-20.287543660891085,15,64.99025124981016,helicopter,10.776874312451849,0
40.31298442844669,1574.8785691217308,37.49411411714722,-32.00834184084449,9,100.0,vessel,3.045647300212967,0
62.298227410902655,20.0,74.04862350826608,-16.65216751953861,22,60.83386220332925,snowcat,4.9419998244411625,1
58.78719561573888,2066.4175595721126,18.815078069783805,-20.47271354015415,31,64.58929387928474,snowcat,3.938286977660432,0
68.19656567101067,20.0,55.82629462719531,-33.73542964015002,12,70.14050942904677,snowcat,0.980207606042367,0
51.25498302312501,3529.9721234097688,27.956613175101992,-30.38738058348132,26,65.34345734667475,vessel,3.062320438647249,0
50.840134753920054,4717.2797153036245,43.54243580573603,-32.869264293520786,15,40.66428323928248,vessel,0.6845869030938195,0
67.23152452515515,6961.659603472432,30.302523318533105,-29.675792347146178,26,51.216999890639194,vessel,1.6947931367322027,0
63.03743355444791,3827.9881496112707,14.79046082999459,-36.17108782611433,25,59.99696650342388,vessel,1.88396495207253,0
35.53169785130346,20.0,42.43912230133711,-22.659936455419896,6,96.49783885061944,snowcat,4.16669855866731,0
46.25114664440794,922.8403621949419,24.090050310152478,-50.90723525871384,18,89.06030465597829,helicopter,1.010996743300626,1
10.539001861321921,2446.356432351202,14.74371100985319,-53.30581998102975,37,42.134994032266,helicopter,2.290538386350274,0
35.36423217013202,887.5040020619585,11.251245639085388,-35.43075524107263,11,91.77968780782537,helicopter,1.4423849746824122,0
38.742031444310065,20.0,46.1215026484774,-37.60344424430092,31,99.88309267925477,helicopter,2.2632677110306187,1
35.35689870863075,1175.7824882498664,8.141394819261565,-36.35687616899109,22,73.88690723199568,vessel,2.342797282424078,1
37.66752596928061,5902.136386195694,40.827174955970726,-15.13357655707214,32,52.94062415531362,vessel,8.427698165995693,0
45.3227332697101,4115.5374623373955,21.729644881740494,-28.472042159319393,12,66.34336752878653,vessel,4.872680455144858,0
57.63710135830283,5555.676806296957,45.65352229603738,-20.71754983779521,6,96.39253674037434,snowcat,6.29493312862633,0
49.323999166986574,631.572636063725,14.634330978643975,-23.791865446854338,28,42.40602572545069,vessel,1.7535530705117521,0
41.67930766433072,7111.861857579211,19.984282267009213,-11.911776647017632,7,56.749024434409414,snowcat,2.300738385957037,0
29.36185601939401,4036.4995404334504,36.06553326174719,-37.7196013287885,31,73.06802021622072,helicopter,4.500086738861029,0
27.227562940669706,4206.116079417202,37.31275946681302,-23.13156823059302,9,57.998653246180396,snowcat,1.8014697153418244,0
37.853620898910115,2827.294911201065,18.547383551374676,-32.627518198479564,20,31.294344710592505,vessel,1.9672722544104573,0
13.543819464390918,20.0,45.94982510910085,-43.353050746979946,14,41.899650623249734,snowcat,2.063308961414841,0
26.25574629171566,7131.2099285165405,28.00749506101532,-44.650123928141426,17,37.60096344878146,vessel,6.828215142466508,0
94.5395059378128,3910.5041257882017,38.48285425294514,-32.683692281443605,20,56.10247789193941,helicopter,10.747567976888604,0
20.595009496662087,20.0,51.84343152031988,-17.36605285637624,27,100.0,snowcat,1.8528437288195632,0
16.608461398438596,9208.714852160745,34.9728863388824,-37.0327264172803,8,92.70220732006614,helicopter,4.624978764825907,0
55.05657958139057,3050.6782499833694,41.96951363992277,-36.103715054692636,16,65.71940075062419,vessel,0.5088328374579758,0
61.91039252095293,1878.0635771596449,35.4157368888028,-38.36364366028838,3,77.95571398156332,vessel,2.601069361811369,0
33.60712632986875,66.07758479978656,45.3272410770435,-44.43924152607464,39,68.52582272960804,helicopter,1.6256455409387522,0
34.443017815350366,1103.9656258349426,6.321275352820724,-35.85633746383409,35,61.15928879629177,helicopter,0.3762019603779364,0
4.3858685431550075,20.0,34.680527892439045,-16.455054004667033,33,65.75331108714508,vessel,8.296865362696602,0
39.60503129811044,1655.0974765903384,59.21279353072076,-26.868410004013263,38,58.556383459878155,helicopter,6.938277981648799,1
63.96897648992872,2613.568782893987,39.40128606265641,-36.87891595052599,21,39.561428376019094,helicopter,3.5198314223563765,0
50.78493411530073,4657.396091430476,22.369629797690127,-34.57896475266363,7,65.60496918727551,vessel,1.4103754273440225,1
36.96042253133692,20.0,39.652531138761795,-26.01461567871592,20,49.009118745603644,snowcat,1.7845396885992637,0
24.588576122849624,580.877671378968,46.272360435578435,-37.27471360494713,21,54.656998592133796,helicopter,0.712188837587942,0
86.69803407588458,20.0,43.90593314573181,-19.363025900656282,21,74.20022039274133,helicopter,0.45111501836844337,0
20.25352293525264,5709.09134998154,22.913756250499283,-15.14388585493629,9,33.13183919528121,snowcat,2.5731898579698296,0
17.429734507127577,5017.16068996514,32.513137227408954,-43.88225059005747,21,42.755423635899064,vessel,0.7735847528392581,0
50.805752248599994,20.0,62.04359210623448,-33.65846147787831,24,64.78441243112809,snowcat,2.725397203853179,1
12.110528788356568,2167.446088793664,45.31580907044328,-25.211166004692476,5,41.28139120306306,snowcat,0.38469509716618777,0
41.858851524452284,7194.991503239992,32.73829536437192,-14.388648702299825,13,52.116275797060254,vessel,7.6401707371636,0
24.780603170247698,5207.99377331478,86.33582966132559,-61.312554834760576,17,82.07505281184409,vessel,1.3865744724487779,0
37.586123994317816,1955.491389019662,46.86790716823661,-37.670198825646736,37,59.37888937831502,helicopter,1.8947171667231943,0
50.881029147938634,4279.113330831513,35.9881527598002,-60.578539503212674,11,49.88657010066895,vessel,2.205741478778798,0
21.321097920469338,5388.438900571187,33.04912477780438,-20.91751889836454,31,80.664868445694,helicopter,4.38061074188003,0
43.11129917943735,8287.416674038379,20.32193098578318,-29.99037649564864,17,30.275756216222874,snowcat,1.914911574492205,0
32.057266680325746,1695.6067955522622,29.52090185090059,-17.688781096195214,15,35.82757022401712,vessel,0.007192089151980236,0
25.041201218800417,7082.299278830187,54.259233067715236,-32.864356412054484,13,37.416197736138514,vessel,3.5756102024366863,0
46.53901748705454,1348.7664203199695,43.88004173083012,-32.75025282051794,17,51.348320932084505,snowcat,3.242582704122184,0
45.37986504229074,1202.1932411775983,50.65786968623759,-25.712765428067783,36,33.48750722716318,helicopter,1.1289405781656654,1
49.75400720221347,2448.68560673445,25.099957843378338,-29.04120209386342,35,100.0,helicopter,0.6578268256581735,1
7.685851094059213,3478.672678140854,46.60553109568066,-36.327540798637585,7,12.988782071521982,vessel,2.600594904195852,0
32.5443026706248,5262.6309720899035,32.155742332719754,-19.51865700747887,20,73.23430035949248,snowcat,4.939354812814075,0
38.368056591621,2710.643082429093,19.20793643221011,-16.711106807702,34,56.76383164760292,helicopter,0.1261674783681859,1
46.71024613522923,1472.0995642832668,62.81508567014173,-26.14566334804876,8,66.14133095153366,snowcat,1.7442811262790578,1
31.638993346760827,427.7202753147735,44.13794333748608,-13.417331378414097,21,53.48822459912492,snowcat,1.5338005615961445,0
29.347644505831465,4779.069545469611,48.46133243623377,-12.31425634674688,16,60.28591672822273,snowcat,0.5251621476831873,0
30.478924237613867,3116.6566962831107,13.400458789747784,-37.17225278320204,29,45.03622746761836,vessel,3.4647960465752945,0
26.57335913435603,3885.848530282846,21.592141547579836,-29.836263130779948,38,88.60804290479203,vessel,5.2482661357382785,0
17.644996969012414,4184.105348334023,20.390429948230683,-25.54827926963756,34,38.589610278987045,snowcat,1.869883003723578,0
48.09125532807898,7183.695312925082,23.71006859442553,-49.231364900476166,31,61.72306623374005,snowcat,5.950719976729417,1
60.66516835934134,6357.51464422036,61.53796573716438,-28.81010392931754,13,100.0,vessel,2.260120318422695,0
16.059991954934738,5245.077510752774,21.26282618617823,-31.642045377731055,7,80.65007796170455,helicopter,0.5779838855571233,0
38.34296954447616,2544.776747918285,42.52522623553099,-38.98313326461612,8,40.21425299833635,snowcat,2.9487974281856357,0
75.60230225490744,20.0,41.02988978160484,-27.11941204479145,29,90.46275304312448,vessel,1.2843695708940035,0
123.14219531992713,1558.6119303369348,23.68657784714135,-41.40542801493658,36,71.24506559977338,snowcat,3.9480453774290925,0
17.790676676790675,2725.725730674314,64.41766581948224,-48.73273678378015,21,55.86238843213229,helicopter,6.705263321991442,0
20.53272886308809,949.5685721298355,33.83869718420454,-58.76316401858382,11,80.907359294631,vessel,4.9660245578790505,0
61.181783267273744,4694.5433466375,56.20647695086808,-50.75903750583967,38,91.41587683366912,vessel,0.6183969920920874,0
115.73546976923794,3201.2627572510783,30.583510107886216,-44.67864447423477,11,50.2167484255272,snowcat,0.667774551321471,0
26.11304159672521,304.9066041387705,25.369867518927954,-29.804542380980816,5,55.69064654343533,vessel,1.4799537154013056,0
20.527263132388875,7079.773874278124,145.26506022930303,-26.23602550791371,19,54.889794436107636,vessel,4.544038331150616,0
40.1904576218775,4325.027148243257,12.608323905717796,-37.41520174994818,21,76.17048965159331,snowcat,2.5345011935898176,0
22.770188007542668,3302.981995633074,38.13203620861732,-22.90975013734809,6,82.63344831817071,helicopter,2.304041732419199,0
59.967085944873276,6264.186380023841,67.70879296753141,-26.406173605213713,36,77.71088156432417,vessel,0.5639395980829427,0
43.62852628075594,638.3105989392875,45.9958395553372,-41.00870657576682,14,45.61193825115812,helicopter,0.6130713704858655,1
63.133470003597346,1132.283768960922,45.56739550355367,-41.74587817220456,11,100.0,snowcat,4.114006557931697,1
72.84316360485417,1923.1892395833163,57.50506193930232,-15.476945506403453,22,48.4241398615205,vessel,1.7675649036900554,0
18.484356752245287,4573.009907185597,44.73217804561727,-36.50154012227244,7,70.29855735123505,snowcat,1.4012791825401034,0
51.74478638458938,3990.2073041223493,20.67100933140379,-9.348935522532766,34,61.39297200072546,snowcat,0.6087272027528234,0
44.33870292130117,12384.061848804256,30.295753676413433,-45.46726187587535,13,43.89776242071942,helicopter,8.477748846339459,0
22.148209629316963,91.99678804581708,45.42089760255428,-33.308090322963196,4,69.86427227929197,snowcat,1.1454247771286927,0
8.90874315592393,3260.6381307201113,62.67457549992802,-48.54401862246171,24,66.50333680622295,vessel,1.3157167393671367,0
46.87887248093132,2203.2122001606126,35.98644144187642,-54.196935906865136,36,79.04169284584964,helicopter,6.842170000384479,0
112.67444090877905,4327.594017376343,51.38670540185565,-38.54364109236356,16,64.25238970405837,snowcat,0.4713772706278174,1
24.64438557800254,5603.024529300086,24.221747994880193,-21.725971943870533,20,69.65112627361316,helicopter,0.4165354616485454,0
50.44621189453498,3699.1569549778446,82.32845361122219,-38.07329642328118,27,100.0,helicopter,7.245550436752456,0
46.92642983812008,4106.150803382289,46.4612954950698,-23.391702058992646,33,61.31088896743444,snowcat,1.1149429621945315,0
32.182264911076714,1921.9990718162587,42.36915940746275,-40.98325578249381,6,32.12257112202772,snowcat,8.353718308412875,0
50.50760519942432,7902.68244720639,45.129978620140506,-14.190791717347874,35,83.63163307043965,helicopter,2.267668119688314,0
23.307730518005126,1585.4000512238422,105.0287371578105,-40.33456412386349,35,82.34175337509595,snowcat,3.360202830154343,1
65.49664657597678,20.0,20.62140624860819,-12.754355830621677,21,36.93000568724356,snowcat,1.885149752568733,0
132.80724054574668,1205.470546326037,19.293809364312555,-29.811874260691617,22,40.50263267395381,vessel,2.0615033500029964,0
29.744702007224795,10148.136314844214,30.843241877151538,-42.86327609144951,35,54.89288656630117,snowcat,2.0092075088075294,0
69.03437284935612,20.0,17.248300752419826,-40.754484693452866,12,46.47805944622959,snowcat,3.7766930499724363,1
37.76196488857992,4444.651633076352,10.034852934047628,-25.819489638966054,7,57.94637190303825,snowcat,0.99438886206967,0
45.1321925643045,605.056462827813,51.25193197611485,-44.10313201873309,2,58.96151266023473,helicopter,2.3212818365037484,0
35.641930413913336,4396.655707557656,45.26252785468124,-27.128138586342835,35,63.03384684526339,vessel,1.1978853878472722,0
32.82667919753761,6318.355312956062,60.32408003551594,-39.17892773739861,10,90.41667873616979,snowcat,11.91563122729015,0
39.00027064564595,1625.979917989925,12.668687617401416,-43.53058088954772,34,100.0,snowcat,1.6385858010687695,0
24.452493307169714,6839.457906924996,60.14386126913741,-40.6813634435661,20,39.896769256855514,vessel,3.4397048608926486,0
31.69825618585146,6249.272312718795,33.88618650016615,-49.321057118116414,23,67.186014457643,snowcat,3.715350795461667,0
95.3675251568954,3956.749383266779,46.477996020049716,-29.047509597273507,7,86.91020532993952,vessel,3.5584599535255528,0
50.82079326330227,2783.289374841595,60.71656279269574,-28.201906029987835,26,89.70897026625514,helicopter,1.7643033688238443,0
24.013242034275343,2331.565840718004,55.12564602949712,-39.78452778724118,32,36.001115830449145,snowcat,0.4868639979451117,0
31.302032674287638,558.3808806475931,56.09162091677058,-40.18686507415089,30,65.03233605607002,helicopter,0.05963165744152801,0
29.025439829977252,20.0,45.89540195903118,-48.70106710451097,31,83.35525924261118,helicopter,6.503186409494738,0
26.932987341888218,4753.173744506567,58.00325853736341,-38.43841250504185,39,48.244342956681145,vessel,7.841251370933746,0
35.79650714304017,4033.1252392761007,21.437304712610157,-25.384287446273067,11,52.56743821849877,snowcat,1.2518243634426771,0
22.5599062880427,4246.877428179872,15.3328002081642,-39.23000051319674,17,83.66597840804488,vessel,6.189325028522715,0
59.930965155866744,6028.125787296833,14.047247311702106,-27.90323247602607,4,55.570652168820715,vessel,3.4665482742682348,0
165.01078645174258,2930.050058946606,61.95077623299526,-23.837620100049968,19,77.11173199292828,helicopter,7.38018163964808,1
12.930649032514049,7010.163959919151,12.836899078381327,-45.17850578203749,27,99.12848131809503,vessel,17.438538155618076,0
125.67490987658338,20.0,108.7524492818651,-4.55504291254465,14,69.44399614718006,vessel,8.142782437615276,1
38.32690564016573,8390.292177522795,46.42918606739968,-19.886377392373817,32,58.13799285374411,vessel,0.4348792348628725,0
32.76393618075436,2906.283633395223,14.856188952242494,-35.14184390465865,9,78.20552822365599,vessel,5.401247843973491,0
22.913582777579077,886.1960431020029,58.21008175483488,-51.92861648022698,32,73.71130172417415,helicopter,4.13612908779333,1
43.816295460282014,2663.006890277538,15.163407891218739,-43.15685358596377,12,55.16810859668649,vessel,6.276546519992873,0
32.971080577541535,7745.380432924614,12.122871513317273,-7.408964484629422,12,66.97512694485171,vessel,0.36857325217454406,0
45.61007918814808,1017.3681511518284,15.546130977279404,-25.401582729378948,27,80.76759212155417,helicopter,0.9103856313792791,1
78.50319187802876,3296.272001516596,13.992830073870103,-37.37010524791959,22,70.38351762271766,snowcat,0.48311370739205767,0
4.770501685784501,20.0,24.716823412279968,-36.178334387884334,3,47.38851855680659,helicopter,1.8140378266110377,1
44.017755901851444,4205.349944235508,46.16968110606848,-13.943583988006509,25,81.40084576783363,snowcat,0.968888329761276,0
10.142795868398823,6758.1425434066705,78.4397151856657,-25.61198288897517,28,60.96550985519261,snowcat,1.0652205111063062,0
11.18874670000107,3861.365421178596,21.318223616019644,-35.500643889252444,22,58.74232163347147,snowcat,0.44630781063811975,0
57.868954896966095,1914.1624797783804,25.614042011360976,-50.469277141581564,38,32.47288950361758,helicopter,2.808467643386523,0
20.280322558047732,1772.6750641229048,70.9230322684306,-33.036011910940346,7,92.15151488515166,helicopter,1.1967933695823265,1
11.306018392132383,3337.4164880767844,35.13200938604167,-23.575160143460643,11,75.98374910433894,snowcat,0.6721108129573816,0
126.47910060579777,4643.276389288541,72.65822972292432,-24.71222778194945,33,57.2566346379505,vessel,3.6718713002415218,0
64.94757857647046,5608.373479026923,19.828618271947,-42.91163452845473,12,77.6912521267786,snowcat,3.5326316327849474,0
43.23612013191986,20.0,31.280422572581436,-30.87740266513425,13,87.38940137979328,helicopter,1.619299881619256,1
63.20051338948632,1546.1418446455364,17.036273395301034,-23.906618127453424,36,82.75521632440163,snowcat,1.5127101322988685,1
16.528806460241473,7344.464302465143,31.123843963536494,-13.473129468548922,11,58.258078478193674,vessel,3.494150299428611,0
23.93789235089788,4493.906884407293,33.012851761417195,-34.98953167073821,38,46.044846204285996,vessel,2.722566430447733,0
71.8121191005093,3442.6857828416173,37.59179107583128,-9.073768010719512,25,53.870877447957106,helicopter,3.80575124485851,0
47.32481316468851,5350.396934881899,52.7602802704073,-24.523415931188957,30,72.17861579342045,snowcat,1.0602167370547455,0
22.835707032669426,20.0,68.64867985354051,-37.52862299340724,17,39.17568643062302,snowcat,1.851090337632257,0
41.6290916709473,5019.598084581194,17.42497366766475,-42.69971126384739,10,100.0,helicopter,3.773532171596794,0
50.87486807567456,10575.109802917596,42.36423983560102,-56.757619903099155,23,71.55384806238744,vessel,0.9408321998220044,0
84.77319349220024,3226.277404143314,55.195626389659026,-42.58000877033058,21,86.5313175473166,helicopter,2.568642908978083,1
13.243075466618585,3838.662826564647,31.377118556125822,-12.482415001857369,35,47.18673016438952,snowcat,1.7329393881538302,0
13.961478409257687,2021.7985409712633,16.644138582866745,-35.885161951863026,33,68.20183215808058,snowcat,0.8462303471192023,0
33.501348045840125,134.5765919243613,56.24279096847659,-50.072828823453484,9,53.35379290682195,vessel,7.089337249687889,1
56.66598916807164,1509.5501259820408,26.664368601720852,-40.619248339155455,24,28.87794626368487,helicopter,1.7883926492069957,0
26.222082033298165,5690.30138260859,70.31264958187455,-30.008461112610814,5,77.12717778088137,helicopter,6.9697607548377425,0
34.49655817742528,4699.164977073595,13.9888344813916,-34.65927667574077,10,90.34522285052435,vessel,4.878625768002071,0
11.24048353455611,386.28819157743055,45.304685500113074,-25.997200006301945,3,100.0,vessel,3.955870169364161,1
8.868209712442363,1103.3861912069433,75.1342871599511,-34.53321101320351,3,70.9962792150822,snowcat,1.0820718773631144,1
11.503966507384028,1162.3203511809756,20.745548948598575,-37.67329782303483,16,56.76181276846517,vessel,3.115643669105454,1
64.10307628846971,3498.2252725719045,48.41717431755734,-31.323419929813376,17,83.13076050420017,vessel,2.892486767892775,0
9.956890195129313,2404.9105815008816,17.160506961716234,-44.15564822834668,6,50.88952869348019,helicopter,2.9907607829870755,1
42.816615703854076,2791.7080696733788,25.68282201498041,-28.467392062568234,32,53.26215958518708,vessel,4.2206020260277395,0
16.864787605409404,20.0,31.514811439401097,-42.49414923452668,19,63.5895160631757,snowcat,3.2763681121589094,1
24.38105146868517,7870.463104046938,41.455161932584815,-32.80722685830611,3,46.648291991499605,vessel,3.0643998650810382,0
8.449359926614616,3898.886570504673,49.55670694807548,-26.77829031610795,32,47.42748075447206,helicopter,3.4684155244189325,0
46.112586431003315,1432.0953068548274,22.157922634691694,-34.97891457149087,15,95.52690363241425,vessel,1.5646626380924022,0
21.895216676907165,613.0922024648094,89.49388286531308,-30.896022854360094,2,47.4871147697176,snowcat,1.487517309342182,0
25.84874847428879,1846.1156207276722,14.634484829880932,-22.316833825105743,32,76.53425822566136,helicopter,2.780606989054271,0
36.47292323820842,6513.05232089707,53.98923259210925,-39.273751552253145,38,48.285691584739276,helicopter,2.443132315984608,0
52.56952544939834,7526.703940940783,23.106773552036938,-10.422566791199301,29,62.01197834155971,vessel,0.02805216394024232,0
50.65146732000396,1098.3449453611884,73.70665831294512,-45.76474675879862,25,72.15624757021811,vessel,3.0605192376571253,0
53.82996049222584,1686.4837400284475,22.68424992647222,-15.85244046262486,2,67.31566718960003,snowcat,7.969845424993601,1
61.228086473523376,20.0,12.18113384093147,-25.451592985973427,30,48.25640163112534,helicopter,1.2288116488630418,0
47.24007256158964,20.0,57.431519725282186,-24.98642239150187,26,82.8649504522636,vessel,12.767171894085791,1
32.77138688301357,3401.0690666893024,33.99680138527885,-18.4670789563805,6,67.48720107873127,helicopter,0.20231810444730058,0
21.060742826773552,2056.811646563985,73.72714083908002,-30.345483701033658,3,30.932321789707224,vessel,2.776500024682431,1
29.36024216394706,1921.8043865424904,40.48381475311449,-28.152639832005345,22,83.24573355392828,vessel,0.08007386671515096,0
14.967956129105543,1513.4985177485921,30.995540364793,-29.522490280346936,33,66.49518782864924,helicopter,2.292342827467902,0
20.621566204596544,3962.871295662314,73.26655570711839,-20.160126947581556,5,61.796535449463725,snowcat,3.509253632174757,0
78.73325206671099,3389.4838407684624,41.33994445965017,-18.006570770580694,2,70.1765093707473,snowcat,0.7810467757788179,0
17.225730736809155,6123.015205996377,32.17912389351214,-30.358818867474046,13,31.359419420981347,helicopter,1.8514147695242908,0
61.646243610770426,10804.129212717471,31.786604449860214,-34.57473971832164,4,48.76465291872296,snowcat,3.4846622560727956,0
30.470165611335368,20.0,54.134886852435955,-42.83530670694756,38,68.56063633523493,vessel,9.570401243923737,0
48.32407567297972,20.0,24.83440529475578,-27.945805733516504,18,45.032840271265464,helicopter,8.085001628150815,1
7.467271153331726,7847.291593571186,79.72875810578118,-36.096794440685976,8,78.9824252972569,vessel,10.638908499698884,0
32.98219792200517,2827.460972642495,27.998670925734167,-51.64935658775725,4,39.44388206247491,vessel,2.3065322580045597,0
47.49347703497814,5421.679403363489,19.044034875788146,-31.872109020411717,31,61.785316754696986,helicopter,0.3442980804100083,0
79.90023949500323,20.0,16.53674770116684,-29.69751996376615,30,92.34490273289943,helicopter,1.1315244394928596,0
34.387767628703415,20.0,52.09670049414179,-20.741675985868216,24,47.6205238420692,helicopter,0.18789966413763137,1
52.944444986793364,5602.373971994784,66.42027454713576,-30.63983598266419,30,65.24017919569998,snowcat,5.9720112462372175,0
37.44173097536526,20.0,48.88353282560908,-42.74742267866647,23,46.67083304118865,snowcat,2.850950783957826,0
24.259158902531787,7308.455027314719,52.596959562977986,-18.139972379216132,2,34.090766988209324,vessel,1.6186963260517007,0
36.19649786162492,5532.7464639432765,49.65715489129654,-55.35625497610343,5,77.28292307598254,helicopter,3.572185400003978,0
20.5960792957789,941.2626202086849,38.56647207885489,-48.88527442331157,20,63.97191544694735,snowcat,7.92821545868855,1
34.30670772816892,7674.186181830241,37.7823212771456,-33.63377257619526,2,66.42144450048627,vessel,2.4490774124386117,0
44.947845404267,4633.291328613028,21.244062946429736,-34.290624519538945,11,70.9293788262753,snowcat,1.3385324435615649,0
52.22846149375306,2400.20305350894,62.65623477949497,-33.553237581301275,34,48.31081823059057,snowcat,0.9491014448530901,0
38.44456202189056,3285.533947806364,81.17993740196786,-40.68512209457431,25,40.81561360592188,snowcat,1.4383845822042336,0
39.76472389362671,20.0,26.933221095936055,-19.374656353069856,7,68.6831930379734,helicopter,2.8034211705783743,0
48.394465298559595,20.0,16.45197092081415,-33.21306501363986,6,94.59794413055988,snowcat,1.1965347226669252,1
44.720688963482054,5326.865920361803,38.18059558304334,-47.33629145152624,30,71.36298931888653,vessel,4.3286291284698875,0
61.61743373609234,3663.8743055976006,48.013080377183435,-26.451814718241963,35,36.71413999316073,snowcat,2.2036587866443953,0
37.12770188498192,7396.997224572157,60.8812073786646,-40.36957952005082,24,100.0,helicopter,2.425229167427757,0
34.856106048232476,4194.127793873028,86.227064338905,-42.40630239931009,25,40.28437869361803,helicopter,0.9027665042709703,0
13.098595213611263,20.0,46.4764636051799,-32.07327337591291,17,28.368212736762494,vessel,4.197878799682245,1
63.3736236138293,20.0,39.053820231495585,-11.749830240688155,39,100.0,helicopter,4.789379944838781,1
41.62097309829715,549.8043880137225,43.28299599121661,-57.10467860118368,35,48.73478389013418,snowcat,0.9618465088273357,0
36.90307488624062,1252.0115910898253,10.120712514957468,-50.855857593945345,6,55.095955781765255,vessel,2.108192316316351,0
83.1361249337307,3467.6033430118123,10.060888754541455,-42.1283913048008,36,88.19550107889299,helicopter,10.884844505659363,0
76.18038493070648,6569.003411166619,20.638499974860988,-11.289693223912288,4,98.35936213205058,helicopter,8.276021861178975,0
46.16949878438709,4884.628688368281,42.26446171215155,-44.703682848180115,8,61.367602872714954,vessel,0.33317169255075874,0
17.70647301977731,6788.143883772418,50.40880967426012,-18.944850900807108,9,79.82535689207447,helicopter,1.2193469461484059,0
47.38240710030592,4216.311299457102,35.02116856084822,-21.02007652941193,2,100.0,helicopter,0.7192179033946968,0
22.1601510341454,1742.0785755766128,56.99950187013292,-18.006534563170923,38,41.38035761993205,helicopter,9.574697979151544,0
50.23924284882351,20.0,43.75584375384258,-42.39449363979794,24,70.79425433859936,vessel,2.6197455519951385,1
75.71435021682353,4893.6777872676375,45.90839925133089,-30.342623136695988,27,57.29702963585281,vessel,2.1865519212850506,0
33.58068179267283,2717.1461316834475,42.88574590677147,-23.035495776517987,25,40.81797032209664,vessel,0.9128662705417645,0
14.294804914019261,5378.255480155931,60.97305142872592,-26.725538031385373,2,83.6111279998746,snowcat,1.464346252530041,0
76.21693802033911,1188.502651370887,39.3668021676691,2.6263396471005507,23,88.92904067201209,vessel,0.05146430087714047,0
16.71201862539361,7901.507866887039,37.52292521752863,-8.456510860885839,35,77.8059828663597,helicopter,6.882509024354961,0
38.535067541405866,7914.705467655169,37.32305523513932,-17.265321928787365,10,76.51515192374849,helicopter,1.097032200730065,1
32.481095158596965,383.7215993390705,35.61633405392338,-22.659507975541896,24,59.48543954030651,snowcat,0.08758758401431481,0
47.6939809258793,3987.2421324850793,51.07046464373447,-21.729175651771587,18,71.41180497796883,snowcat,0.16031533369437276,0
104.72933962497031,20.0,36.49171916406782,-17.92976906339188,9,76.20004962127464,snowcat,0.4841252615275329,1
37.4972209427676,539.2726610494146,40.31565365761642,-9.722274847685043,14,100.0,snowcat,14.644853477494259,1
66.66645464013757,379.2844129631171,34.85708646805875,-40.33715762710554,16,32.71141752713261,snowcat,0.3341440202161503,1
26.407328565888125,1188.9761361332903,34.40855099812316,-16.54662710803504,39,52.82635571022066,helicopter,9.427230378286092,1
49.04012922824971,2182.937431378655,18.861973192951456,-27.49898447142612,29,61.16898883575234,snowcat,11.070177418292625,0
10.304715981485938,667.4425031024675,12.632776214054076,-18.038806508945616,7,74.58121845051828,vessel,0.1060663942190519,0
55.630963881363066,3460.437115906573,25.657296895030388,-29.562882159199717,24,94.76983032007372,vessel,4.485141226989535,0
39.487721220021356,20.0,51.71821206213146,-35.928032590288666,35,85.44798241981508,helicopter,6.111099980452231,1
73.41104258771232,5978.528488388337,66.1465369839125,-35.72293367541306,8,59.15980590522742,helicopter,0.12139101931233662,0
28.156277692777245,20.0,21.823879350109465,-29.064062540337833,15,77.88092162359604,helicopter,4.247727688418278,0
11.748752290548977,2529.5688792031565,23.54325895944321,-24.11708891546265,3,62.71192186593799,helicopter,3.454064003567388,0
28.408201618364608,1725.5424592571553,53.20221509902113,-35.41805176714344,19,70.10977059023918,helicopter,3.9753051661002194,0
6.811254532709434,6086.454737664594,19.01274019758103,-47.93235060325668,11,85.65550814618565,helicopter,2.1373002415877793,0
30.038562619570023,2015.1939086039408,35.755877531457614,-22.366337599666032,16,11.845558007469208,helicopter,1.1522632457375512,1
60.4506608211392,7374.980319370518,17.297234436206136,-31.733183070588883,27,59.61065907248493,vessel,0.8331283492735142,0
46.04151847417029,4074.0925711091877,66.52253873914279,-55.311618961316476,12,45.48620728282082,snowcat,5.846316035111924,1
29.22794286999723,194.12519021079152,51.34228356236684,-49.57592074409291,10,47.37127050262458,helicopter,1.8129590203343733,0
35.21339240630138,2360.623136610513,31.038893558703332,-26.91481703828721,15,52.75839872858911,helicopter,4.090564422730797,1
50.90200261533285,2867.575666377682,30.838060087665863,-22.460088854189724,12,27.580652850983228,helicopter,3.0568850639584015,1
28.86174678234471,5203.278457097172,50.638278974605164,-16.934733452164163,31,90.66993031575869,snowcat,1.8038597700771724,1
51.20493775388064,3505.6778630222116,51.88553222599911,-36.502737725640564,32,100.0,vessel,1.754542652751681,1
20.028605730615233,2334.660951638972,21.117087295724787,-37.98172616212938,9,68.84646264989071,snowcat,3.3534917716140944,0
49.29724651408008,706.6595742271361,28.03595824320343,-23.669364310969378,39,97.34780848451047,vessel,2.2557645450564214,0
37.72781058557712,4432.812707823835,9.891535750472801,-40.562025957482966,25,51.92023086047685,helicopter,0.18078512044961412,0
20.589667353063895,1940.4710998995215,62.170885358038404,-40.168377734405766,5,91.65680417644262,vessel,2.145020750477551,0
27.539399786517997,836.1127088244948,61.95158475174472,-27.986182391879044,8,55.76909663179083,snowcat,5.3546532260827,1
26.37223269023132,20.0,37.20257732058667,-27.02618341959908,32,53.574091556459706,snowcat,10.17993377851072,0
66.56546943900508,6076.632671449195,44.38919607055537,-23.72806332918591,29,68.28396768118728,vessel,1.0668497002078952,0
63.03878126267888,20.0,27.854736346767485,-28.94843489351788,22,100.0,helicopter,1.9716688488213383,1
24.966576358453523,4440.641768064175,23.180009416012286,-42.313854451675184,20,88.17486169751241,helicopter,1.5032654454072072,0
30.901427799657167,3063.6000008057385,21.387561838529145,-34.59472415476436,20,94.43794531589445,helicopter,4.20132393670109,0
60.836477740914965,1360.1457729376293,13.068644227780483,-29.34689813166965,7,36.492313568326495,helicopter,1.300513900891239,0
34.11386783062248,848.8577026333401,25.990399760813247,-15.100062338964278,11,43.07864344446977,snowcat,0.012305059888751576,1
42.60074863648527,3054.792681396161,23.394993594863045,-22.035733500570025,30,55.31328275573189,helicopter,11.804754336998744,0
33.56786303056956,1387.5853629752974,44.137418355889714,-28.277249702600052,39,94.70060118166518,snowcat,0.05508386132144737,0
27.583891668837417,1269.2490190731,80.70917335027666,-22.50938576229801,16,78.97557828325898,snowcat,0.28704708598206313,0
74.83985888987596,5981.832802646582,30.971365417376152,-14.793693763616684,10,29.361352692465722,snowcat,3.553462453610547,0
8.750054549304712,2537.6829985930735,14.935403857508973,-45.778510809098144,29,59.49439902472429,snowcat,5.009511374093316,0
122.44609766813541,3022.380508686525,20.521601618728248,-29.853851444240064,39,51.63467553675901,vessel,3.8155946824714833,1
32.34870986914518,593.6239460527595,21.81142112739728,-49.74026237490204,13,62.325330570317945,vessel,6.807400755768392,1
39.28699796602549,5984.200606889201,50.73319906899066,-30.056266403058764,28,100.0,snowcat,0.4354146327620523,0
35.95351693378858,6664.5566615610405,55.46622683699751,-35.97502108624552,21,61.18315580136157,vessel,1.1650339717458948,0
26.29829326413541,3655.5800006377867,43.73080980162432,-13.973714190531854,34,57.078070708272584,vessel,11.091532197655326,0
38.720135364839415,7281.891698657385,18.119956785676905,-16.297985343188337,21,41.51048718708594,snowcat,3.1732342302945655,0
67.4420753592872,1368.6836717290498,56.34603576932504,-5.586284759946196,14,81.81157099145283,snowcat,0.057242191423217036,0
35.91220296943746,5757.880828021907,14.784879112058938,-33.42069096775687,2,62.54628516311361,snowcat,1.559719079008267,0
37.308527214408365,1861.9366786918772,39.99656652867118,-27.045041539272884,19,47.86295211823476,snowcat,2.281680779136344,0
40.36892141068574,1553.359741967512,49.616613380024376,-30.670617116017112,27,78.02915214988698,snowcat,11.226733934213478,0
79.14317314539946,7195.567226188932,35.64920440800965,-14.208884443696643,33,57.7551966966883,vessel,4.105930196409735,0
32.03233139041372,1911.7104995904797,35.27931771222416,-30.33683011960793,17,60.82671519377196,helicopter,0.46880671209973834,0
86.56438116137605,132.38139883407985,24.72064243533857,-41.473905447625604,36,44.51128277419761,snowcat,2.3631365154241317,1
34.63412757032251,20.0,18.909202181388828,-50.40067404233767,33,26.429201559678212,snowcat,1.1796062891930086,1
49.637714402605795,3024.6313832536985,67.46727390909197,-14.874465326749858,14,81.1669095475145,snowcat,0.5085062065935589,0
76.5127421845463,20.0,35.1127566665862,-26.04091798411592,30,73.07972968727027,helicopter,4.711543548045059,1
57.8124373492867,8924.101617902747,32.38044064540476,-27.667148740049328,17,71.07616583131158,helicopter,4.629432488976213,0
11.914475778406846,8220.460558379542,65.55384384522756,-11.501816052895514,24,62.10748054432234,snowcat,1.0337333764369334,0
67.43080631539405,20.0,12.87103022901848,-28.20378404776824,4,53.640082083908155,vessel,0.4311888362703047,0
41.78274075805794,7905.604366537241,10.783340897549763,-47.773463489925604,36,66.87846565991364,snowcat,3.8426144114146803,0
48.406583627911395,654.4804345978187,78.75981496822673,-45.00367081350695,29,78.54348069173571,snowcat,4.694088851650724,0
84.0384229943199,6756.304393205988,34.15125055579734,-22.72052561652579,28,72.68133641381316,vessel,0.2956040562453767,0
28.43780351679832,6178.138883087057,36.53374674963008,-21.40361544138052,30,50.80134712210147,snowcat,2.025620695738816,0
81.10091540301117,7023.837700947439,25.019346718788892,-3.1582130764272023,4,84.2341781292376,vessel,2.741166027012967,0
30.86741592754838,8397.673511041854,31.60864398877292,-28.999595053139675,30,66.07325060540889,snowcat,0.4173506469557391,0
18.81816425499276,20.0,15.749140049209187,-7.069837682126174,8,65.64588299251656,snowcat,3.3885270569607724,0
39.420630025681,20.0,39.707898600717854,-43.00358325004253,6,53.92910958723297,vessel,0.012102087483760031,1
20.254462832615662,5428.720189236563,62.52984186389483,-38.306496559242596,2,55.75460001167523,helicopter,3.1920769265589755,0
22.47379484590227,3337.155608127417,32.01235153022545,-42.53831001057587,2,69.12414835924237,snowcat,4.500105347833281,0
32.394365589120156,5028.181444317023,40.06725288475627,-26.728755196611623,39,38.28853734664282,helicopter,6.063861581137256,1
77.098552532486,1950.2601992009745,35.55725657642857,-14.840845693136417,29,56.742215289935146,helicopter,0.6860238149915994,0
53.420619945834765,5655.303139848333,56.34662903809609,-31.36156087001449,19,54.2779171982274,snowcat,2.660670028128575,0
19.299912969805007,20.0,26.162773440013126,-40.58761441665048,9,60.85851004265175,snowcat,0.350069373487318,0
106.00656371673644,8881.595702302076,56.44839401695708,-21.671536337301454,25,70.5089348209375,snowcat,0.12007962305190709,0
83.3750057071,10406.899460320554,26.494225551109952,-30.755979992930612,22,37.06501067651349,snowcat,2.2471257068492605,0
12.964117565648934,20.0,40.03483213622654,-21.455256947657432,25,98.70503562456516,snowcat,0.6800693202408662,0
6.200227153640621,7690.812948859657,39.59327165667391,-30.283098706709893,17,64.3086189180902,helicopter,2.1992954070388704,0
56.69559489693502,20.0,61.37173079518432,-30.33826148597734,4,76.44810656664825,helicopter,4.7303260454894565,1
89.5461830455777,4745.781225058765,71.00269029042234,-4.881814009597491,19,83.81242611255004,snowcat,0.2884461435274434,0
48.54337944209378,136.874751547527,25.786002576218085,-41.82863462863998,7,100.0,vessel,4.079984346789487,1
44.83086343938909,4379.010609305423,32.32814680938728,-24.214527302854172,28,68.26228443435944,vessel,0.42712532313238694,0
23.23532787475547,20.0,68.32481269084262,-20.583202655280076,31,46.9448419887096,helicopter,0.16512053145496963,1
57.423807468591306,4221.454881463296,30.780126751639877,-16.555877893721277,36,39.84713984931433,snowcat,11.76338076122251,0
36.47749747939728,2437.581786157782,17.274984165127805,-42.37157481615638,11,74.06333167475424,vessel,4.8282872337613,0
22.041427494121713,2202.1370585630175,77.45614088055778,-24.516838353758136,24,58.02093698045216,snowcat,0.8502029996153311,0
22.639983413686004,4074.944393752695,53.293571876349084,-34.97189648743502,13,97.76376448722979,snowcat,0.9276108422073037,0
70.32892553351616,20.0,34.91320574176581,-30.167871309890643,30,50.7047411054227,helicopter,0.9150421729158449,1
15.057367770209659,4858.0571453053435,24.92138087540024,-34.54615455120282,36,44.91281398584362,helicopter,1.4655597749690492,0
21.44777791760638,2060.2034938414026,22.00567828691845,-35.61677375767029,39,43.727045377285805,vessel,9.66944001340551,0
117.23110639118681,20.0,22.478830232927184,-10.723040254050158,38,100.0,helicopter,6.283503517358268,0
16.31933649492291,5038.540088728827,50.066013933514306,-17.16839616796399,17,97.10537775048016,helicopter,0.13570945578981053,0
91.88841405181259,1133.357052445569,62.60254767129975,-46.073914679726535,27,44.775768101490925,helicopter,0.2255328822138705,1
15.540000739327915,2840.095040709795,17.92120509973387,-32.726162528879534,28,58.370591026916415,snowcat,0.8934778339435275,0
32.772665918319184,3980.9650182919977,27.479687569950357,-30.974925026379662,34,57.23505531100682,snowcat,0.8068308442806803,0
15.144584650174512,2793.862832972468,15.196560715014078,-13.127266766553173,24,29.98069543673823,vessel,1.4859520357702816,0
19.616560295091922,2902.0443311022573,30.851839303889662,-43.37872867901971,4,62.7256389004034,snowcat,0.5802711734476771,1
31.23431848563746,4766.588367128064,30.193874836184985,-37.82515000837741,4,78.42125308625424,snowcat,2.033592564534504,0
25.89115149447388,2173.402749316136,38.95196276492836,-38.54373431175585,13,66.56700391867543,snowcat,0.13741978466914562,1
51.558834970998646,6068.555764050427,10.284254130714688,-53.206684927786554,9,59.93578853160036,helicopter,8.44537081633685,0
28.757350903692295,6440.963877476397,32.626976125771456,-53.06844905818639,12,57.179676089886755,snowcat,0.07844580000007265,0
16.280081393812775,1244.2858533064668,43.64913751659837,-26.69518402899265,19,56.796764425768885,vessel,1.5627257243129216,0
43.33217177238352,1319.5358927289162,38.94612909954466,-38.795424575114154,20,69.03909533982664,helicopter,0.4943396686403838,0
12.449948528810195,4876.876354191672,48.74291613588116,-27.104125255863377,17,93.79133145840689,helicopter,3.7667370265608957,0
32.01166010207925,8023.605881340232,41.43694036156393,-49.19182961317634,34,57.713044269119706,snowcat,1.400041129051206,0
62.433652759177406,6291.738725871652,11.710379119330991,-43.60070608933657,4,49.82415651567388,helicopter,2.2881615520083973,0
20.93444438902154,305.31147505655736,65.03314578128003,-35.08149409823497,16,46.919453323751405,snowcat,5.753491864282225,1
38.69241395090928,2125.4111485789613,59.70149098239635,-47.818036992199104,33,100.0,helicopter,1.2918280630404821,1
47.952075057426356,548.0770043683406,24.250241980057424,-33.60968610279542,35,100.0,vessel,3.355524710891748,1
24.088277833441825,7407.47893553029,32.36225600688182,-33.78345959755692,9,64.21913359500002,snowcat,2.7337336881560965,0
52.87895807007003,4271.464457854039,20.762521917211878,-34.830839837623664,26,67.43776912621767,helicopter,7.951978834450069,0
49.837984563943124,20.0,44.22618447290685,-46.48192792485677,13,60.085284297428665,helicopter,2.4465507702072666,1
11.570728492914277,1687.5332532479406,45.49563966592988,-15.933374403935744,37,42.77540792822279,vessel,1.2762006897502887,1
22.105908875447508,167.64372361530695,58.050070852597024,-44.56028573449913,21,64.57818609601993,snowcat,8.53901113117475,1
15.365393294806502,1800.6486260965341,33.19264498565133,-32.178538669747525,14,35.68182659189469,vessel,3.3849364836611473,0
57.661680238607936,4699.520247321387,40.293170491461865,-32.1083589555299,3,48.90534285447772,snowcat,12.018612125425577,0
26.346221130493095,1140.6761381187487,21.224576414084503,-29.67973870087832,29,55.12969472047913,helicopter,5.147347964448407,0
67.6318537687428,3279.1475241682456,50.666360844963265,-46.675961678135735,4,86.44733113449308,snowcat,1.3706652764778715,0
38.09041694279813,3929.6559003115144,64.1379060081387,-26.798644330975716,33,66.31246285245942,vessel,7.3954705729046015,0
23.172769870425757,20.0,54.87028150327959,-38.4717931979716,29,45.454604358796956,vessel,2.6248964031755615,0
19.017957784135675,20.0,71.31025577047141,-23.705313480803106,25,86.89352400808966,vessel,5.389992106753816,1
41.41422450288072,1562.4006261012075,32.61190428571071,-19.224320153530982,16,62.49402362888483,vessel,13.935033733536331,0
44.528458892549246,326.66752521856097,17.234780622929232,-29.493522220878802,3,45.12388226106624,vessel,8.113754419466147,0
25.72434939434681,4235.267645224569,7.8489570759605884,-36.9285931581953,24,77.47540703820678,vessel,0.07076827578001377,0
69.34933907325554,1958.898898104859,29.267980514392566,-10.834264548718277,10,68.2942702269315,helicopter,0.6872792985464573,1
113.71981625097202,5150.869085210978,32.64192908319704,-25.109606878573203,20,20.42290117966197,snowcat,1.70119811562089,0
18.752050251776556,4501.249726424474,49.991629974929396,-39.436896446627145,14,68.16794333479932,snowcat,2.0891445716833132,0
34.7533544120473,5583.443273356204,30.77614560972661,-43.755631906348874,25,51.26333876357951,helicopter,2.0675152715243943,0
20.939456505407946,1415.9248538906647,20.38614391471688,-25.529079136728743,36,48.48293468921179,vessel,1.6720896704450112,0
56.5303096704969,2338.884689112173,46.5026999571128,-34.058016629704426,29,58.62500609912621,snowcat,3.37539145247775,0
43.68373015087879,9023.374876253967,41.46453277646927,-43.3029196915889,16,28.382940602587183,helicopter,3.425473480029116,0
19.87031888043438,20.0,55.62127327122525,-29.06900658618871,2,60.205387442717196,snowcat,3.0565147116702938,1
32.23964515546139,5004.718579451214,63.39660923280772,-45.10671287267168,17,70.38602699438728,helicopter,2.5340968971450826,0
47.03713163429434,6033.526405258243,61.216319031378426,-29.06887206934734,31,48.332695170602186,helicopter,0.16487828946962346,0
48.95464961249723,4422.690659301698,42.15464441764334,-26.84584296107888,39,59.07868116842898,helicopter,7.214026068872295,0
48.04785434352876,5683.723276984982,34.99127709673112,-40.27706289160246,35,65.82385793968551,helicopter,3.530576706444462,0
24.84868143633516,3000.6545251709445,12.375276949288853,-26.033905261976827,11,74.34516834403072,vessel,1.6212898321508997,0
7.423749001615472,4448.996007477864,48.85540385680498,-39.23086513033462,30,77.29313217564169,snowcat,0.35244839425909535,0
52.09399566004756,3667.497387992712,54.51114038659731,-30.53289169888011,3,52.57706536709826,helicopter,4.291188538815337,0
14.183007718509161,20.0,20.788269873510895,-48.8263878971574,16,59.49139558281703,vessel,1.4465162380499716,0
27.342654020791954,2346.7973341647576,12.39360627600008,-29.11714008096916,32,34.18704947872399,vessel,0.206527098753472,0
34.948469556986495,20.0,29.69191497796437,-17.390876105779803,8,51.8770112507995,snowcat,4.171640230786097,1
59.65565972718667,4897.375192415343,9.746941212698236,-48.177277572973,7,91.30915506172002,helicopter,3.160831078785283,0
47.385040582533506,3669.214267290973,64.21445283183557,-21.392363707572606,37,45.2928735528709,helicopter,3.8137123394837094,0
57.121089484117704,5859.273551162383,33.298743052570934,-36.95401226730059,10,88.39872210102074,vessel,2.8750318067288427,0
61.92601976202222,20.0,15.418025417303394,-19.438104158557923,16,42.44683880640055,snowcat,2.9076717549556896,0
31.51986544250839,3296.3058427782385,42.81526546224953,-9.335832888252263,6,78.980238744393,helicopter,6.068549610551125,0
99.09254702290515,3398.2244347720166,22.89206955078604,-29.070852924916412,25,69.70243778766991,vessel,4.968164264017176,0
16.232521165689562,9035.09471354427,67.05768413659483,-23.601270437570506,17,98.13871079915067,helicopter,9.994599745405134,0
57.918886488934035,2418.4162694707743,20.589854346578722,-25.68099523030656,35,16.266902416864653,vessel,0.27369857092289324,0
37.56080870583618,1347.2054960957967,35.49721801494148,-18.556005957926395,22,48.98075275493509,vessel,2.0424927000262088,0
36.66597184853187,3095.9646676371294,20.08545761809107,-32.789207425869115,8,98.29635630549552,vessel,2.299462348194188,0
39.56671697943665,7954.831964015488,44.509696941764844,-22.08833203219424,29,66.96959550557919,vessel,1.6735181312996132,0
34.61018734200315,5574.039176484263,36.24602630593782,-38.531344652435585,8,75.88882162109088,vessel,0.28058885095209374,0
38.44366563799852,4958.220811222558,61.733843207538975,-16.62080232600792,12,48.05322025928682,vessel,1.7136924934262878,0
33.502408391047034,2300.569125318433,55.128598134525674,-42.804336297288174,2,43.44972562895526,snowcat,0.6850672201328094,0
18.612166786500445,2339.0746181487093,32.21301983239182,-35.67051286380412,25,89.05960209357106,helicopter,0.6924015622717922,0
43.080714164137866,7475.384163040931,32.59021634767994,-37.72298780869801,38,63.79168996422599,snowcat,2.9477946117745626,0
31.72641909636618,1743.0336745914915,35.91439917834107,-25.47790460633054,8,100.0,snowcat,1.685453014616878,0
64.24434327129855,1506.5825616867119,42.748193800192496,-20.865617891265,27,67.95612907294813,helicopter,0.11149071422726858,0
75.65663707211253,20.0,109.3892423628526,-23.654433613788296,28,80.61695050438627,helicopter,0.6383320791109983,1
55.439329754399175,20.0,51.11818688478844,-36.418555757329685,34,86.09683106002362,vessel,3.8989571078024676,1
68.91845460672316,6411.430914683234,33.76518199011762,-12.506558530325332,2,74.8565820531783,snowcat,6.767400487143606,0
67.96115997919595,20.0,14.442004825795125,-16.034087504821265,25,81.24951500378097,snowcat,0.5158814260814981,0
38.321269864135715,7831.209620215974,13.191470368959584,-26.834112788902697,28,91.3817325594227,helicopter,14.189435085477736,0
40.67868265138162,2232.5649244240053,12.334242590420317,-37.353056701681986,30,64.35528485258364,vessel,5.132136196645569,0
21.330123735503992,4105.656121199556,63.02543383872998,-46.2578152297297,32,53.66795687915335,vessel,0.40758169436312064,0
39.72239508349394,6185.859728860089,27.385743937407952,-21.639320099961864,30,84.67704313605503,snowcat,12.34928079411961,0
82.57672619114321,1192.4023975016687,66.41337294832798,-33.769997042436536,36,97.53755530301247,snowcat,0.886990848497218,0
69.65231219802122,4796.752264727647,9.22801693030311,-18.55823530964246,6,50.72552818930512,helicopter,0.18115261774790403,0
56.40767999698852,20.0,30.866336578955046,-17.67760766575273,30,98.8835084549925,helicopter,4.946278881883792,1
42.614510841132635,1077.3224843238052,26.231053434861636,-35.33299561313294,6,41.91802752959498,vessel,0.39959329700582324,0
50.635276520380366,4312.936384371309,52.16971682363477,-29.875570395547097,11,66.11966128830846,snowcat,6.155021540902806,1
17.193496104008215,4249.6800947119855,11.660458809403218,-30.368690863444254,9,34.481989594570344,vessel,1.73203658844521,0
94.64421258068917,4083.4444394863244,78.90342848136585,-12.660256041524832,39,27.949167134271313,snowcat,2.5668475133482898,0
64.74593758786446,7432.133381429973,20.319974864419446,-34.436095373587236,6,60.44401592819912,vessel,2.0871588115437207,0
26.427108503775848,2768.5407154167447,36.119629152146445,-22.216419934473585,20,74.97606429306724,snowcat,1.0861511982923473,0
23.158385803206407,7824.282714065699,29.660108174528755,-29.174001857962526,8,62.8022396974612,vessel,4.171993790140652,0
25.928580561608534,3180.9539142649737,52.46373008491348,-11.464696630295414,36,100.0,vessel,4.791712972399802,0
43.69929096721041,4809.552085032068,28.936812015678463,-37.97965134272878,32,40.70843860742862,helicopter,4.348449023856995,0
46.7577063176512,5198.772288825236,66.68972195311503,-42.51779789813344,20,64.93548944034798,vessel,0.22168740260181669,0
10.172906460339725,1484.8559432798336,60.95086508254091,-52.5915038578341,20,50.454896198874714,vessel,1.3539393048769122,1
14.442118388943678,3630.733021690733,49.05852710300657,-28.035997297605476,6,56.408990659106166,snowcat,4.330627867131519,0
39.87127634107324,20.0,18.99615543242594,-27.159372204542134,8,52.110841523283696,vessel,2.7333383875158552,0
39.24581083425642,3324.8047599290876,11.711256929773413,-32.61914559348327,4,56.66290445722702,vessel,3.4488897006613524,0
55.54281977161591,3210.3791942684393,42.74849518000192,-19.12347308375065,36,62.024726980678004,snowcat,0.36597575010446154,0
68.7496581817388,4613.268605435315,48.64872016687488,-11.770958494601715,7,39.58525261155924,vessel,0.5095978606296105,0
20.12640022463995,2628.5842951597806,36.50214683873008,-39.327002798425085,19,85.61449540099922,helicopter,4.382315940203323,0
39.30377848668699,8355.08950906749,36.64238140839506,-32.7536612893044,29,89.30873148514777,helicopter,1.0499700357166193,0
22.389391904584723,20.0,75.03237819904302,-50.31769163951992,37,67.55052876599943,vessel,0.926979315591,0
60.84055192458353,20.0,19.045733305490778,-29.30111519045938,18,61.17367613805861,vessel,0.11544039697056074,1
26.193088166424626,129.12363672440733,39.80255255203843,-37.66443848524196,7,59.48048728855976,vessel,2.654941027661434,1
37.613231022043514,2879.58721699539,53.45449306090033,-35.178183430812034,11,84.06425219134672,helicopter,2.4301006607504325,1
19.253169885222697,661.8512333852873,79.45706545847956,-31.86052230775917,2,44.731053641369755,helicopter,6.217598098889175,1
38.7572475701457,20.0,24.970622189171454,-24.24875143824479,7,75.97753512457241,snowcat,0.3842669902549511,0
31.31315078204232,1486.5516822375373,39.25168617669878,-33.305490327927565,34,57.52359104957989,vessel,0.8793633894956625,0
88.36104038251003,20.0,33.27072122484668,-6.453638461596764,12,55.96518264128513,vessel,5.472521057823643,0
15.867004432641611,4090.133275329255,44.12357565699735,-31.42463817989991,13,62.3536150110041,snowcat,0.6731819957384781,0
28.46983710696419,3919.997711590795,55.13432036870002,-47.3042664637383,21,68.04684355663508,vessel,1.4288278519821775,0
30.656663269443737,20.0,44.164525902557216,-39.26346644887151,22,36.23435274621242,vessel,0.26391877746237685,0
27.591549726106262,5612.885608089864,25.274827209599767,-23.044943982170622,34,45.86243922556422,vessel,0.8857941579282756,0
25.81272998260557,20.0,39.271656896852804,-22.515676824261227,15,52.3981147218119,helicopter,0.0635928105506045,1
37.15632442914598,1381.397362361865,38.754952349860126,-30.65458386483202,37,70.3904846718902,vessel,0.23317070289919684,0
36.970697779818586,3677.286914791741,17.871841722123335,-30.609260647778676,38,28.267807866714975,snowcat,1.93561769074338,1
18.702928910938947,3196.234697754739,136.37124908395967,-28.331812761130728,17,83.36545675264423,snowcat,0.6990695328500272,0
59.66399653628596,20.0,28.775680570456625,-22.614306583195912,4,95.71101318509261,vessel,0.2203905233342062,0
54.90739549258967,4336.034562495144,53.73402708051337,-31.030371425897048,18,48.66010538648251,vessel,9.773090687745007,0
68.97773145828626,2857.3593147463544,10.454605988950188,-45.67341532086287,15,65.12096062502026,snowcat,3.4245489190532385,1
35.039331972234194,8683.416865517444,30.445687666946238,-39.16025523494031,5,84.7970008913703,snowcat,12.927188643890265,0
5.647499105841492,4784.983990327715,20.430308272274928,-37.727197935295194,22,63.18732714578364,snowcat,7.427134124126836,0
58.409451269523224,7411.89323550449,27.6550272406758,-44.793776922503994,25,58.99887738334281,vessel,10.137394869011773,0
43.77843543229883,172.4792441611612,18.593572001912033,-45.35888096771393,39,82.86098092538623,helicopter,3.269201191737954,0
43.25998439410845,20.0,48.61162818178144,-26.8112409789992,23,89.81912814060733,snowcat,2.1004678700233,1
85.82493177366068,6976.690566174842,22.80156854993679,-31.390410191484044,5,53.71223085481213,vessel,2.650255341521696,0
46.87829602718197,4044.451008611436,47.37351746295882,-22.62965029869458,2,52.839567399240984,snowcat,4.127115656126717,0
20.95802929169382,8484.406413554289,25.314029223160745,-9.960749487233318,2,74.24264792083608,snowcat,1.6313776089478271,0
40.40244692336633,6373.731700854396,26.467724955670434,-21.70784766303484,22,52.29073738021699,helicopter,1.3454405769232167,0
40.03491290391332,6204.679441560835,46.51068765155674,-22.81427064753029,31,44.57253757056001,snowcat,0.02685041265945292,0
105.45336665427536,4367.535512811515,19.581113297424807,-48.61553822248745,27,53.03076333762661,vessel,1.8117115961362806,0
53.42134823197788,430.30456010523494,38.43612713361861,-23.959168698039775,13,44.68354720043338,snowcat,1.9228740252132372,0
35.40523532932242,20.0,24.261508954435737,-31.315286369724245,18,39.00206148102341,snowcat,1.30707835842639,0
85.17804952385501,20.0,40.36982397721394,-16.812687673280802,15,97.04139652972098,snowcat,4.703277429287651,1
115.43564004940386,1429.2189991624655,60.32217777689933,-45.86932431277976,4,38.84206628569768,snowcat,4.994061714623138,1
31.310078583507888,2968.87676436778,56.33203163983977,-20.375527125038907,33,65.94009067122362,helicopter,10.950719486935375,0
15.783269335075143,2698.6082410220724,18.831463947570526,-37.83494794077191,13,27.51098100392265,helicopter,2.8639222801265913,0
28.118594221321064,3049.502830735158,9.69334479605913,-42.87216524302842,16,96.51445324452723,vessel,2.8585978276084574,0
20.48761420794719,20.0,60.10532780858768,-6.468237567773524,28,66.0882013069795,vessel,1.6850984896507746,1
37.78381084964504,3593.5799880046575,59.91141549401863,-29.903451756708222,27,95.0859793334858,vessel,0.05560922792637068,1
42.255842728666636,7586.380164054056,42.68377747295134,-32.12977091005686,26,48.983554099727115,helicopter,6.471957833963204,0
25.062647362868567,612.3436665370195,40.40506260049944,-37.218450731572595,10,100.0,vessel,0.2764513575912135,0
60.458755111117554,20.0,8.90168896608536,-34.5809364326549,14,41.531876191758705,helicopter,0.4798563510881,1
78.1785676345718,20.0,29.988054046786154,-35.59722720479792,29,76.12876451991598,snowcat,0.49913097010705343,0
92.53398091131564,1101.9094983249197,52.34002198486729,-33.727163657531946,12,15.720631977292598,helicopter,1.5593835645166905,1
75.42532668982524,1870.1850292357854,15.669689804707595,-32.544313288415815,26,55.78233734478096,vessel,4.143777304021227,0
52.312570820000495,3561.091262779022,28.366815971794853,-33.86396075141199,17,63.60099635252439,helicopter,0.35966613488219923,0
34.77154964387843,5303.401582214428,31.610623502369023,-43.67298975428975,25,65.01255557223172,helicopter,0.19404694204863826,1
35.61909558661058,93.48598678726239,58.48266236494845,-30.634815678296057,37,55.26782850122673,helicopter,3.1869475562497462,1
25.14178820383137,1433.8916600694351,28.87476842183417,-27.612397895463424,29,73.12055226392398,snowcat,0.8776559332082526,0
12.135942450362979,20.0,54.10807147884549,-21.523599907308366,28,54.50132391609361,helicopter,2.2164926023067726,0
108.83513599860194,4694.657465527515,57.499033636665935,-17.794363552636167,20,93.92350279908247,helicopter,4.767280899151235,1
86.8972696726777,1811.2099415799378,36.07897414592043,-34.710386790764026,39,74.51218274670146,helicopter,1.8193736328472336,1
45.31319923950571,2259.9227277725695,11.038926826727407,-26.739032830812036,9,38.29597839150683,helicopter,5.222682134887196,0
30.997352869818663,6887.912870018492,72.72804766361787,-21.91200717351587,27,73.03449862844424,vessel,0.8481769119684959,0
21.1463661414915,3282.2337289338766,32.0171321005025,-37.50552660434356,21,63.847312844802794,helicopter,0.39604334504386035,0
53.180407492984756,8044.503867780468,50.763568259878596,-28.251122898407246,4,18.59519852223569,vessel,0.6269298217761899,0
68.75436468426048,5204.880830782018,46.62753077323606,-26.83648800544127,3,95.40550818634044,snowcat,5.756046019462378,0
65.9592594548854,1678.1293436544802,31.677961759240937,-52.39175000678931,30,44.66586442966572,helicopter,1.5534106369759852,0
130.97150272058357,20.0,56.84320746600442,-30.88847902057056,32,67.22976418820821,helicopter,6.366829457182333,1
10.958779290462733,2485.4487955932905,75.31174649406435,-29.15500365918884,7,72.65588631486521,vessel,3.53635487009971,0
33.603272166642604,6023.914282465566,27.346989040769714,-39.055812508858565,34,65.33560412022017,snowcat,2.9824191451871727,0
6.340351901615434,20.0,83.22108237706557,-19.59421408182787,4,80.65180501810009,vessel,3.7590528027427075,1
24.571865489228827,1148.8047829000463,27.43648974376523,-9.902870934283289,5,82.40047393397705,vessel,1.7129433165476216,0
52.45863076304174,472.01001763734484,47.003694633887754,-26.493680230525428,34,68.78257076497569,snowcat,5.056320094624512,1
38.90313356113504,1700.773249535869,37.96367699204138,-44.65037691350991,23,45.876996245373476,helicopter,4.8916067416865845,0
32.90501961753705,4163.383843011507,17.72657370322527,-33.164185392459565,15,67.0156635792879,snowcat,1.4909906121014347,0
89.26292533701009,3566.970700761779,39.14653950032815,-41.43171107382291,13,88.48303678481005,helicopter,3.771608204586678,1
15.080611348338287,3506.687434519909,40.416424257869046,-6.349894941532973,37,62.374631335618105,snowcat,3.264830919428565,1
29.276560213189565,20.0,57.88371484396095,-36.97753408115084,15,35.7068949959059,vessel,0.5886070600398794,0
39.73949807614302,5107.923478306956,34.01978652775195,-28.45773152883381,15,87.82560230842626,helicopter,1.580942723099124,0
16.101525210221958,5972.631737183392,47.726664298949906,-17.389432426633295,10,55.72047936176114,helicopter,0.0454964306291352,0
46.826735440358,2264.419263042001,26.4905851027232,-40.57955412109092,28,82.58254606204143,vessel,3.6011775089563605,1
27.14905238717222,298.6491708995086,24.78351900125206,-39.18682488303848,17,53.98402519682865,helicopter,4.2785213800108535,0
36.42724037782546,5432.252279931725,35.85483935109841,-15.822009640971618,34,75.22611211824359,helicopter,2.1141238150017045,0
28.64771705473469,7001.156773581339,31.272445762710042,-16.200110302656174,34,59.704629396651825,helicopter,1.4229648332314013,0
51.23935031936193,4126.0084279400835,31.559887480517197,-42.01652777144591,27,52.54092235712614,helicopter,2.3427945430037775,0
30.15233060540734,813.5505872063168,34.706478404351195,-42.5613751166394,25,74.77151311985504,vessel,4.276190823283981,0
10.455149333220431,20.0,22.53410798747818,-23.560638663789405,10,49.12913835346983,snowcat,5.168993408541384,0
23.467193898219474,4693.918223249033,58.903337617720915,-23.660079481776414,39,30.160629944125155,snowcat,0.6623391379240107,0
66.24618639880214,20.0,76.11985466388296,-37.23276098503754,37,79.39145649846022,vessel,3.5198291221562616,1
28.818147225087813,20.0,43.77064637460528,-27.087556439679332,17,53.3702528354259,vessel,2.9611310388487113,1
54.07316308957597,3630.746670362287,8.426393515612075,-43.68637827742754,35,70.66026830617037,helicopter,1.7678347281036144,1
60.729165170466324,7706.40044776908,64.02770932180113,-24.253186038064747,30,69.87479140246457,helicopter,4.547650694223173,0
104.23046690352852,6448.304708200914,16.005188578657275,-27.45389209197735,7,78.58090085560369,snowcat,0.9102701505572923,0
28.238173624713514,4139.41016376816,20.237054863558797,-50.193390708863035,7,82.97538387146061,helicopter,3.276279473771898,0
38.06541380443505,20.0,49.699602486194706,-34.783507214924015,16,74.71258880599635,snowcat,2.209541516437858,1
25.160314372648582,20.0,41.72590356776885,-34.20751654349006,15,77.37471652522177,snowcat,1.1281404470061562,0
79.12311884134678,2478.1820829994176,67.08786027406754,-22.856090453021096,18,83.19261089587295,vessel,2.3479561369723974,1
24.589528489557992,8293.816137531112,21.104129609363802,-42.747783579869655,23,54.169690010551,vessel,2.2797506473297022,0
104.31839815646948,323.61751454988826,70.04318035552947,-17.095839194802576,21,52.607657202142974,snowcat,4.80421644727662,1
56.41032369524843,5587.283465291786,18.731336321978198,-29.74630929985407,22,76.9139425844421,snowcat,1.751262367905232,0
56.933503655246106,3926.5954356528828,28.923547181079986,-17.81620264863274,37,30.892371812196977,helicopter,2.100289733713181,0
37.993092740184736,1278.5297537308568,37.9569031086795,-46.822593452347306,20,39.61484833784485,helicopter,0.9229768692020885,0
29.25411268297252,1767.74022816493,44.79129378391881,-27.072572889102428,37,31.578297415769235,vessel,4.206482065259552,1
11.15663264157225,20.0,62.13899524606215,-28.313604843550078,36,87.1315421254699,vessel,3.724525408352808,1
73.66202724294492,4319.048936216437,50.574840468554726,-27.910176593342737,32,86.68297297202183,vessel,5.196606676765102,0
28.916159049767376,1035.1952069909885,23.065128458912998,-26.184719734744732,22,81.47418776551564,vessel,0.17576461763035633,0
47.877161557906874,5545.951667746765,55.70818379318074,-27.056035309066647,23,65.89205427554081,vessel,0.8875061236446026,0
23.43582128656839,2323.6644120264236,31.683894474513686,-56.94516332853621,36,55.93780095223285,snowcat,3.8553960044701308,0
30.65429115377417,2111.002035891009,10.847833366220526,-10.373263346807885,15,60.41942087681517,snowcat,8.028903158700867,0
36.69411815127343,20.0,40.18004597688695,-37.89472676950189,2,72.60515366907083,vessel,1.569954924913808,1
60.93167060790226,3864.6138380006223,46.470131383366336,-37.164646248836824,28,78.88376270877748,snowcat,1.2339999801321855,1
44.760773332689844,4532.355004260264,44.812632510622905,-29.321972295400272,34,42.718002518966294,vessel,9.97638263397885,1
10.799310996044323,6776.486928838476,45.621489604306724,-24.3227196706406,32,79.27679502692446,snowcat,2.348292887408636,0
107.48047734744429,465.3328690907292,37.28581403822842,-45.87643477185574,7,86.57555078263246,snowcat,0.010662297261421604,0
42.77284399552379,3794.9984409870167,21.558483903640333,-47.9745906827001,30,81.29800077181585,vessel,1.0649424187037508,0
43.619191795319644,4199.270099077254,60.442212289043084,-12.32741181344409,24,35.230130092943085,helicopter,4.833282133485002,0
44.19606597911113,20.0,39.91745405407096,-34.18662795347275,4,79.81135952592584,vessel,0.06340283360815258,1
37.88334142295398,1121.6023269440998,36.70970038897548,-26.446616268252583,27,63.425957886908485,vessel,0.6550893978265158,0
101.69064415349865,20.0,45.106914274244744,-42.22769071926864,20,96.20765118503309,helicopter,1.8995639885743598,0
9.242409626531577,20.0,34.09421517657002,-10.681074402007575,36,62.43615054761323,vessel,9.50894748314942,1
76.06830360010451,1812.4156222494494,54.218429836624324,-20.017533254654115,37,87.04313089762775,helicopter,3.5719179797145024,0
31.506811008898072,923.0969028898571,70.41481594838801,-36.72878496999079,13,94.27855473893786,helicopter,0.027229968930594865,1
15.04528759857418,2948.6143309377567,16.954387614782668,-11.610687217894096,5,81.23468095514255,helicopter,2.2232252283201817,0
67.30757524231089,4879.635596286376,13.571719523650486,-22.011891711638334,11,54.02659561090192,helicopter,1.7234460600537325,0
38.8512642930166,4776.637391168642,25.782078550718634,-20.264080204760905,36,74.65015055003313,helicopter,1.463736088244828,0
28.539096069833544,5359.786895130879,19.72618461182049,-19.382266431707556,35,48.88929849978344,snowcat,2.9992555341436624,1
45.483430811642606,2203.0946093116354,41.068431958367086,-34.46987451974366,2,53.7932703186612,vessel,4.987900362193914,1
34.51689661412439,1454.8478973050642,79.46057938632458,-8.358245704145087,15,88.25640033682708,snowcat,2.4060514256302503,1
53.41420690918892,20.0,81.07308670452119,-8.957237697489077,17,65.95164958369467,snowcat,0.9314722853244635,0
39.81474541061107,5098.817360752488,28.203552315673775,-8.496768505540796,30,62.22043876123772,snowcat,4.564230523845514,0
33.45277647719206,5929.178032592208,21.358117779620702,-57.73660715692476,4,98.04321182619978,helicopter,1.6473067024183492,0
45.02761548274673,6758.9461245713055,28.838308327281705,-29.54238266382441,4,93.05921119794257,vessel,2.339601091017672,0
21.36741935142633,3942.8305706657793,49.213265731954145,-25.635760363074493,19,43.47356215430703,helicopter,3.6092288223787032,0
58.833033765805844,1599.7724714870435,21.68847927609834,-33.78370122954862,3,67.20688070621641,vessel,0.43659323126225946,0
40.56815274259073,20.0,15.056789829247766,-29.853409014841176,6,57.172872319200096,helicopter,17.280228926515598,1
87.55908481515691,20.0,28.585307293724142,-30.34054483382254,31,60.20520604768402,vessel,13.373703159290862,1
57.65202378294486,20.0,36.27755479515303,-13.824624781952277,35,86.00931504803464,vessel,0.9072310951286009,0
56.32483909367978,6084.225932994703,36.790618474743304,-15.472295306571938,2,78.63788556571546,helicopter,3.1983069883258777,0
61.01208585661292,4147.178088055548,23.70511153023967,-25.78577535692817,34,33.3381832444375,snowcat,5.844696968140673,0
84.51661062156457,10008.37703073714,16.438154040170495,-24.655220091005127,14,87.56038937902997,helicopter,20.19336894935349,0
43.47531085507681,2638.4990762470993,40.53252357659581,-29.606149251211956,3,55.89186497379656,snowcat,3.8896144710972713,0
11.344825106807718,3171.793182986806,39.31907300605165,-5.835980681467031,8,73.80103829293621,helicopter,1.16356400946625,0
55.67782154333863,4085.5636733871197,22.6031753925089,-25.3975459020526,16,78.81571833701655,snowcat,3.660907434592618,0
43.11155790732958,4794.80720760304,42.62595567157493,-8.984263302385138,26,80.11645032772157,vessel,5.193903813624489,0
30.215249046107726,973.890977437645,38.081648472534795,-18.257727389034752,14,53.75191507654949,helicopter,3.9145056175087296,0
19.660711997765713,2874.3610620893432,41.02487489637454,-22.832356380819995,13,73.89357143354138,vessel,0.867657806238775,0
21.327645069659752,5313.486304374455,37.06394340980047,-48.14371394355497,20,82.21970607429077,helicopter,0.21638065494990444,0
48.761046426204274,7770.8240920831795,23.340208349725042,-15.131252788870151,12,62.44721113055505,snowcat,0.07465932705412762,0
32.20915517494571,254.9098603590205,70.64469979304486,-50.627587333475006,10,55.9532301028556,snowcat,6.9161783358299385,1
42.9259425233498,3584.6201490116,44.22164486074699,-32.204094590491835,34,44.982747767160745,snowcat,5.685678944604426,0
20.836022232220508,3275.7442192654917,21.23070928742955,-46.31012220569241,17,100.0,helicopter,0.5876912249362087,1
81.45331552833835,2169.934023635657,50.42830511969718,-18.17499081623769,2,41.12301446255252,snowcat,0.48796346932619117,0
20.757809340512118,6033.835012277119,58.388893664927515,-34.81531412187742,37,46.545100528476425,vessel,0.0236269675120051,0
51.065696170437015,9840.328062469614,54.58034813323504,-22.04591266199772,9,69.76455402061039,helicopter,1.6006249326868942,0
48.344076322595804,4099.145179456018,37.505600247515495,-55.088601658975094,15,45.23456949849104,snowcat,5.021384382455149,1
51.57602624184552,656.532121903389,33.17947217641543,-19.148172891986125,25,100.0,snowcat,6.200195436929484,0
12.404858300144387,20.0,32.01017067105922,-19.868876875933772,14,40.80501639737024,snowcat,1.1336085598220278,0
78.5963483794456,2779.177860971182,44.44456203719508,-42.215292930102294,5,68.8372673965442,vessel,0.07573120040679379,0
39.630394938729324,5831.037437122221,63.70103158693815,-36.45266435355214,10,83.57117656805178,helicopter,0.6727211271492111,0
24.442822662247696,2377.1222867835804,64.722512810682,-13.829729711999022,29,41.06857568145329,snowcat,0.0063632674274711875,0
67.99180215593712,3777.6113764909715,16.698196521013813,-26.5820150396304,26,49.062742914542845,vessel,0.31823938530587104,0
47.680160921760944,8862.85346590435,25.593830980226727,-19.683754563395393,33,67.48131217531343,helicopter,1.0848321343946972,0
42.5396919575417,4944.652772691194,14.091515876081452,-51.114533619520046,18,51.982483910536416,snowcat,4.119834651966116,0
65.52031021421465,3169.9502850122385,43.52107254350845,-31.875040140609705,38,73.50381887703986,snowcat,2.1380808927151866,0
8.788734981718262,20.0,70.61815509799673,-17.54760733328524,14,60.66994109436068,vessel,7.56782962092854,1
21.72470198107351,5413.805016749056,30.711498481877047,-38.63996803870229,33,67.24281554528089,helicopter,0.22424082385323746,0
80.07716161170498,4674.480708396869,52.97504980452885,-37.672960280736035,11,78.70676175447353,helicopter,1.0911425865400235,0
22.66380647877862,5476.880770082928,11.569265719740681,-30.002903074704008,31,47.59516750788906,helicopter,3.2382829007963294,0
51.176898692084315,20.0,40.86081577094283,-39.085133242788125,29,65.16777062080361,snowcat,4.622798315240839,1
54.25546207025771,2905.1892266179884,36.17359985610642,-12.77909745024347,7,60.48452502618329,snowcat,5.001590115222217,1
46.93780847253163,4740.280155935303,54.82148180502408,-21.192884404488694,8,46.91000820123652,snowcat,0.22134396329579226,0
52.88519144058071,20.0,16.17029577967935,-29.90912008945433,3,81.27521231164854,snowcat,0.4216902105616344,0
29.05895469973785,3396.797150473832,38.18300412622537,-4.573644969752799,37,31.91050119197508,snowcat,1.1506334649661458,0
40.66919510524847,6258.722830333383,80.0977659553296,-31.238648492068172,20,37.893933093891214,helicopter,4.974045821080109,0
35.08129501910267,1074.6870111151338,22.02066805255848,-23.788001669792866,23,78.67664229505303,snowcat,2.9719782335346276,1
33.88607138228013,6178.206865701362,20.260450546101104,-40.783149803978084,30,36.853724924877255,snowcat,1.9239633581472968,0
23.814510816942132,3082.4804732345074,57.34013637320632,-30.24595411463949,23,99.28489632625602,vessel,1.2432090604396246,0
48.130079686371985,3289.846455380155,61.063165817127526,-21.431973178880867,5,35.68032663145486,vessel,1.5829995636426906,0
68.70044949887507,5952.420114770575,48.41905793504864,-21.83544421434892,23,95.38755053043108,helicopter,0.5510216113552937,0
21.854443609705896,951.3644962124799,103.28491053215686,-40.62750832874434,37,83.23881376778857,vessel,0.7177383434518328,1
47.78078757595442,20.0,36.817328997898144,-45.38749948649149,4,33.084064973464606,snowcat,2.990364101786475,1
5.161140167265396,2203.196213387853,48.99505436305171,-28.828767281690613,23,65.70756054622633,helicopter,5.529504969594445,0
33.01631637896252,3984.2512552952007,47.37538192185503,-25.05173815984422,36,36.66937298396099,helicopter,2.0382376414890553,0
55.7356685507588,4049.696081593969,29.79978789108527,-53.43563867426789,11,48.50242849477238,vessel,3.4338066499729383,1
21.856334535477664,3947.189189958825,26.039980017023268,-3.8832077653933155,16,55.60260075932777,snowcat,0.7620896298523111,0
9.369953397650175,767.2672483845895,34.774664335362765,-26.049673279596178,32,23.6668971935146,vessel,2.0518803373092145,0
52.38696466829763,4425.970165664385,26.9127710657,-54.12274675350008,7,50.64523248544863,snowcat,2.3638749156866927,0
30.814437478357497,2684.8326952382436,37.41021838802237,-24.75282590856324,7,60.108147898524685,snowcat,8.109699139961936,0
18.26140398311583,7580.21474578727,53.77330766385536,-49.15096514356514,20,60.23133340168506,vessel,5.896488727986675,0
18.06284058090218,5668.047860691104,17.504791605152008,-42.14192075176658,2,36.596632324443235,vessel,11.114575905857121,0
41.58939936506903,4557.56808788212,19.23494331931375,-24.26240159273783,15,55.154019598784984,helicopter,0.8653181064082756,0
36.791154751846875,2456.1176303188204,30.8377063377082,-44.94466605955787,12,68.53807058109024,helicopter,1.3790191360011064,0
22.52917059849423,1932.1101970624613,33.89460640435958,-41.25376798236243,26,79.41563177853145,snowcat,1.176843404950397,1
34.044154500968645,2320.4284674502146,22.366458474165892,-19.615464810738665,25,100.0,vessel,0.6457640371072374,0
58.432351794896476,3825.589784340246,48.59310242285951,-31.184274227840554,2,87.18854974044756,helicopter,2.6420020632522374,0
53.36847600372133,5935.586459612566,20.80791148772471,-35.28909583004346,28,46.42488039106472,vessel,0.33036250430233305,0
12.323854174732835,20.0,14.362448388022047,-31.9138562954661,16,54.18983739802603,helicopter,3.5566250428785082,0
119.86769597941831,1496.5716414120168,41.724792389399205,-9.445815766947565,13,72.34530307676887,snowcat,2.1174645261584413,1
53.88516484547984,6739.586725482854,45.6030734694885,-19.74751194846369,23,90.34704446958112,snowcat,2.4282247839628863,0
17.78858068794919,1289.2245360598668,41.9940602408159,-46.48232174449921,2,99.82388231743381,helicopter,0.514669541024743,1
79.07886826238541,461.4499334905463,18.43749130459707,-11.859553736490533,31,30.375608020910157,snowcat,2.0475967108454345,0
41.74935441488523,6203.893869747319,13.222527938421816,-34.986249013650806,24,84.77495643159351,snowcat,0.9357014096213954,0
27.462770424295986,4504.858394265653,83.37221784618418,-30.92638371165905,2,39.19557179330243,helicopter,0.7674073915725671,0
1.840403670012575,3662.686576281996,43.17501731544233,-41.55730218704962,21,59.331556028711034,helicopter,5.573522637532976,1
74.62234232388985,4829.680991916121,75.485908855275,-35.485932597838335,34,84.49129642246936,snowcat,2.459379913386826,0
80.01858946930558,2147.122456264343,24.863958033570253,-27.576664924628407,19,48.312494666254764,snowcat,3.6325581984847215,1
62.26227671181501,3103.2329575779377,68.39163704095233,-29.055636658295327,21,55.39529891856415,snowcat,6.581178210810142,0
27.937100361113465,3280.247770715577,69.28549765357414,-9.1940620507992,24,100.0,vessel,2.4125612301136496,1
23.032211580809765,2023.694367224906,52.790776523865375,-43.56901288738285,3,97.26084567456591,vessel,3.8631602446036934,0
121.23351308212479,2005.5801926333577,32.28723545200741,-31.729525756749375,16,74.17358976467557,snowcat,0.9734506128080017,1
46.07803494160951,365.3589942312883,22.440471349175194,-55.06399991904938,10,27.95104862451406,helicopter,0.2864266447878252,1
23.047438161699272,1498.6804426449216,45.97168994239308,-36.829689591667076,36,32.09750239797115,helicopter,0.2779426927125159,0
37.01669028775562,1682.8652408431021,19.62904088075654,-17.489804263548493,2,67.5632764812522,helicopter,1.842026538087234,0
33.37314135071247,20.0,27.440554969677052,-11.875331408201372,35,74.31903124062364,snowcat,1.2195549673366988,1
35.24000548738803,4805.51923096191,41.81387948654663,-10.867402125025166,22,70.18771490970173,vessel,0.9074048842963005,0
12.567502865763451,3800.1689974366145,71.72393151252719,-34.54657457246399,23,44.29784504245869,snowcat,1.197666057151871,0
27.32698795765512,7449.2535041958945,71.72762958417431,-33.71338591043255,11,63.80886423321904,snowcat,1.2322178637884518,0
50.04829950309106,20.0,68.72042794017766,-41.60405993626425,13,85.62330679813918,snowcat,0.5966083154803608,0
15.11926513231596,20.0,73.27201510480973,-32.32197383745662,2,61.73151475428331,helicopter,0.562227572608786,0
30.357859313420075,5805.047678112544,30.61769835381289,-15.832547141739436,9,46.7253716340269,snowcat,2.0837410485430885,0
84.32970548079905,20.0,26.44488525402732,-19.999344031279374,6,66.66576554643125,vessel,1.0230809704152548,0
48.712336239150126,2856.5720735895966,12.766695284866177,-36.084541382305595,22,74.51164208372376,vessel,0.97677954647304,0
37.5760266665287,2262.0124896089865,49.51472746142503,-33.88336448905283,29,57.77149729882246,helicopter,8.59393023474231,1
25.036685866584925,7592.238089893306,28.72462847087013,-33.44564070619455,29,71.10704629347165,helicopter,0.8998804845526325,0
30.229367532187585,2839.064469477767,30.881584020737268,-36.55418731659503,3,61.3600101988425,vessel,1.0020610597238244,0
47.94239503737857,2827.557581748591,29.890914418381982,-27.19927131171179,21,36.08339314228735,snowcat,4.742743677091569,1
19.4089829603991,3655.294131684982,34.75671470361502,-21.11399050266356,30,58.40472724534766,vessel,4.379306289209743,0
78.01366878915559,410.91150605657003,39.227848195099206,-2.3786877901911225,37,85.11129651197885,snowcat,9.294091830568846,0
58.5739527246288,1467.3489694187815,41.47144149920369,-29.855959509981822,32,57.15724094801058,helicopter,1.0984468766823356,1
40.665000212115686,20.0,27.27336812277556,-21.65461964291221,13,100.0,helicopter,0.6741652597927559,0
62.13699816299417,4941.343389356001,13.585790586292692,-42.12169133795335,6,27.577199260313243,vessel,2.6372893105376343,0
99.34111797734047,5068.673077619284,37.06600121298708,-28.719862328351464,9,73.46178563043674,helicopter,13.707812737007265,0
12.449466243244277,460.0918474891191,70.91483447041115,-31.8670195425937,29,76.87538331981979,snowcat,3.9174272224080466,0
29.770325953076544,2223.206699679701,39.842034656664076,-22.005271266109524,26,42.83937555196451,vessel,2.776191391634371,0
24.686831632635208,3473.0316176556435,50.950929569920646,-24.11824904755752,37,63.975367725025976,snowcat,0.3363780056282628,0
14.710253680146705,20.0,27.91981457214814,-21.732635380441543,14,20.69286072438316,vessel,0.821757466387681,1
14.919965922336386,4598.267287999742,66.65229412014016,-31.66099206611101,38,66.05625307219302,snowcat,0.24783100779991335,0
59.04766283159559,20.0,29.87583565084843,-34.115343996646736,18,56.108410350435705,snowcat,0.7647569424467304,0
42.10630161186883,20.0,28.887218179773907,-44.42807461569851,23,72.08514886400724,snowcat,1.3067827634632747,0
5.716042213466864,3173.971649910424,44.65666372418487,-27.499602777403673,32,76.53432923145635,vessel,4.7907094711753775,1
95.4590412088138,4812.472038720431,54.38806450209714,-31.18621999833397,2,60.93004149331634,helicopter,5.645059517402454,1
44.267550671277185,5692.8597925140075,30.819152818455816,-13.586839652132095,11,41.81674532395784,helicopter,2.833514022904696,0
53.90434595856271,4381.397050392423,43.25511825931123,-31.95045332721273,19,37.786163068405216,snowcat,1.035371971344483,0
110.60008208296485,952.3893197465081,107.44929570739166,-36.47405727012613,23,42.268381239638344,helicopter,4.158770796543607,1
65.83033565544022,8543.152617903907,38.502748563341775,-23.167336466639433,29,71.05551957109309,helicopter,0.45514768912057985,0
20.34683730155613,3188.930822732676,20.464182338270707,-46.46924328690939,36,70.59914416797058,vessel,0.7373800638819109,0
48.097798489601914,218.55088976046636,19.777790147401923,-26.527640313417876,12,19.95644730310039,helicopter,0.9346437068334073,0
49.289864572629355,5901.122913540995,58.577938367696014,-37.468255872082075,10,100.0,helicopter,5.669270555774597,0
43.17982808805777,3868.8571749743896,20.977255924075543,-44.58073880450678,27,70.92080549126553,vessel,2.0642513748958935,0
31.072418445160384,9095.080146301949,34.66649208796996,-28.418755048799515,28,55.05005006078111,snowcat,0.338333918838445,0
110.43697236357045,7641.430152076869,22.67519038963694,-58.661173571901664,30,49.90779533827127,snowcat,4.590421087685145,0
26.346570863263203,1808.9825307179226,19.883705806725484,-23.093027492720083,19,56.14597681488371,helicopter,9.788303794549538,1
23.90137706616142,20.0,63.21169395260054,-28.953866759306237,28,88.75617195680655,helicopter,1.0432558520374178,1
21.162470674754186,1502.7639294891558,11.217901553412144,-37.211861915168114,16,80.99943229026499,snowcat,1.999857878789033,0
67.31470609446927,20.0,65.35301078715001,-18.633276404520295,13,62.87451696430474,snowcat,1.2113694209110504,0
60.75732975326707,3106.1632358042334,13.522277929669526,-23.891093914869863,13,85.13066590008836,vessel,7.42143662915506,1
33.83971310961245,5946.898572765653,33.20099693447319,-45.25994684182234,37,80.53095110378732,snowcat,0.06635614628730876,0
35.9071018302604,3073.3455596445488,38.32908497236471,-22.890183751131858,13,61.022519952125336,snowcat,3.0552584198429287,0
60.205739278527524,4436.767457487467,46.27589134305299,-23.88563556070371,7,86.88478819113661,vessel,1.7261875127102562,0
3.0274923811675833,5316.457869242797,28.200572804050328,-35.313514604404475,28,90.57769740034928,helicopter,1.9108297306022282,0
16.0204484102672,7481.904899242411,32.95094945952967,-32.66860476004395,6,88.40513140574829,snowcat,0.2414370362657713,0
45.63722243825304,3496.9313039137814,44.18779015855195,-10.309646004227417,26,76.1007172096763,snowcat,0.43970061126679305,0
55.623188775025206,2346.5427123613463,81.73619643658344,-25.06333794967126,7,75.37450064570328,helicopter,0.9848236536410848,1
53.62755167338967,1287.6521130432511,42.47032382456686,-44.7745223734498,2,47.590735249082215,vessel,2.0915493414021116,0
73.15472348966854,7807.686662262337,72.45495728328277,-28.462254233386123,20,26.1616375734594,helicopter,3.3127358090913823,0
91.98594998724212,1226.1315641122194,46.7231943337043,-48.3197512814975,24,70.30171295264371,helicopter,6.479853444421998,0
42.78967165036031,8556.079634167507,72.18571506785186,-23.792574029538212,13,60.30457536006711,vessel,4.291476551750257,0
97.776395401156,2009.9138946647636,15.799387465750947,-36.72323978750879,26,57.194819770336125,vessel,0.8474524188227845,1
87.35917877656493,492.10123918788486,22.807151354100974,-35.55682146828616,19,37.12286840787286,snowcat,1.4313733454863842,0
23.691086857153095,4282.871116469277,33.53476309050761,-41.05664839331406,25,79.83306173575234,snowcat,1.5478405676027964,0
24.55204487124146,3737.1794870513195,31.563594654759925,-33.92662606727232,20,61.30536759459885,helicopter,3.325678068447627,0
35.53606342736681,20.0,42.47421582038103,-27.136663894572084,22,44.30648642988184,helicopter,1.041595630170229,1
9.59084062248959,5093.880167635405,27.149402170905464,-37.69300470955645,7,51.33191101872021,helicopter,1.6515682520628008,0
34.1784780906744,20.0,64.57149763859007,-39.003780379650905,8,43.27007763317317,vessel,1.092524945972978,0
22.738507605375954,8441.700137396205,37.63665415324389,-29.016367823133518,4,58.595590576886714,snowcat,7.837959871071385,0
33.554926370813725,20.0,31.287212766960106,-33.670767459255345,19,64.69248434717241,helicopter,0.5897486455176588,0
122.400294063904,3884.8316219142316,38.869245711656426,-32.8796333909071,19,74.54703732020705,helicopter,2.1296573418500633,1
26.893126520926486,4627.100398876477,26.160029753404444,-38.18123201915854,11,28.393134463115707,vessel,0.04926883157899613,0
26.284181417736967,5889.616512529894,37.72996630908585,-41.369063636126526,37,67.69918899556617,helicopter,0.6935094562335573,0
25.54055592685234,20.0,38.16581064369628,-31.522440506931805,11,33.953087513429395,helicopter,3.1000307333325035,0
65.49535827904637,4566.779460363095,22.402315735163327,-21.31136267993269,8,56.422230905085506,helicopter,0.11812686480998696,0
13.849552927300513,20.0,13.32057257423494,-30.854306274146577,24,73.27513842391781,vessel,1.671221825828619,0
38.98122369179603,3751.853318930448,8.759444601411372,-33.62094670804412,13,60.32585240804309,snowcat,2.41895816797886,0
59.01382347531022,20.0,52.687887465889986,-47.14005915351456,8,23.72702253642909,helicopter,3.7502745721731086,1
60.309008929145406,4571.953231287376,74.48151929262629,-35.70657412522104,35,55.45755930934948,helicopter,1.7806640148719102,0
34.790768045861945,6922.385643440295,29.43006806969176,-36.434921750741765,15,96.19781527388469,vessel,1.695082526020974,0
9.677057444644852,2148.387148850185,55.62520719969025,-28.971362100646513,26,85.53055318168178,snowcat,1.0739614366925045,1
49.11961764459993,3277.5413282720574,36.46270083584464,-29.444562724304483,29,100.0,vessel,5.64622649977836,0
19.973192212578603,4853.878550680691,48.662631474022355,-2.077005027664484,23,66.28852822069044,helicopter,1.3415881987573266,0
58.592405967871194,4019.6816093836173,54.037440920308896,-34.32588023830184,31,50.442384386576265,helicopter,4.760153016095193,0
39.08782143385703,20.0,60.568450514988605,-20.34945601787997,33,56.87161024636047,vessel,8.518796197148431,1
47.0433197915038,20.0,37.663157267481964,-20.003159950210247,35,68.16290354283656,vessel,1.16125754841912,1
76.46945931781673,1786.8503625823041,18.736733281097177,-22.469501975544212,20,58.9035607614404,helicopter,10.104804934505887,0
33.65108212167155,3342.698242633578,31.936270214665768,-29.91667219845307,32,79.01628567233159,vessel,4.01510998051969,0
97.4849262849397,1577.882757998758,54.556538004999084,0.36945468729515696,28,75.77649145303693,snowcat,0.764220863440054,1
38.34654546958806,3291.2312545791715,37.3141461655224,-40.17928767895846,7,36.167106448132316,snowcat,4.837625711355313,1
21.009959338711976,6027.276446700718,11.951526984556399,-24.177383783925496,19,82.33861886181413,snowcat,4.323499176092286,0
31.78512450207976,1916.1482843246563,64.09661512065598,-21.293628187019493,11,68.26741883825933,vessel,4.860556407880409,0
14.896001097940673,20.0,9.53234276071351,-49.728078585772764,13,96.60458871787682,vessel,0.7928666008734646,0
24.15552706493046,4494.8189552352305,27.953128563930093,-46.9322642733437,18,85.22154465918584,vessel,0.8878610870223277,0
43.0396585485061,6678.193152899967,20.37461772412741,-15.178175769461628,22,87.23634958487273,helicopter,1.0287605893033884,0
42.79814022100232,3860.5542010643553,14.830559629248338,-26.38987568441046,34,63.42936806965158,snowcat,6.631945833799481,1
28.67866543412912,1598.783650925213,78.95732158277406,-43.77895840621095,37,38.75869302432146,helicopter,5.740197324700512,0
56.35734730920599,2475.2789192070695,37.61968315600662,-15.415729859793041,2,91.3155779521712,helicopter,1.6801902291095772,0
91.36085244848873,1558.0357600725772,33.73517061599136,-32.13415725831496,20,80.0421644399404,vessel,1.655086546026916,0
15.820195122634908,3868.4802504112768,40.44452194350768,-18.69419588473123,31,98.94549696407877,vessel,7.781225812216871,0
71.7982436872252,20.0,27.736151482292716,-9.639806026007207,34,55.52794348199737,vessel,19.90934922986097,1
13.995093731014675,3287.834459375396,9.465635792908122,-32.31575555515531,34,72.05862732278852,snowcat,5.3953647157018265,0
44.441665369060985,2474.227850057798,66.79980274494125,-53.207427743477275,6,66.19914882353011,helicopter,6.422226766340304,1
20.32804826683239,5700.244570160248,20.576119272908752,-39.30851548065644,23,52.29064517879711,snowcat,2.7562200308261664,0
63.1080367092303,20.0,52.36820552314946,-54.08175780398142,22,32.19706639868751,helicopter,6.679340161706313,0
54.70011329382419,20.0,18.62689867598153,-40.89366634461179,3,58.51775276383212,snowcat,0.9330662038346371,0
48.288598329850565,4059.29412858066,52.496225089785085,-13.432558343689589,32,49.29774066345415,helicopter,3.1659512368990526,0
56.050276054504664,6906.673222455931,7.761643038671573,-38.81619578929417,23,90.2819289268307,snowcat,0.045903529592600516,0
8.155574222611172,2567.285462264126,39.76463918788008,-43.367669528398984,34,72.2924629597145,helicopter,4.909805862305448,1
21.924076833994455,2305.42107321685,73.43224555381161,-11.433795242387639,13,55.305048571715005,snowcat,6.5267026834345865,0
19.289071680101067,651.8520346850764,42.86815268122229,-32.392215771503665,2,89.0548273195896,vessel,5.003950687301297,0
74.42825752621742,3116.1109757170575,16.79341056828935,-27.325823593131815,13,83.16689482419339,helicopter,4.459856013353031,1
27.465173160605477,105.65894646316383,36.367117684584095,-43.178927064546556,16,68.52370706812906,snowcat,2.3117252213422983,0
61.52880142541409,20.0,8.64595726168375,-15.321650036549105,16,65.25710017400645,helicopter,0.8506729536507407,0
60.24266433306558,4622.253397977213,25.209888834204698,-29.63461385881375,3,46.34399950938251,snowcat,0.7973564718941129,0
41.1800246436833,386.3443624923516,70.5743957879669,-20.6551300681381,3,69.69374134848506,helicopter,0.5327968928828837,1
7.11740550697383,5001.371480155647,41.522422055306485,-47.52477205263004,15,62.40468676972485,vessel,0.35477693946428007,0
15.207292385853918,2810.6481901038824,40.00372331134201,-14.556418273128747,10,89.27828690385516,helicopter,1.6274892452477405,0
29.778882349534292,5932.59996845569,66.69105709015889,-26.24847539050279,23,74.63924182664914,helicopter,15.670888030470412,0
27.356506069086848,20.0,27.67682973797093,-38.90639475349699,21,59.254063591796765,helicopter,1.109596501047911,1
58.13136972893674,5388.753926334728,31.452831522848935,-35.210437810714794,28,91.62569368300146,helicopter,4.144442180857565,0
38.37623842036082,3024.798701940528,26.975957481475575,-36.48672161563325,15,54.229642216710815,vessel,3.311944824390186,1
34.64232625081874,20.0,22.815344378183337,-27.05717160342968,13,57.10355167197731,snowcat,2.7708150393439217,1
37.79941234615567,840.9768041120319,25.42849918398258,-28.700155702830344,32,67.93578506196404,vessel,0.8802240935027509,1
52.220307815494515,929.9358801385106,47.69459183919453,-11.024438651575313,36,78.51258035773617,vessel,6.1907570560469996,1
32.73911253718381,4178.957964341786,50.473449204151215,-54.50724139775956,34,74.2361469355605,snowcat,0.1822964825730917,0
70.51521366312261,136.6515342995026,14.921474607705791,-22.865039842875596,21,100.0,helicopter,0.3754104810165373,1
31.24492423844693,20.0,69.87964614030807,-49.56069799287148,5,77.71514563525778,helicopter,0.27976953476641714,1
109.74557797261244,1787.1401865111104,61.41437071188029,0.1361330820183113,19,29.95906683315657,snowcat,6.820670816776586,0
29.46571040893869,5768.862151517542,34.33740869032179,-12.161709379241724,33,70.27015808441539,vessel,8.62416043422746,0
31.80766332093893,3373.1699281274105,28.269721163319094,-30.63029132066617,25,67.77900171722054,snowcat,2.7902818881051323,0
20.117278907114475,2134.4242204700413,25.76478595784089,-25.049938028754916,37,48.383753402975714,helicopter,3.659169746437825,0
40.65828891539414,4756.563693424254,33.61748960080169,-29.28696023186554,20,62.265920327270884,vessel,1.5567729461864084,0
33.42237442691664,79.199117483809,36.865159297431504,-37.530384738422924,14,39.740971113047834,vessel,1.110873911873517,1
25.925527300370415,8366.40956733684,24.442171000379524,-38.92666062082814,4,71.438379403875,vessel,5.978122206326806,0
20.42574999501071,7984.827830948826,24.98129342595563,-30.57857775317388,15,63.507487793446494,snowcat,0.3859823144320302,0
10.028478639593443,1580.830912389397,20.827305378298625,-62.123156612249886,24,46.29024201648617,vessel,0.18663910879060672,0
65.77925687304149,3253.6680463075822,113.48105240727479,-14.346305117282837,24,56.07014196376087,helicopter,0.9610230755512456,1
24.768931329701992,2637.9768840888464,30.37406419824968,-9.598128290549717,6,89.77551731626141,vessel,7.656459273713368,0
31.890275364878946,1391.5958552713014,89.13573108013784,-33.21027554094806,14,67.81182007201156,helicopter,0.4135195112900935,0
39.35140576059553,5709.378932717293,28.596308339266187,-12.795372621218466,13,59.607855046781786,vessel,0.5147174187454402,0
14.25934282130546,20.0,28.34783617320071,-36.24309381605026,39,51.33897195919372,vessel,1.3800295801326354,1
68.19347810124412,1840.1502963180878,29.57755961764143,-36.87741333527686,36,77.65982918559172,helicopter,0.7580625168641273,0
8.239278484804993,4481.401031440671,44.11071842393162,-27.665038140306386,28,82.05586168570599,helicopter,2.4531919200577246,0
83.04795018290744,7618.554328925134,50.61444994328692,-23.841961326194802,34,80.22245560645689,vessel,7.129503421273737,0
67.47275993649811,7029.251362254456,66.00448381421064,-40.246931299864656,2,78.45534917150779,snowcat,0.052453335934380646,0
58.40523931854973,883.7216247514589,30.19748809041922,-26.069096796065047,29,86.56844576880314,helicopter,0.6402603336893555,1
62.686728780637765,586.9656224877899,52.233502653297286,-26.687993702280004,21,58.89989718603189,vessel,0.2359766292719934,0
36.22249227801593,1682.7539174081915,22.3404091124157,-57.17437318159375,35,51.08417206781972,vessel,4.202067691646182,0
87.68016479708056,7229.104986669093,71.52723063050976,-33.42673790150039,8,72.73007112158209,helicopter,1.078112986024349,0
77.20171410531722,4147.849641518747,18.36866325324532,-32.80319758576741,27,67.88255298678537,helicopter,2.565171948139544,0
57.789297487883275,11475.09321873148,19.554116294195147,-37.439404600952,23,60.68925463661757,helicopter,0.41775506150182395,0
5.560159038169311,4827.61664365121,35.50413390122425,-37.40159852285259,14,66.69669941202139,snowcat,1.0783069182724077,0
42.97150880061853,7986.593305911862,42.16920038432232,-24.308054984275092,30,100.0,snowcat,3.3917570515982445,0
66.19715982168246,2653.120510264251,29.640788275736504,-49.258149236107045,18,72.57194675597623,vessel,5.1176859188533586,1
40.64259266858751,467.4646877916316,38.63050300038194,-17.072584442622766,18,80.50946678007585,helicopter,0.39311390988657835,1
50.2279624827185,10140.858998986272,37.345271352540166,-31.61503491661316,10,36.80807283427036,vessel,0.9082589413760183,1
58.77099642966466,20.0,25.867865548947115,-15.182045427161615,3,89.2671541452378,snowcat,6.234381738715156,0
15.795735106510536,3761.995017406261,46.21772460518158,-37.631464243517605,22,66.70642365858964,vessel,1.7426961344389271,1
74.71676663315822,3292.8632735204983,43.428223714969945,-18.412230823078787,17,68.51468309406874,vessel,3.1279267270877513,0
88.6879936902903,1161.1587400460885,49.72348768080604,-23.457989335597954,21,60.72758571065035,vessel,1.257250178107319,0
68.86985342702542,4014.7607381941402,71.84787427368279,-51.47193937803475,13,41.54525957693049,snowcat,1.502992611859284,0
63.91823713867886,2482.5901642275935,82.80882926039176,-32.251502083516826,8,34.35040279077653,vessel,6.366764067114129,0
46.22035523031923,327.80159723347606,47.418641466039944,0.38792883203859674,11,49.43326807211142,snowcat,0.10224897347662174,1
39.819098743338834,20.0,38.23586801616869,-19.850186208031566,33,100.0,vessel,0.43618476801624684,1
21.9999407551904,4253.633621755487,49.942421195565046,-43.25761784372804,12,95.86624453232824,snowcat,0.5349246748786594,0
159.0771520190169,581.4322371694716,45.420172305866686,-35.66040449279793,2,68.29864400996266,snowcat,2.605499131106529,1
51.32685655882171,1365.1899315406522,15.853866652270039,-20.066947423405953,8,73.14109308137247,snowcat,5.257078765865667,0
26.461609340303163,456.58957382564995,14.916275821552453,-25.941936910346712,9,95.36174321059931,helicopter,3.2046587405472273,0
40.00724365252048,537.5096567008873,52.54713044817344,-48.186832200961035,39,69.69500626269149,vessel,3.073282138177488,1
63.13472428906799,2481.5309715887806,56.45510539824073,-51.12025313894492,8,27.212711597628136,vessel,15.12935175976445,1
33.94880999228339,20.0,14.948775058739159,-21.472066344797742,25,90.74402020198377,helicopter,0.8573634327029827,1
52.31852511320173,1982.5707856260983,22.608695501097,-33.38516687392481,2,66.38166170437513,vessel,0.10696908894742142,0
32.73070067289015,4646.903423591101,57.787187908338325,-17.173831051718288,4,69.70377800774516,vessel,0.5889182770547183,0
63.09061813124145,4749.560065823695,35.432240584555146,-25.890356510446132,11,64.60698688267594,vessel,0.5423760503219112,0
45.32567007800916,1420.3725194121605,40.16134347076609,-39.82299647423248,30,60.86865377649656,vessel,0.9834098489488898,0
61.87548033522619,726.2557163050192,13.948614331252664,-30.478785606734313,6,81.19997084169512,snowcat,3.548374746698627,1
25.45769883893556,6486.822678601002,51.75021327915361,-35.12178665648942,13,68.20312760297321,snowcat,1.9552240754988297,0
87.72814281197293,4140.249713604884,14.138074127614752,-26.535395950309386,10,69.77583877110816,helicopter,2.9442768122135354,0
28.974132038963187,4466.780546425867,51.509375077363885,-40.78551863026204,23,48.22199074358103,vessel,1.161755994254258,1
50.068086920359264,6690.82496144424,78.51311943883337,-48.22415470667446,21,100.0,vessel,1.4584451269404632,0
17.052385658109625,6065.262500211371,84.12584208188616,-31.921755375313253,33,91.62482886831226,helicopter,2.027114370232055,0
22.683261159282328,5575.191968613536,53.490533858850505,-40.29571083414939,20,85.57421431739289,snowcat,4.3265612970298735,0
24.158191702279133,20.0,14.436513022101023,-18.660887670397642,23,97.26711486197219,helicopter,7.575464216554981,1
51.156913653228564,1214.1347712271197,50.511209215634025,-32.86883073964836,30,68.29470149715148,vessel,0.25541965553210133,0
39.01795434262422,20.0,31.554851664018795,-26.8652495899368,8,85.79400330810714,vessel,2.581054717787051,1
31.23221295073465,6976.768359677444,14.59703582190597,-34.52409763135029,6,82.333321549569,snowcat,5.552136860556084,0
26.94919628141985,1870.5017055284686,40.837716777121514,-28.079792745693382,37,68.22198180090074,vessel,3.8458343871372738,1
89.69625121555194,641.9528424009713,65.92137718177297,-22.718095512613527,5,63.9448797728224,snowcat,1.3837795243329063,0
35.02893887292168,3864.0635765844945,9.11542927042122,-27.132644814997672,25,65.12327345015126,vessel,1.4716240586942861,0
42.874159483063195,4816.24661028001,24.919716706468968,-49.634052068741155,5,69.33320265755785,snowcat,14.173165717117092,0
19.25194690660204,4360.223284587506,74.67221295785212,-35.33841690036844,36,39.459639445319446,vessel,0.47140058371650706,1
52.27702578385839,2986.611076158604,29.847233216769254,-5.493147838994396,8,78.36580950079774,snowcat,2.091228411232863,0
72.32394360137069,6527.520426874567,30.907956828871722,-25.534563531407045,14,89.23316601500184,helicopter,3.24317906958105,0
63.69734124554803,1932.3389330918392,24.865159998181376,-35.378377070906694,35,54.27643800044645,helicopter,1.0631424591949714,0
12.434707656068621,20.0,9.644120354643022,-36.12698146178766,18,55.402842356634096,vessel,0.9054269199109983,1
32.980189754969,1753.2828860586508,14.531103647777645,-13.165558649436107,38,51.97572359124232,helicopter,7.059757941892227,0
55.43784946585778,1636.2468202443692,61.10112969984129,-23.66125339239435,22,58.37997998077423,snowcat,0.6168457997809064,0
54.51490420865614,4862.062004900428,24.37738203822466,-45.16637628002521,18,42.55041446523367,helicopter,0.290776941404436,0
10.083798492867905,5738.680093236517,30.987805993520595,-6.014354263235312,3,56.51187851355364,vessel,0.5775438561643154,0
17.800170081555063,671.7602244570944,24.475640551785297,-26.611684469156067,3,85.94824553455727,vessel,1.4532441934628828,1
25.019144733109393,20.0,27.96011110030236,-26.893278764393425,22,43.98283526864816,snowcat,2.361759475658391,0
59.41813908757611,8863.254983104598,50.592577129007374,-12.241868226290194,6,61.37589620915018,helicopter,0.8688548662337608,0
36.81184595000336,3555.2283109470973,87.49636215702579,-28.047454015099408,27,80.10527367360106,vessel,0.2840993667080194,0
24.551812351969588,20.0,76.25619672441674,-24.891287347236485,39,72.96198057752198,snowcat,1.906895500987097,1
64.34637728408708,20.0,39.42088294252581,-48.24179070954582,16,77.1363065384185,helicopter,3.836885064614531,0
55.32125966193715,3651.22057426743,58.7829036830577,-31.06896771458444,22,76.10178123090452,snowcat,2.816108969164646,0
56.854636783776385,1428.383963109753,67.45879306446464,-45.15198709039271,21,69.34052135476871,snowcat,9.187116346440625,0
29.925994973628402,6695.8033686982835,61.392112442316,-36.22526876642478,30,42.71787173653284,helicopter,0.6167564214109184,0
7.248158326562872,1439.864550640777,18.06019491925946,-27.003879477177396,30,67.07172189209398,helicopter,1.2309687431507013,0
40.70156718591549,2753.419766930086,39.99049098065636,-56.897970934158316,22,52.79501345446532,helicopter,2.7106335536190302,1
22.507218384318453,1178.543714208059,50.869615898440486,-26.10532597750765,39,82.05449806024637,vessel,3.5849656576402595,0
78.7910091149564,2566.8145520997978,22.42731476833917,-19.933394303324842,3,52.35217545509576,helicopter,0.5473449877580897,0
49.542225327573874,3165.898690425316,20.18194479725573,-51.98679306998052,7,85.50543470195134,snowcat,3.490503935224269,1
18.322694018611266,7003.255175613469,44.06539814587433,-38.15182292859854,18,67.48224455054138,helicopter,0.8374700432112379,0
19.249419450882662,3891.109336912844,41.36184170457146,-48.17154562192016,37,75.14401863343939,helicopter,4.013736658512574,0
26.58176062228892,3243.901123613067,66.68558923333335,-23.77301824577851,38,78.37509392072478,helicopter,2.0008693294218673,0
111.79309921824527,5226.777305166048,13.748708178068167,-36.03093604598656,18,92.93334562210458,helicopter,0.7925088890735729,0
60.79601664483356,6925.802003904696,12.43949395343066,-16.511077418204472,16,83.43373849569025,helicopter,0.08983741236446383,0
88.14372735146411,20.0,72.50190774919594,-45.74132673578394,13,58.443375152695324,helicopter,1.3483339113629422,1
10.81559277868839,1005.0302867256696,28.634971417882575,-27.63532740175773,9,80.08722730849796,vessel,4.711412392855031,0
27.919967375897812,3609.154858467474,16.573358870701096,-40.02707590333175,25,75.0484527908321,vessel,1.5265255090000136,0
86.12338950134205,2992.375146356281,49.33580477659551,-29.80066111210929,23,84.60891597784976,snowcat,3.184346986231142,0
102.83763257143855,1154.528202680164,32.54526701094847,-33.93520677779087,17,68.88462375624529,helicopter,3.04098099033539,1
65.21800419105537,20.0,59.37004462979588,-21.564468354603562,26,96.97863229757313,vessel,1.4968941270018448,0
79.3093886914212,2145.4621044067158,35.91834682274406,-26.542594146726305,36,70.75556622638504,snowcat,0.6861061748009546,0
38.414286050413004,4122.773792855476,19.169802960158155,-16.22626504450505,34,36.02187582492651,helicopter,7.462722800901517,0
23.57870331469253,7319.603774502977,17.13138613345654,-31.158333622037826,32,69.06134972462964,vessel,3.102388739025111,0
15.261112936520739,3082.664531757495,10.773043218878307,-40.95480241073245,14,50.42719058565288,helicopter,6.993615837748022,0
76.31527685414694,3020.083268779795,44.371627432561986,-22.640343265335677,39,59.01893759033364,helicopter,3.013986381858664,1
45.61187921851867,647.6340107775018,14.750529993958475,-30.891142099999094,14,65.20492995113916,snowcat,3.079216485249975,0
132.51952478892852,3004.624917747946,32.07067617346107,-33.19412680733944,11,77.07599258444284,snowcat,1.0751804333201365,1
12.609881150378767,1505.601922466866,34.37271838378961,-25.91762653665873,22,59.4764278819371,snowcat,3.4943039267950784,0
41.3654108948107,4693.441820788905,43.40388675393605,-39.10255117613964,5,97.21718239330569,snowcat,1.8838143747764982,0
39.69233527930435,4368.820035882116,28.503413596449477,-8.636109966594372,37,68.6771490058538,helicopter,0.7981202018124189,0
97.64515129624958,7240.528316377732,18.435351326522987,-17.38890000393197,33,62.37996799150196,helicopter,3.1718718618201143,0
27.58619326646992,3847.172447289617,28.442650266902096,-25.613056009104866,11,86.99129495558498,helicopter,3.2734756208394016,0
39.241582961075096,4619.32253063821,36.408041713884394,-26.93030353775411,34,72.8620110152179,helicopter,0.1652371246758517,0
68.2190397056262,20.0,64.39806837507768,-29.4965568668392,10,38.49006630351683,helicopter,3.0370490595341604,1
66.98497605000722,4014.8397474392527,73.10883293933175,-36.229290480765705,31,44.92220029071112,vessel,1.2083279161089961,1
9.17506776574381,5218.2415947571135,61.79223248176703,-23.930230709674724,15,100.0,snowcat,0.1778591833342202,0
42.026545497082466,3344.6633777294005,41.72012302032104,-35.08331426755214,3,66.99902866949101,vessel,1.8419945740183326,0
28.862240972385827,2866.827444440399,28.102298483940793,-10.297409346518542,20,66.01056458752649,helicopter,0.18085602350035518,0
34.30323304091388,2466.287820785975,38.54116932640359,-12.776680836769476,14,92.26621152676705,helicopter,2.8756365773645123,0
6.716528728866739,7938.089283275464,51.805877104691774,-27.353234210129024,22,66.7932329417003,vessel,0.3258573438088699,0
69.118370131497,20.0,35.56685127537627,-18.898590405633378,2,59.92378261278327,vessel,2.384255364694673,1
56.28349495642133,6769.115054832048,44.96126753792395,-48.05449492809646,5,67.28409630423974,vessel,0.214565065514369,0
46.06458357778615,4209.671114922027,37.199398594661176,-28.00718431975581,17,60.02046216375797,helicopter,3.109136280908391,0
40.08175351652256,1533.4994737665136,27.358188745442312,-51.03217818860852,38,65.16118650578639,helicopter,1.7371928820648586,1
21.848024608192905,4616.823670794263,34.819347789294596,-28.757379695233343,5,69.07666407510888,snowcat,2.4924924808599638,1
73.76328904925921,4237.278467765618,19.16468017749885,-39.66210477877413,31,75.48134789612496,helicopter,1.409618220698924,0
27.782863479166576,33.779467509160895,33.09483111692684,-19.138426850838606,39,62.466717143149225,helicopter,0.8965772514725605,1
41.05563177604665,6178.684638058165,47.788278216527246,-29.035399111022,33,65.9692060928005,snowcat,1.3028756540261448,0
31.328069097870884,3625.078234483255,49.072843686836336,-34.48002015272529,16,67.66830291760664,snowcat,0.882944623751894,0
21.67211975240341,660.5577809738393,84.60246180234569,-34.28178502312695,21,100.0,helicopter,0.4488791501509764,0
16.248962172615798,7629.233494064237,31.97769029221221,-56.36158796230433,16,75.81468327101578,snowcat,0.7339946320231847,0
102.12225976972833,4828.7510422685355,30.597198696983043,-19.39417336334413,2,14.90809612254484,snowcat,1.2840618165779834,0
25.76330721630916,4180.5997518059885,37.34752444783811,-13.456909525280736,27,63.36066666051709,helicopter,3.567595730180387,0
7.186821840745372,6130.3263372091005,55.63083453274938,-20.642397740228134,12,40.87241340816921,helicopter,8.456738512863176,0
54.75196749462363,3097.6721332979296,74.65471475348555,-35.963292324713706,36,59.64696301522927,vessel,0.46811469875102485,0
101.65255289955259,5606.109290415661,72.23854174439585,-40.42342992218741,17,60.441130841155285,helicopter,11.70264675423443,0
104.43736563166605,5420.954459614476,21.595902500472835,-50.10520798414949,2,34.33325590445103,vessel,1.1245045925918693,0
35.86291880449877,1379.7099251263621,43.916689627056,-34.64391855038899,38,100.0,snowcat,1.8476173378003402,0
61.35052309734795,2534.4802044549347,54.44122646032866,-57.71370540943509,27,68.76092882666545,helicopter,8.926095876912012,0
27.872849192430706,1630.1998873960506,105.26545347394018,-55.649500068157714,20,86.48325686153457,vessel,4.118512119866243,0
140.21854422781942,7199.124666126706,64.47667317634198,-18.395654083273072,17,52.25038836607648,vessel,1.3327766003252222,0
29.341729736997568,20.0,23.929939586811088,-10.780671011760354,15,65.0383001860025,vessel,4.5535506433374335,1
21.757623347695137,4069.402206875959,82.0601325601562,-37.46638725985955,8,80.13939990176048,snowcat,1.2171573750070868,1
70.30838199074155,7115.825345714783,34.0372799500934,-24.34526419586345,32,41.288050348177336,snowcat,0.13513283372329343,0
76.87097533460269,20.0,67.47228906735597,-35.92241917423061,4,100.0,helicopter,5.7995461678125135,0
35.94862532277362,3200.9584108238796,72.68518190438745,-15.868234528499627,18,90.20532738771999,helicopter,0.6284651620889324,0
61.770192415704535,6642.024310336821,48.28891903623158,-27.272958899367623,32,69.92394450430346,helicopter,3.8245158296396973,0
39.89929292117182,1932.975556821079,24.44578227403786,-22.603122697502755,4,53.852763896383806,vessel,1.6851984674338323,0
5.077623445007343,3446.6409252705967,40.35506558775183,-51.80489641573867,34,69.97824283997842,helicopter,11.211439364382057,1
25.95755021904369,2349.656313711732,50.576013036715075,-31.123814179046708,25,22.446327259871772,snowcat,1.0035847227183972,0
14.25095449448421,162.88556662935252,76.40660813659277,-36.31937951946058,26,73.1803229378805,helicopter,2.7556467251873533,0
44.11555822174921,1877.2781574762055,48.64875184387393,-13.553383873936347,3,95.41463152845003,vessel,0.010703181638215317,0
49.68802846676798,1076.160127764904,57.92083485640746,-36.55014188775803,32,36.80647817455596,snowcat,4.3414503523679056,0
38.13719364322447,20.0,41.513657397774786,-32.9874964543541,33,54.149515625542584,helicopter,1.981977297201517,0
7.53885474005466,7341.812566401413,61.09066882844243,-52.31441681646342,17,47.775750494879404,vessel,0.6890521788452245,0
34.05887601091235,4342.615091430318,24.997777567159805,-28.161953412549256,32,88.56860310053332,snowcat,0.7588243027571782,0
62.646449299984816,1853.6118268304108,60.27371698918918,-28.76374802292833,2,75.96355459799948,snowcat,0.6897712867347741,1
89.71432951076133,1576.3372979955122,19.89606585893349,-33.472774449449155,29,53.82311068250444,vessel,1.1062706467547059,1
41.754086484904796,1733.405324128858,29.66662481542472,-14.710609881483952,35,65.116274953716,snowcat,0.8895490926833807,0
9.883625291120293,745.7636194002152,40.95025096229418,-29.76078564511894,9,68.85367874623705,vessel,3.3374213156948653,0
30.210152561279834,1837.2717665699902,50.11777946473923,-37.55027578460071,34,42.13793738551591,vessel,1.0204196935162992,0
55.02165670864229,273.3818857364945,62.223961093678675,-39.60653916982951,38,44.0062918058355,vessel,0.7794738073709214,1
22.991303452599446,5105.549146059244,31.42217988137478,-21.00908864063635,18,55.794276043562384,vessel,4.147698105185546,0
93.68135267588015,20.0,46.2909096691927,-49.452502010861615,36,47.74510494630766,helicopter,1.1775803272790504,1
37.39137564724926,3605.9192457715726,30.930458859571704,-37.95579596157256,9,62.992966451859814,snowcat,1.6911703608345698,1
87.24190899344411,348.8963485343729,31.02156685362612,-31.520969625248437,22,49.35097980246553,helicopter,0.21119095772264296,0
27.013595881244942,5732.094963321068,33.802213735491776,-34.92545108510148,13,68.5149447714435,snowcat,6.892937441939718,0
18.880547676036162,2485.378811767235,65.23505972603155,-30.880365120754842,10,64.00534599576523,snowcat,5.863403680506676,0
28.642947274158615,4063.4313406524525,54.614625203152045,-16.42445883503656,17,77.97765371790982,helicopter,0.6104614817791262,0
60.12515746551542,1132.56254704702,38.463596305964536,-33.24596572768692,39,70.88914132167828,snowcat,1.7036333973027151,1
51.680538278787154,6899.440961123484,13.027873710596104,-41.960331082123176,35,27.193353003727225,helicopter,0.6361548368663568,0
70.18207867236106,20.0,65.10332161093342,-11.532444695497627,38,56.42158074533905,vessel,2.511755507674811,1
