station,temperature_c,wind_speed_kmh,wind_gust_kmh,pressure_hpa,pressure_change_3h,visibility_m,humidity_pct,wind_chill_c,blizzard_event
Bharati,-20.42924380368353,32.91876443296025,37.32120389007692,953.4923699485446,-2.9989857022971664,4770.253151762062,50.99913555134752,-22.733557313990747,0
Bharati,-40.59976159360743,44.66014639833564,48.762461077243344,977.6089884486626,0.6183772282698378,10645.886440086686,77.04109845243093,-43.725971841490924,0
Dakshin_Gangotri,-13.743232062903141,16.49009842731584,29.20349459558271,1035.7534011171815,2.009239459858103,198.49796126432375,69.94805951725019,-14.89753895281525,1
Bharati,-10.891529254131791,26.53983048079745,33.78862324465964,997.7180500479501,-4.924585978236652,20.0,51.87125415912292,-12.749317387787613,1
Dakshin_Gangotri,-54.265527829807546,10.69443807329199,16.89031667802913,987.4559954751015,3.3677408123651156,9283.740403015874,76.59409212549306,-55.01413849493799,0
Dakshin_Gangotri,-44.53269260293477,42.64944849688901,74.60631858763772,955.5015281894689,1.1893604801658997,9851.735743415562,86.43349098135397,-47.518153997717,0
Bharati,-23.08239395249072,17.948678669997918,17.948678669997918,937.6002940180254,-0.6118946956644323,20.0,92.96595695150185,-24.338801459390574,1
Maitri,-29.743638885153732,48.0232701451004,83.25391441788051,980.7769937118104,0.41971355408883043,5502.393137844591,38.69564488212069,-33.10526779531076,0
Bharati,-25.25201736256433,48.848006543957815,66.73677037754871,978.012610216895,2.8287696115253422,12120.7256205816,64.03649513765379,-28.67137782064138,0
Maitri,-37.7956589136037,27.889615711703478,52.75199854188274,974.6438495889746,9.264465846921992,1687.8244805646846,54.43834577897832,-39.74793201342295,1
Maitri,-11.80903037705757,27.142719039513306,50.826047212815624,972.3913266470108,2.4397856106878058,6404.206417445566,65.21527474102695,-13.709020709823502,0
Bharati,-13.333120968565776,13.254408656362614,34.424000429022975,965.0329195912041,3.242329955246542,8031.849135610332,95.82828947837314,-14.26092957451116,0
Bharati,-24.00953953658176,30.718134859260253,62.33645285069211,960.4471574592916,0.7741073226528232,289.4737245963288,64.09171952236173,-26.159808976729977,1
Maitri,-8.091381895479508,44.470440788469126,48.64627390370131,1007.7901559645633,7.60660518332989,3744.632611798364,67.87438841545932,-11.204312750672347,0
Dakshin_Gangotri,-17.987359866219315,34.97102551629941,48.407241738515324,962.2694340696926,-5.863973933496831,20.0,62.56391078027171,-20.435331652360272,1
Bharati,-37.889386943248574,57.38272974635843,63.85426062135095,974.4770388246328,-6.949607225872665,5341.873011543208,99.3889881738983,-41.906178025493666,0
Dakshin_Gangotri,-19.46873823876252,24.950383982761235,24.950383982761235,979.2184378856766,0.6121309186103625,2836.026509395875,40.50352353286107,-21.215265117555806,0
Bharati,-39.383239012434984,24.933266267964484,33.320855082382245,994.1256067006259,2.6405687394278763,6830.742818344892,66.65450115747173,-41.1285676511925,0
Bharati,-11.823245480390913,18.623616898582643,52.349094680820855,962.9633931760725,-10.298462406047785,8539.300850668711,62.01591482868396,-13.126898663291698,0
Maitri,-25.748888664793792,75.64716425261585,88.9124972784387,999.5613604300055,-0.01374251140970557,11554.515200846214,49.18242814743559,-31.0441901624769,0
Bharati,-27.77293545317891,13.182513846386648,48.01767097972225,968.4066727689344,-0.7219590345532195,15329.123051139006,91.5332729918421,-28.695711422425976,0
Bharati,-35.213943166059124,42.910020474056196,78.76829210848824,976.7620566148717,2.976632754039957,6830.799402642404,47.95344216192463,-38.21764459924306,0
Bharati,-6.661879919889547,44.91989272676968,89.8711963637305,1012.8619717131965,1.7149421652821106,4733.719385897147,68.10829876937868,-9.806272410763423,0
Maitri,-27.31794223103203,43.98602069991597,78.04095089089903,960.6154457380267,-7.232887419468017,4501.3394184787285,73.81902233344202,-30.396963680026147,0
Dakshin_Gangotri,-31.424917332446608,19.482241631234828,58.0635602845729,994.4180942488135,-4.320228966222964,2140.5347250841332,63.736179442413885,-32.78867424663304,1
Maitri,-30.282003257323446,14.551608648058572,32.803284058615816,1000.092217361191,-3.2271586881479646,7792.618747447953,48.98604283878513,-31.300615862687547,0
Dakshin_Gangotri,-17.01536221669977,27.88150969450307,45.1647920313698,986.1979560448065,2.9557805437415516,4020.5029788061215,72.47609958788514,-18.967067895314987,0
Dakshin_Gangotri,-19.518339034538826,39.9147152960591,57.8631089082126,977.6493835562966,1.4985849280608343,8072.208976424171,63.57252389819056,-22.312369105262963,0
Maitri,-18.809010826060174,21.853789646622126,36.85441169272576,1022.5140807016434,-2.4828987280863752,2267.893905461336,87.1297281910476,-20.338776101323724,0
Bharati,-18.537684954881758,25.8944440130155,42.391075364690934,979.7230921116129,0.5781889438731783,4135.693082468475,82.74167022276404,-20.350296035792844,0
Maitri,7.124714013056916,22.05757814080436,44.57940379233854,984.0815500006561,-4.232026291066412,7729.413668604525,100.0,5.580683543200611,0
Bharati,-31.096225245769233,31.77989666903288,42.1217181160675,973.2694645224494,8.198554802456082,5500.37891429087,76.6496435757823,-33.320818012601535,0
Maitri,-32.68364093607306,30.734569639061853,31.958327260974748,983.0216371475944,2.2974296026281644,20.0,83.83876662706008,-34.83506081080739,1
Dakshin_Gangotri,-37.20659092371817,62.38314423763841,81.01933221336367,999.282359574129,3.1447079057710385,5939.228725769614,69.6159768816207,-41.57341102035286,0
Maitri,-15.760308661367565,40.34581455984249,48.41776621659432,974.4938931817765,5.507244137541604,2792.9050768469338,100.0,-18.58451568055654,1
Maitri,-8.065415609186626,14.978477980251832,24.085743005538447,937.8293907747255,4.064972772872267,10725.71806605863,75.15403673034783,-9.113909067804254,0
Maitri,-26.709211864823125,15.665149728352558,29.237617425210843,990.2714036563364,0.12610524528620712,9884.44455160619,73.46168802609714,-27.805772345807803,0
Bharati,-37.60234715443792,43.28408480260694,54.56265260726819,958.4333111778237,-0.7398598609394897,20.0,83.10866726664307,-40.63223309062041,1
Dakshin_Gangotri,-37.3672182353686,30.568050373271635,56.668475298438565,994.8375288391835,5.15313766071465,9205.9955820106,65.32561686916623,-39.50698176149761,0
Dakshin_Gangotri,-15.241108182629484,73.43124887031966,86.76383347508623,979.9735053654659,0.10614112914795198,7557.1983450355065,67.50574361942877,-20.38129560355186,0
Dakshin_Gangotri,-13.851187431948366,73.3278135235773,99.93230990234449,998.8621820662303,-2.996071138041386,63.82879128195509,83.09787759186703,-18.984134378598778,1
Maitri,-16.852685975422077,18.56531707394757,35.625479563369105,961.0331246416558,7.86652990360851,9513.293810524838,85.9835077029245,-18.152258170598408,0
Dakshin_Gangotri,-34.98264560933042,35.237705568173055,49.35241554881635,969.2955759233134,-3.743711537945255,880.4616203711348,83.9559856807587,-37.44928499910253,1
Bharati,-21.517580153999205,15.775277087359708,32.35748195022765,973.199279480133,-6.93882030021344,10581.512458892728,73.79725885749,-22.621849550114383,0
Maitri,-23.249712862889076,42.92560767079391,45.00930903058657,950.3543559476581,3.97110543574726,3415.246541882689,79.05641026679761,-26.25450539984465,0
Dakshin_Gangotri,-21.719671049064807,66.768129925463,85.14890182016995,1002.2284041743076,-2.924985562570714,20.0,89.40633860224928,-26.393440143847215,1
Maitri,-11.928568330777152,32.81469724824152,56.306590211391125,947.4915416777734,1.7403867366533643,14482.991616262483,58.59036750944779,-14.225597138154058,0
Maitri,-21.646066768379765,24.494443264713524,49.40294753317578,1001.9462723595635,7.2688433447553535,20.0,75.02089191353964,-23.360677796909712,1
Maitri,-14.816296553921577,37.03890440486488,38.5171635510862,988.4879695734732,-5.499385820819492,2775.903511645412,31.32898792325524,-17.409019862262117,0
Maitri,-23.986313957666628,47.28518006554926,47.28518006554926,976.0226533531429,-0.16366149476504444,3560.3183692035454,86.10352920793879,-27.296276562255077,0
Bharati,-20.66320901965024,47.441224467679696,57.07303921687133,986.9023229726956,5.933636892127436,4177.326553895136,63.26080338103068,-23.984094732387817,0
Dakshin_Gangotri,-15.530676612421894,24.63656379812273,53.48318737805151,986.3546657666064,2.7275456935923232,8795.125501905579,63.65911861178149,-17.255236078290487,0
Dakshin_Gangotri,-46.857337297834995,21.56468020217206,38.774434137974524,971.9914417684396,-0.7192834937839172,6231.647742084195,73.17151242411046,-48.36686491198704,0
Bharati,-29.79506824535952,34.299006615184446,41.55205421770242,985.962996287196,9.557518174630417,10017.211510131552,84.28656487328252,-32.19599870842243,0
Bharati,-32.055589814391936,25.496622332630654,25.967227663326852,994.6236665703401,-0.38126976934143897,7487.668708474592,100.0,-33.84035337767608,0
Maitri,-34.58316772365013,54.20994529097382,62.37005224643766,961.1063460035797,1.5874981141141267,20.0,51.70447391825758,-38.3778638940183,1
Maitri,-29.127133768400256,25.33834069041685,32.82282940528607,986.9238990467915,6.597417983640589,8199.428876411479,62.25733413180941,-30.900817616729434,0
Bharati,-2.5758803314840613,31.625145230633446,55.981322417086005,927.4734980750547,3.9234542855464234,6935.226089854458,78.43028223911651,-4.789640497628403,0
Maitri,-37.98746673539865,36.58205879813432,61.707501292004764,941.4080020019987,5.286878400889906,3501.4853180243417,64.09912236916021,-40.54821085126805,0
Dakshin_Gangotri,-10.475824681127788,13.460974734220708,17.961956012311344,991.2905330311286,-3.5981579872650538,14294.901330081222,87.53907210684923,-11.418092912523237,0
Bharati,-50.24304657423707,22.536967692174116,45.06862830799011,971.643415363116,4.9126991287504405,8433.39245394754,72.48306572821186,-51.82063431268926,0
Bharati,-30.023275449786624,71.83284784265155,93.34041682940583,962.9312365501296,0.6783683638958815,9766.906972311222,88.27965599633696,-35.05157479877223,0
Dakshin_Gangotri,-22.558704023424916,46.30753837699023,49.51073022936091,978.939490528861,-2.983115657773777,9906.291850253026,71.27264269258916,-25.80023170981423,0
Dakshin_Gangotri,-16.20666502961083,25.162315093410626,39.32412810513161,972.0809669025155,0.8877769737585203,4319.785947621332,83.17326142969463,-17.968027086149572,0
Bharati,-14.331601303107176,43.012252038572,61.42045192014617,960.2278440437403,0.7609851526275969,8533.540572420092,60.64306059089191,-17.342458945807216,0
Maitri,-13.099791472001122,53.772504737138654,70.40485892431224,947.2190197613339,7.472354010092825,7264.107614907745,100.0,-16.86386680360083,0
Dakshin_Gangotri,-30.230876083726564,27.214604715118906,27.214604715118906,940.6368505853287,1.5251828225128072,3771.898328151194,49.5051077236724,-32.135898413784886,0
Dakshin_Gangotri,-31.935276889968506,45.22723051047516,61.53905505564134,994.7758477051971,-3.1232191775364524,1113.6684011014231,64.38353778978936,-35.101183025701765,1
Maitri,-12.130361781142692,42.11530329685187,63.47795221116863,971.5500089504536,-4.0457104474687835,6096.926390444035,53.69423922385853,-15.078433011922323,0
Dakshin_Gangotri,-27.869564873224224,15.921229868731912,46.71717155740715,999.3909862786984,-0.1895898031651315,8347.717395426136,87.00447677814734,-28.984050964035458,0
Bharati,-44.13529485006883,27.291988785156395,35.60407678368491,971.3469967079387,-5.385462923038279,6064.9717334543175,83.0941586498154,-46.04573406502978,0
Bharati,-41.999308210052206,63.19315693436358,72.73862536907465,987.0993990500675,-2.861423685942412,5270.754612140714,56.72718143102384,-46.42282919545766,0
Dakshin_Gangotri,-38.79178429002417,70.82288346729229,83.73421580856618,977.4919111753094,-0.9767654053243416,6109.431959573706,89.95670744694267,-43.74938613273463,0
Maitri,-17.54258883919354,46.494321040613016,64.40648025378191,980.8889345771819,-1.687541415657502,4852.083001558463,64.52186755254135,-20.797191312036453,0
Dakshin_Gangotri,-22.86361395894152,22.135358389081574,38.105536065310126,981.8607362122194,2.9076304094796983,12197.277127223082,80.80978036107335,-24.41308904617723,0
Bharati,-14.642719688983476,7.7367985745932915,28.779878454264196,971.0858648633704,-2.951310469622215,7080.963305036847,84.33192690980685,-15.184295589205007,0
Bharati,-31.408789695048014,20.56124430116198,24.30937887901056,955.4075697424106,-9.879924978547802,4054.1493533976513,71.32693885981037,-32.848076796129355,0
Bharati,-22.621904633849287,14.716214401718608,33.6847512946841,995.3226349114741,-6.74309163732612,20.0,88.64780001967934,-23.65203964196959,1
Dakshin_Gangotri,-15.616144090489948,65.48967516310768,73.06752136085113,1011.8709358438412,-0.07127254200476633,5211.165715952893,72.83837304557036,-20.200421351907487,0
Bharati,-29.640198095803576,10.537816909267635,24.10447788871185,1013.1843081994805,-2.3472130800270277,3692.7043343044425,80.08103472680797,-30.37784527945231,0
Maitri,-18.14837143663883,16.169995566490815,48.25013183905287,968.9346017786404,-4.946686927832388,3544.1562098469517,70.8881258047368,-19.280271126293187,0
Dakshin_Gangotri,-34.928889115999766,33.946283611894465,34.963855524234376,965.3365848405865,7.833805316357437,9770.445194816119,46.976662621569574,-37.30512896883238,0
Dakshin_Gangotri,-30.445807698476077,30.45917237137403,42.664497686980326,968.9143510432934,3.315000485545419,6318.942642097034,73.14698067841327,-32.57794976447226,0
Bharati,-30.726068409974935,61.66135360673774,63.914895883631495,976.4832519571241,-0.23370864057301768,20.0,61.89500860756557,-35.04236316244658,1
Maitri,-42.9375946838356,40.83718470203448,57.36786444755221,978.9507807174739,0.9331889699968084,8475.327387179124,95.88403601620824,-45.79619761297801,0
Maitri,-17.695412788216274,28.322057841552322,53.8043869954525,960.0414308348539,-1.0605640440279367,20.0,54.53735930201415,-19.677956837124935,1
Maitri,-32.041035103040855,54.69860048354884,71.39515167199153,950.4052830690919,-5.015260978780986,8773.279281063955,93.37528195537666,-35.86993713688928,0
Dakshin_Gangotri,-24.812588219084688,24.789212870911253,38.62205433755462,980.998846130148,4.122881145563268,4099.699038995327,72.31842389119716,-26.547833120048477,0
Maitri,-17.788800116411366,64.12827041623036,92.41229370675089,909.3918179820691,3.405320324435727,6347.628847582622,81.09303186865299,-22.27777904554749,0
Bharati,-18.30203235955084,19.07359058232972,37.37861493005117,977.9868636136838,-7.909335132288047,5900.37351359084,54.30125238669154,-19.63718370031392,0
Bharati,-15.019223365408207,4.777667583679089,27.973328146797193,961.1050478317787,0.9057300084630189,5407.4926680813105,70.36814653258469,-15.353660096265743,0
Bharati,-26.477282267641353,29.8951579195623,52.04773178801365,995.6030905322568,1.34732890231025,6838.095807603381,65.03070493222411,-28.569943322010715,0
Bharati,-31.349474680662304,8.51245098926259,8.51245098926259,1000.9526975421029,-1.2869249154237703,6327.5369236798115,100.0,-31.945346249910685,0
Maitri,-26.195773163595987,47.67839095559129,61.91170289938181,1001.4249152049587,8.389061354525733,13478.91745288661,64.65982128832802,-29.53326053048738,0
Dakshin_Gangotri,-50.31001650937045,32.986075803475615,37.20533111466209,973.0710623741872,7.954978665037776,6895.793648057775,92.30064948504432,-52.61904181561374,0
Bharati,-46.70668708634631,64.21291224610788,70.91974330453925,957.2971197607318,-1.5100318609901453,6988.745743080053,92.51047231898666,-51.201590943573855,0
Bharati,-44.84049418531603,26.782355115266007,56.52821618851894,963.7081536626677,-0.8912768419763794,3161.915744669103,92.08909871084485,-46.715259043384656,0
Bharati,-39.95870241402223,13.345373828632674,24.597318375406754,985.752213663628,-1.3610817256367795,7523.580094945524,66.09186594608268,-40.89287858202651,0
Bharati,-19.00338659914845,38.26718670165058,72.19286865971065,947.0827104991762,-2.4453294921891833,1905.635758114709,100.0,-21.68208966826399,1
Bharati,-38.58218583040091,22.89133976847776,23.814455565769205,1007.8709897892808,-3.6830420502417867,10600.51091850621,100.0,-40.184579614194355,0
Dakshin_Gangotri,-30.672438310590845,44.34387359490823,48.50716579213455,973.3873993640533,2.027428446767699,62.606162977650456,80.50674328934332,-33.77650946223442,1
Bharati,-5.511575533209019,19.29419174691173,41.91769835643143,990.0034734488587,7.845765746902245,2625.36522894631,68.01901702850137,-6.86216895549284,0
Dakshin_Gangotri,-30.343959565921388,58.601250183114814,70.18753498552972,944.3714777252632,6.200327559581254,20.0,62.09030036820497,-34.446047078739426,1
Dakshin_Gangotri,-13.937266472993702,31.613788182928197,49.68706154893869,961.480359484833,3.1567079796278845,7678.574968695793,82.07638698905681,-16.150231645798677,0
Bharati,-39.004265200148154,28.37871695689539,42.255648693197884,941.8864170868724,-9.628447671874564,4304.506028357314,75.97353437110858,-40.99077538713083,0
Bharati,-28.08156336801445,56.68637589801379,70.26061351835372,1000.4237898760231,-7.458197933569178,8743.709232997046,77.74072705212728,-32.04960968087541,0
Bharati,-39.250330823658715,48.02624584089801,59.98388515357725,976.7959052024996,4.256653225980959,2097.636858496946,54.78198187264066,-42.61216803252157,1
Dakshin_Gangotri,-30.085496138508436,20.756812244098214,37.551745848175585,991.4260990687247,6.477493791715282,8125.9019901199135,75.49425199112594,-31.53847299559531,0
Dakshin_Gangotri,-12.395377938139067,47.34455147057116,68.76093434585019,981.2682736466015,2.2149384960911087,8319.34648741448,92.15772947985063,-15.709496541079048,0
Dakshin_Gangotri,-50.90980634788523,42.606440019088566,73.75066152881332,989.3695010782473,-1.2223212602010296,6847.191153277147,87.22776958397502,-53.89225714922143,0
Bharati,-18.48364534681214,29.205337657502643,42.180212304074466,973.2511627918294,5.409204037583969,6123.493995422871,68.7881710241616,-20.528018982837324,0
Dakshin_Gangotri,-21.433965965015833,45.47644747485762,56.540064518498866,975.9290882105219,3.014375087515644,6548.796733066567,73.36437462010582,-24.617317288255865,0
Bharati,-33.91224933545192,58.47291694351318,68.24830137892185,978.1653516238151,4.549781122933445,2357.229954007761,52.97497653388034,-38.00535352149784,0
Maitri,-46.69086781582682,29.648623553353087,59.34646210367808,988.1126330985446,-7.426276429046242,1698.9218549548514,65.02121728040973,-48.766271464561534,1
Maitri,-23.918057384291956,29.700429231407494,51.60367820254567,988.6423684243606,1.3733596481268666,8175.490405057655,69.89957438974415,-25.99708743049048,0
Bharati,-32.94239063595704,28.87580869397904,28.87580869397904,1036.2287376801469,7.098284588533438,4525.235921130768,84.50111875737872,-34.963697244535574,0
Maitri,-21.509856829679443,20.305806741469144,20.305806741469144,1013.6320425475922,2.109793721865459,7813.567849449805,64.40478038744656,-22.931263301582284,0
Bharati,-24.672217817148358,29.491196345437196,36.19061755045634,944.4248242822073,3.792978926490634,12203.953840036012,59.46022615633038,-26.73660156132896,0
Bharati,-0.9733166301862681,27.830248897014073,45.13170333755782,977.1378904414549,0.1454916420213192,4171.369838438575,86.36518630320705,-2.9214340529772533,0
Bharati,-28.590334412095363,27.000096213699745,41.66539482151284,971.88208319469,0.4243004891726288,3599.638538934883,68.66092854843124,-30.480341147054347,1
Bharati,-40.352462389327975,26.790551851240828,46.93833736967764,1005.6026096162,5.610110169495279,4702.867164312297,62.415828720827214,-42.22780101891483,0
Dakshin_Gangotri,-22.31086547565526,16.14560892359143,29.391174501758627,973.6850407479757,-2.6791533940276393,6155.884501240057,87.18617840890931,-23.44105810030666,0
Dakshin_Gangotri,-21.700049740423523,50.3999549289126,79.37414264270203,989.2857775489333,-3.0705564730391406,8456.555234420386,81.88174254135379,-25.228046585447405,0
Maitri,-4.612186371393452,22.517882155936775,45.23899594367693,933.2587673943976,-1.9128560990855632,5886.452377534348,71.88793200690459,-6.188438122309027,0
Maitri,-12.473331311281322,60.08948942242362,75.86525549358048,949.7279837721344,0.09378560987844813,14314.188016600145,69.73078906207624,-16.679595570850974,0
Bharati,-19.64693411275736,18.109622446491453,44.56301675183251,1021.8458635820492,-6.4403556453389665,7683.398059884452,80.69292275475148,-20.914607684011763,0
Maitri,-3.0504566317065738,66.81326013449507,66.81326013449507,981.0048879641649,2.9242357215186994,9123.29755789858,83.08148243514954,-7.7273848411212285,0
Dakshin_Gangotri,-42.831445814842766,25.421630750525104,39.57088362387287,960.0307995306197,-0.6569875442887748,5852.558326183909,78.13367565951033,-44.61095996737952,0
Bharati,-34.59627299124622,47.6278661172959,64.00298917857575,984.8574174244508,3.4147570404436363,10047.324918115184,76.80959371554611,-37.93022361945693,0
Bharati,-38.89863912108287,32.8249430345707,53.845308034095794,958.9388209309496,-8.476279706109167,5178.908214345661,65.90062626256099,-41.19638513350282,0
Dakshin_Gangotri,-30.84714704733652,14.90742510252581,14.90742510252581,974.3325291620863,3.430092105939795,3423.1052050827484,66.79947353136836,-31.890666804513327,0
Dakshin_Gangotri,-45.65029221334463,15.359679730501155,27.755610661756336,950.9476412151197,5.347579775812515,9621.379282775024,72.42263147842166,-46.72546979447971,0
Maitri,-15.472735797783935,21.525220207654804,40.52982817116555,964.2255756441314,1.7541913360069146,5770.84581407713,60.58348633440047,-16.97950121231977,0
Bharati,-28.3333404564816,24.67168462530189,44.44330588927525,971.6732662108275,0.12007595267163408,6981.058786101426,58.82927213124045,-30.060358380252733,0
Bharati,-47.06209441753987,30.130197980692422,56.991496395234435,1002.4139862867343,3.460813197347403,9927.530923292328,73.65400627544342,-49.17120827618834,0
Bharati,-40.23368621811312,36.404624527751544,59.019677851819,989.2809201536631,5.085713034963662,6555.933973186572,89.8416877730244,-42.782009935055726,0
Dakshin_Gangotri,-20.29729228824707,28.136671662727448,42.52821116900704,992.7704807188419,2.0917062713736647,5403.005001059254,43.90633807408247,-22.266859304637993,0
Maitri,-12.428101481584283,35.43394970381337,57.18368719330091,979.4845069727204,2.3905647239172922,3858.4147820001454,69.12842240702165,-14.908477960851219,0
Maitri,4.950963375376798,38.34914901307835,51.33551265753203,996.4569819673917,6.627767496665171,10246.723395393428,79.0877771778009,2.2665229444613133,0
Dakshin_Gangotri,18.707936990109943,27.493922906149212,43.96166243377774,962.5296146131352,3.044627942587114,4633.094415757545,91.0845836118809,16.7833623866795,0
Dakshin_Gangotri,-18.783858500860056,42.26268630435861,65.21070980583224,965.3458811003666,-3.2010365308819977,5795.598074181798,100.0,-21.74224654216516,0
Maitri,-39.84307180047796,46.94694046182004,61.49393252993961,988.1518214291376,5.066567607630367,7147.630651492349,71.13244758368613,-43.12935763280536,0
Bharati,-56.98069421096964,38.8380669749874,57.457963770305774,974.4170521994565,-0.4948851593580485,7131.140808649641,100.0,-59.69935889921876,0
Maitri,-20.98432806484246,39.93887366526625,64.55196135843637,979.7230830327434,0.1331320344111247,10054.798310918082,81.83349076658133,-23.780049221411097,0
Bharati,-37.19411642965489,33.86590610192192,55.98755470931245,976.7172944417081,0.4275217096945,5720.723498230358,87.21342838658005,-39.56472985678943,1
Maitri,-31.23035890269528,52.561177293660435,79.89589585247413,1005.0690082912296,3.8754714706234914,11505.538338497421,59.019347714022224,-34.90964131325151,0
Bharati,-34.18145198589712,30.485421531676536,68.76990451120564,1006.1110586535774,6.995411630624946,5004.972923169203,81.80100462610551,-36.315431493114474,1
Maitri,-27.11186329624578,21.733419087669333,43.76269682123876,967.476684788725,0.09768576845073194,7483.046538559892,88.5084387937176,-28.633202632382634,0
Maitri,-9.010296538185345,30.946890145133032,41.333964631085486,944.8026130621854,6.925048440449941,5264.903736681768,64.65968809806223,-11.176578848344658,0
Bharati,-22.64427148831983,15.054819244667316,35.17304972286532,965.7700619822472,0.658353251082311,14372.559925108426,35.915859423005834,-23.698108835446543,0
Maitri,-27.379522555580323,14.037233984750891,33.72541814965506,962.0607970686408,5.608671774891898,4597.453077264203,77.23510475680152,-28.362128934512885,0
Dakshin_Gangotri,-40.534806292387174,47.057400332891305,68.19250726799513,996.6349668159814,0.7937322861364804,4959.205704606121,71.7759823807971,-43.828824315689566,0
Dakshin_Gangotri,-50.12024417056536,60.56928161005729,90.51944408243101,998.4099495354892,-1.969694625829493,6458.963957868889,95.16379253961404,-54.360093883269364,0
Bharati,-32.29461863609996,25.836250531180514,25.836250531180514,959.3785163392405,7.688396271067012,4932.906270441845,66.92532550320882,-34.1031561732826,0
Maitri,-25.806738262274806,47.278757833150536,77.41713774644788,964.909904828903,-2.3515391951215805,7257.952559258927,64.42485218783378,-29.11625131059534,0
Maitri,1.5189487036982428,10.872666222089618,44.37683490267075,950.4197782548979,-2.6192363126752514,10916.353009179857,57.42868494314264,0.7578620681519694,0
Dakshin_Gangotri,-23.045882177906712,9.775483232581774,30.45618986528392,982.6875704704552,-5.02416118217729,6589.217609874007,65.54874013942094,-23.730166004187435,0
Bharati,-10.258907334654136,53.28713258287544,74.20848339510677,979.1016714516518,5.069070076809443,6737.0792016740115,100.0,-13.989006615455416,0
Maitri,-32.48943397808728,38.898777014810584,51.482328942215595,995.7824363487786,6.013789197733299,5083.4004779800825,51.20024710591511,-35.212348369124015,0
Dakshin_Gangotri,-42.77415649625537,30.548100937544227,45.611340835711275,989.9426258911886,1.4925193654137063,3979.7054244686096,54.970635288848044,-44.91252356188347,0
Bharati,-39.476751433485575,65.42192600215807,87.4014475936396,992.2040594211236,-3.9354925441521447,6386.119069494224,74.18545951235721,-44.05628625363664,1
Bharati,-35.8783909680363,28.394270909114812,49.72979483681806,949.1599592042852,-0.027115142939696666,6030.396958525166,100.0,-37.865989931674335,0
Bharati,6.927045986527467,17.376797047760135,39.58389434779401,967.4734792681548,-1.210477404032419,10693.046821889107,86.12318242982569,5.710670193184258,0
Bharati,-37.320800188365794,12.937951051312996,34.20463676734583,998.977946094864,-4.121874388336002,2163.688296468422,98.28492954293192,-38.22645676195771,1
Bharati,-12.422661943954825,30.934708924567644,54.91860866599134,969.2284776307471,-1.9555662527443558,11818.13878179792,69.22421695501204,-14.58809156867456,0
Maitri,-38.5439076713054,33.83204201528102,56.69852871513749,947.4486825106192,2.0229426051881454,5412.739586147648,54.14842813980347,-40.91215061237507,0
Bharati,-11.026404806886339,27.50973644702108,32.266249794419764,996.1597915974331,-2.4206753087340953,6594.138741050268,68.26176586906604,-12.952086358177814,0
Dakshin_Gangotri,-19.22573550841205,47.79805847417662,71.12073890925542,968.4547000997119,1.1669355326043593,1740.653950010903,73.12944863172241,-22.571599601604415,1
Maitri,-27.349568464871357,57.36817781382651,90.95404397798879,1001.2527398725375,-7.105288798965338,8247.747342884097,75.16435937292611,-31.365340911839212,0
Dakshin_Gangotri,-25.61143789203151,25.689978138798864,40.423710619244844,979.6317055831938,6.7167242311873245,2158.094470423707,71.7902202739687,-27.40973636174743,0
Bharati,-34.821815431440854,10.859454847820105,40.85425432764488,974.4556111419785,-1.5656463141085806,7493.5611850867845,83.861017660961,-35.58197727078826,0
Bharati,-18.308916977768792,35.536541925543155,41.36358892642724,1007.2638178224673,3.4809955358960467,7102.797630319895,64.3212482077393,-20.796474912556814,0
Dakshin_Gangotri,-31.8247522051117,53.077527912360345,67.77990171625599,953.9468876172566,0.754740085746571,4697.515560869067,61.09262169260147,-35.540179158976926,0
Bharati,-43.384086456508726,25.74942754405433,34.33784602595575,1008.6844235926218,1.60999247021401,20.0,56.930715698935145,-45.18654638459253,0
Maitri,-44.16906361479429,39.93544320336172,68.72765572759971,967.2128800890815,-4.5279375739070655,14642.498742748006,78.07539530462893,-46.96454463902961,0
Maitri,-22.411181234168208,16.679697537548673,48.08446308163718,983.2473972063202,-3.042235936746841,1783.2344165599798,76.58626346003432,-23.578760061796615,0
Dakshin_Gangotri,-1.3136311538434775,35.107966272530476,49.116005071654854,983.4364039085116,-2.9514136561672846,7090.987360931247,91.37134015273203,-3.7711887929206105,0
Bharati,-22.600125796398427,40.29733807963705,67.00795330625556,971.45760352875,0.10138970416310193,3080.775791786726,98.20485355700832,-25.42093946197302,0
Bharati,-26.779574891648238,35.60053986714804,67.10680614618138,964.7577461984612,5.304622322017448,10192.013549935658,56.889377904756124,-29.2716126823486,0
Bharati,-20.712607905961857,73.8534852903214,88.5242967107047,972.6035562206972,1.7330193594854757,4482.054658612414,75.35282590024501,-25.882351876284353,0
Maitri,-5.409973874397629,60.20913909179834,76.50665520976818,959.708746324144,-3.601361488462831,2992.1009058758414,71.91964705478432,-9.624613610823513,0
Bharati,-21.709262479542154,43.515553794320546,65.85170749059039,1019.2392128589606,0.34933590104561035,8380.626882519535,51.94906234078883,-24.755351245144592,0
Bharati,-31.163908462506058,50.6425547227801,57.21717490757725,970.3773805862555,-0.32253533944062757,912.1715725058193,67.07747829007752,-34.708887293100666,1
Bharati,-8.405669349101668,34.98614733394724,51.08712328609285,1003.1789450885989,-1.403460403594991,4346.885552836676,98.49926161556994,-10.854699662477975,0
Dakshin_Gangotri,-18.568653423075798,29.868208303238273,66.29607936525765,1000.5434591715263,-0.06166610327883172,8760.980602777874,65.50946072465175,-20.659428004302477,0
Maitri,-1.9636601200601191,24.339948499479686,34.339813296976715,987.2585947791373,3.054847685358318,12027.370445541183,63.015213794746316,-3.667456515023697,0
Maitri,-22.251483441671407,16.482220503386614,40.020482910451754,977.2864193186743,-2.8797056739297475,2150.353785520767,74.21920930363169,-23.40523887690847,1
Maitri,-43.367035475807505,61.57730200622862,81.81534646759874,983.8756369416076,-1.383564014664034,3553.764556653843,88.67536407214948,-47.67744661624351,1
Maitri,-45.522387988684976,75.27930002447867,88.64164093744915,991.4433953450833,3.9284832115712542,7408.550701977578,70.42984869869696,-50.791938990398485,0
Maitri,-0.23608101653125502,31.31064981826512,48.52720074735904,982.009369211931,1.8758510934239985,20.0,76.91529765042706,-2.4278265038098135,1
Bharati,0.8549858117494544,31.58375605223554,64.10995529762984,948.6650201871273,5.116447254462064,11430.496574693254,40.73101160260255,-1.3558771119070334,0
Bharati,-27.69278819923901,41.126864061511824,61.662835527304836,943.6337736749979,5.743398870386565,2002.0115941166173,83.58489138296049,-30.57166868354484,1
Bharati,-30.747809817039816,28.460466966080983,50.55865319869361,1010.1797644762355,-5.442164480754863,4250.360289494338,78.3169738799026,-32.74004250466548,0
Bharati,-3.0783356163669673,17.650797049493434,48.659420012011,927.3057219356906,1.153191150441605,7043.3775405651695,88.27020578818356,-4.313891409831507,0
Bharati,-41.60568523065232,14.802285265753797,26.908180895772112,983.913703072537,-2.031826510207415,6204.946593784256,46.98562754233636,-42.64184519925509,0
Dakshin_Gangotri,-38.420905284337394,73.96844463644081,78.49929553806236,975.3004397101316,-4.794876272074707,2145.5359495283114,70.46274948066363,-43.59869640888825,1
Maitri,-15.350098079664335,11.790015049336533,44.473488965239326,983.216022917082,-3.156773536395306,12885.835585730545,89.46272827717624,-16.175399133117892,0
Maitri,-30.919076842893844,36.27470568648775,52.639923512672055,957.2006651753193,-1.203073396891324,20.0,66.64594759383887,-33.458306240947984,1
Dakshin_Gangotri,-25.07682800080107,12.694245857818336,36.63025435930847,987.0135497586824,-1.178082740680846,1511.9695058898096,75.7657979583589,-25.965425210848352,1
Dakshin_Gangotri,-27.451643477867687,29.180153595594398,36.556861739400794,984.1203286835015,-2.4275547529241144,3452.900653505124,68.85562118544745,-29.494254229559296,0
Bharati,-19.936381768016,25.62265171160062,44.50791476406227,1035.2202349455952,-0.05456558047388532,2201.181695810789,69.22315098107883,-21.72996738782804,1
Dakshin_Gangotri,-3.8877720802942477,13.889601839198239,17.920273990579666,982.5996009303469,9.786584791557239,10878.214238339253,92.50700600787152,-4.860044209038124,0
Maitri,-23.641226396473815,41.835297846468514,57.47269624374944,1006.9647021365628,-6.900874380053018,20.0,53.64911407430722,-26.569697245726612,1
Maitri,-15.340918100847132,16.975674399650035,25.49644254786724,950.0262864910392,4.548707669284231,12229.852128490358,74.2458615025215,-16.529215308822636,0
Dakshin_Gangotri,-55.75258151546534,12.851126875011106,19.074583525885593,1000.4019063609076,-0.07349725337835238,4887.465186858183,78.7764272340396,-56.65216039671611,0
Dakshin_Gangotri,-25.73077602895177,44.11256188520569,56.08133519154646,984.5254660591369,-1.7515153886289792,556.2293312014444,89.07151033692789,-28.818655360916168,1
Dakshin_Gangotri,-37.64845405439307,25.681404326957594,25.681404326957594,985.3947736805617,-8.072840304358197,20.0,73.17068098459282,-39.4461523572801,1
Bharati,-43.28219590635442,20.48004847921219,23.881024101436857,985.6713708692076,3.0510532502967425,5139.4776448974735,89.53320854052689,-44.71579929989927,0
Bharati,-38.17228550393126,45.44893474200625,68.27307630460953,1014.1267634261927,-5.76386998930392,3192.119571528819,74.18053812103398,-41.3537109358717,0
Bharati,-30.01185161051218,16.50232682322894,34.978990718706214,985.1020893144514,3.311575617685082,6945.979296935266,76.7931411238572,-31.167014488138207,0
Bharati,-11.261461864659804,11.036593187386032,15.294723717759958,964.3175590162846,6.965323475975019,4197.710889462845,76.2200797237204,-12.034023387776827,0
Maitri,-44.89589076609346,55.496405421374014,75.97514111602467,967.6812392145711,-5.131215054372761,9823.210682965957,84.82916557159083,-48.78063914558964,0
Bharati,-24.54052761108374,68.87594965189498,75.09381893037613,996.3425498772941,4.673442339829605,5430.0352174457785,83.1259754455652,-29.36184408671639,0
Bharati,-32.26254150000368,28.78562637310539,51.00526507723957,988.9491091644026,0.10175745898853708,4304.366233093064,58.30411217238215,-34.277535346121056,0
Dakshin_Gangotri,-29.915096415429414,4.485837798227298,18.329447063609038,949.3905267594596,-8.376818527365154,9893.017167069142,78.25532213318495,-30.229105061305326,0
Maitri,-9.958632620430938,28.58929841458944,40.33806691066617,990.2928364771861,-4.81926741979017,6912.678053760327,83.10992387491571,-11.9598835094522,0
Dakshin_Gangotri,-16.92826844494111,46.73162537881777,60.82098914154322,958.3531528638662,0.7129065705541651,9098.526680960915,96.925963832028,-20.199482221458354,0
Dakshin_Gangotri,-4.939028388358846,52.77242244851404,93.36770701517113,988.7651603952819,1.6047329825318475,10594.642868386538,59.87015003762789,-8.633097959754828,0
Dakshin_Gangotri,-27.317585188748506,17.545108050482217,24.95709285525871,963.8889192296282,-6.32276502239601,4824.798311517261,83.07670113851668,-28.545742752282262,0
Dakshin_Gangotri,-35.43913917506055,26.335494364114336,43.60108102677812,974.3703653065121,0.1268203746145523,6152.99151333629,69.78173501698653,-37.28262378054855,0
Dakshin_Gangotri,-28.357882253207492,34.86677636633821,57.680463461261915,969.1038308442107,3.294223841392491,9375.215772737774,77.87786125520589,-30.798556598851167,0
Maitri,-21.362548130931675,45.40634915817069,50.782220667281344,1010.3782596647077,3.9943020776772227,20.0,58.897533176457856,-24.540992572003624,1
Maitri,-22.351399623194336,43.04913433832176,43.04913433832176,988.0369550062004,-1.6513438690630944,5592.930580440669,74.79926151504111,-25.364839026876858,0
Dakshin_Gangotri,-41.2658210835005,39.68051771875183,48.6695362891301,1005.2222600461466,1.7538751142263012,5100.53058658281,79.78388446151722,-44.04345732381313,0
Dakshin_Gangotri,-23.642653275581885,52.705229402962836,75.29986141405152,1037.9042512692577,4.289741545857179,7496.209614576406,60.44810207729943,-27.332019333789283,0
Maitri,-21.57657504791642,29.84558442434285,41.42554990706002,980.9361068385988,3.4098239168746836,2795.5605952471824,96.73141369471723,-23.66576595762042,0
Maitri,12.762110563008804,61.854563720392925,74.54350440678267,1010.0398037260245,3.565748861316491,10381.789458347881,51.83666662914052,8.4322911025813,0
Maitri,3.152669169225053,22.91957277023823,47.02726928315903,966.0108866881441,0.45402646253500956,3048.9479292137926,83.06334945995654,1.5482990753083772,0
Dakshin_Gangotri,-37.7986502583823,43.38261022656522,50.319179431616625,1005.0975621985875,-0.3780709481703391,4163.9308628779345,38.57341108481713,-40.83543297424187,0
Maitri,-29.310750423237643,24.673730996332115,38.78617788487095,963.8498230514155,1.088454295019667,3342.3601444397273,71.17524834092823,-31.03791159298089,0
Maitri,-46.95163002755505,29.00204014886808,29.00204014886808,979.6316973692076,-3.055074876007465,10919.527384961108,82.19455283056236,-48.98177283797581,0
Maitri,-33.860605209452295,31.354848931680714,49.56203953893867,990.7375531367018,4.448379972305491,20.0,85.68942771818121,-36.055444634669946,1
Maitri,-20.265924946144892,23.950323565459097,41.2453943111432,993.8846246011456,-6.121618227072361,13147.51992067778,73.41940452421323,-21.942447595727028,0
Maitri,-6.9121956866764975,53.83758121094912,76.79294419262129,954.5489671574783,-2.017241247676284,11893.482168403874,71.37563121223808,-10.680826371442937,0
Bharati,-35.936257566154126,25.30176999771659,28.84920868100273,962.6595615228441,-0.14497126676938873,3740.538650377488,83.51164762840227,-37.70738146599429,1
Dakshin_Gangotri,-34.81219660101695,30.543892284403807,43.62501647667964,992.2290015754179,1.8787179957460818,10107.695100011657,89.25993815628743,-36.950269060925216,0
Bharati,-57.20933544607982,40.89271218159109,43.108008577009215,972.645668735738,2.6301140600087933,6520.359343302386,95.6942025428558,-60.0718252987912,0
Bharati,-27.439988808173617,89.70021203864106,102.23914517708306,952.0530298227724,5.955944629183507,12611.645379338548,55.63779865583549,-33.71900365087849,0
Bharati,-40.93621617789344,41.63160098330978,71.44948173772202,978.5804653098522,0.31100845521951104,9802.61483019303,71.99031335441187,-43.85042824672513,0
Dakshin_Gangotri,-32.94159141049111,31.91352634225742,43.7059987825176,977.6205698775245,-2.871943399318503,14772.578298505416,42.09702017711852,-35.17553825444912,0
Dakshin_Gangotri,-38.152911672513824,9.944552560905809,11.285354318456776,983.5382996261781,-0.5801469260633281,20.0,54.487487046209175,-38.84903035177723,1
Maitri,-26.413938313788353,28.608419224713202,36.80962657496504,990.584826418946,-1.2775902248401092,6765.38141860076,64.43821835040943,-28.416527659518277,0
Bharati,-51.36592587034947,21.760099868851114,21.760099868851114,989.313027181667,2.0797338534777667,20.0,87.97517966605206,-52.88913286116905,0
Bharati,-47.00567868086486,26.15545905475887,28.197730266686676,964.6365381098282,-4.267995990430542,3925.1452068919316,67.7866038264055,-48.83656081469798,0
Maitri,6.93870668042447,24.40659449533931,46.11646397029331,971.7834306257436,-0.7017188844972061,14998.611197900533,70.66552800990732,5.230245065750719,0
Dakshin_Gangotri,-44.311338719110466,40.690711564210744,41.22787919058971,998.5557738657566,6.490648074100075,7872.801805045465,79.50046009361793,-47.159688528605216,0
Dakshin_Gangotri,-41.451783676819595,28.298732644266355,46.42201854781513,969.136302659139,0.7194085237386879,9938.164679823702,64.94158145065009,-43.43269496191824,0
Maitri,2.55370292481971,19.071752477365212,34.329179236190946,972.0981588268188,-4.211731183029632,8055.754507855778,45.07986155534205,1.2186802514041453,0
Maitri,18.576007538606106,47.696145509252055,57.38086301831871,949.9146183948765,-1.3591384681708607,7801.846972768279,63.81110292578713,15.237277352958463,0
Dakshin_Gangotri,-42.573499432380125,15.55649998852907,32.829999789106836,979.4263905979752,-8.931933110143055,3910.608299523619,73.18915066130485,-43.66245443157716,1
Bharati,-30.52373435182046,31.178496222973028,36.80188112950047,986.905409295211,-0.2354403333309764,3165.4303995060195,82.02694204570706,-32.70622908742857,1
Bharati,-19.876666735892357,28.713563560367767,52.12200756863823,940.4901356310611,6.590725443761054,3803.3693280317166,71.90416534901044,-21.8866161851181,0
Maitri,0.9304646660838856,36.80281198794886,44.81940900222554,958.5949923681378,-4.74641186955365,20.0,81.7775034482755,-1.6457321730725343,1
Bharati,-39.80285617642356,52.97596156232077,64.1122926762519,951.5654452901324,-5.824187484456204,5671.845704221148,88.8705913064155,-43.51117348578602,0
Bharati,-28.679167689131646,96.53240491686536,106.4788948628943,995.7670447406748,-2.6130400670019895,6959.400090068647,91.80843671062063,-35.43643603331222,0
Dakshin_Gangotri,-13.339936359073839,31.902961435343453,53.79769707942111,941.7529745310657,3.6852653613180495,3523.119896195645,77.58464092294767,-15.573143659547881,0
Maitri,-18.47850888300072,21.573408041497935,42.017847176586926,978.4263080577463,6.818550336787456,5477.272922645107,57.94259949853398,-19.988647445905578,0
Maitri,-30.64234106845149,20.487654028226842,20.487654028226842,994.357243098911,1.792848602451561,8100.194665760135,56.324773698151716,-32.07647685042737,0
Dakshin_Gangotri,-27.007344467740616,20.437271152729938,37.97970051551172,983.7564329823871,-5.143638884442474,9539.209476416572,57.72197711815152,-28.43795344843171,0
Bharati,-45.62343712554973,36.13409360424679,36.13409360424679,971.200826731221,-0.08889949050684211,1208.7612109119,58.87670380394808,-48.152823677847,0
Dakshin_Gangotri,-28.57260615961998,8.605401869789116,20.192184747897485,986.9293677355134,7.157701928361585,2820.8970350336062,76.49108723144583,-29.17498429050522,0
Maitri,-28.995812350134326,15.03481029074061,28.953070073273608,1000.7394660099561,-1.2436028075405783,9011.837743884864,100.0,-30.048249070486168,0
Maitri,-21.51745165560616,36.15082004102004,47.63023774570167,977.8477677889163,0.5618900207017452,8356.028867706014,78.17857943833869,-24.04800905847756,0
Maitri,-33.32990828228524,48.86541799330875,68.87361021429791,935.2212553413207,0.9622384159962456,11377.595001495576,73.74007804109637,-36.75048754181685,0
Dakshin_Gangotri,-17.926922161822915,49.0081433915816,71.20890905237692,1002.9546558429131,-6.18345183666796,11211.701189021092,89.4283594243216,-21.357492199233626,0
Dakshin_Gangotri,-9.809262732702571,32.66404335736976,39.92938542917686,988.0052931012062,3.9917868504809024,15659.492658856345,62.57154412823094,-12.095745767718455,0
Bharati,-22.66856008497301,45.79211162325845,52.69414159828524,979.3384726998181,3.4150469979858378,4828.936529908613,90.63052475762444,-25.8740078986011,0
Bharati,-19.723653874011948,53.430763017170825,68.07106748064565,940.3925630352803,-7.974161591411717,12314.256015270319,89.5187183919654,-23.463807285213907,0
Dakshin_Gangotri,-24.202669786331988,25.104967920478455,25.104967920478455,974.033827936659,-5.322606473475593,2319.941184188252,75.88495618794737,-25.96001754076548,0
Maitri,-24.998734103628788,50.771216062907435,61.001436311030645,962.4904553988657,-3.8788005005423236,15576.211389865211,100.0,-28.55271922803231,0
Dakshin_Gangotri,-35.82337050314271,12.254424381215696,40.73520271508927,955.6744147407105,2.993396985035499,7818.787596780414,91.72846771160224,-36.68118020982781,0
Bharati,-20.25258607490038,14.798836659918178,14.798836659918178,977.2710113859956,-3.0044482806895365,8168.079851041899,75.68084767462031,-21.28850464109465,0
Maitri,-26.45929897620234,25.888732505137504,37.48755891200342,969.2806622900473,1.6054043970223972,9959.7024830481,72.84520580926358,-28.271510251561967,0
Bharati,6.397524633958923,11.350981711424575,20.427973582123407,970.5980239471007,-0.7270999813361769,578.5468146354397,68.52133254225492,5.602955914159203,0
Dakshin_Gangotri,-1.399676462871362,41.020412219404406,76.073091033282,994.7925273319221,0.2846870119325626,1700.9795294574014,73.03890302820076,-4.2711053182296705,0
Dakshin_Gangotri,-19.212301711652486,23.18172439951039,32.80311233281385,985.1114428023869,1.9837417183279513,6462.694449574143,73.47302553413839,-20.835022419618213,0
Maitri,-36.44585814542151,28.869689127584042,39.07158027399908,970.0897035376711,1.0893364856041874,7382.878280313011,70.20764594032948,-38.466736384352394,0
Bharati,-41.68617207975127,29.41829447824446,34.110645200227154,967.5523755830042,-0.07588750226866044,14330.215684947918,71.79045343861215,-43.74545269322839,0
Dakshin_Gangotri,-7.132855703667023,25.551444551557903,40.644662587230414,970.902828590807,1.3083217172035495,2203.2004191426818,57.11260657909661,-8.921456822276076,0
Bharati,-21.05876162279292,20.367798927746477,38.069469477983354,975.0511153979799,0.8678883087535384,12160.771939462507,66.47792687167184,-22.484507547735173,0
Bharati,-17.797848949125836,40.04638959303383,46.188191116837885,991.6810036875169,-0.8386678851791742,4937.642977955566,51.04111437730934,-20.601096220638205,0
Maitri,-51.168789804612885,22.924210399037925,47.81143840625758,959.14879740747,-1.7249416204251127,4881.903932833657,81.21648732175916,-52.77348453254554,0
Dakshin_Gangotri,-11.088422776627288,29.219564576594166,46.930200419479256,1009.168784350112,7.5217712721145205,5344.628589967739,76.20088151724408,-13.13379229698888,0
Maitri,-18.183694926784554,36.98710094699443,60.50609363464625,991.6954398225528,-1.770819567450444,4778.891442676555,73.1612043513598,-20.772791993074165,0
Bharati,-41.65646026621717,53.213163627945015,64.93180834954582,925.2414401825207,5.467979977441488,7946.153303943329,88.29350339034085,-45.381381720173316,0
Dakshin_Gangotri,-32.072872111749234,51.15606929834864,68.58791260726197,981.7069846885709,-2.740516586673062,4420.227674336838,62.04684604902147,-35.653796962633635,0
Maitri,-21.044241934652206,24.00400495021388,36.87304000147306,1000.8147328675159,3.240698059898539,358.1712122740573,64.33756084099085,-22.72452228116718,1
Maitri,-24.212998024656347,19.802481581520723,49.379297076432216,987.774118163216,7.135032919914574,4928.762335042177,52.78181208085497,-25.5991717353628,0
Maitri,-29.382567787053326,58.52957204346087,74.69221341717149,971.7531808056367,-1.3500259475100438,7826.555982612464,90.34528672159378,-33.479637830095584,0
Bharati,-26.552324020989413,22.85821024827428,37.94574973142427,978.778164407101,-2.66956862297408,390.6879846483189,84.08298886554739,-28.152398738368614,1
Dakshin_Gangotri,-28.77966067310328,39.24969402000035,49.6672740297912,983.5663989634204,-1.7169184827149848,8327.31998464181,94.94379801326474,-31.527139254503304,0
Bharati,-22.71156231846297,10.992163688582282,20.832527383860644,995.3917650924664,-0.07747053861142221,10722.07856408,98.73855693029317,-23.48101377666373,0
Bharati,-2.927620405102644,8.460689556511696,25.837910304749965,951.698103037526,1.287485353701177,11919.72327928451,68.63454005606441,-3.5198686740584626,0
Maitri,-63.49987661396946,31.887113123998752,55.0829877177259,967.899632935269,-0.15998875852153055,7350.655974572936,64.33277514977206,-65.73197453264937,0
Maitri,-28.552753967645263,27.215494355557528,35.36991337645665,1012.7715625613496,-1.6799382384056076,20.0,48.06800983179525,-30.45783857253429,1
Bharati,-22.352313679413296,44.26652485360195,60.532317625363234,980.6589444656187,7.818167431239887,8590.4800085016,58.53019506440975,-25.450970419165433,0
Bharati,-20.56009015469351,20.496229460093428,37.337924370284576,1010.5580427375615,-0.8017553018099735,9868.685307145222,70.12641004355051,-21.994826216900048,0
Bharati,-30.57871871981935,35.60325673723196,54.18689190098806,1039.711860755685,-2.4804055085580887,3213.86331245643,44.085789976372894,-33.07094669142559,0
Bharati,-51.350826737178735,43.102938562627024,43.102938562627024,970.1593038638388,3.3220446703222204,5709.268206445604,58.84002625301956,-54.36803243656263,0
Dakshin_Gangotri,-20.080067744288357,20.93855678827018,26.691229791160296,956.0543771727865,3.3857431979744756,7934.397804179463,73.75747844698833,-21.54576671946727,0
Bharati,0.9102532124627736,25.87331177313774,27.214866571918733,974.6893857844013,5.6499575076314,13149.041811297917,88.40156107856518,-0.9008786116568683,0
Dakshin_Gangotri,-48.00792107374207,16.442713878503476,31.771558145020933,1001.9798543529746,7.711455036197331,4976.601251176457,64.24380723787553,-49.15891104523731,0
Maitri,-12.042579794527176,45.05273465892782,51.043000960024706,1004.7779174355258,1.3850880809542607,9565.023569779938,76.91969632962184,-15.196271220652124,0
Bharati,-29.927878346843407,40.30259471549839,50.340183531230906,1025.439549703137,-1.1530169821729752,7265.190494899092,100.0,-32.749059976928294,0
Bharati,-25.91986518743271,41.799711411612485,44.856906172504026,979.2638896136746,-7.608948268156717,6797.710121415458,47.90934575348037,-28.845844986245584,0
Bharati,-40.79347766055923,27.158076422324413,38.12571105064639,989.7611303110498,-3.7514056733922176,11321.877910585757,91.28808993744389,-42.69454301012194,0
Dakshin_Gangotri,-30.01684258533815,39.96147978410156,43.72044377191388,965.7646069809091,0.8342470733315868,2674.3108521205,80.71159014715226,-32.81414617022526,1
Dakshin_Gangotri,-5.499331079515624,5.285509012551833,27.864593432881342,929.8603010124476,-4.723767386276623,6921.625601182509,93.99796846004254,-5.869316710394252,0
Bharati,-16.260171370184395,28.408052470180674,48.200332168136455,979.2069460470315,-6.340487018765815,6108.741113234813,89.50338587911229,-18.248735043097042,0
Maitri,0.9846740811491621,63.425032889482786,79.92732570422632,956.9249149252058,0.263311579806156,20.0,65.05196450270499,-3.4550782211146327,1
Dakshin_Gangotri,-7.338821665334596,30.600091813384225,42.580672516578545,992.8671440651934,3.1070368763024527,10930.3333418397,75.02702460132821,-9.48082809227149,0
Bharati,-18.413699816056358,49.70770273253696,49.70770273253696,942.3721335892168,-0.9859121835567449,9316.06870600668,53.09184798957646,-21.893239007333946,0
Dakshin_Gangotri,1.1590178925168821,27.23640090900886,37.654334654060406,965.2133421856493,3.5871504109077987,6135.5176182726855,67.1559544959267,-0.7475301711137381,0
Maitri,-18.41510261892552,56.88013384032431,64.26556840345057,985.3535840728092,2.4663318556962848,4954.484022578032,75.43872061324632,-22.396711987748223,0
Maitri,-12.580177348044115,19.775002116778083,37.2477442894333,987.4472433482624,4.596933252394637,6000.887638169531,79.5538047713269,-13.964427496218581,0
Dakshin_Gangotri,-29.448564303020625,37.85372273991178,59.050794427955495,979.0512150504786,8.693753833582367,8829.486302003788,86.84153973025067,-32.098324894814446,0
Maitri,-24.00181276211193,21.883999202973957,40.13032582790483,1017.3469033586222,10.456106562676382,6211.580523471192,98.74390386234859,-25.533692706320107,0
Bharati,-35.461357349504155,34.83824761903558,62.46863071030146,1011.3892727161823,2.9266844660175044,3329.9986274654607,68.46681889090176,-37.90003468283665,0
Bharati,-10.156240981077204,22.916893779393448,32.233751435542544,966.3134501386816,-1.8394007596350779,3931.681705607535,92.17152515287168,-11.760423545634746,0
Dakshin_Gangotri,-42.674554346722985,30.538843659432523,39.44108484622609,1012.1881933557272,0.24734354608627085,5951.5025109747185,79.00953985791878,-44.812273402883264,0
Maitri,-13.26474486373508,24.67679371921976,50.05557600824553,1015.2440289758036,6.293018340509074,2269.6273884685384,55.38874241335124,-14.992120424080463,0
Dakshin_Gangotri,-27.85976586257739,42.348634182015594,59.01079812739694,977.5219525191532,-3.5728998211702776,7333.294928408935,72.74394845575378,-30.82417025531848,0
Bharati,-7.431293597990209,38.64130865338256,51.1713212479604,980.9080624570431,5.790644386570519,2827.934937251603,76.73820052712598,-10.136185203726988,1
Maitri,-13.736965169031102,21.476673437466232,54.94188488641406,978.985568937468,-0.6796962396714027,2182.6476421512407,62.44954011695079,-15.240332309653738,0
Maitri,2.3096923647020233,21.15280088018851,41.93010635401534,967.1000122368528,0.9085038059166769,18772.528151206785,59.3915135220803,0.8289963030888277,0
Dakshin_Gangotri,-14.038379632920329,18.861782788056544,31.95634104871571,969.0866464082105,-3.2307502470410814,13759.405638289918,58.887628073483995,-15.358704428084287,0
Dakshin_Gangotri,-48.58060383479861,16.890032635967138,25.03058449949414,1006.3864514479319,-5.294900810365875,6575.780164079666,66.84676443957508,-49.762906119316305,0
Bharati,-26.004297593473012,43.761280902401566,72.02640761824026,988.7475228630069,-1.1153440302451199,9404.065069238812,62.030550500020084,-29.067587256641122,0
Dakshin_Gangotri,-42.58010788892224,18.288543927796233,35.358514136692925,968.9162090587627,5.21204677734219,10083.792150083504,93.45611764643606,-43.86030596386798,0
Dakshin_Gangotri,-32.77419763549412,36.302690715682935,51.547859911067206,961.480078552891,-2.8078422411402375,5698.224755252747,38.2333220312565,-35.315385985591924,0
Maitri,-2.3315735008491743,23.581828162529128,45.344592437080024,964.8377920277305,6.450084640082208,7131.023012093049,76.66907106300303,-3.982301472226213,0
Maitri,-15.43699283653456,49.002295913502756,72.8031744820425,976.7228955593017,-2.2914935250606976,4951.318251669676,82.92471596023528,-18.867153550479753,0
Bharati,-35.483956428681196,70.95703951211799,91.45573935702696,998.2633977461452,-4.2729086255245035,11022.681638939794,60.55762498483077,-40.45094919452946,0
Maitri,-40.20576049660598,4.339606558140907,28.17936231446035,962.7983766115254,1.0145481943242922,11077.732108316475,71.52129376602988,-40.509532955675844,0
Bharati,-24.508268606856088,19.640761087400666,39.154504676427486,998.0340513627317,2.7162879511763447,12247.6755147687,69.8684656951619,-25.883121882974134,0
Maitri,-43.24840224071691,23.37961920431266,43.92852503861493,983.939134966426,0.7523516660820351,7063.994279035005,73.83933009296999,-44.8849755850188,0
Maitri,-35.067104160948716,27.6424648753654,35.32608632693105,982.8568388506395,0.6038135823679157,14671.219872351243,84.94401486218129,-37.002076702224294,0
Maitri,-20.31985792673134,26.77392818030535,59.87746699648093,1000.5159229629185,6.411840843765358,5694.595560969306,83.60071839779121,-22.194032899352717,0
Dakshin_Gangotri,-7.6703194583995575,14.679977673814802,17.343211083907775,996.8671743587958,0.3796581899685074,14187.72193237687,66.00033364797503,-8.697917895566594,0
Maitri,-15.868577916633404,71.67368495969228,89.76746110466702,951.9096421485689,-1.8816271416356267,4146.801149211159,52.43321852730237,-20.885735863811863,0
Bharati,-59.3693426289715,27.279153716420616,28.911483134634537,958.3197270838313,-4.53187817299858,810.2387577234249,77.47602897633706,-61.27888338912094,1
Maitri,-20.434499064546102,38.55594130941106,52.57465392105151,975.4096700264921,5.094542757721352,14111.232108084201,65.14989621311122,-23.133414956204877,0
Maitri,-23.91949640151133,39.14428591523297,48.43134953655212,987.1194564606237,-1.702712092376712,8641.50848995748,67.08366922021946,-26.65959641557764,0
Maitri,-18.791645719409605,12.828657758625994,29.18621647206583,1007.2915131044665,-1.3124119531468146,8076.490014352634,78.35169624607524,-19.689651762513424,0
Dakshin_Gangotri,-0.7568547752318899,25.413191418647397,43.830768232223846,981.3013505172481,4.207517620278027,4558.061616235467,68.47392452114912,-2.5357781745372074,0
Dakshin_Gangotri,-55.948574152071146,43.75997685717299,49.19663982722707,1014.0739259744968,8.21659117910925,2619.4036500014013,79.60073964285536,-59.01177253207325,1
Maitri,-33.866551377866585,58.670771685326606,73.37662713581085,965.8664897222817,1.0053276553232435,2998.99330155354,100.0,-37.973505395839446,1
Dakshin_Gangotri,-16.13640515809968,25.692357494543664,54.629099719106485,969.2484269144112,-0.5479930922586101,6554.189136984075,85.28766340467807,-17.934870182717738,0
Bharati,-48.723915991809136,14.219210324321738,16.096559349307128,973.8863499094608,-0.022609900692416723,5399.197342202409,95.17346852885011,-49.719260714511655,0
Maitri,-2.8607642791973653,22.344328664757295,28.803790973136632,963.6554494873395,-1.8221531389465275,20.0,82.66339670521373,-4.424867285730376,1
Dakshin_Gangotri,-19.474650809490125,25.12055010579561,48.72809658494896,1003.1880896389608,-1.4233894626733252,12775.036853062906,76.15676632754402,-21.233089316895818,0
Maitri,-12.30124021234894,24.628893931941647,40.40444206440585,924.6033817664808,-1.4019569227854616,4321.154120974706,82.89096876562994,-14.025262787584856,0
Maitri,-33.564154922826916,18.87295226060096,35.38450155884661,969.9286213723275,3.6429123120173177,10953.637947596222,82.1596221484305,-34.88526158106898,0
Dakshin_Gangotri,-12.793544650506842,13.357057968291183,38.580081455214454,1002.9641456039699,-0.3526823702695725,3177.4077379774035,87.94208193603136,-13.728538708287225,0
Dakshin_Gangotri,-8.972926660164426,16.354499108035757,23.413812090052833,973.7536303786161,5.437249650437366,6619.3700409168205,75.89049614242914,-10.117741597726928,0
Dakshin_Gangotri,-21.506829697942475,22.446653491398205,32.25330119042225,1001.45772940625,-0.4651086399777769,9889.24523826217,55.37526366945721,-23.07809544234035,0
Dakshin_Gangotri,-21.48398660951956,43.40128262937866,51.97486396471028,1023.9536828999229,-1.4681166037704043,9337.383690853929,52.97787907348966,-24.522076393576068,0
Maitri,-20.944851410774113,51.61148018302264,63.129449709667014,981.6076929407152,5.111500016426149,4928.157376925625,81.91850766384525,-24.5576550235857,0
Maitri,-37.95017897109072,32.24740969008554,60.64263053956232,1003.3786853798948,0.08620007850533681,8037.175648179431,58.107072807430164,-40.20749764939671,0
Dakshin_Gangotri,-27.212930203605293,16.614884686386894,16.614884686386894,1028.3827504738254,-0.5057370683849465,8703.786675978326,85.29640101898345,-28.375972131652375,0
Bharati,-27.287837986785384,23.12784421429432,26.18565610519359,988.0418141442094,0.13424257126378225,5408.281829709398,95.0798116173533,-28.906787081785986,0
Bharati,-19.249092034697576,8.712065466067116,10.055234793135323,979.0387362522339,5.866598052713353,1545.1268306463908,71.69010223546158,-19.858936617322275,0
Dakshin_Gangotri,-10.002636296345582,59.22510606372111,88.24204557058079,998.0493063485012,1.2243109271495534,3501.732162208295,93.17019338771118,-14.148393720806059,0
Bharati,-40.87804122967614,21.25116258652825,30.107163239530614,1003.6843350674457,4.997935955694065,4483.084303841435,78.88407082771512,-42.36562261073312,0
Maitri,-26.875135454793664,36.95629245934292,48.689555998492935,979.2236941225273,-0.9384976086357851,6104.235117021951,75.38880055855249,-29.46207592694767,0
Bharati,-2.7781667851154026,49.837821562949465,49.837821562949465,970.3231268287848,4.357615628914724,12369.52179243166,76.09269263558426,-6.266814294521865,0
Dakshin_Gangotri,-36.15382343218846,67.28013266420689,79.6562723025477,1014.3479063659266,0.9507393456917967,9629.929739693049,62.53724427840294,-40.863432718682944,0
Maitri,-37.3337502593548,45.76600660505266,69.43122381347233,974.5877108455576,3.53030264792197,2735.744970789303,60.620480519415366,-40.537370721708484,1
Bharati,-21.965407122532095,24.54866315329667,42.0782336360263,1003.8745754096451,3.866584946719856,13346.089180320463,50.33938600294035,-23.68381354326286,0
Dakshin_Gangotri,-12.334222142720199,39.43865532052887,53.36001480754262,985.2573454640568,-3.7664781161596332,5684.6812993902895,64.00355267501939,-15.094928015157219,0
Dakshin_Gangotri,-24.82860916659011,66.05746065344765,66.05746065344765,1016.53930315317,0.2878304255362519,8689.142650667412,100.0,-29.452631412331442,0
Dakshin_Gangotri,-5.065591143445161,21.14370089573422,32.8641800226545,963.0190815468912,3.828791810202092,2244.0526211668775,52.59951612120483,-6.545650206146556,0
Bharati,-12.148090261502098,12.967123584249796,29.43627122350862,962.9803919593479,4.465941478948752,4191.053322835432,57.35193894299259,-13.055788912399583,0
Dakshin_Gangotri,-12.372698996649072,18.954509061418115,24.036260491085066,997.0897280366,5.0137379071703725,10151.753802725403,62.91615170426053,-13.69951463094834,0
Dakshin_Gangotri,-16.6882524801386,38.134426305907304,59.683337885686115,957.3932138684539,0.41891090040996853,2484.510416321487,63.620173914287975,-19.357662321552112,1
Bharati,9.914796505191276,24.8791123425726,48.729797809023296,982.3325692497917,6.160838164517763,6220.68515591397,79.03985835157329,8.173258641211195,0
Maitri,-28.077425332990664,29.09697696889686,38.81048988235591,1010.9681846591975,-2.6288262784622107,7883.64299188727,65.82282934342588,-30.114213720813446,0
Dakshin_Gangotri,-55.05283438099771,41.33927946209197,63.597601399809015,944.3033572213279,-5.979060678764094,1908.2527986548275,72.02226565166073,-57.946583943344145,1
Maitri,-0.9361845772428872,18.724613739162148,32.62721776432181,988.0427855721714,-1.110443575409107,20.0,62.25748607386968,-2.2469075389842375,0
Dakshin_Gangotri,-31.865491464352385,28.364024949269318,54.83540476505745,1004.2349077864855,4.783369137385823,9629.537799120453,67.87166280366944,-33.850973210801236,0
Bharati,-23.381793334854503,22.91556677318382,58.25707337376463,979.4818466989303,-4.34482868450034,17453.530305288914,74.10488154665974,-24.98588300897737,0
Bharati,-5.356739727092094,64.74884165986222,68.81218684052976,961.4581433926837,-5.8794320515110154,7835.464716161683,72.98167328627096,-9.88915864328245,0
Dakshin_Gangotri,-49.033893115883885,45.06157168563661,67.75641572110327,974.7478398381198,-6.882035951511537,8602.988153110273,100.0,-52.188203133878446,0
Bharati,-43.77470821159209,24.96913010248222,53.01877576410949,963.2296042705188,2.943777136766583,2463.71117087985,74.57719976967502,-45.522547318765845,1
Bharati,-49.0191690567828,24.240070527790234,29.53326712427191,981.3831645003288,-5.79041890112374,11878.698889979205,71.8538736169437,-50.71597399372811,0
Dakshin_Gangotri,-36.91204435038136,68.37663213969655,77.62542545750995,974.4658887929548,2.1961213040679386,4492.935658051125,37.54553234198469,-41.698408600160114,1
Dakshin_Gangotri,-18.405450909745095,65.61884605477239,74.75507507248035,969.7347895507304,-1.3123463345607105,10654.869286081263,78.59888124701172,-22.998770133579164,0
Bharati,-17.137182357808435,38.00889295281795,51.68108056745673,989.3229478992338,-3.082392734591499,8429.190644838945,45.3737181191758,-19.797804864505693,0
Dakshin_Gangotri,-20.855887310071694,29.791444403342393,41.22778934113617,1011.5823124424277,-3.9948893016958564,8526.78771592263,83.27542704307818,-22.94128841830566,0
Dakshin_Gangotri,-46.1914882583855,14.834720427849849,27.851874547299026,986.5564175768901,0.8251633627077821,8373.224702413174,77.13626061028152,-47.22991868833499,0
Dakshin_Gangotri,-59.65155154948966,19.046784783710308,42.42666806649199,1006.8733114088752,-3.0166312569901024,8245.740515166613,86.96845756491994,-60.984826484349384,0
Maitri,-24.184696219144264,14.195071106105548,14.195071106105548,1011.576497955609,-0.01989123877599732,7133.560912025762,65.48356573188684,-25.178351196571654,0
Bharati,-32.07664050457504,50.819868495543325,56.080934279129565,968.2671939536363,1.6056255470928584,9877.052249488863,75.40469694333555,-35.63403129926307,0
Maitri,-18.109213424250825,14.967387132597215,36.666667894695884,985.4971700798238,2.4506449366569667,3095.804946268113,85.13648967803148,-19.15693052353263,0
Maitri,-14.470695606680948,24.077186675076078,44.604948161284824,971.5010471170275,3.737281647225365,5044.718518034473,61.05678051920473,-16.156098673936274,0
Dakshin_Gangotri,-22.926378519119773,9.773266644807107,14.187844704473202,950.3567231764781,0.6589133811484919,11872.353587448808,84.1505145952072,-23.61050718425627,0
Dakshin_Gangotri,-13.598003719362193,12.21629359842056,32.813313101457254,987.115217374377,-4.200360209238399,6691.6254135590025,83.4638423480676,-14.453144271251633,0
Maitri,-21.561829388273974,42.27835525469217,70.54702482288994,958.9570076390307,1.862909339681097,4696.2407104979075,72.97699069199045,-24.521314256102425,0
Bharati,-17.049029415977998,35.12648520710012,49.63622006244502,989.6860655119775,2.6248145690744145,10139.477512013586,98.6780075562648,-19.507883380475008,0
Maitri,-35.57009894304824,30.343015604222845,35.26340538358398,948.8824383371756,-0.7262369222483137,9349.725142142503,82.73329597293242,-37.69411003534383,0
Maitri,-27.69417120747188,24.312231264749236,48.06177382789171,983.4198599895522,-1.1516125136581397,800.7225132772237,49.88770535964172,-29.396027396004325,1
Bharati,-22.048358550145643,11.293242752715592,43.523697062424326,948.5853399145415,9.900709541456093,8919.726123181026,89.83032154462781,-22.838885542835733,0
Dakshin_Gangotri,-12.692072868738718,22.61353860550319,28.752135571107544,993.4772953274386,-5.17220467321392,6549.350732041487,65.1283667712371,-14.27502057112394,0
Bharati,-30.906117583368584,27.486528014599934,42.87904875410027,972.1323985282105,1.9746974877715495,8847.606191730476,86.9652191381049,-32.83017454439058,0
Maitri,-17.18249116401831,40.859898335229055,66.76145468409926,970.2041378492897,4.184125785532597,6042.8193047799805,79.43290893395567,-20.042684047484343,0
Maitri,-28.987581878730687,49.44086606755088,65.59445321718275,1002.5300970248586,-1.3650609648914895,7857.203588204853,35.37387176530083,-32.44844250345925,0
Dakshin_Gangotri,-26.763132509921956,42.93704428534824,42.93704428534824,973.568596635728,-0.6740670076033088,20.0,84.07297374013365,-29.768725609896332,1
Maitri,-12.557214369638904,35.020604637780615,54.4547818256386,982.2170520414626,-1.6058665229166964,2420.259360348193,71.67515611077161,-15.008656694283548,0
Dakshin_Gangotri,-54.89590556581234,30.105586555617954,35.31750019238896,976.0276758606216,0.0008892514563221182,8960.404662603523,68.10829550008441,-57.0032966247056,0
Bharati,-44.447084921121416,33.2913904040063,35.584164414066166,990.1478483868628,3.59797025074885,16485.745390853932,68.6670298104075,-46.77748224940186,0
Bharati,-47.23278096164231,21.812467058853503,21.812467058853503,1000.858898445252,-0.7928318156070615,7469.101197993998,86.83318283727768,-48.75965365576206,0
Maitri,-60.004241797724575,31.43438383520713,58.338456766863935,996.712709137826,12.442368556252154,3228.781209380366,61.180938802227224,-62.20464866618907,1
Dakshin_Gangotri,-35.17396660232765,27.404781868779285,34.057668678605026,970.6666286088581,-1.8109503701712477,6541.640899004917,91.6992124212034,-37.0923013331422,0
Maitri,-13.758491504083894,81.93768532728598,100.2710471297647,1004.1809393721164,5.510060662662633,2426.302856556892,52.20525077426941,-19.494129476993912,1
Maitri,-29.27326099573862,33.71884914379364,54.50839344958767,961.6729727375956,2.175699449490884,10999.293590531439,79.43541295071228,-31.633580435804177,0
Dakshin_Gangotri,-22.033148770872216,8.260242161536425,24.878432059688425,965.1503617324399,0.4338924845735,6192.31921929133,86.58660770507994,-22.611365722179766,0
Dakshin_Gangotri,-8.66173754933811,23.631965033551804,41.59767283329152,977.443985283758,5.883044377430391,10212.83213704148,86.21847484033502,-10.315975101686735,0
Bharati,-5.084708015984624,25.856048862672818,44.66652973666778,1000.9360090441758,-6.400304982627197,5386.180110236536,77.76116539917498,-6.894631436371721,1
Maitri,-26.037069020892094,45.81276468071625,62.19374154717019,956.5969716111279,1.7007138338663383,10567.842173036726,71.89806411413933,-29.243962548542232,0
Dakshin_Gangotri,-4.696211656459042,35.89096420617308,43.28936906301284,997.8296828827731,-2.86551975331262,20.0,66.75022577988253,-7.208579150891158,1
Bharati,-23.61810012348836,34.98529825547763,41.49192663396174,978.9050581036405,-1.743951740420698,6097.911874380305,56.66369344813195,-26.067071001371794,0
Dakshin_Gangotri,-37.56097335741193,56.03228582219973,69.98247038044047,971.3253295282773,-1.9320091681440283,8158.354505562782,64.7149484691938,-41.48323336496591,0
Maitri,-33.91600528298103,65.76980477209825,79.5081642916081,1001.9561273269585,-3.8552971724896308,4926.596496084003,60.579318678367464,-38.51989161702791,0
Bharati,-47.20804768847525,42.24745246746743,61.54064979173318,963.9465834262411,-6.610320732093386,7438.040180903363,58.12025592065844,-50.16536936119797,0
Dakshin_Gangotri,-38.322007806004784,24.59369460264733,50.61019527429893,1025.7135230749986,1.5551369421014514,7370.17609268811,100.0,-40.0435664281901,0
Maitri,-30.370250321116437,24.98488051149081,43.423934117185716,976.4671642291544,-0.26347953365097576,10195.33344027595,49.20859121397733,-32.119191956920794,0
Maitri,-12.946224709320976,2.98413470057717,9.875297509405561,982.9968340846208,-1.2023652558674274,8486.10554717853,91.88264545695947,-13.155114138361379,0
Dakshin_Gangotri,0.8115474674897563,52.50367784894157,52.50367784894157,1010.8581003215718,3.0366987523190594,7571.712489136368,56.45246949387153,-2.863709981936154,0
Bharati,-45.732722730655595,24.9449652610006,32.255593202207365,983.5185935716063,1.8077392878021112,9517.854593682778,59.668104267978705,-47.478870298925635,0
Bharati,-19.107587976101215,29.06563948441583,30.62073586915057,1003.7773775683476,-1.0673458183144349,587.7928970403154,59.42286541568181,-21.142182740010323,1
Dakshin_Gangotri,-40.60815908736302,23.36383646946251,31.060114445854516,940.9368306506204,12.203694728909591,2990.3603272005344,58.34286363700333,-42.2436276402254,0
Dakshin_Gangotri,-17.87954367305197,16.452992245218038,33.875762133870154,971.1480591965807,4.0719548634956535,458.96374696396197,88.84282519123613,-19.031253130217234,1
Bharati,-26.9662997603159,78.75221640208872,94.59612148047547,987.9346755684519,9.779202832436962,8194.407533406487,83.82550309778775,-32.47895490846211,0
Dakshin_Gangotri,-52.463587387712955,29.167227928294704,62.7490040976768,1001.6283859524682,-1.6598196968267185,7655.255669985276,71.51101302260282,-54.505293342693584,0
Bharati,-11.075545126472734,59.97236624327131,79.80318176409317,995.3939311652182,0.9987964841207462,11541.180281452247,100.0,-15.273610763501726,0
Maitri,-34.07501069213097,25.122906805620897,59.214579638767916,993.5206421586578,-4.953077048682659,7406.663942441908,74.74909866532403,-35.83361416852443,0
Maitri,-33.00850357560332,21.24464562018579,43.39603966008505,1001.2211568470906,-1.3219132590618354,3473.1941780689535,75.89814343856561,-34.49562876901633,0
Bharati,-41.04628616934535,40.480943333886174,66.33801076693652,989.5003930681585,-2.3358370985321995,6536.003247156581,64.71543273867499,-43.879952202717384,0
Dakshin_Gangotri,-34.81424915031333,49.336382395385684,60.7473596791761,937.1363194642024,11.982020986627345,20.0,62.92899601401336,-38.26779591799033,1
Bharati,-18.581643389576243,50.906440935611336,55.16134810231842,1008.8440650502737,-2.769909190823083,4367.0948977650005,67.0033006855532,-22.145094255069036,0
Bharati,-27.838665114046083,27.29598932161746,37.80639041360866,963.246700019128,-0.93613526723369,20.0,87.77593850219546,-29.749384366559305,1
Maitri,-20.070069965762784,42.5790659435932,57.46037063681321,986.2725001472833,-5.814681227449574,7314.082556558803,83.5668348117212,-23.05060458181431,0
Dakshin_Gangotri,-19.571172191067344,22.49505249010606,31.213463650055846,983.6200952233439,2.1348934710354643,4882.80622827246,94.35902826916002,-21.145825865374768,1
Bharati,-5.190075167077495,31.2298095707073,36.21838532599879,980.9465523813969,-3.6009016403606804,5470.897310311124,64.24384498170569,-7.376161837027006,0
Bharati,-30.14179226296569,25.937811056269258,45.106187980476854,957.8791863122992,3.6741829161053423,2273.663217592095,83.8426360889936,-31.95743903690454,1
Dakshin_Gangotri,-47.15286725268598,23.91096193377789,28.85699027180537,941.2261347233041,-7.153298430191297,3324.57384235892,79.58262259287189,-48.82663458805043,1
Bharati,-8.991663751420255,31.892202711903273,31.892202711903273,959.9524218680725,-0.4864931603947782,8770.465563555732,81.513031521316,-11.224117941253484,0
Maitri,-29.97232258145882,16.20959903271212,19.988737893736165,996.5247687448868,-7.383199601682068,255.72030858592007,62.04336544806843,-31.106994513748667,1
Dakshin_Gangotri,-8.281113331339345,47.34852620563427,60.00497132300179,951.0675627487165,-1.9620518270069303,8022.750759039853,59.41900526185586,-11.595510165733744,0
Maitri,-19.249343302262943,23.962545915388805,29.053354837743573,962.3943805998399,-1.1488514027351582,2755.1118921854936,83.08707425556102,-20.92672151634016,1
Bharati,-26.967062953050174,46.24649550652699,58.96559647334189,988.3609330759913,-2.3961258572940927,20.0,88.09261535214965,-30.204317638507064,1
Maitri,-19.768361589305574,18.14174426350078,39.14618731629288,959.451506502646,-2.0008650631625233,10905.37553646299,65.7254090036028,-21.038283687750628,0
Bharati,4.265188401894491,23.918348876334253,44.66277934496776,969.1390362050486,3.8846730774294103,11316.723025379139,84.13552786508595,2.5909039805510936,0
Bharati,6.154707935806297,16.178877312185524,24.570618221292413,981.6364303214018,8.697817274170967,3842.1283936047157,92.99061766952056,5.0221865239533106,0
Bharati,-23.95928297300832,15.838382798578913,17.79896692818942,985.6528547826032,1.357228806238215,3802.9004178627133,69.57303335165342,-25.067969768908846,0
Dakshin_Gangotri,-22.59714110024387,19.47507930116549,28.718844649673414,959.0554810364305,-3.440174364068037,4996.5014718977345,53.41781058615348,-23.960396651325453,0
Bharati,-8.856397638004218,18.296731436313152,39.85317953414865,982.8188583316236,0.2563097572508662,2759.7387938928564,55.293141043331,-10.137168838546138,0
Dakshin_Gangotri,-37.68491549151021,16.25537682509957,40.14733911554525,987.977095057274,-1.4170766643009225,3464.6105874510426,64.85215939286219,-38.82279186926718,0
Bharati,-20.003944410726174,30.15042530044009,48.679324510773625,954.535989519359,3.557571458391559,7800.243820103331,68.30979236243707,-22.11447418175698,0
Maitri,-25.387942719307848,40.0893125510037,67.1036730609579,984.2968595211165,1.151444907359033,14295.575145627203,74.45791775901448,-28.194194597878106,0
Maitri,-20.291376828136695,41.12867573129609,73.42069692748981,965.6683354051066,-6.311179792447776,4581.160805831479,74.76272631905483,-23.17038412932742,0
Maitri,-37.50053208924109,10.781440050383537,20.94916076908826,982.4783036137216,4.391741950897559,10092.416767310044,70.91458566471508,-38.255232892767935,0
Maitri,-48.843512399634534,25.851936378467098,55.717568918332,994.4615800601429,3.8673621582036053,7411.567600672631,85.18852468758762,-50.653147946127234,0
Bharati,-56.09475153986938,24.52545959407435,36.91996438615691,976.4748195876533,5.980114814271487,20.0,63.588395658768434,-57.81153371145458,1
Dakshin_Gangotri,-41.76076169484412,56.524753932203744,81.72324090480438,998.2683083195811,-2.0657636033232727,5902.255681270894,93.97011590235311,-45.71749447009838,0
Maitri,-31.880129274089995,26.371958536387346,48.45768322311497,995.816279684807,1.20389510766045,5399.791507755997,89.10098801935538,-33.726166371637106,0
Maitri,-29.39787379973143,28.873361938427962,28.873361938427962,998.1566019051899,-4.739106700505676,11858.151958993772,88.00210683164916,-31.419009135421387,0
Dakshin_Gangotri,4.058467436442754,13.14407609394078,18.48180474467288,988.0621987970267,-0.2049792321459896,12020.613536718585,65.1074215121843,3.1383821098668996,0
Dakshin_Gangotri,-8.41009945139053,19.197641411757413,21.984762248653833,1002.0153378087881,1.5879413503961815,7507.198770986901,73.25365069300915,-9.753934350213548,0
Dakshin_Gangotri,-39.43136674512441,12.67632731279987,12.67632731279987,987.7019060706049,-2.5442230854474364,10857.0367497687,85.84265160446702,-40.3187096570204,0
Maitri,-19.784373213235646,31.13926050179248,54.93241033574904,946.6547926731341,1.3693599257287974,5414.5597332703255,72.00128736056863,-21.96412144836112,0
Bharati,-31.106173545254876,57.40989719889618,93.09761575009685,964.1585868648051,0.6720003765273319,10477.42416779472,64.51275109904778,-35.12486634917761,0
Bharati,-29.265457570601427,19.56032851880382,31.98360347181329,975.7748586679809,-1.7993458268010567,6401.349863077483,63.91106050176061,-30.634680566917694,0
Bharati,-22.22011525876927,26.481790536342675,50.023357190006465,978.2555390123422,5.589885624284931,10390.698504494976,64.64162455909809,-24.073840596313257,0
Bharati,-15.7124332453691,18.35947026683697,48.20572344374441,987.1547751849173,-0.9377710764038013,10797.641417581402,57.58594934674527,-16.99759616404769,0
Dakshin_Gangotri,-30.08887725826023,21.552289294146835,38.635606295974426,963.8609624967994,0.531394898712092,8865.803123315562,100.0,-31.597537508850507,0
Bharati,-9.042227008984622,31.470553325942607,46.21742267679221,1020.1741740909883,-5.867612996928519,3033.648537546983,45.715211858576936,-11.245165741800605,0
Dakshin_Gangotri,-42.129073392136064,70.64330454323357,83.18642526581264,977.9508338104337,2.0767642881512205,4317.824309990372,60.28814171968952,-47.074104710162416,0
Maitri,-24.904914064565972,56.01779500217167,76.3933838242214,979.8462440788433,-1.9075748336381046,9009.021249587295,83.94034948395507,-28.82615971471799,0
Bharati,13.965105898937487,64.09725134038621,87.84419184071201,966.5850178573126,3.8288438779008342,9573.841614898589,64.77898820786949,9.478298305110453,0
Dakshin_Gangotri,-21.653803860620872,46.44980350702185,66.06785256741365,959.9324647964013,-5.244584942131448,6633.560561888881,69.72431715232916,-24.9052901061124,0
Maitri,-3.501782400907409,26.300398866557632,45.5750296247263,977.4739365886235,1.7227878039708833,4750.835483839826,80.92783611607629,-5.342810321566443,0
Dakshin_Gangotri,-23.627197327401877,24.456450513965933,38.94442150188638,980.5510144837898,-8.728224767248134,6765.555120516868,90.48530960652784,-25.339148863379492,0
Bharati,-16.28834357005305,19.624339729708375,19.624339729708375,978.2619180700931,2.4634723935226592,4886.097320499263,70.89871073714161,-17.66204735113264,0
Bharati,-25.851747915890375,6.024988196722588,30.002152084288557,1013.1031188607491,-0.699210563086849,4908.354090666667,88.83042088600588,-26.273497089660957,0
Dakshin_Gangotri,-27.556113717463067,26.08388566171482,28.23763446556634,977.4738129724434,1.5974140365899532,13840.133865100255,49.53869773531919,-29.381985713783102,0
Dakshin_Gangotri,-36.6922359508813,57.811342542943876,79.00519896380209,978.281414511246,-2.4006500785235487,4098.05194947765,65.91034894991147,-40.73902992888737,0
Maitri,-18.5454796156367,57.488236384188724,80.04560288411827,996.3059095695507,-3.7971963948894634,8031.153892902361,82.42228366661364,-22.56965616252991,0
Maitri,-37.77305783778652,83.5168447233869,87.11252367847963,976.578683421416,-1.7380124587587946,6611.697071069298,100.0,-43.6192369684236,0
Bharati,-15.016221455298563,32.65619676102318,41.578188854971636,990.7867813746174,0.768047968940849,1093.8113656507176,60.519122571168495,-17.302155228570186,1
Bharati,-8.72069493331135,14.826136243476132,51.04088175737358,954.4191052331328,2.306282662643331,955.9270067469824,57.8783665508765,-9.75852447035468,0
Bharati,-19.50202889144155,38.78376800291124,52.98894562421742,954.5771095780136,1.2153745071193953,5675.530296038189,80.12103107900272,-22.216892651645338,0
Bharati,-29.293731003335377,71.02212829034453,73.81999153599934,982.4411712891117,-3.7470431940107543,20.0,75.79771349565053,-34.2652799836595,1
Bharati,-18.19051631036956,61.54541458835112,84.55420698548153,975.367648288563,7.3507176717174385,13321.6231070145,64.22350526364744,-22.49869533155414,0
Maitri,-29.63009583319619,23.004695258869734,30.277943203137923,963.819504368739,1.3312562916780057,4553.541158574906,56.74967798864266,-31.240424501317072,0
Maitri,-10.96679311802276,15.625296112307165,15.625296112307165,982.4370346804997,-2.4894580342984085,4227.233716187234,67.29160980978057,-12.060563845884262,0
Maitri,-52.47109126322685,15.380167247480125,35.5778627279448,984.1820018834995,1.6968808206659356,10892.254890591186,82.81856054957822,-53.54770297055046,0
Dakshin_Gangotri,-30.034110521779695,20.30444228751632,26.138264129685034,965.8020624565697,1.023949116020686,5437.122248537563,70.00198537157527,-31.455421481905837,0
Maitri,-54.862179926859966,21.968047348296462,40.17993077052084,969.6240835119147,-0.7013329445517099,8604.172694556222,92.56743502001626,-56.39994324124072,0
Maitri,-47.425912453408074,25.286436375386504,32.15953599436286,984.3323309888578,-1.171154598125802,3709.6615457727357,72.9596663447892,-49.19596299968513,0
Maitri,-4.542066552791361,41.34318224394112,63.41522418663797,959.5784309736074,3.9394849149593534,6181.733748922861,84.02257465649022,-7.436089309867239,0
Bharati,-11.572225270424711,24.834845146068176,41.66982839212753,967.9193426511664,6.911390525851135,9873.91262851941,79.17710761160714,-13.310664430649483,0
Maitri,-35.79220349927186,30.51452116808983,30.51452116808983,990.6787028111734,-8.144015068624537,2552.746914794135,68.94499025172162,-37.92821998103815,1
Dakshin_Gangotri,-47.53755184061345,12.164364465936083,30.98448987298196,979.523279400153,4.922142303932205,8110.940398551069,87.49676622450671,-48.38905735322898,0
Maitri,-69.46793256762477,19.637948961168096,31.740635676864194,970.4559431208825,0.07971809362646766,20.0,56.7407218870473,-70.84258899490654,1
Dakshin_Gangotri,-33.15243261898952,19.151438928681742,48.318615350589795,961.9386136203589,0.9467621753104983,11062.019089520727,66.69644346701469,-34.49303334399725,0
Bharati,11.306225183711035,10.97518782857121,29.92726631872972,959.735772964552,5.406569320333989,3774.3343981428275,68.791628973703,10.53796203571105,0
Maitri,-18.47673592804529,24.510071133150117,47.071649570680265,977.3648903705906,-10.619235568900322,5657.370072187785,80.72308031514446,-20.1924409073658,0
Maitri,-33.39358429074234,12.216244473358392,20.11083646314914,1020.51625046473,3.2591576370174975,5608.185562099065,84.46241552737516,-34.248721403877425,0
Maitri,-18.023796857495405,23.6087253463461,30.70804783816647,991.315732848158,5.129988246937682,2100.5727898420314,62.77230597861195,-19.676407631739632,0
Bharati,-48.41437529491664,31.722037280131318,46.46554396952567,953.3427151421049,-2.7544669626005978,1793.4786569517346,60.65856376274495,-50.63491790452583,1
Bharati,-29.459850440464532,58.29548633218411,69.68932506424562,994.1443233479791,-5.575812132214337,8085.3780518811745,76.17861363465535,-33.54053448371742,0
Maitri,-23.50783790476392,18.62509124446459,47.0051817665654,964.8222678420478,6.559715264721315,8273.341933402651,51.93527072538346,-24.811594291876442,0
Dakshin_Gangotri,-26.291509777315728,31.274411308431496,44.74122072119822,979.9028524678673,-7.025566943206708,2458.906101654198,90.11753686562878,-28.48071856890593,1
Maitri,-13.137908174648791,21.06391203630595,23.815694536468666,968.2227879103247,1.6745991815192887,8164.254922902053,71.64252864868727,-14.612382017190207,0
Bharati,-19.830321606459215,11.823417502118133,18.547608365231525,1020.45509625748,4.092433385565581,8231.57670029147,57.456894520621326,-20.657960831607483,0
Dakshin_Gangotri,-14.975109728380046,58.62858849480628,83.27909934094632,957.3178417657017,1.58639602099841,4487.123611374383,57.16011309552567,-19.079110923016486,0
Dakshin_Gangotri,-35.32558423346139,32.4554781106119,45.782904667982635,986.2722451227093,2.2585303599738125,826.0182565945888,79.6970168028582,-37.59746770120422,1
Dakshin_Gangotri,-11.532768873841778,37.79846258372334,50.59134490422573,966.293523914975,-1.06007841829868,5849.826746129184,79.29111702622471,-14.178661254702412,0
Maitri,-0.5659457856401282,63.33693257246611,88.93880826464408,994.7765615875318,1.8508827675296788,7460.327552626506,63.47348287352539,-4.999531065712755,0
Maitri,-39.55224279477119,23.547822361725792,29.400190473070374,985.8690764012574,-2.8338743834145923,5764.539836073531,73.29190302776826,-41.200590360091994,0
Bharati,-38.3154348357184,14.398731761415732,14.398731761415732,1005.0910529230405,-2.315777814378376,3630.0237450518584,58.061911793517794,-39.3233460590175,0
Bharati,-4.9632349551965085,18.479513921086767,24.950847457520346,994.3623558931168,0.14218305668788225,7867.877594880823,71.1237763972473,-6.256800929672583,0
Bharati,-27.870159800425903,13.650450502442082,31.07134138790549,966.1293226225298,-6.159375460604204,11061.298005927343,97.13313328422232,-28.825691335596847,0
Maitri,-3.942679119001646,50.71693006496339,63.2218148615825,1038.3240515506686,2.3081604530474134,2918.8125423852503,100.0,-7.492864223549083,0
Dakshin_Gangotri,-31.638035678382757,72.38530864628555,72.38530864628555,991.1085226730214,-9.92295349651877,4807.969889203758,71.82359844306025,-36.70500728362275,0
Bharati,-3.1743163559393324,31.548272422775828,56.70886773629134,968.9867610234297,1.4512618614931228,16972.570405117647,81.47763438751814,-5.38269542553364,0
Maitri,-23.027712747918216,41.92206166174722,58.55703112259171,984.1108078569243,1.8274878034945212,7163.4706523342375,80.88503344030927,-25.96225706424052,0
Dakshin_Gangotri,-21.126567650159572,47.41836272296408,66.308509670099,992.6166725353859,-3.1780815057911864,932.7723316512656,49.184471113316306,-24.44585304076706,1
Maitri,-1.5292296749514342,65.42137042437543,84.61747302220913,991.8558895787048,-4.935864555963744,4089.6696899176195,57.752161228972916,-6.108725604657714,1
Bharati,-30.42655716166257,70.89541285257671,72.91017039407777,989.9205619523356,-1.6326788881459882,2972.3168365579204,40.265382830242174,-35.38923606134294,0
Dakshin_Gangotri,-39.11683143887437,9.455542194980287,27.484331359275195,999.3296430784275,2.5587090749942676,7521.572875179912,81.73610319597267,-39.778719392522994,0
Dakshin_Gangotri,-31.728463120425314,21.385391692664214,45.45992952468428,997.3634201920527,1.3827964615607282,7230.9086975293685,100.0,-33.22544053891181,0
Maitri,-18.21499074035292,29.745694979256466,56.14879728296301,963.048676675278,-4.446132435560028,3454.051259195831,90.98754830879952,-20.297189388900872,0
Dakshin_Gangotri,-48.48638608270771,20.000151302786872,42.212784552916396,1022.1610820801448,0.42272437591182066,13425.243961649645,75.66749116140163,-49.886396673902794,0
Dakshin_Gangotri,-15.437936460233178,25.623185841944835,45.754482427865085,1019.3777563510043,1.0478271528436216,6340.533302730221,73.55275072796178,-17.231559469169316,0
Maitri,-33.08156976426615,36.57942575451957,36.57942575451957,996.0192979047974,0.8782803206541556,4177.079855333028,69.71446591028484,-35.64212956708252,1
Dakshin_Gangotri,-7.782810088996548,7.102583785583313,21.95323725780861,980.7739343510124,-3.946365267678139,1115.5128873201766,90.89501922244897,-8.27999095398738,1
Dakshin_Gangotri,-60.913904573507075,36.08268692865562,41.51694343429116,981.1177176542278,0.6228109209565175,2420.9383215286916,78.23485992468734,-63.43969265851297,0
Dakshin_Gangotri,-36.79848662656253,46.65806528578376,74.47974410524735,973.5247121041072,3.6709800475677667,1015.9047204904136,75.93690186606443,-40.06455119656739,0
Bharati,-50.297022268511526,30.087060002464213,56.39085492623471,976.1123155007701,2.1478468767002523,5237.7277795137525,58.45082840759801,-52.40311646868402,0
Bharati,-37.393441995459284,6.442118123089283,11.93683001588735,936.2643117020392,1.6459196596297592,2460.1452957276706,84.01614793272127,-37.844390264075535,0
Bharati,-21.285011483365853,24.510125295756698,39.050343458696545,1010.6052690582583,6.570730270815619,9135.93598658304,72.75023545698475,-23.00072025406882,0
Dakshin_Gangotri,-27.688399381746322,34.79672855074212,52.281822985813186,1003.5490728325765,0.6711645161551301,3662.271447703929,80.95453133465278,-30.12417038029827,0
Maitri,-28.800663534220224,48.304951738435335,72.31286431332568,946.4662641513519,-3.3676362837825082,9360.803966549312,89.98614968874551,-32.182010155910696,0
Maitri,-27.387773070700913,44.897713898493485,44.897713898493485,997.7997582973888,-3.354967381851588,7965.8693109985325,50.47681029084332,-30.530613043595455,0
Maitri,-21.94917639070085,28.015160801488456,28.015160801488456,979.8457078423614,0.7041087077695835,8582.030197376303,70.56586185093013,-23.91023764680504,0
Maitri,-40.12804062914662,20.638684665050942,36.02016977345916,976.0190772136866,-5.750173482177402,9586.99622030518,68.39075332671541,-41.57274855570019,0
Dakshin_Gangotri,-14.397255386514239,28.692418661118726,28.692418661118726,989.8568301712816,-1.243931490918871,13973.293782256991,67.06872482009945,-16.40572469279255,0
Dakshin_Gangotri,-15.060010444217742,10.353144414548456,26.9388685126691,945.1442562132577,1.8566946065195409,2604.010452649644,58.24665457438229,-15.784730553236134,1
Dakshin_Gangotri,-19.224430935158484,21.729275566939037,42.65135330276646,979.7750163562441,4.68458001107226,9383.99710694271,64.08718176008891,-20.745480224844215,0
Bharati,-16.651998358731053,52.7173395220474,80.07813860532514,981.5896235359673,-6.176054989069026,7592.475972355018,58.523241896914826,-20.342212125274372,0
Maitri,-20.553729987870106,28.647300098342598,37.42161758578267,981.6089792913236,0.3963104758751016,10253.121868723665,87.3736944444015,-22.55904099475409,0
Bharati,5.526099540966012,35.543570473801786,52.155386935153345,952.6502120325545,-0.2729444536747068,6443.190104192104,80.66123294433177,3.038049607799887,0
Maitri,-26.30641256578765,13.317274076809754,34.832372473412995,988.9383192875134,0.15002280433010845,10704.045214143505,79.62117839061388,-27.23862175116433,0
Dakshin_Gangotri,-29.60624827501865,48.14235339346179,51.38515330931821,1001.1962999212417,0.5662620223446759,833.5874644767,46.095346721198815,-32.976213012560976,1
Bharati,-36.302913705360666,27.277781718278604,51.43125969579459,988.1466292817321,-0.12666798843670085,1982.7657169788981,100.0,-38.21235842564017,0
Maitri,-40.48394005866756,34.938936234322775,52.682359486599275,975.4162417764345,5.5688358021282465,3723.1590351181853,68.87207582942699,-42.92966559507015,1
Bharati,-43.66707681401613,38.79895283802,47.7444895309619,1033.780812058387,4.975986865715126,5701.001153355964,100.0,-46.383003512677526,0
Maitri,-38.33195969846378,47.26832962175744,63.6821353440134,961.5085042881612,8.573156754281689,6185.42386781322,86.23698081785075,-41.640742771986794,0
Dakshin_Gangotri,-26.06020572478107,32.277241523291046,45.88389667149365,995.4690260094151,-0.04228879772489637,3039.890936634311,71.52504341400112,-28.319612631411445,1
Dakshin_Gangotri,-19.985573072534283,27.610440038732236,50.411179541210885,984.8654741136138,-1.6427578379512071,2036.5100508684154,100.0,-21.918303875245538,1
Dakshin_Gangotri,-24.232869121717574,15.060984287376277,26.456383385906953,1020.2462589934688,-3.871048032758488,3378.8394473536205,83.51070398975776,-25.287138021833915,0
Dakshin_Gangotri,-36.48302916144569,12.607120262730906,29.8780251965195,987.7349963182942,-2.077752898606439,20.0,71.57484474535265,-37.36552757983686,1
Maitri,-11.49723153970055,31.949725554156245,40.74040937262312,992.0231048999012,2.8582845310198364,4847.460272214967,69.13348894829143,-13.733712328491487,0
Bharati,-13.908809915485786,35.05348984681368,40.675061459896355,990.1143396312851,3.47410035384231,5766.3744289537935,90.47930635268582,-16.362554204762745,0
Maitri,-27.394724611330254,37.976664515435694,54.69199243453418,958.8335494228453,2.7020589785389912,7764.145798796613,66.95234910534565,-30.053091127410752,0
Maitri,-34.793742169970685,18.68892326528236,24.721246595096666,962.6223909325226,-2.6578707288499395,6667.486873658495,69.32152129371782,-36.10196679854045,0
Dakshin_Gangotri,-16.773581187553006,21.837413967618087,44.84321688210632,974.4866424673864,-2.636299629821395,13173.592604312587,66.04576140534608,-18.302200165286273,0
Bharati,-22.180396187708432,31.658763548622016,52.58108887039325,999.147656349584,7.825856176442128,9249.493374404974,63.66534468176911,-24.396509636111972,0
Maitri,-46.72190889122571,23.31469868771822,30.66355412427935,984.6619347738257,-3.3279719377683272,8949.253411772304,64.5830022135596,-48.35393779936599,0
Dakshin_Gangotri,-26.019703839766073,86.95880170084767,104.0966060195795,975.8653022662022,5.666098666499338,7458.8072019618385,100.0,-32.10681995882541,0
Dakshin_Gangotri,-21.069462818884283,21.58919370526904,28.892194701928872,1007.4439960223067,1.61830419290103,8142.900698081778,90.11364427092687,-22.580706378253115,0
Bharati,-38.49542179731631,36.26698587883453,36.26698587883453,940.3514047837579,-2.9303957564152325,5117.041201147654,78.52992706958197,-41.034110808834726,0
Dakshin_Gangotri,-22.152349107438354,44.22857188503701,53.25632021056664,954.0835973967792,-4.737942240303334,6398.4863147427195,66.78753721356613,-25.248349139390946,0
Maitri,-46.82233727886684,45.579053554365856,60.07588526163875,930.068004098739,-2.7556776613697314,13686.228298468337,66.72940836855497,-50.012871027672446,0
Dakshin_Gangotri,-4.957208499817437,23.098798880285507,43.312886129420846,1004.1662100982013,1.6705264561392548,5719.781722126644,69.5006578317415,-6.574124421437422,0
Dakshin_Gangotri,-6.280750224108523,38.89355275759726,55.388352062300655,978.0654771085391,-3.6385119761631937,672.5397695780575,100.0,-9.00329891714033,1
Dakshin_Gangotri,-28.78776001454447,36.51293894676713,60.58968509704941,999.3258355738559,6.217641446853463,8787.23183223161,79.36373256571473,-31.34366574081817,0
Dakshin_Gangotri,-19.548184932413903,39.730604516305114,44.91894280213937,977.8148333393525,-0.8314418744031098,9500.834631296424,86.21308239344744,-22.329327248555263,0
Dakshin_Gangotri,-61.148829486998125,31.44615308854568,42.67916920942408,1000.4636733705393,2.801785833641106,6618.093723469375,77.9975254152206,-63.35006020319632,0
Bharati,-42.34521490397999,44.385871892582564,75.82953891024582,977.4649536765187,2.478844366552481,20.0,61.7154612488277,-45.45222593646077,1
Dakshin_Gangotri,-29.406683802281947,33.356929417419344,33.356929417419344,988.1982285019577,6.487603122527704,11146.42557163096,76.53843638754216,-31.7416688615013,0
Dakshin_Gangotri,-41.081995321402886,14.03762619335618,24.518083134096237,985.2702698162253,-1.751881395256894,6919.626905464007,58.862509886987546,-42.06462915493782,0
Bharati,-14.284052760540117,32.85378931495547,37.13884983732898,986.7541457977593,0.42432906911503243,4758.966157451968,92.93002664706896,-16.583818012587,0
Bharati,4.959447961219908,34.81617807741736,47.86219403487657,1013.6947444041568,-5.60557797409599,10752.23654241327,63.77066265943206,2.522315495800693,0
Dakshin_Gangotri,-42.64922079143953,42.85331808994963,53.50884321558846,947.5115097351866,0.41259287355933694,20.0,66.42163379970425,-45.64895305773601,1
Maitri,-37.56195106127789,31.969156671845415,52.99071105274625,978.6323328825456,4.560046252317051,6447.444911532219,87.19767401172564,-39.79979202830707,0
Bharati,-21.468274475351045,66.20482209055065,83.7600286846457,983.9597442835606,0.8778867680542478,3836.8267055561887,64.52524416237779,-26.102612021689588,0
Bharati,-0.8332577725056893,28.11161229346952,30.055436574366716,980.9657402806063,9.250678158431548,11968.5849337458,71.71417271058479,-2.8010706330485555,0
Maitri,-43.335614688098545,22.469530864974214,31.587910133183343,972.0422955889322,2.0788396614837965,6971.531598378216,35.43463311169879,-44.90848184864674,0
Maitri,-21.264458165395872,56.100922812938784,71.09975232168192,969.3056743117958,-2.1616496134052916,2541.38115389105,70.16101849074731,-25.191522762301588,1
Maitri,2.319482762196632,27.717180869003055,50.110989709393195,1010.6002931082182,1.823058992024684,10552.938876411545,83.91437455181007,0.3792801013664182,0
Bharati,-49.77638722268901,30.47840186640716,69.80796471320642,978.5855782289807,-5.853579210649584,20.0,65.60398023895685,-51.90987535333751,1
Dakshin_Gangotri,-44.21603810268748,34.82354401998944,56.851501909543614,1028.7589306779475,-3.1959237627614816,8031.60683749503,83.38919430840248,-46.65368618408674,0
Dakshin_Gangotri,-31.354099096912574,33.369911040147656,38.2449118346528,990.565499727497,-4.868036821143432,946.833672232955,74.75763269372084,-33.68999286972291,1
Bharati,-32.80882619283116,39.57294421120638,53.63449165721441,974.2068886844863,0.06444355663049645,4150.249429375799,91.31751936757112,-35.57893228761561,0
Maitri,-12.81098068369533,41.61199060429476,58.421752554632846,991.0535768092927,-0.2420927133987198,5037.290688225154,63.975291881186784,-15.723820025995963,0
Dakshin_Gangotri,-21.375104202687428,21.4074553715313,31.213546668096086,982.1786574087542,4.820438601078629,9640.44959445555,71.37675100524622,-22.87362607869462,0
Bharati,-51.62443089463193,15.784886734223443,35.48746479356888,1006.8399853387878,-0.3962739528739695,14813.645381577751,52.95517174016345,-52.72937296602757,0
Dakshin_Gangotri,-17.268843956487835,16.85193714288751,16.85193714288751,956.6455536121904,-4.0100791469726556,20.0,73.61886893058357,-18.44847955648996,0
Dakshin_Gangotri,-33.663083310334756,53.07366884409463,73.60516505737462,943.9762803317084,6.2372708627519735,7785.216934659171,68.67668462296179,-37.37824012942138,0
Dakshin_Gangotri,-5.883291745881415,26.544570099148583,36.78069587484386,987.2196202096666,-11.778563193494943,14809.824507994676,89.40176096126291,-7.7414116528218155,0
Dakshin_Gangotri,-34.4138130465538,44.03275127938992,57.93569896243467,996.7139179612188,0.1538622356514298,3708.2812531628488,65.62897145845525,-37.496105636111096,0
Dakshin_Gangotri,-34.549229246533535,42.17166728177783,71.82889667204283,985.7181089923586,0.8704299659861581,3460.00387311001,68.64406745800555,-37.50124595625798,0
Maitri,-16.883025837932028,30.475135305566933,32.85996354947771,993.4495035793818,-0.04115015267642266,6943.784981777206,64.87229738593851,-19.016285309321713,0
Bharati,-13.556102764945951,18.536331610398868,36.26352439643718,990.508737254405,2.0003675215607193,9315.340050304509,75.4074681400004,-14.853645977673871,0
Maitri,-18.278509540956946,42.6782659005857,65.61748169065018,950.3919960934065,0.4427608715227924,8630.39216233644,100.0,-21.265988153997945,0
Dakshin_Gangotri,-50.28395976077212,29.94775019903143,46.651114781894435,985.6247940761303,1.998639879843981,4565.191596009866,22.534258283669978,-52.38030227470432,0
Maitri,-16.929483401076233,15.222544100430081,15.222544100430081,1006.3356132714287,-2.4088771830920233,2789.85214864798,74.2826646764338,-17.995061488106337,1
Dakshin_Gangotri,-40.514620775115986,23.417729123740873,51.921695396754146,983.4353390962262,-5.836209617562595,11264.519778149897,92.61584612138779,-42.153861813777844,0
Maitri,-21.470858326176046,12.00822988032764,24.89468937626408,953.8008361009037,-0.18541314067745177,2901.716961442112,67.28176914958166,-22.31143441779898,0
Bharati,-46.356016530985904,24.00347575071535,33.728067249935066,973.3228576381031,-4.10609870403507,20.0,82.90495070730901,-48.03625983353598,0
Dakshin_Gangotri,-18.305167786854046,31.2803509103333,43.17552208840411,991.1351345942645,-2.914099366883656,186.41792150975107,92.66063274241358,-20.494792350577377,1
Maitri,-37.09898356461059,28.34065011436246,39.51918620430663,1015.9126056559611,4.645924964080633,3695.440701381695,70.85738268359285,-39.082829072615965,0
Bharati,-44.23951975390783,26.61962339502389,29.717826667526126,940.8730783764545,6.231991182059042,11970.022113648392,65.21144539627574,-46.1028933915595,0
Dakshin_Gangotri,-14.292697952764007,31.11643890847599,47.765944769249174,987.2246423820429,4.570824428921575,1246.5518102161723,89.03119706592004,-16.470848676357328,1
Maitri,-21.37533217484873,38.397175492403285,47.42484541326328,961.3558488673976,3.8295262828252827,12087.672663657335,82.43056774272648,-24.06313445931696,0
Dakshin_Gangotri,-34.20965202089346,45.76778503404031,67.4766677555386,990.154541926775,0.2398045967780203,11227.275597855845,74.06445936933528,-37.41339697327628,0
Dakshin_Gangotri,-3.2323172646840383,48.80633147906709,68.9822864152189,991.7566251795708,4.061775895496389,6900.924620308617,84.16871631151503,-6.648760468218734,0
Dakshin_Gangotri,-31.609786323546135,20.12750667395625,51.38420079159435,975.3370556674121,1.4224758049531603,20.0,89.40497579018991,-33.018711790723074,1
Dakshin_Gangotri,-24.51838489043598,51.16562891714261,64.04929748341581,992.631984045826,7.789961792498157,1263.7627513314583,74.20470039411731,-28.09997891463596,1
Dakshin_Gangotri,-20.966298284820986,29.97158876138582,36.93909125093766,1002.7979143296843,-3.6724046717276733,3465.854986460925,79.58186677381346,-23.064309498117993,0
Bharati,-34.294989011929204,25.115997627850742,25.418574276323596,976.7085658915289,2.690433476775587,12922.806969601981,82.83701580248992,-36.053108845878754,0
Dakshin_Gangotri,-17.932955599001062,17.138015063046918,54.071448923795046,953.2567946567003,-5.057170490597114,3723.3286045022837,68.07198373893767,-19.132616653414345,0
Bharati,-33.00178520747087,6.097143699793967,27.718223664955303,1008.5114564215548,2.7133950405311023,2908.271319777346,92.8195810353688,-33.428585266456444,1
Maitri,-31.17457483324314,37.07877031854462,45.15457110674671,996.5738971808196,-6.876423399188304,6753.207808400066,59.53639917175413,-33.77008875554126,0
Dakshin_Gangotri,-4.5603604029498825,36.37184195310344,68.3033928457748,991.2751286329128,-4.854171346032759,361.89736080247167,73.03124821364993,-7.106389339667123,1
Dakshin_Gangotri,-40.608790787686495,22.30438890951972,50.866012748380044,966.180667017625,-5.13049526690622,5901.514017805537,86.51257368859801,-42.17009801135288,1
Dakshin_Gangotri,-61.19170496394235,22.652456999526798,24.139681974975424,999.7087174858823,1.0085280042312106,2805.770630811283,59.15356202716536,-62.777376953909226,0
Bharati,-0.8359450748215842,27.81001705457493,35.27526830373521,1020.8485128657687,1.418100628945102,16750.999121172343,88.06993617681263,-2.7826462686418294,0
Dakshin_Gangotri,13.239919289105046,24.890893638431777,38.567645186828074,977.5737933950248,9.801915978938165,2329.50442680112,77.85440950125138,11.497556734414822,0
Bharati,-31.079038981739977,19.635406015116647,23.934555055097025,981.8898539958102,-0.3651620578302049,13719.7386621295,94.87768049797202,-32.45351740279814,0
Maitri,-54.05257060930278,16.099227440615003,30.133432811506463,958.6961869260725,3.090158821901794,1439.331954925503,84.19177440442071,-55.179516530145825,1
Maitri,-29.657259642939156,51.44601232094535,73.56563178534323,965.6091599689821,0.6434802406667106,7051.101668625566,72.55836774378253,-33.25848050540533,0
Bharati,-29.293344247610037,23.354965156109593,24.62235657288666,958.5086122723407,2.7555922398625876,8001.255999490073,78.47407337024909,-30.928191808537708,0
Dakshin_Gangotri,-27.848857615333856,36.26991141877726,54.19991689851663,982.616450597931,0.5746539297618726,6567.058310758844,79.01284289328332,-30.387751414648264,0
Dakshin_Gangotri,-41.70082062882773,39.816846064150965,66.50182581847801,973.1844209455028,4.398467488967378,6321.603150554879,100.0,-44.48799985331829,0
Maitri,-16.30658286285284,37.16881491641152,56.17101730911674,987.4560051332534,-4.210694062356878,9445.826136418134,76.27035880691315,-18.908399907001645,0
Dakshin_Gangotri,-17.132389370708708,40.881732464497425,55.12556891669651,962.1619832518496,-9.789893089470862,7669.471803017215,72.93009008561906,-19.99411064322353,0
Dakshin_Gangotri,-47.4160842972896,36.96334001055935,45.28232241479679,976.6488690046838,1.669612488316006,5308.390536554865,72.06796442890386,-50.003518098028756,0
Dakshin_Gangotri,-14.512049024576683,21.193103117251656,44.50152183824517,960.9292754991577,-7.220309341037295,3302.267063780703,77.83283942238187,-15.9955662427843,0
Bharati,5.790274729188365,25.622191080022414,28.852989959542057,983.751431553956,5.246953319194477,5337.029287015565,57.98531322525346,3.996721353586796,0
Dakshin_Gangotri,-22.420595013444103,50.76900117575434,68.19691928670557,947.35351400107,-2.192476204386895,5287.64804324558,69.25853727795634,-25.974425095746906,0
Dakshin_Gangotri,-30.05987743102759,22.9993584933115,38.254515823844656,983.0315661530958,-4.152947211025273,5208.940424150921,59.8179733086764,-31.669832525559396,0
Dakshin_Gangotri,-27.13004821611282,29.99337216492781,56.2494824270249,974.4253944242699,10.802080314505734,6304.798090381533,61.77803297753917,-29.229584267657764,0
Bharati,-15.771148495471582,38.48066166385279,47.653174053163895,983.6192817784498,-0.07380005847151097,362.7115432961009,87.0615024684001,-18.464794811941278,1
Bharati,-50.96007408260827,59.81008127081204,69.83272315188087,946.9546665348416,-0.8404234411435336,1889.6851388492396,75.39406730929056,-55.146779771565114,1
Dakshin_Gangotri,-22.534139455340465,48.563512772070496,51.144864065756266,993.09431347871,2.9919015772401187,9327.095053190842,63.87215083157211,-25.9335853493854,0
Bharati,-30.85695924194215,18.133476809346114,37.5063195553502,974.0251421481286,3.2618564907768426,20.0,72.74578305711366,-32.12630261859638,1
Bharati,2.7173751943406828,35.69844694344484,46.46028851312236,984.3422543072372,4.556506741569037,10788.128042799353,71.30920937130374,0.218483908299544,0
Bharati,-27.612591007074368,33.67181728843551,40.051077515737,942.5985147784558,-5.331894000170685,3764.3172170417524,75.79038373590728,-29.969618217264852,0
Bharati,0.018314166792798403,25.737061479519504,33.06889881274668,955.1453344753213,2.144427126946931,12677.887182515864,52.39343495552348,-1.7832801367735667,0
Dakshin_Gangotri,-41.556110466730104,30.438624757545952,50.80967972217504,972.1969167777652,-1.1727441776300773,10904.86218222214,58.631082379824946,-43.68681419975832,0
Dakshin_Gangotri,-16.191112497958116,21.083032937770994,25.053427940540356,1007.5100027702028,-3.6841139102182403,4690.400257183498,53.37809046678561,-17.666924803602086,0
Maitri,-20.208996043131567,27.55395310238792,32.412293452591086,990.5454269686019,0.1924513920084781,5105.134419670556,61.50608854346464,-22.13777276029872,0
Dakshin_Gangotri,-38.03570871797174,23.111165381364717,47.07477963653855,982.5975008278087,-7.244968815167259,12373.043383138402,64.15916989488512,-39.653490294667264,0
Maitri,-22.339058280445894,31.599609639666113,44.93840388137139,961.513836681028,3.691723948116935,11092.937033735618,59.48180619689453,-24.551030955222522,0
Dakshin_Gangotri,-6.812217447525992,25.250730278048643,49.805181137891715,957.8747010080252,-1.1627037141542622,9890.96076737187,86.46624234296874,-8.579768566989397,0
Maitri,-29.85687556429901,62.037975783131664,73.44441763004001,985.5331038193093,-1.9100038240121042,10576.764985421018,100.0,-34.19953386911823,0
Dakshin_Gangotri,-50.37943973754645,32.12542005947755,47.114161065511226,994.0137859637485,-0.550714657440331,1649.9123757988818,87.38372441125907,-52.62821914170988,1
Maitri,-25.26344239716169,29.092281999449494,45.65527471881166,984.1794820293402,-0.6700670317747571,6821.189200728244,66.51901304725853,-27.299902137123155,0
Maitri,-38.536346421887686,26.80807749799625,55.680940169464485,1014.1911441617546,4.562727325213166,2918.4931934597776,78.15280952776692,-40.41291184674742,0
Bharati,-30.135114079958235,25.285738136240617,53.344466398343314,966.3507655352762,-4.382852891189116,1547.0818667745561,74.00380539254569,-31.905115749495078,0
Dakshin_Gangotri,-26.223816545276815,15.224596876026224,41.756967257949576,983.587398815499,-1.52882476473748,6655.550994739848,65.86769724499538,-27.289538326598652,0
Dakshin_Gangotri,-50.58478324023276,43.98148928446085,52.693300585106925,946.1365055179419,-0.8662266799506899,4344.62966166452,94.87075534157857,-53.663487490145016,0
Dakshin_Gangotri,-49.234875089810174,56.14051293320433,61.272217239372154,984.2209104133447,-4.260636094859644,5335.001459174755,100.0,-53.16471099513448,0
Maitri,-17.76899746711712,22.92844835820072,45.536362988809785,1009.3874642671059,0.6372537865410837,3999.8596874627847,52.9498603013445,-19.37398885219117,0
Bharati,-32.8407804425452,50.640192544331356,79.40778956733952,959.1698223477628,-2.8954931778237545,982.0915440663812,96.60400878657984,-36.3855939206484,1
Dakshin_Gangotri,-63.47116512730851,86.52636539946104,113.15455272064841,996.8426308392412,-5.61712801740301,12787.17237318724,66.13528212942938,-69.52801070527079,0
Bharati,-13.227339450877974,71.12354847080621,86.25404104414041,1008.82079492731,2.1049096262677525,6623.306109684864,71.06522815993614,-18.205987843834407,0
Bharati,-20.914453670886402,54.92913484842902,77.20722029717052,966.2057445033704,6.189100318656802,231.22569585997644,79.24016365719616,-24.759493110276434,1
Dakshin_Gangotri,-35.70812236054726,16.287768709002343,38.74164523985363,989.3387938815603,0.19368302936310655,6727.883653713334,98.21486412176694,-36.848266170177425,0
Bharati,-44.75245316587362,16.18419722986492,32.67362514365897,1011.5926348961722,-0.41314200169302573,12085.559189323067,79.21873944916155,-45.88534697196416,0
Maitri,-12.462881555284943,40.784558213868024,57.70829446123802,984.6095032455909,-0.4979022428217561,9834.909925340375,81.18686130996998,-15.317800630255704,0
Bharati,-19.759740661593554,30.142859169308846,46.124812537336894,995.7342999502326,-2.0638035042322778,3925.1102955742285,87.80050342161339,-21.869740803445172,1
Bharati,10.739034240261098,9.08851773189822,16.207552399109197,944.5210128116398,4.68038968514352,4021.1700352785865,90.1671154816899,10.102837999028223,0
Bharati,-18.69717101912594,24.304012935395917,32.44348855983639,991.9427305354478,0.37619903339508115,2171.6977473808365,82.66701744588866,-20.398451924603652,0
Bharati,-19.184452881069777,39.90636044602739,47.891456830931006,990.3447548103933,-8.714562889275324,3030.984650144481,90.26012694852056,-21.977898112291694,1
Dakshin_Gangotri,-27.503918951628478,27.756182239509037,27.756182239509037,953.4757586807841,4.795815818479761,3356.4555562728547,66.03163915290668,-29.44685170839411,0
Dakshin_Gangotri,-12.748361991988135,30.217193431666598,46.6457927051507,960.7134269205957,3.8153396641433814,126.91299813079968,48.982785776566615,-14.863565532204797,1
Bharati,-15.623721981277695,16.170993664433023,30.765259936057433,992.0800360439633,2.4064039625817655,4224.079563104542,100.0,-16.755691537788007,0
Dakshin_Gangotri,-6.224124871522076,24.14322932865397,46.762870685490995,973.9457619136605,-11.02162764030801,7375.914305900833,59.43472231772742,-7.914150924527854,0
Maitri,-32.81984377955927,40.86892624358245,68.47609907337358,1002.2387677793861,-0.011793290748817643,4344.012062993173,66.9923152046851,-35.68066861661004,0
Dakshin_Gangotri,-31.531112094159433,23.53807740518882,51.781021053654115,986.214538610109,3.5737119288152135,6869.413575493277,70.02709027258096,-33.17877751252265,0
Bharati,-32.1865475636797,52.62165150025904,81.80630608335656,981.1291113308455,1.5179975664593457,12487.73290848036,67.44166779959413,-35.87006316869783,0
Maitri,-13.137974182315162,30.56181166313128,37.9910013902412,976.5910193355397,0.8206054036352065,13342.661283434427,64.10779162255821,-15.27730099873435,0
Dakshin_Gangotri,-2.5243833955490196,37.01057978283795,37.69098700296632,985.8536426386903,3.582050736221523,5728.291500887686,81.9537708560393,-5.115123980347676,0
Dakshin_Gangotri,-31.88260739723951,40.41914462642737,64.7265804070817,996.0586474503231,0.5572331781089828,9520.728673710368,82.11342874850268,-34.71194752108943,0
Bharati,-31.371605916896367,39.63458813900326,68.45592252101227,990.6770138604194,4.814497539072504,5333.4144226546805,84.29905442333317,-34.146027086626596,0
Dakshin_Gangotri,-20.288841641953013,17.85504686994099,48.41497134204525,971.5398267918204,0.6470271264617663,4048.50420896815,83.3579979553167,-21.538694922848883,0
Dakshin_Gangotri,-28.686422500193522,19.55977491696075,39.40973701388451,1004.7887410508055,0.3287363054030634,1532.698397685379,68.74977618391478,-30.055606744380775,0
Bharati,-10.71919520290165,8.985179060207845,8.985179060207845,993.153884789238,3.5696547543280506,6346.4494902524,68.72511078453746,-11.3481577371162,0
Dakshin_Gangotri,-58.7766593592857,25.576529882945177,44.2326245172811,987.7046778328038,-1.59434772518758,10337.529128493297,91.78789956500873,-60.56701645109187,0
Bharati,-37.40057570375342,18.78465364335703,39.33906232245113,981.8339435482466,-4.3889686084590425,902.3203640479751,67.1792223624055,-38.71550145878841,1
Dakshin_Gangotri,-36.73624500942169,23.17677103714654,50.69752124973243,990.0009912867694,0.015205458023272363,4851.625441783565,66.88123187380825,-38.358618982021945,0
Bharati,-59.805340185792176,26.926422847822643,56.22270978765498,943.3664212054983,2.361498098231445,4658.633676754721,88.94246389300612,-61.69018978513976,0
Maitri,-39.45457666553206,32.55775191383337,56.65408594768672,984.8261854876247,3.7014501315255455,6987.515522199727,74.72124242725943,-41.7336192995004,0
Bharati,-38.72734173768889,27.966357597771314,37.09356861481276,1012.8036585913211,3.7235980866696003,7051.06277688764,67.42400192174318,-40.684986769532884,0
Maitri,-28.016569817782454,27.708026254906105,32.416853109379524,984.3997337340893,-0.2745926978436522,8148.942313702167,67.56575129085743,-29.95613165562588,0
Dakshin_Gangotri,-8.305511625096045,35.58223981225612,55.92185133041919,981.6695463741395,-0.6854802217694973,13587.928944138592,91.8585529562281,-10.796268411953974,0
Maitri,-28.675909767860535,29.559125025045226,36.63497392078958,968.0823138905519,-2.3684637779785698,2518.016779266144,83.79035579706856,-30.7450485196137,0
Dakshin_Gangotri,-40.46220580406731,45.54893401302512,75.30030508144883,989.8545456043393,0.9995042159215122,2298.1901283565344,78.54803534010297,-43.65063118497907,0
Dakshin_Gangotri,-25.854318118202936,29.606098649200796,29.606098649200796,976.098511853237,-6.5644960250126445,6989.462188422441,57.50491123052314,-27.92674502364699,0
Bharati,-9.26239567837976,59.98945354260418,80.65831966655085,1006.1859956478118,0.0910369458629563,11810.894158008341,78.61182075409818,-13.461657426362052,0
Dakshin_Gangotri,-39.639382241723574,17.472897192071958,35.668246939496846,962.7276061730502,11.39872273975132,150.4880978193596,71.80807716140092,-40.86248504516861,1
Bharati,-38.65862325882173,25.345535436705283,38.277868761393655,970.9539013146593,-6.0154536495550195,7325.489443748384,61.313315817135056,-40.432810739391094,0
Maitri,-16.621765610886648,21.28372623070635,27.032563487658933,967.9824388618878,0.6273424304971982,5194.645648906573,65.97608348227143,-18.11162644703609,0
Dakshin_Gangotri,-28.323041735962008,33.18090221976091,33.18090221976091,1016.6915817742284,1.5113431618491748,9417.152679567393,85.44235386178714,-30.64570489134527,0
Dakshin_Gangotri,-15.287729639357885,17.4668265482202,27.152539687493366,976.2046867677519,2.0258601713363,8512.760446161583,93.63634112347302,-16.510407497733297,0
Bharati,-25.20470187692945,45.87960202846739,55.74077021612752,969.0384507425717,-3.866572121623682,6194.067247260952,59.13887273615474,-28.41627401892217,0
Dakshin_Gangotri,-14.475045278656495,13.388712087298304,39.50607867578286,938.1881090909071,2.0623468442770796,7950.0905725568155,61.030970397645405,-15.412255124767377,0
Dakshin_Gangotri,-40.52617171060962,19.25190425498057,26.423347872179313,961.7725602892795,-2.1380262332517996,3366.8877854785296,85.41202485999932,-41.873805008458255,0
Bharati,-25.181269761824012,13.920690278385242,33.44839641402316,990.5576988678521,-5.71033384329836,9200.897175658109,68.86210576937633,-26.15571808131098,0
Bharati,-28.16035021544735,27.106130288204543,29.18373225378659,990.4775148318267,3.807829233319417,11546.094125123014,83.29128031731776,-30.05777933562167,0
Maitri,-43.238363861561965,32.51155850411689,52.31404044495277,966.9759353509288,2.6584592375260696,6400.642036298824,68.66035468842904,-45.514172956850146,0
Bharati,-48.45216921803033,12.28760175431508,12.28760175431508,968.0868820073383,-3.866249823834948,4368.189152801822,83.65491776760238,-49.312301340832384,0
Bharati,-14.713764470880072,24.551168157905348,60.5041299372123,1017.1974213612933,-2.1751899085662045,5419.391702902114,54.394030414697596,-16.432346241933445,0
Dakshin_Gangotri,-30.264285733269674,48.500048658579026,62.08937339060051,1033.927595251103,-2.320049672165692,9158.82654350192,83.2399442180878,-33.6592891393702,0
Maitri,-40.33420422470994,55.28214297219745,55.28214297219745,1002.9954518023701,-6.574338555889071,5832.536148312574,43.51144048736495,-44.20395423276376,0
Dakshin_Gangotri,-26.442684053849984,42.44228026987546,50.264785514276696,1011.1855977458938,3.04971895058647,1201.4260517352532,88.87988225375402,-29.413643672741266,1
Dakshin_Gangotri,-8.079717139760461,6.971191057445476,13.214568726586815,1015.4285052623757,3.199673633114148,9808.419131609468,74.48971165020139,-8.567700513781645,0
Maitri,-59.21106768057884,31.072920750251154,39.51473943158814,1024.2914309980943,-1.330438259881301,2068.657632457572,81.618486743106,-61.38617213309642,0
Maitri,-47.449580348549894,51.23369990904669,62.58728595105826,973.961442791853,-0.11250224638877637,7697.9761477208385,78.55681129754451,-51.03593934218316,0
Dakshin_Gangotri,-38.843296628429016,23.303715587291777,31.677544054035856,962.4346407451999,0.45879188489263806,20.0,49.41229651550276,-40.47455671953944,1
Bharati,-3.082316999195065,15.367511432963033,22.20339066228091,1016.6697956627647,0.9775674344297647,6432.603151856627,95.50241303744568,-4.158042799502477,0
Bharati,-20.761195256210552,49.38080929452201,52.793979774533575,960.7141196411669,-5.390116797747639,5726.81578982616,80.0172899023936,-24.217851906827093,0
Dakshin_Gangotri,-13.490241393081597,52.89233180066455,76.11022603999542,959.4280781155753,1.9537783968936087,20.0,86.34492893671126,-17.192704619128115,1
Dakshin_Gangotri,-42.10241378689346,29.452035348194222,56.46339150055669,959.8873063147704,-4.7020290441936,7331.258027698232,63.01174978797866,-44.16405626126705,0
Bharati,-41.79303812905789,15.445598560206518,27.89986032784364,977.3720732446948,2.7255008537915906,1594.558573436465,78.61163194090885,-42.87423002827235,0
Dakshin_Gangotri,-18.282794249159345,11.417538011332237,26.241171511009483,940.3124825709718,-4.259520681207258,6339.007716208693,55.35153064789637,-19.0820219099526,0
Maitri,-24.125885035968302,34.829979803898404,38.566671201972625,951.3378115288012,-5.200434994661202,4353.062797946779,77.23840040225018,-26.56398362224119,0
Dakshin_Gangotri,-16.7689177170381,21.377009556229833,37.08721653959408,967.5532241233332,-0.11215423919112208,77.77428887216229,60.906522735448256,-18.265308385974187,1
Bharati,-27.815064863926782,28.53723785789788,45.836875479436074,956.0814937234986,-0.20202089686878275,1817.0958197882155,100.0,-29.812671513979634,1
Bharati,-20.827844103180595,27.033329531361243,39.839343434223004,1001.2482362804918,0.4149865706129381,2137.225453726069,84.0773857323544,-22.720177170375884,1
Dakshin_Gangotri,-22.62821372642336,18.715426889112713,37.676176666807194,980.132964030353,-3.5709429299939166,9929.651294252137,94.962899722049,-23.93829360866125,0
Dakshin_Gangotri,-13.333489163726119,11.065143646940681,29.15223146745093,991.5404384187223,0.8112708769118268,9343.262178436806,71.25619696745412,-14.108049219011967,0
Maitri,-12.894875770832941,23.619476553774426,28.07808266286863,989.3506035858787,1.187966721161681,14778.00570540891,80.98506162481569,-14.548239129597151,0
Dakshin_Gangotri,-49.29807991587655,31.674885614402545,58.60536075169212,975.8645382046723,4.662853221830468,3952.494635993129,88.58014498868229,-51.51532190888473,0
Dakshin_Gangotri,-58.70902833011284,32.40838390695461,45.331921308658856,999.7626305045334,0.7401308873476568,3823.736246374491,58.90864056459304,-60.97761520359966,0
Bharati,-9.973819035227393,20.673147181795617,52.428863200965466,989.0429577036588,-2.397568617958468,6539.491716642493,64.91129228940608,-11.420939337953087,0
Maitri,-7.184123601070951,52.37140916403363,71.57561505822589,973.631994537557,-5.388248823523641,4578.933476829126,89.58755289252306,-10.850122242553304,1
Maitri,-40.30934529270006,16.287611013160422,50.99694231687875,946.3218027777203,-6.121043642031581,3669.747840029064,71.72922108931216,-41.449478063621285,0
Maitri,-52.89753109818443,5.9263088534109425,32.67900054647541,990.4131678480359,1.2919125237472173,6217.699395969137,63.78506915671654,-53.312372717923196,0
Bharati,-23.514477684891986,46.65536139996116,63.92725768136978,954.773932439482,3.172795482076099,8814.434471349035,65.53540378355467,-26.780352982889266,0
Bharati,-11.037426604742059,31.1769473126709,38.94587864647467,987.6056625118171,-3.5608817781846493,20.0,56.662897742592165,-13.21981291662902,1
Maitri,1.9639178365147174,23.725427641990468,31.709752894295512,981.5777711734579,1.0210543922725597,3711.1967314228277,45.60982567044438,0.303137901575385,0
Maitri,-17.255536418478236,37.05393763933215,57.38428048915736,952.792616319204,-0.6968747221275646,388.82810506255737,49.558038909019636,-19.849312053231486,1
Dakshin_Gangotri,-30.575750448785424,26.22888036354499,42.66014120145417,985.1679408206963,2.873070142248461,5384.6756209533,75.68555255956774,-32.411772074233575,0
Dakshin_Gangotri,-38.39695932377294,13.293167800283488,22.40290544037263,983.8263887386095,3.464307647067531,7730.5200105807635,85.07424502450081,-39.32748106979278,0
Bharati,-24.828230624940183,15.652215452159176,38.98281492825959,983.8989500279018,-9.064850573200857,10467.767309122657,100.0,-25.923885706591324,0
Maitri,-29.488970558278844,25.38079555157639,40.768508855136716,982.939938345774,4.128538792652809,4265.017568459608,74.37922282993915,-31.26562624688919,0
Maitri,-40.22601858593224,22.149361159873315,45.53945931288058,966.9522362775372,1.0087878524875564,6425.090240756136,55.80059689229691,-41.77647386712337,0
Bharati,5.731334762949302,46.1372486772663,51.38254801025072,991.8321826820071,-2.1254239225622573,20.0,74.57306347200439,2.5017273555406616,1
Dakshin_Gangotri,1.7775260310819654,21.628919971147035,46.62363665122872,966.2468841142668,-2.013851349513768,2558.1366128916075,85.54396457968235,0.26350163310167307,0
Maitri,-7.959269746668575,20.947341349849744,40.95729704332254,958.5081817198349,0.12698961670193987,6828.567877780246,90.45270659941507,-9.425583641158056,0
Dakshin_Gangotri,-38.812755967136916,19.55269545538087,46.528392099999905,993.4926740866287,-2.0149951569302345,563.9422621895019,88.99678374857905,-40.18144464901358,1
Maitri,-12.174710135540819,18.69330303011815,43.467608037281536,998.7286120178161,-3.7480145388723596,10948.048265123618,83.5916226217156,-13.48324134764909,0
Maitri,-15.405603857531473,19.012741973700912,33.16320796662178,992.1239619989553,-2.831190612385417,8094.0656313554755,76.429408009973,-16.736495795690537,0
Dakshin_Gangotri,-18.361815636939205,14.393325744817583,27.739580338384428,975.8561027707511,-4.16064780127873,2381.6737044901934,86.0521725881047,-19.369348439076436,0
Dakshin_Gangotri,-6.255020994343344,31.82569430534072,64.65600423125014,941.2106859216607,5.386273786239528,71.34455033208906,57.22768633786232,-8.482819595717194,1
Dakshin_Gangotri,-15.46943285708084,27.340807460036473,39.435122766216885,1009.6338034177395,0.22361926108180058,3122.810869209821,44.87745320643127,-17.383289379283394,0
Maitri,-13.899786455434967,26.773424018251625,49.25776100663006,940.8980511842273,9.011372367800027,2402.7198743480153,100.0,-15.77392613671258,1
Maitri,-15.446405749416849,11.808269624971528,22.99439970307411,991.7212278683777,1.484305481433387,1132.0091891425172,74.29469943915578,-16.272984623164856,0
Dakshin_Gangotri,-19.888128879968413,35.50534908872242,35.50534908872242,1022.2047370227825,2.355633016431776,372.75877113123715,83.00847241701067,-22.373503316178983,1
Dakshin_Gangotri,-51.754166945712754,37.23705041006003,39.9636594320005,982.9893289588621,-4.246421067830519,5078.399591160329,32.97381680341455,-54.360760474416956,0
Maitri,-23.745683838841643,58.58377210848745,77.64298095710728,985.8246608919693,-0.8728357450756762,8929.04316011547,98.1734862777447,-27.846547886435765,0
Maitri,-33.34287938273688,36.26461630657204,58.27593330262308,987.5864189922701,0.2907652290034235,3155.6710691606413,92.33798214050636,-35.88140252419692,1
Bharati,-44.19761436460031,64.32557766914177,83.41771176134337,983.9633467931997,-2.54899455646186,7779.53411127439,51.51591977101146,-48.700404801440236,0
Maitri,0.22724928951235768,20.42181881921873,46.881313833153754,1027.0122696788103,-1.8592041061845945,4689.029330619439,70.24039831533129,-1.2022780278329532,0
Maitri,0.934930113285553,60.11889448798046,79.03149604032176,963.1367029454284,1.6805913295167363,8449.266766324088,78.99341780653435,-3.2733925008730793,0
Maitri,-4.611690995565819,36.83546272503544,44.08311566169459,960.625467067738,1.7590391930355695,2854.0896412034103,56.043244618296924,-7.1901733863183,0
Dakshin_Gangotri,-21.17179874716188,34.599697880152206,55.54271969488985,973.4499786634763,-5.347781102208891,7123.965869963042,82.3313582302707,-23.593777598772533,0
Dakshin_Gangotri,-4.740623185710149,26.433497567965144,43.12957717726478,1014.8166318516302,1.134963605772991,6480.525233385562,90.68438512117794,-6.590968015467709,0
Bharati,-24.819202290972616,23.67738993976692,32.921809890271525,968.4624678204286,2.2120607297824932,11449.27775589629,79.86304735208904,-26.4766195867563,0
Bharati,-21.958040846533308,21.2284302701513,40.95362328481991,988.605965035816,-2.3611073605671655,8234.972755734112,51.50662563189058,-23.4440309654439,0
Bharati,-41.40207055692974,61.11635987091384,76.9100615310883,1001.420170824973,-2.7676552028328305,7024.028551027875,59.449123928421244,-45.68021574789371,0
Bharati,-19.0451304325174,26.013158107544882,34.96315259867141,995.5796723985022,1.7658765602572042,120.44687467816857,73.14304103546863,-20.866051500045543,1
Maitri,-24.094211073633744,37.157454410725805,50.378796675096,1000.3614768312607,-10.292349419143378,3899.006662722897,71.25643300895678,-26.695232882384552,0
Dakshin_Gangotri,-44.539781752516966,41.12769912887612,70.26337048429752,1008.3597273848825,0.008337882028369017,2798.4076482960727,71.56113416219611,-47.4187206915383,1
Dakshin_Gangotri,-25.767956677248954,40.844787463030244,69.65366562372671,986.1646341938385,6.5377116184492055,2711.1793173801484,71.03022066323969,-28.62709179966107,0
Maitri,-26.195943457852128,31.897267601851407,48.77870899455682,970.8590220335653,-10.385437255448846,6062.026812341238,47.93981491777475,-28.428752189981726,0
Maitri,1.9634174996695997,59.57751945902205,75.1501910378949,982.9443778112098,3.2914994666886357,6963.284314211162,87.08482078767791,-2.2070088624619437,0
Bharati,-11.586800072298857,35.74541002992937,36.41495015729096,973.2189307774113,2.177689791073155,7119.764523309048,84.40883218354944,-14.088978774393912,0
Dakshin_Gangotri,-24.82831841362801,20.951400938179585,53.14505207184243,1030.4310396341814,-5.752403316833337,11045.77554429511,82.83560569411998,-26.294916479300582,0
Dakshin_Gangotri,-21.268190352983755,24.239773977395068,49.60319285107474,969.3468669409743,2.0819554304926537,7934.197055860139,81.44573091009161,-22.96497453140141,0
Maitri,-24.33681432843703,12.186481928797706,34.70599763584097,989.6628200895929,4.005679584390389,1088.5965208071257,70.73834551199518,-25.18986806345287,1
Bharati,-28.043709771933216,33.603477734135296,33.603477734135296,949.9826880172672,-4.706468796779704,6810.163534940293,65.89393437831377,-30.395953213322688,0
Maitri,-41.2364079608243,38.67192708552279,54.08115359208075,982.6563678624283,-2.828897354800241,8337.509737694401,59.73580140663031,-43.9434428568109,0
Dakshin_Gangotri,-27.26577816410394,40.29489094494057,54.02360386174969,974.2579228913745,0.10442844256404894,11048.756089715645,98.14388767702084,-30.08642053024978,0
Bharati,-36.1914738497877,36.835800948095255,58.66395533110124,993.5137077168886,3.9106805859950837,5383.233558579737,74.69237054539656,-38.76997991615437,0
Maitri,-43.7547330838472,26.479486007481785,36.96917787202382,994.0350607072933,-2.1644736081798146,5422.129921990511,50.09130732285338,-45.608297104370926,0
Bharati,-17.331672781786978,28.991158271032806,41.674056106497616,1008.3399694458665,-0.16836293215699522,10315.5862395505,74.56179148150177,-19.361053860759274,0
Dakshin_Gangotri,-19.131030101001475,29.033191748421288,50.22732113796832,1006.7513866829664,-2.6595751110811965,6714.3334242617775,43.73611125988877,-21.163353523390963,0
Dakshin_Gangotri,-51.80061267052117,46.21587215729298,53.48008848640619,978.6739014241994,0.09823051417363472,20.0,78.72014109884499,-55.035723721531674,1
Dakshin_Gangotri,-26.840269562426908,9.593992751875549,18.853565917782348,961.1122771499523,4.186712857910683,20.0,77.14469007884935,-27.511849055058196,1
Dakshin_Gangotri,-10.064479211501148,22.863092988854525,39.79635938646415,963.4578730075464,0.4235873494776417,13363.107744520596,66.87119577789316,-11.664895720720965,0
Bharati,-9.111643916555188,16.815119281151663,45.1999763146474,986.0547595204396,-1.4298367783616832,20.0,60.90765527841525,-10.288702266235804,1
Dakshin_Gangotri,-9.61244735672142,71.22016264210228,94.30486001433576,983.1557222677419,-0.1310267870741345,5331.152437122824,83.43639160384028,-14.59785874166858,0
Dakshin_Gangotri,-24.416301896478103,50.62612971880647,76.38017040813145,985.1585318156257,-3.2025022352317176,9532.467897689992,73.75475102994822,-27.960130976794556,0
Bharati,-37.67567991953727,23.35677909228267,38.989947154435576,969.2977938732704,-3.977568283183409,20.0,45.87454750187717,-39.31065445599705,1
Maitri,-41.25548241037091,13.575527765365155,43.526308003194906,1008.7447486262405,4.813672117336815,1673.7575315338872,93.05834004485527,-42.20576935394647,0
Bharati,-19.83092642874464,15.67680880646398,15.67680880646398,950.5463235536023,6.550838435976239,1013.0378793346472,60.90255292195728,-20.92830304519712,1
Dakshin_Gangotri,-19.310799484522555,45.91357332386992,81.13596550788338,968.1906963669788,-7.166045521247188,13204.505209144707,55.22730746163238,-22.52474961719345,0
Bharati,-5.69003332592402,11.98259047564873,48.500180227449086,958.4578578273827,2.328517978128275,14072.616315502626,95.38011527123156,-6.528814659219431,0
Bharati,-8.500305244868748,29.224707623441542,48.79087111881044,975.820536206467,3.4357338859627364,3063.313090664608,90.89374060032188,-10.546034778509657,0
Maitri,-26.98342984796758,42.32269324234649,65.64531961670161,1004.9313281879591,-4.8467405277959745,8317.993027988481,68.69236862299921,-29.946018374931835,0
Dakshin_Gangotri,-43.66308818291304,14.855058151424545,29.47505951137176,974.2449219370156,-1.8870205777676181,7232.249692234333,56.21271180551627,-44.70294225351276,0
Dakshin_Gangotri,-29.786598955163466,29.069306019221642,41.97362238848828,982.0295467154785,-2.3081850335554996,4876.826787945338,61.35418288415454,-31.82145037650898,0
Dakshin_Gangotri,-21.74153207784213,23.55493464572662,32.44623089208325,993.2848571285048,7.603787041661264,20.0,68.43751699085256,-23.390377503042995,0
Bharati,-28.03124868084106,22.005091406343332,36.5149712436991,973.2936728393714,6.609800865530542,15229.856064736889,93.2429963359443,-29.571605079285092,0
Dakshin_Gangotri,-33.668411621164836,20.116688162132487,40.676022918189524,987.6525532852249,-3.6847072518775716,20.0,94.42489823451767,-35.07657979251411,1
Bharati,-21.206727775451515,44.016304169034555,63.21514264066877,985.0151150366407,-5.836992444176154,6848.420284576983,77.48968694317638,-24.287869067283935,0
Dakshin_Gangotri,-32.55936612115916,55.79960260990187,90.66563332681424,957.3838137206787,3.091907847063756,3409.609172355344,84.7517767618871,-36.46533830385229,0
Bharati,-34.42099125588061,25.436083206493073,41.438828664518596,970.7136921089692,2.175790080522718,10032.245282917687,71.85952698808471,-36.20151708033512,0
Maitri,-20.328207485448406,34.672823678715844,34.78453806526554,987.0917122615349,4.975974004770529,9383.786704687931,61.9076413776492,-22.755305142958516,0
Bharati,-31.02988870193807,29.402399818575876,60.84550603081004,1005.6438405131457,-4.236298287386252,2084.7463278812015,52.49102253968377,-33.08805668923838,1
Dakshin_Gangotri,-21.338434165324717,10.337060302882305,13.127517520284615,1005.6252058451636,2.8941640819291603,2839.4925434566185,79.84376696560797,-22.062028386526478,0
Dakshin_Gangotri,-20.901939657218158,24.931473972458992,34.337564717404746,1021.9097406086665,-2.9270368852200654,20.0,88.50560287736799,-22.647142835290285,1
Maitri,-42.09143501637362,9.179230198005115,26.896661611514144,989.7091431190892,2.4926539880267793,6779.204883975242,67.34024121241374,-42.73398113023398,0
Maitri,-32.21861685798118,22.555013219807872,41.726764042440124,971.7337089063126,-0.14847733469161462,8843.509123012247,92.81283675092338,-33.797467783367736,0
Maitri,-3.4333459012530625,28.67129471016336,29.216911520857835,978.7209533624335,7.602472011875501,4233.343594039062,69.22595820647912,-5.4403365309644975,0
Dakshin_Gangotri,-42.4311926910143,40.692009149739356,48.227286786003155,977.7247036340611,1.7895747820002295,5020.783134616164,76.25621900064377,-45.27963333149606,0
Maitri,-56.74981673455797,33.15991845200993,33.352093839284585,971.842395735283,-1.2559772536099314,13631.386856023579,71.68393803535449,-59.07101102619866,0
Bharati,-52.927677298637676,44.56599022778473,65.78312086101033,987.6591068692431,0.5517336294439654,9744.950560638563,93.54694398509308,-56.047296614582606,0
Maitri,-24.563350801349962,18.43806330706162,45.27186215409047,988.5897699322829,-0.4020738275656606,11391.058900956048,82.3900508268733,-25.854015232844276,0
Dakshin_Gangotri,-24.536240829509516,52.40207545759543,55.18369501513029,956.5248500611501,-4.6177453493413605,20.0,74.12448063095461,-28.204386111541197,1
Dakshin_Gangotri,-26.764162831376815,55.8282074694453,80.78480699992396,1001.7634009554926,7.699568617295909,8188.768162499779,76.14904909179906,-30.672137354237986,0
Maitri,-6.787152566072475,8.903987021186214,33.21177446443284,943.2639278985113,6.394878890415707,7005.489749203579,57.16655735530475,-7.41043165755551,0
Dakshin_Gangotri,-65.09251649654408,11.588782861511245,19.998074962396213,975.5503609415258,-0.7052138561615997,992.0586980606331,41.498358666578326,-65.90373129684987,0
Bharati,-19.060991883537646,28.335388106391477,28.335388106391477,1002.9863054611238,2.7995229277926263,1824.4085798501364,67.02769796865796,-21.04446905098505,1
Dakshin_Gangotri,-1.5784269729463993,21.695321509200593,25.9827613172533,992.1478285359665,8.205717366567834,5126.256782285521,72.0898223454357,-3.0970994785904407,0
Bharati,-41.91671147337571,23.449465419793874,32.49688955070595,972.8605234804589,4.947585277538924,632.0178709919164,82.96901469233379,-43.55817405276129,1
Maitri,-30.697097676848426,33.0124213385503,63.42912980664224,1019.3764702690197,-1.229565630988857,2805.1990545000326,72.55333508391021,-33.00796717054695,1
Maitri,-36.29337875842931,45.42274235614801,59.2397166059858,971.1985299538765,-0.35182887879383323,4153.627793052264,67.96182515235029,-39.47297072335967,0
Dakshin_Gangotri,-38.415190691162934,17.92557180314536,22.85729204324232,939.9609806190344,-6.870137788962341,8294.076984156336,30.786538834652013,-39.66998071738311,0
Dakshin_Gangotri,-29.8939300753456,49.07152361816385,65.55000916768326,989.0547937668887,3.099087372846206,3172.776057712811,82.90780681548877,-33.32893672861707,1
Maitri,-3.5877207447324295,19.928624344251688,21.975147635595864,944.4297288911321,4.971380936290412,4211.050413590194,78.16531096396163,-4.982724448830048,0
Maitri,2.5608001323128065,75.92371235750807,96.06711285957155,963.3710294311705,4.998824664760171,10097.34120369659,87.207609251136,-2.7538597327127574,0
Maitri,-30.039088375602216,52.58465629034419,57.80801569762655,992.4550053012518,2.804161072781501,20.0,75.4089355604929,-33.720014315926306,1
Maitri,3.575903210967052,20.999396423185953,27.674159021280197,970.7828466820309,1.409386452642371,6909.14560221805,92.20293796038318,2.1059454613440356,0
Maitri,-24.466352845230627,13.74625722349861,32.50117770781753,991.6121901550589,-3.9912490026511898,7557.614853064426,66.74200706428728,-25.42859085087553,0
Maitri,1.3053654005162159,20.748472000274106,53.2508088282963,956.8380133612065,1.2788381696913937,7667.314863528874,74.39162901793708,-0.14702763950297149,0
Maitri,-26.399479744802377,19.280144476209486,56.25802007856845,997.1696004852414,-2.5266479686684704,3994.580937606396,78.60761813895103,-27.74908985813704,0
Dakshin_Gangotri,-23.034132609307836,38.265237323240086,42.86658226544466,946.1810701747643,2.1007177099488343,1740.5482640629252,84.89829682784489,-25.712699221934642,1
Bharati,-19.517882910357482,9.039601774653715,18.073538507500523,1006.3726321591704,-3.0554647714250147,12078.05913150411,81.24617314253967,-20.15065503458324,0
Bharati,22.68280519051303,11.67134756469536,31.82667041506895,970.4928752603957,2.075264115839668,2574.018284854685,82.16383129119025,21.865810860984354,0
Dakshin_Gangotri,-12.230716377328164,37.73884016862642,64.42673365171348,1010.6231704413638,5.292493653007245,1531.8815567083766,79.03205223342133,-14.872435189132013,1
Maitri,-35.60896794927196,18.849023612561073,18.849023612561073,963.1897542206651,1.5086066296115312,6080.804928523634,72.10944615813298,-36.92839960215123,0
Maitri,-10.465031945862131,22.705007477491694,38.578375666554685,1018.4953056343687,1.3138349613025748,3043.5104318399403,88.51894640238822,-12.05438246928655,0
Maitri,-30.427488056265123,42.22992223968058,52.358492474041626,960.8467777194564,3.6521075873169306,10203.215647055582,49.885330821229076,-33.38358261304276,0
Dakshin_Gangotri,-32.346252743518136,46.4025834391482,46.4025834391482,944.1210263999062,7.081338615295668,4939.30064714768,65.56267068502315,-35.59443358425851,0
Dakshin_Gangotri,-11.370979601618332,51.36266681720329,52.99098901727959,980.8620655223849,-0.4291364169749362,10721.894160663867,98.8776276530378,-14.966366278822562,0
Dakshin_Gangotri,-24.53371618343271,40.526233390246716,49.84848879383725,1004.6797807819204,2.08408803486481,7795.098676632213,64.91121465351033,-27.37055252074998,0
Bharati,-20.821361282322908,26.034230444219123,41.62238064404367,995.815770252572,6.044930316074405,4447.157921491338,73.8277108383063,-22.643757413418246,0
Maitri,-24.790221672020614,24.947187600605474,50.02821620324692,1003.2594253832768,2.6771554255974483,10456.066954566559,95.81703875895309,-26.536524804062996,0
Dakshin_Gangotri,-19.95125310091848,23.489558185123006,42.033039335943656,996.2104039576312,-8.009509124675116,3396.651861860324,73.10853451115659,-21.59552217387709,0
Bharati,-18.62551153845776,14.886178382912254,39.361572754588785,963.5946422208866,-2.8624741842656527,4719.427454388777,62.491765064568575,-19.66754402526162,0
Bharati,-54.054503990581225,17.540547723038554,32.807791081511176,995.3283379017055,3.004168401801745,8116.636455660557,92.97540806703282,-55.282342331193924,0
Maitri,-15.001409970856997,48.1399936899256,56.09053422055562,981.8566790470494,-1.600690622526065,6906.499319214162,70.65989068993656,-18.371209529151788,0
Bharati,-39.73029129745451,19.854380438535678,33.01688089982994,965.805373595873,5.761418705432613,3305.253746026881,71.68432727502416,-41.120097928152006,1
Dakshin_Gangotri,-46.63448703339117,14.938259316963178,36.893432791655286,983.5870817487851,7.431696054562132,20.0,45.294534983474136,-47.68016518557859,0
Dakshin_Gangotri,-25.876168657880235,50.074860362607005,75.40048205587485,978.8734839376889,-2.360980664335427,5925.4259861217315,73.08988668594276,-29.381408883262726,0
Maitri,-23.740284950283186,12.72324763085573,26.244500786417262,1008.3198503063775,-4.1300106816669135,3091.5271016260735,85.24455596493405,-24.630912284443088,0
Dakshin_Gangotri,-35.40259246858421,32.025584629328385,37.734432005498,969.7024521449505,-1.4447293973842086,6118.583027810502,68.53721587970071,-37.644383392637195,0
Maitri,-12.534522134980385,7.701471077952417,26.05805267282478,968.7676474919808,-1.6756690074724518,4316.104978966689,55.77974708943173,-13.073625110437055,0
Maitri,-45.132627495563604,61.76321247289117,81.54302211131338,966.0272271923818,6.144353151513502,3129.728673007664,67.79308366366855,-49.456052368665986,1
Dakshin_Gangotri,-31.104156231588384,58.58172749614044,85.90891835667162,1017.9369693928501,-4.141337673123467,4927.375302646379,65.7718900310732,-35.20487715631821,1
Maitri,-33.77311202399501,15.661284958693571,23.873656229097524,967.1462715133513,2.9697208210994015,5706.302236983144,71.19546721252749,-34.869401971103564,0
Bharati,-25.69880905509009,27.40572376420367,35.7277512215468,1005.9367646489001,5.551351761388754,8780.038367568755,67.23598430990168,-27.61720971858435,0
Dakshin_Gangotri,-20.81703573029142,16.843304854632592,39.404906830028345,959.3722499967699,3.276881719798017,7692.75574364593,99.96872399212577,-21.9960670701157,0
Maitri,-40.11839424435317,16.764136130824756,27.68980042073367,990.132476443868,1.7458210841944573,14377.692508985374,79.53528572653639,-41.291883773510904,0
Maitri,-14.135759838156577,23.14208247107293,33.645240644281884,985.2501879726094,-0.6488447508529808,6565.743835296634,48.896791797205736,-15.755705611131683,0
Dakshin_Gangotri,-24.054964474979503,38.809362406753436,66.35076110815587,1004.6673691651065,7.395906527446465,3308.2759632550997,76.07240976487672,-26.771619843452243,0
Dakshin_Gangotri,-53.37919379967866,38.92134696250984,40.21129089969811,1001.7675764918093,-0.9810226334854534,5334.819443365739,74.4006943403994,-56.10368808705435,1
Maitri,-54.37887160595547,36.59787266256393,72.15990406031904,981.637800874865,3.793137269890084,8273.293061441042,92.9171230299087,-56.940722692334944,0
Dakshin_Gangotri,-25.184789393939667,25.993724920203693,34.867370789125424,969.2584814113421,-0.6349408042401875,10013.702608625172,72.65981318049927,-27.004350138353924,0
Dakshin_Gangotri,-28.31450976679531,39.93613112584242,63.60341515384954,1012.4992327820385,-7.366812332275836,11365.880241604478,72.22889834835604,-31.11003894560428,0
Bharati,-26.5513017036195,14.816131568546606,28.72813494929286,967.2610509665968,-1.0785708432927552,1931.9828238748428,100.0,-27.588430913417763,0
Maitri,-25.41973684795327,32.27941259792594,49.9930354466473,934.6455245025122,-0.6251353185689043,11122.695869876947,58.9677387497689,-27.679295729808086,0
Maitri,-21.61660240734729,29.131229517095704,41.50336451947808,942.8286908698385,-0.5735805983048814,5815.9172629041595,86.96526373809027,-23.65578847354399,0
Maitri,-10.785255852275505,25.20765211458152,48.77341863491126,947.6987730177286,-2.6412403280631653,2292.196349648764,75.95835669005281,-12.54979150029621,0
Maitri,-41.666573513763375,32.89573256857788,44.422493828382215,991.9139109039988,2.503081407521237,5184.88823249979,67.48713664684519,-43.96927479356383,0
Dakshin_Gangotri,-42.57957389351192,8.546908174751557,17.817443456300545,1024.2893520328905,2.9483579293721904,10843.020695832496,65.27828122411441,-43.17785746574453,0
Maitri,-41.39985786831073,17.021644919097547,50.155063177797466,939.2007865649601,-1.2232756380599776,7829.102220694294,95.3752801120812,-42.59137301264756,0
Bharati,-20.666249992469396,37.30213663770229,52.59596360783921,964.3489023367089,-1.2568620731965547,1151.8260755538413,81.97959297019835,-23.277399557108556,1
Dakshin_Gangotri,-6.325789320303315,28.754150961107754,36.99719535091235,981.7805158957642,-4.202753050483552,1181.8263657528387,84.01672518103523,-8.338579887580858,1
Maitri,-31.470091573592658,12.303285877109507,12.400419977990522,1010.910139313411,1.0174493381476475,1070.818559727164,88.3465991202373,-32.33132158499032,0
Bharati,-62.52549766239482,28.425180892656694,62.0809612030165,964.2412496169546,5.511677580791264,3073.8473634776956,80.12856078463993,-64.51526032488078,0
Bharati,-50.55989293915563,21.808633361117195,31.28937959656468,991.8159964496729,5.514468528999421,6309.798601550297,59.0851638195325,-52.08649727443383,0
Dakshin_Gangotri,-37.49555084194017,48.72637932715983,84.3447617121713,974.9982150317326,-2.39659648692669,1495.275368204676,51.424251774840506,-40.90639739484136,1
Dakshin_Gangotri,-33.365933312428226,15.414961791757566,34.403505305886384,1032.1432326583054,7.964767068108398,4286.694883690585,98.09464808506269,-34.44498063785125,1
Bharati,-31.125829408820895,15.718688280137998,32.14754028316251,982.8908057526655,-1.4486856035622773,11608.143748006407,78.12022170886816,-32.226137588430554,0
Bharati,-24.421283155286243,34.97115309643833,51.669591219718306,987.1137754629066,-4.063758793878772,12471.232774962518,76.188952421615,-26.869263872036925,0
Dakshin_Gangotri,-29.67619496233671,26.521631167083367,63.68114055985032,981.6851391852933,-5.447385242471944,12201.893174355064,100.0,-31.532709144032545,0
Bharati,-9.259905841848893,25.87962602762993,25.87962602762993,971.7062686461276,-4.305071092737409,20.0,59.034617846560394,-11.071479663782988,0
Maitri,-35.140259585220534,76.13965619531038,93.28307139038543,998.9974081780412,1.3349992658227083,12694.888800373104,37.14770775508745,-40.47003551889226,0
Bharati,-37.93476939213315,39.46073690408429,51.80870082878372,956.8194489347842,-1.0298564990706123,6366.78929610886,47.82665359474855,-40.69702097541905,0
Bharati,-17.816866922193075,24.227478109249656,37.09654425841903,939.9607519917813,-2.52803149172504,6311.878768862489,67.0365780341541,-19.51279038984055,0
Maitri,-48.03463104889179,11.420850905740078,27.913969427159117,976.9961075095295,-3.389580241277656,10115.612725932759,76.75760518557385,-48.83409061229359,0
Bharati,-19.154624420199966,23.529765297689742,35.867223802728475,996.3112744132496,-4.3444698270162885,8813.836531615583,95.87464961179694,-20.80170799103825,0
Bharati,-23.461702244105997,14.55500949855725,31.436316170440307,968.3844620960056,-3.559475218505438,20.0,87.64825296575985,-24.480552909005006,1
Maitri,-27.211637348772513,17.61057699823765,32.37480237668711,983.7298108864633,4.0615746874125636,3550.1352016260776,36.57348490327491,-28.44437773864915,0
Bharati,-1.1758583927610644,17.928979833281424,19.793398051434934,955.5860735720654,7.213346061892832,4535.725911300484,100.0,-2.4308869810907643,0
Dakshin_Gangotri,-34.33311167942077,46.84627135101103,65.65993172911982,1001.2532662058832,7.460641079277564,678.934172105045,68.84198250206455,-37.61235067399154,1
Maitri,5.904472557861176,12.893306761402705,35.05385127839851,993.0381926520876,2.748347712777473,9988.627483198881,93.41706107982134,5.001941084562986,0
Bharati,-28.38147173842149,44.57344032873682,54.152784153655986,980.3945663823642,-1.969104132762602,11755.718431496789,83.19017510313385,-31.501612561433067,0
Maitri,-44.155246674553425,35.757872709179566,69.43683349142027,983.3745957578313,-2.6712539477951815,5957.751870764885,75.08019701562293,-46.65829776419599,0
Maitri,-23.95120628507762,35.498140137652626,63.853857594293565,952.1284947340989,3.024559308740414,7194.371209407447,71.44423272131223,-26.436076094713304,0
Maitri,-41.14367800478152,17.229286500151947,40.668809491863655,953.022133524428,-0.9854328090308524,5954.8700588767215,58.31449506665685,-42.349728059792156,0
Dakshin_Gangotri,-36.2763377172025,41.70471465398175,65.0229220942619,977.5601715245333,1.647666183738608,6396.61351487709,55.68202916645129,-39.19566774298122,0
Maitri,-19.044500499767633,16.15039932339284,31.451368849491715,990.2746962145085,7.721751942804596,10470.727884967058,72.50643836275037,-20.175028452405133,0
Dakshin_Gangotri,-16.66626867024813,56.26104402370583,82.67476507105003,991.2875734188254,0.8673143142223203,20.0,54.17709691786109,-20.604541751907536,1
Dakshin_Gangotri,-34.33251550381387,47.384215254646406,78.09176137526742,972.7413425177203,9.111405804185809,7944.413134506286,99.71870356355271,-37.64941057163912,0
Bharati,-10.18892282430399,60.989693437570644,84.06993356569012,994.9075671258286,-4.507499266618627,6047.41478415625,76.45424870827252,-14.458201364933934,0
Dakshin_Gangotri,-7.63738362968299,29.207669290910275,38.50483587278662,1008.4158305482715,1.789689628143069,3146.113119293699,100.0,-9.68192048004671,1
Dakshin_Gangotri,-3.455473651550637,26.512063407205872,41.11524902433987,978.2266516667154,1.254946082240179,3986.589820061129,68.46578025645209,-5.311318090055048,0
Dakshin_Gangotri,-17.05879889311417,23.200268108533944,43.93696843829484,986.1932781322355,-3.936325085284024,13329.481938974292,66.14220897828245,-18.682817660711546,0
Bharati,-4.54856931871452,75.33178100184332,98.70923004230477,975.8429173933175,3.2066221822687693,689.9968217368541,83.86303815180688,-9.821793988843552,1
Dakshin_Gangotri,-53.21197641961086,38.638964915624044,52.86419277018854,977.4738738206298,6.123239978071455,5325.771037449956,71.1107882223545,-55.91670396370455,0
Bharati,-29.76859822942694,14.646437963365818,23.9783524922951,983.3912864591665,8.810679268924371,12517.947122982006,89.59626223629174,-30.793848886862545,0
Maitri,-38.0050788448514,53.09667295267182,83.93874282645014,1014.0652857810774,1.645159428881071,919.4810307157204,96.57325955980686,-41.72184595153843,1
Maitri,-23.21161208308912,25.99855132229506,30.275354177105484,998.305527544911,-7.600427288056734,4175.338758678152,91.48725564284896,-25.031510675649773,1
Dakshin_Gangotri,-33.571738287951064,5.861851062497466,11.448533506168282,996.5036886752436,1.907959023978277,6169.237537749813,95.46628442689054,-33.982067862325884,0
Bharati,-27.492367629245987,19.243669348602506,20.972391253588366,970.9251426749786,2.967838325975,7650.641158307547,87.26379371674099,-28.839424483648163,0
Dakshin_Gangotri,3.23262320306074,47.36871476764674,52.9332065714035,962.0364970241658,-0.9407439904386269,5678.750645944025,66.76424699083522,-0.08318683067453225,0
Maitri,-27.545796946305675,35.81790166585649,63.291350437046525,987.7907088191208,0.86047710173378,2418.5458433048007,92.0981504526085,-30.05305006291563,0
Maitri,-18.79311524214679,39.343471285008505,67.15179885014054,1004.8749062794953,-1.933705298195569,7789.610014755571,85.4640085661176,-21.547158232097384,0
Dakshin_Gangotri,-28.48403994886353,52.84165653500127,67.10120119034957,1014.4680879706563,-0.5347824315613325,5597.588838711298,65.7340813058249,-32.182955906313616,0
Maitri,-23.864300680647496,10.294362378587058,30.25750633415486,930.9472562146859,4.069947941250496,8511.024228221577,67.6363092166132,-24.58490604714859,0
Bharati,-24.90974979345893,19.368619605834898,34.26357382959574,1028.9277658518683,5.556094960806546,9694.776288756168,73.62283869898229,-26.26555316586737,0
Bharati,-18.275139010402608,29.539113502911057,32.6193452433815,988.3397389649538,-5.08283568773701,55.041816257046776,91.67219340890686,-20.342876955606382,1
Maitri,-7.520386966792348,48.05886242452418,85.23993250126851,998.1786072832758,-2.0452895377252616,10132.519205769324,76.75393777827438,-10.88450733650904,0
Dakshin_Gangotri,-0.28909003595006055,16.100436821257315,44.84783647195708,945.2011178120888,-6.3538179673742725,4981.483244302051,74.91526421220317,-1.4161206134380726,0
Bharati,-20.355698771362498,24.15252511482336,42.69671916812044,975.261883264707,7.353297035272824,9300.843215688092,72.61273136803241,-22.046375529400134,0
Bharati,-16.15679670946597,28.595548213687493,35.0366489897648,996.4569583379441,3.483118077956477,7975.489859966351,69.69978542612216,-18.158485084424093,0
Bharati,-42.262967637783504,18.859169578967336,31.60982580726954,956.5050448256308,-8.004013599676721,13416.32903936617,57.541207615993116,-43.58310950831122,0
Maitri,-26.31815113623431,28.43126287317386,36.50700735897417,922.2337726006491,-0.2581390498378441,6025.016298421226,86.92837224629196,-28.30833953735648,0
Maitri,-10.895658026746165,26.44570072069894,42.42152312998363,986.710107046065,-1.1338362886006796,4386.737808757092,59.738840562831825,-12.746857077195092,0
Maitri,-12.010470423742701,21.52917955084833,39.62841129684182,979.0043467367436,-3.0237557767900363,3948.1353745004108,76.01437965199223,-13.517512992302084,0
Maitri,-21.825854008074245,41.652520831364896,53.24126589326127,1008.8267417575368,4.145109268145588,1851.6238530450555,68.86721297580179,-24.741530466269786,1
Bharati,-11.704090606480714,38.013027574003274,38.46890004493325,976.8016304823077,4.053547369894946,9232.407864694014,86.49507470843933,-14.365002536660942,0
Bharati,-17.638499365092716,42.565194436704154,78.885784293863,978.2656241383501,1.0778064387267885,1594.322135304642,69.86992448733703,-20.618062975662006,1
Maitri,-6.995406126110176,44.40995689917481,61.78522436748832,993.9535501127366,-2.56660976607915,9197.312826921361,59.90636205601651,-10.104103109052412,0
Dakshin_Gangotri,-20.659612645643335,59.34579694176253,78.91171694370681,1000.6704087119297,-2.532992117066497,5106.010660157806,89.8396333913488,-24.813818431566713,1
Maitri,-30.33547473356552,12.03321092306497,22.809117062315114,965.8250313468111,0.17570700280760154,20.0,62.610135385084114,-31.177799498180068,1
Dakshin_Gangotri,-19.962381146004645,12.82435529675731,12.82435529675731,998.8899751915404,-1.8285454295984824,11953.08620013902,77.32020389549406,-20.860086016777657,0
Bharati,-68.95891563779163,39.922122272248856,54.08911696327049,969.5653234614077,-0.023285816468313635,20.0,94.10700956775187,-71.75346419684905,1
Bharati,-19.25671395422426,22.581685350385776,34.34946526051677,980.3304320745316,2.232324384734509,5672.964841641348,64.04795133468944,-20.837431928751265,0
Bharati,-79.72619237822175,21.102566328108864,43.19791013530464,993.4153948561471,-6.134113852934407,6935.834810493913,73.44727758247899,-81.20337202118938,0
Bharati,-50.85195111108127,19.447259657566537,43.508035391328235,996.90272687756,-3.032737136741619,20.0,68.53228404297327,-52.21325928711093,1
Maitri,-18.22347098588524,43.295815066432624,65.94610986352633,986.3662981280945,-0.1347718432749192,7765.015015349475,76.97174339752422,-21.25417804053552,0
Maitri,-17.83705994099807,72.9605166520885,97.84324001126,958.388893459336,6.261379588894719,3320.8482919386174,73.97301252696012,-22.944296106644266,0
Dakshin_Gangotri,-42.43643170209896,44.2950154829865,77.33167355775248,942.594905815295,3.3813342000290088,5005.925073250051,88.80599211335996,-45.53708278590801,0
Bharati,-35.68153062818408,22.049927355193145,40.9484447505487,976.240880235511,-0.014336102335508768,11372.042459386294,65.6892093371131,-37.2250255430476,0
Dakshin_Gangotri,-4.441885170788019,42.21891946847033,68.21107767656868,999.4256971741953,1.6092348284597084,6570.880485924686,94.11277530726224,-7.397209533580942,0
Bharati,-32.26045197359014,12.596299053988755,32.53490479234604,988.9939488279549,-0.4060154708608998,4597.746874431685,99.06998379999229,-33.142192907369356,0
Dakshin_Gangotri,8.643804686044774,5.109135911923336,5.109135911923336,984.8406601476007,4.308895095397321,5318.161637019657,78.84817069055609,8.28616517221014,0
Bharati,-25.028797797645193,25.50247799823945,38.95727517136236,979.8594688706703,1.73501260557839,13104.413843231388,63.147828325657365,-26.813971257521956,0
Bharati,-18.879457346781,10.30287491467563,16.625759845637795,986.1820368694338,5.115200977533076,7618.452884863628,74.38336650462874,-19.600658590808294,0
Bharati,-0.7468840225208879,22.60385099457708,39.918184301620684,960.1181764609216,-5.421354729619118,2464.9489988696037,73.12681455625182,-2.3291535921412834,1
Maitri,-23.034593257098706,31.175725333693812,38.265623740557444,995.6040363833056,-3.2247621603645107,4046.731123331496,100.0,-25.216894030457272,0
Dakshin_Gangotri,-40.03515971036202,79.64655714966361,100.70336604996697,996.926129168443,1.0982853465417775,1239.7140640486978,73.4524498357394,-45.610418710838466,1
Maitri,-26.64591177541435,49.952389314358136,74.76267029575408,972.8946898331344,1.9740447546753896,4193.159445581321,95.7419614123901,-30.14257902741942,1
Bharati,-25.534161042851363,10.429197936127157,37.46489839632875,988.7401526130327,9.601353800020165,12431.574198386246,76.67177557876887,-26.264204898380264,0
Bharati,-45.471124783023484,11.034245352898214,42.22686096814088,945.6690107125999,-7.2309865427383295,5334.665190366769,75.68747244554147,-46.24352195772636,0
Bharati,-28.83748107011235,18.928417615290503,18.928417615290503,983.6009583194267,-0.13230100945526377,651.9485273213795,69.68403893923941,-30.162470303182687,1
Dakshin_Gangotri,-36.13288140996155,64.77354707893662,67.78354672946843,977.3374947811667,-0.31168795665894256,7723.709732500871,71.08361524230536,-40.66702970548711,0
Dakshin_Gangotri,-11.134633642188488,10.7188117255226,54.996963587853784,1005.1846581374097,0.9513544496816122,4429.68784851164,88.34572807876647,-11.88495046297507,0
Bharati,-24.480821887221165,19.527635410358506,44.62287260895394,976.0271448562988,6.933042485154036,8245.64020779579,64.04096385194455,-25.84775636594626,0
Bharati,-29.24193623721355,19.47186173055427,36.71634144102438,997.3732902676189,3.5051024573538716,5030.404929115021,89.39606349500104,-30.60496655835235,0
Maitri,-26.592728959338643,34.9391880891975,50.259563192316456,972.1765497763499,-6.416057286129453,11781.081303287738,96.61310081879819,-29.03847212558247,0
Maitri,-21.653169723907506,42.75067939087268,57.18207791992349,934.2779857084979,6.135037789107498,2357.415994417168,66.12263184281875,-24.645717281268595,1
Bharati,-15.747787004653302,38.19914337940383,38.19914337940383,975.4892735837954,6.023452097643332,1339.351082430716,93.11957862465047,-18.42172704121157,0
Maitri,-39.99568343004072,32.514341712394234,39.791050666159315,983.9351451022687,1.0522982687954756,9750.401565285394,90.72356792164403,-42.27168734990832,0
Maitri,-40.623814489319074,12.296286423964553,26.177810478917962,983.0167500737701,-6.471060991512665,20.0,88.03816530309788,-41.48455453899659,1
Maitri,-8.42981176896205,29.98413981395424,37.82554105935037,983.3190101054696,-0.6064759026145473,5312.268425855035,65.45906246994079,-10.528701555938847,0
Dakshin_Gangotri,-31.185053083070958,53.58386390097026,62.73250399547611,969.8709159526886,1.8749119516402242,9202.456829097408,73.20888609592933,-34.935923556138874,0
Bharati,-46.25263138895311,62.41324906276739,103.00056328257358,973.5254484850996,3.9862040536165457,20.0,73.18845445823747,-50.62155882334683,1
Dakshin_Gangotri,-18.34280935925343,34.47114228293315,46.95461186726914,957.4731231083894,-7.081791164995573,6258.572305805401,100.0,-20.75578931905875,1
Dakshin_Gangotri,-18.049452909509696,10.489846580518565,28.271046663185878,940.067886689817,-3.0764181906706654,20.0,74.84905677404151,-18.783742170145995,1
Dakshin_Gangotri,-47.9607288588506,34.76585004318247,52.191212893219685,977.8708199324021,4.392065645765494,20.0,72.25066099060749,-50.39433836187337,1
Dakshin_Gangotri,-21.557774268045904,26.403073031699485,47.29766801793032,965.0959383500377,6.007060282710212,1736.2354905092798,57.780968922161506,-23.405989380264867,0
Bharati,-13.966253613574397,11.487832164569578,21.715004505868556,1001.5967115799936,1.7221097306525568,5266.4300794043875,60.4221682343405,-14.770401865094268,0
Dakshin_Gangotri,-19.384203224406054,15.578193470951442,43.04800595133827,936.3603262730628,4.5940488544810885,3176.497837956511,64.73777692037109,-20.474676767372657,0
Bharati,-15.52027774357907,17.224817918858463,36.66043985492582,985.8203759828858,1.8211250840252797,10428.266993551475,80.42006344900872,-16.726014997899163,0
Maitri,-46.064036471361234,39.990970731642385,42.11932699439572,1022.4297452974789,3.8523390324558187,6329.545361493252,53.63910582788617,-48.8634044225762,0
Dakshin_Gangotri,-20.034397675057065,61.109200729932454,75.03416073763617,976.3430713696499,0.5804891005298413,4044.1755907325255,65.01182080695676,-24.312041726152337,0
Dakshin_Gangotri,-29.5392963920567,36.97453190979528,50.253048703077376,979.9450381863592,1.9197941728728674,760.3844705507427,47.085190621242596,-32.12751362574237,1
Bharati,-32.24185238086967,40.62548728382386,53.44383273051763,988.5269353994298,-4.887114373532479,6896.436356693758,96.02856389608257,-35.08563649073734,0
Dakshin_Gangotri,-11.941665858704102,27.367798401601018,47.460766423831856,990.0903891441145,2.888549063890287,14235.595733753806,76.59611951694875,-13.857411746816172,0
Maitri,-2.8108823398865503,20.92646556197469,42.2737174537669,971.829853268787,-5.009411391540928,3188.3340104042586,79.65617589731961,-4.275734929224779,0
Maitri,1.9155508190053823,37.482054711449294,57.64858553958915,959.8340757990368,2.8840642639223484,3657.79282230558,58.650200425607,-0.7081930107960681,0
Dakshin_Gangotri,-5.277881927411425,32.73206664123619,51.121220222011814,993.0544159510106,-1.7559321479265537,1757.141578028395,92.41939755108521,-7.569126592297958,1
Dakshin_Gangotri,-26.646012724452756,18.108487582609392,33.96486465917114,941.8387722516604,1.4799532158556103,10736.717438809817,97.54591769312398,-27.913606855235415,0
Maitri,-19.709197554604856,31.6318713451589,31.6318713451589,996.6445664010082,-3.811186882427949,9708.022266812324,76.0038393179868,-21.92342854876598,0
Dakshin_Gangotri,-13.497656923236345,28.295297568360063,51.07422385774179,972.1640295186363,-2.0144327496278045,4214.9158309112545,67.81319497014755,-15.47832775302155,0
Maitri,-23.18233076050807,24.053452793779844,43.936993744844614,980.061703081743,1.4718836775217554,3603.82326433354,83.28367805900929,-24.866072456072658,0
Bharati,-23.038537181326834,20.533674775747247,25.68606200903484,969.4878425750326,3.0173265330040575,2224.5875106201647,86.02195763056964,-24.475894415629142,0
Dakshin_Gangotri,-12.64370302185727,34.45516887248166,52.26099165644807,1008.6176524704325,4.375164708635865,4842.75341552461,88.05502165281345,-15.055564842930986,1
Maitri,-25.889239690388983,21.256698911713652,42.736083722515886,984.9802141484919,-4.6002946553596,10079.516112449543,84.95836195520562,-27.37720861420894,0
Dakshin_Gangotri,-35.93930404560492,73.00888914215267,99.72135979440327,973.5652402677571,-6.004531278752308,6166.100183798249,89.45988632942135,-41.04992628555561,0
Dakshin_Gangotri,-31.217095987537878,36.35368155520152,56.45669598694039,973.001942087165,-3.9012253276258777,11150.589212610805,64.61045882795537,-33.761853696401985,0
Bharati,-15.491344333993865,34.74625106510045,52.96226913326413,977.0368573066426,-4.262432890780915,3119.3555891696196,88.67861114909115,-17.923581908550897,0
Dakshin_Gangotri,-24.955100632000665,25.866590511050564,50.334313686057996,1027.9388035306756,6.267315714715593,20.0,68.19298135675551,-26.765761967774203,1
Dakshin_Gangotri,-19.896850346974933,22.95330909109331,34.88790888915214,953.6582328604073,5.360832387921085,16421.341733664332,37.35105782504641,-21.503581983351463,0
Bharati,-14.948811366967153,9.04149709477239,28.161529290722918,1001.6576436193149,-3.9864669327371605,6858.332722309226,68.05524140601138,-15.58171616360122,0
Maitri,-30.622621943464143,18.774006845006998,27.56287490296877,991.3621057417992,6.841236344334037,9114.104489831585,66.69145000982158,-31.936802422614633,0
Dakshin_Gangotri,-13.656277545552909,10.349250486365555,36.45221756257859,1010.7962350482416,5.121994574063403,2849.93875238828,78.6155554791497,-14.380725079598498,0
Dakshin_Gangotri,-19.317360948124083,10.263844699329233,10.263844699329233,992.5813359038304,-6.518411432057539,549.8274436460788,87.56986523002823,-20.03583007707713,1
Maitri,-43.522196303672175,14.270711950346865,37.43808369185011,980.0672600073364,-4.120929320188321,6618.993561544823,77.89218270060059,-44.52114614019646,0
Maitri,-3.365428132206336,50.81648307395277,65.99357269243283,1000.4005525724076,-6.6370394091735525,20.0,100.0,-6.92258194738303,1
Bharati,-32.51117115635374,50.69441083516868,75.34828414243161,984.5953764869859,-0.3463265816148541,4931.754955230435,67.12449717188798,-36.05977991481555,0
Dakshin_Gangotri,-49.82643014777776,19.015665335135736,26.21022163122276,995.0991206121262,0.06964849622759432,10089.245828716486,45.184312029447625,-51.15752672123726,0
Dakshin_Gangotri,-40.675655643794535,12.123687111502912,28.02352289966587,1008.5643892763845,0.06215938840053797,7793.882837973437,79.16991084400712,-41.52431374159974,0
Dakshin_Gangotri,-40.31567741017483,22.40641480044906,38.01271569776184,981.8503994764496,-8.106909573375653,7019.608031712378,66.82721855046586,-41.88412644620626,0
Maitri,-24.217400220136998,39.78905679392839,59.12789239443295,971.5123003669677,-5.708955736542487,12974.957517104242,58.714726228255785,-27.002634195711984,0
Maitri,-29.107757583193557,45.70672877943107,50.23110927295126,967.123762715018,1.040619503300612,7501.367562348702,70.53700079170501,-32.307228597753735,0
Maitri,-30.052479514608894,31.40155477796992,52.76370565881346,989.0108081519353,2.4888899446005284,20.0,63.2488201432257,-32.25058834906679,1
Maitri,-15.704470517762816,34.2370421034467,34.2370421034467,962.4366318210797,-8.079245184919904,5403.719749340585,64.72817203468239,-18.101063465004085,0
Bharati,-19.90186958210944,32.57065621522583,40.89223564405219,973.0039007143868,-5.124528071331052,13701.271815951968,97.8375571816453,-22.18181551717525,0
Bharati,-20.259281940335708,10.800538216398104,10.800538216398104,960.6486247659536,4.089652559678364,4762.252778105707,76.86486717446819,-21.015319615483573,0
Maitri,-18.85257314006961,12.83110217275088,36.11329616960714,990.1667823683773,-4.897412868952548,13456.384106798509,71.01958136198732,-19.75075029216217,0
Bharati,-15.757979979966427,62.359891094502146,81.3611988695925,964.9568845884218,-0.05879666321561043,10094.576361802012,98.96421627934279,-20.123172356581577,0
Bharati,-56.61930012666164,31.3261864197963,50.88657288878367,954.2653417523829,-5.278173524288593,4366.096711139451,70.5678514081496,-58.81213317604738,1
Maitri,-30.46657378396692,7.691562999709431,37.423456962195026,957.7844915416227,3.3259278154399503,1678.0146924712026,56.548071427185306,-31.00498319394658,0
Dakshin_Gangotri,-57.70315096734211,35.27910698795587,47.11969029633785,968.5782327815141,-8.06793024181381,7359.57494768609,55.1031457831853,-60.172688456499024,0
Maitri,-24.45910109803307,16.769961559100103,37.8658183732267,970.3939836220645,-1.2178360231516028,11082.000085323822,73.80005927315297,-25.632998407170078,0
Dakshin_Gangotri,-25.06949458336518,47.53688121329499,63.19710468505974,985.02905291107,3.761225712713427,20.0,50.3662292588647,-28.39707626829583,1
Maitri,-9.317015878154796,45.02920612333851,59.16686057665243,976.7675342261372,2.44011441990211,6481.549947166924,57.413146520397575,-12.469060306788492,0
Bharati,-7.185484109183189,38.69041408704847,66.75667240783743,987.4062158751541,-1.8564494824334785,20.0,69.28115337742919,-9.893813095276581,1
Maitri,-21.95837427621449,31.143455797723213,66.96224943174363,989.0122504908345,-2.794728571035441,4641.636024664023,91.97907675093572,-24.138416182055114,1
Maitri,-32.5054161609535,53.25756883611897,63.94290220748483,994.8099902285707,-0.9315860989956324,20.0,94.3771921849151,-36.23344597948183,1
Bharati,-17.72258331181393,55.95632577721112,79.29352169240995,941.8435084638675,-5.157404331174185,8248.943233920547,84.89470745791769,-21.63952611621871,0
Maitri,-32.918764559864705,17.014199934918715,35.20536906138682,957.4555325730001,-0.40002965266430046,3244.008094304124,74.94186338255881,-34.109758555309014,1
Bharati,-25.020889771650232,38.479148811806006,56.790273036310424,991.0977344590877,-0.3315038588396884,10632.14508930051,66.44391870786522,-27.71443018847665,0
Maitri,-10.207955245588483,20.658103515339068,38.12988080567395,984.2282468392646,-1.6717970257535018,3838.0331054124617,80.8253777837759,-11.654022491662218,0
Bharati,-33.366570189841354,15.651220893022646,27.320440978411067,999.5386590710904,4.001390457871645,3473.7110303328086,100.0,-34.46215565235294,0
Bharati,-12.914820411362486,55.93215196471358,55.93215196471358,949.1196474296323,-4.281934495380706,20.0,77.12125476391965,-16.830071048892435,1
Maitri,-14.838979469615465,41.58081601160085,71.92890925758573,970.496908540111,-6.817549669027337,7564.200027137408,68.06999596135512,-17.749636590427524,0
Maitri,-39.321877256962324,32.461227582444316,40.51390170572033,974.0724012713125,-2.1012774926339977,7968.403805606147,72.63502142159757,-41.59416318773343,0
Maitri,-10.391588076738985,17.937772861008412,30.52220141150233,983.331275759772,0.49599056780676687,9758.977437596803,70.99961491751857,-11.647232177009574,0
Bharati,-14.521504819427424,56.75203316542282,69.54910416524194,980.7175474907086,-0.42691302698587946,8620.805316200782,83.23139071061843,-18.494147141007023,0
Bharati,-23.471111689410137,86.09019871087314,93.25216477833936,989.3815556403456,-0.6046480637786328,7605.078931857983,63.54489604753055,-29.497425599171258,0
Bharati,-36.43485187041478,16.633710925124685,34.03611234508091,977.7069207765363,-4.50545805206222,8383.40463921075,81.09273758623817,-37.59921163517351,0
Bharati,-37.88809027863355,14.56289822293143,29.11977386871058,1007.4467254190937,-3.9301599301803924,8787.324799743032,83.52242326646889,-38.90749315423875,0
Dakshin_Gangotri,-33.06493865354534,28.339152970009206,36.173793181713826,1013.8241855634433,-1.9533847236017583,9630.627294255515,80.16070050984253,-35.048679361445984,0
Bharati,-16.8610830506206,39.785267006655594,56.27828717316915,957.642064932013,-2.2687893040122185,20.0,58.70635273504709,-19.64605174108649,1
Dakshin_Gangotri,-39.33437751102097,23.590345193817218,38.25987826423357,980.9022242052707,4.392342261949306,4152.727747039351,72.75790283169266,-40.98570167458817,0
Maitri,-18.43731627070195,144.3197490072752,168.59813472015622,995.9598855061421,1.0556634139331824,20.0,67.09805315896709,-28.53969870121121,1
Dakshin_Gangotri,-43.62633293317589,30.886840657250897,32.48301278043357,991.706559634186,-2.1302539703373387,7328.53496564767,73.89219760557862,-45.78841177918345,0
Dakshin_Gangotri,-28.061028766582734,20.61146189707478,27.557568688156948,971.8431275132863,4.380052230544965,12519.838001292483,65.0008415865995,-29.50383109937797,0
Maitri,-23.35528368138987,21.882365929456785,44.13534203783084,985.0972977049357,1.7851143542593355,9585.36545392727,93.65012962196946,-24.887049296451845,0
Dakshin_Gangotri,11.676952175883748,65.87046534107273,74.4730359065905,948.3308337077773,-5.430174412780718,3571.7898589676565,77.80331717764717,7.066019602008657,0
Maitri,-45.65973483280551,26.966855551287946,32.93283292583711,979.6171624310383,-12.966691271513504,8021.654046439868,50.727932763229376,-47.54741472139567,0
Maitri,-2.919781502648,54.959838779979066,64.05692936989296,950.7939259099597,-5.3049383437249755,7395.760711022491,55.05424664613783,-6.766970217246534,0
Bharati,-22.7523637901908,10.037844892446486,24.028057725552657,990.1595792806463,2.379738473580487,6932.518624650451,93.07135773505722,-23.455012932662054,0
Maitri,-18.832421229760552,48.018047443961166,62.04625808329075,957.6808410380183,3.5659402183284645,786.6166987134429,72.29891219904414,-22.193684550837833,1
Maitri,-23.224781299176932,18.42841295362874,31.328828592605408,983.2606634953601,-6.640922458778803,11260.542372061122,69.15283416205533,-24.514770205930944,0
Maitri,-18.329097727071506,42.08518487862137,46.79953339413487,986.3839118084312,2.6345768630821897,1287.6387379822654,91.9281121290474,-21.275060668575,0
Bharati,-27.305276565430265,18.34328769767731,41.07487697021263,981.5172777818683,2.4829593766412508,4533.025874271184,72.72724473727725,-28.589306704267678,0
Maitri,-3.189247278138126,22.72815598034106,50.990353602917835,967.3609427413646,5.580167062077911,9836.567085192783,57.073075724686355,-4.780218196762,0
Bharati,-31.847067163370838,15.38829924181678,15.38829924181678,975.7926349955276,3.801576584035251,4506.335094150512,58.085391957316155,-32.92424811029801,0
Dakshin_Gangotri,-8.016481417311283,42.49099131647843,42.49099131647843,1003.6214333641944,5.407529872009644,6317.206238716297,84.41268733904602,-10.990850809464773,0
Bharati,-34.66550680319534,45.8548698169557,70.88343956470557,971.5078320027684,1.9534636464456314,6478.424308586719,100.0,-37.87534769038224,0
Bharati,-25.903777696019304,18.76131454718377,49.45927795344116,980.4286021389123,1.8196875592016333,6263.6536114284345,87.5934852838281,-27.217069714322168,0
Bharati,-41.07943828435329,11.641875467862626,11.641875467862626,968.8642239108233,-1.3491383490439133,6460.221087239039,69.2716653559407,-41.89436956710367,0
Maitri,-18.174644194787202,54.568174725072915,77.72253973786125,1000.4085419907614,3.2810254535360137,6855.674818213358,71.59922677981763,-21.994416425542305,0
Bharati,-3.323110646101995,20.008119779515315,51.38691864400311,981.5566155032051,-5.329626882202736,6298.810484896174,75.72714001301021,-4.723679030668067,0
Dakshin_Gangotri,-26.16034269731281,26.231752198713483,32.60762954038537,964.7205198307272,-0.554709715059717,2418.0480420270437,44.70047271085342,-27.996565351222753,1
Maitri,-27.953285480558645,16.929957565122955,47.72663583405506,980.1425051706351,2.159534153298694,20.0,75.35203448001766,-29.13838251011725,1
Maitri,-41.7192544460189,40.44738259661673,53.66743978781667,975.1793623703703,5.632859445050222,9992.515744754855,83.76136314639137,-44.55057122778207,0
Maitri,-28.43938980328462,40.95760132915691,59.103972234888104,1007.8516422179309,-1.9117527099503555,10175.115003405057,100.0,-31.306421896325602,0
Maitri,-48.89191389582291,59.075007510417144,66.88267436494625,979.1062498698793,3.8663242093479306,7349.893929560314,91.36102127964776,-53.02716442155211,0
Maitri,-38.69316980078241,48.72136431796563,73.73164957817951,952.3450222323835,-0.7887143907899637,7316.491367967121,100.0,-42.10366530304,0
Dakshin_Gangotri,-21.598209308362968,47.051004981409356,70.39552615756402,989.9726647289905,3.948235745362259,2339.2472220114346,100.0,-24.891779657061623,0
Bharati,-5.214802033879057,27.507595591001508,59.75468914829975,1015.7217486673057,-3.20540842294702,20.0,95.9204011014513,-7.140333725249162,1
Bharati,17.138162918442546,25.75556494862761,55.16163863972986,1003.938617790925,2.903886285372437,5005.246096747332,75.39302125611567,15.335273372038614,0
Maitri,-33.798776276063506,40.16396031081343,55.072459868641076,957.941326824295,-0.3813510838920062,20.0,80.17284272326222,-36.610253497820445,1
Dakshin_Gangotri,-3.4704976503184,26.705393241084693,72.78917939290366,974.6254371134979,-4.740404744244229,6737.598785144628,49.94743144757105,-5.339875177194328,0
Bharati,-21.343712793975282,49.55550047773288,78.06342696246988,979.3863364527043,-0.613190455100749,11216.956710869359,76.95523208414471,-24.81259782741658,0
Bharati,-27.268714701195638,16.332683307343117,36.73784365779969,979.6290228287861,5.286844884080306,3535.4457496088617,83.49240572811304,-28.412002532709657,0
Maitri,-18.51108322410772,9.912467855042182,14.940923878506066,987.6192371435768,-4.076819678596928,3765.218400618994,70.74958045337416,-19.204955973960672,0
Dakshin_Gangotri,-24.071252744800613,37.80757173258519,37.80757173258519,973.1179798469414,-5.9372697515088095,1976.6895234684512,51.87546044983392,-26.717782766081577,0
Dakshin_Gangotri,-23.34406411581672,21.383867409361155,21.93358883859455,961.6875233883836,1.594970093061726,6177.00816243074,98.7420362497449,-24.840934834472,0
Bharati,-31.124997442400037,14.947781542559058,20.6111266733136,999.0360067301787,-6.711192409113549,5867.078705176762,81.09104792127602,-32.17134215037917,0
Maitri,-45.97164489698276,77.20027440393443,105.9733009628367,957.5286783545981,6.253419843590566,1923.477772001631,100.0,-51.37566410525817,1
Maitri,-48.15437803783122,28.85284363963528,48.72373277301051,963.9576691791814,6.152641459591219,9650.298139669678,86.13260156195861,-50.17407709260569,0
Maitri,-15.201326750781595,13.024360893428057,21.890629059743475,957.4043796183774,4.153121310865814,16809.479224859628,95.52664851169766,-16.113032013321558,0
Bharati,-29.1505013512857,20.017697930705744,33.65900782173867,992.2442487090435,-0.04492795489372079,10759.435406419785,92.44632949322855,-30.551740206435102,0
Maitri,-33.941333494842496,24.613163242234425,37.035699212955564,982.1294261882966,6.658646671165744,5557.583113301688,64.80866934060006,-35.66425492179891,0
Maitri,-24.872415599152696,37.411705544241386,60.41221224947802,997.670072394093,5.381789890615287,5509.829854010752,67.36544036725716,-27.49123498724959,0
Bharati,-13.076016206265587,20.074234579870286,26.286256955511984,964.2961316748779,-2.130875385755209,3945.763147815806,68.57432948634931,-14.481212626856507,0
Maitri,-22.294540854604026,26.43947745714879,44.93634131831122,954.9397376593004,5.755344108036644,3863.308268920371,60.50462685221362,-24.145304276604442,0
Maitri,-34.84082404961451,33.03685459487547,51.037712354342474,971.1219808905954,-3.6466940060968382,9832.626570512692,100.0,-37.1534038712558,0
Maitri,-6.605605665265756,36.21703492857098,42.72835482704186,976.3500542647885,-0.7881317311908242,10006.827800075305,75.63404559318522,-9.140798110265724,0
Maitri,-1.312217455275519,27.457966789244125,58.33802708134761,984.1819261554012,-7.173855856350706,1321.8819588763254,81.89262220189524,-3.2342751305226076,0
Dakshin_Gangotri,-17.5816501701572,65.34748794661678,77.3917758813855,946.3521673342456,0.5836950579219654,7465.261649696387,55.034555562144874,-22.155974326420374,0
Maitri,-10.395047329838649,40.664554872332936,45.737053626770575,989.5746172656735,-1.1780339864071896,10444.501643600935,87.27876173239417,-13.241566170901955,0
Dakshin_Gangotri,-6.370600047792834,39.53320429002394,63.062004085225865,962.1152252342097,-1.8087997676700502,4599.271920421306,68.85820067767702,-9.13792434809451,0
Bharati,-8.048510253932296,38.80556776445788,54.3505235360043,967.05168699765,-0.6626166225017668,5153.864741735472,93.91457124599464,-10.764899997444347,1
Dakshin_Gangotri,-15.788512343310646,49.74709957851918,68.83138270510973,1003.4741906228284,-2.318180995621392,8783.93070659057,64.71883415233127,-19.27080931380699,0
Dakshin_Gangotri,-16.02479429387676,31.910864936027373,35.06406693411198,936.336063090936,0.16669656908620878,8897.671667428049,94.97831893621657,-18.258554839398677,0
Dakshin_Gangotri,-17.205091399802463,16.181085320114306,39.30524783653403,986.450040543339,5.134276366264503,7716.233318368376,89.11289954912357,-18.337767372210465,0
Maitri,-41.460065118205655,35.3410101500997,72.06529379534524,986.3745726013497,-4.247411275751197,7016.915020828472,68.01465247537452,-43.933935828712634,0
Bharati,-14.489152647106213,37.62967730133487,40.00134000349024,963.6243004629848,3.4501096513494995,7554.350375345119,96.26761134840042,-17.123230058199653,0
Bharati,-45.33720956689831,53.6278654238594,72.16995348375468,971.0599135816796,0.8609688550164116,4889.130836594462,92.23201944852858,-49.09116014656847,0
Bharati,-36.918991826875825,15.267980705517784,22.41488375201766,1004.4209360430257,1.4965057331146427,1529.1359388521296,82.3444791202744,-37.98775047626207,0
Bharati,-5.446523982878688,17.417294984782863,59.313355580757495,1019.2584708794205,-0.12283545061868496,20.0,60.09573904109349,-6.665734631813488,1
Bharati,-12.396697559587038,29.341456244048633,56.73778102555113,1001.2945173376892,-2.8696004280746714,8382.245720035518,87.0016852062046,-14.450599496670442,0
Bharati,-2.6890256547120615,39.3650486417247,57.1861220720244,1017.7174333552094,1.7794547896620145,6432.788341034013,75.99015075009491,-5.44457905963279,0
Maitri,-29.075115755309383,13.685265850135991,16.406591091441786,966.173361506649,2.075357189694076,7822.078336100414,75.74022772974776,-30.0330843648189,0
Dakshin_Gangotri,-42.283732619151515,15.50662741144044,20.64606666367786,948.3983186708098,-3.2018773728518486,2684.4828338058055,76.10744470676421,-43.36919653795235,0
Bharati,-28.60655795605514,44.10920894415649,66.57195400097439,978.9475698305408,-5.354058194850023,6410.343775007108,74.54818440748117,-31.694202582146097,0
Maitri,-23.469530541391386,14.013358783031627,15.388436805856719,996.0971727221134,0.3412318407029512,6314.560104272868,62.015647813462934,-24.4504656562036,0
Bharati,-23.815169254899853,17.552957256660438,19.241818809239756,942.9049978776618,3.018883375821423,11116.02927491172,52.26959176295295,-25.043876262866085,0
Maitri,-7.994792818649476,45.51638022645869,60.60469287813747,961.4708630134706,4.020360200570104,9407.019725502834,49.17441168807116,-11.180939434501584,0
Maitri,-30.41905637505168,39.07489860526961,55.40906530070535,963.6920981397425,4.813292893308077,3040.1581000343317,79.49013677255377,-33.154299277420556,0
Dakshin_Gangotri,-19.719482922956136,20.188627343328243,38.98894141527118,987.1312712477404,1.485563336483915,8018.211770718485,38.64281047219335,-21.132686836989112,0
Bharati,-39.82940724151909,36.820659078441146,47.42540610027001,984.5523912749917,-1.0528507193142127,3012.434136768608,85.89334250388535,-42.40685337700997,1
Bharati,-18.245240829342805,33.29900017068539,57.50046563199624,964.4967845299132,-0.008617965867498707,20.0,82.5924895536129,-20.576170841290782,1
Bharati,-24.95337174721545,26.898194553474795,33.28004742371053,983.5962239538159,-4.972707099982506,12903.804248150935,70.45910352890517,-26.836245365958685,0
Bharati,-36.24720007426776,23.276005849648453,44.54244938521286,957.1038963047333,-2.7305818017493917,4500.280986307909,90.39790825271152,-37.87652048374315,0
Dakshin_Gangotri,-28.53744043262279,36.08732920626788,53.22853599294913,971.471503747687,-0.2129825434190055,10157.85247062182,71.0989198955865,-31.063553477061543,0
Bharati,-27.762636197728323,14.72951381872123,35.736004675006555,954.7042149461856,-1.0665556557279723,3354.6277902925895,81.27850173526872,-28.79370216503881,0
Bharati,-29.052326940056442,35.877842179137026,62.697822698392415,976.9952434441037,0.3680371735396134,2770.6062695361134,45.627420677636294,-31.563775892596034,0
Maitri,1.5701186340152518,31.73065624380751,42.17733279275869,963.9902148228529,-5.4993489666560045,3813.6285360624424,41.372668878985316,-0.6510273030512739,0
Maitri,-26.476690034618194,32.905924256419425,41.29514893822514,993.8075004013715,-4.605877206895718,7010.597298069608,71.47008538552731,-28.780104732567555,0
Maitri,-28.658441652660066,17.1248429317389,17.1248429317389,979.4762585855148,3.102374770669907,6704.586269370211,81.34283924476361,-29.857180657881788,0
Dakshin_Gangotri,-56.461764364152124,54.30072042648875,54.30072042648875,975.4651449643502,-3.333378694034726,7990.7867812831955,89.25391520425202,-60.26281479400634,0
Dakshin_Gangotri,-38.41311027969216,20.226731737050358,33.46699015635558,1015.3624873798921,-2.7047280854818125,4014.524294309114,72.34107735103966,-39.82898150128569,0
Maitri,-28.94610136684529,21.97781315397505,35.90258434527891,987.6657635403727,0.3801429065335838,6161.708289515224,78.69851151254657,-30.484548287623543,0
Bharati,-35.28779014264964,26.34304055970533,30.482209320267064,972.6369183273614,-3.7247488459768445,2627.3153740667453,86.79358966312248,-37.13180298182901,0
Bharati,-4.2743860993330465,39.02914066195411,45.318143663269694,968.3252930582784,4.4253197103230395,11877.191570063937,73.08360531651334,-7.006425945669834,0
Dakshin_Gangotri,-27.47406663094328,32.401923438328694,62.63646201128798,956.376547881375,-5.027320506095923,743.9974372160614,83.80887281226411,-29.74220127162629,1
Dakshin_Gangotri,-5.673336260226215,11.386310265170055,35.144708068198184,978.6823222909043,0.006095956340880542,2712.1174660092643,58.0678467823368,-6.470377978788118,0
Dakshin_Gangotri,-24.07443048924448,28.637881484986423,31.02181273777019,986.1522708475327,-2.994340119979819,4306.3031235189355,50.15353248525153,-26.079082193193532,0
Dakshin_Gangotri,-24.44158245367635,29.88253125941823,40.459050748229174,941.7124801499814,0.6247499818854821,15555.727437879501,66.99203777583134,-26.533359641835627,0
Maitri,-26.331946715687515,54.95927030692014,74.01929722348417,952.7203294604315,-1.9898574548960855,9067.325388998755,86.6212576845329,-30.179095637171926,0
Maitri,-24.943056225678113,24.39794255554448,33.13343231193907,969.6779442146627,-0.09460746060436724,2585.682353493777,64.33432611650278,-26.650912204566225,0
Dakshin_Gangotri,0.7819250457478901,37.33454098765071,44.247587833596384,958.036385682129,4.885123663223405,9288.764392417314,84.76211283747864,-1.8314928233876597,0
Maitri,-59.79416090126827,94.9646847517408,106.58222691391549,980.8651497205187,-2.749785790992162,8063.319658921735,59.59536776828304,-66.44168883389013,0
Dakshin_Gangotri,-55.02318616658018,50.29252618917757,76.19913504250232,983.6430408581377,-2.783081530347791,7094.977931977675,66.26228863596444,-58.543662999822615,0
Dakshin_Gangotri,-33.14756246584171,16.60060489559408,43.414617920781474,977.5538526413401,-1.2636035642239105,8783.256277538883,78.6306036297096,-34.309604808533294,0
Maitri,-24.78208177093647,41.647273812510754,49.29280563458805,991.0034864276832,5.896077523134692,6232.286088648898,64.98869661552688,-27.69739093781222,0
Maitri,-14.648433628539815,35.95445168508387,55.559962631426984,968.3017544486416,-0.35897073116962863,6683.190908962337,67.5306457053048,-17.165245246495687,0
Bharati,-17.903692029587873,23.971640255542706,38.9075227267652,979.0819027907892,4.936810437583956,20.0,35.8738009383829,-19.581706847475864,0
Bharati,-30.763688693208554,41.88992992388809,46.80757499902758,959.933728303293,-0.7076456903266652,11772.395732780724,87.588693437996,-33.69598378788072,0
Maitri,-9.714344601373565,16.46129293471475,28.490547802214316,985.6923941458504,4.758548093148367,4209.979654862643,73.22101501193531,-10.866635106803598,0
Maitri,-9.547068952709036,20.45157541884734,22.80923353887095,981.5181631097265,1.6295662213134712,1051.0969604909124,60.820088204421054,-10.97867923202835,0
Dakshin_Gangotri,-22.23913253092652,26.489816351453445,53.1203687229844,956.0293002310963,2.218265772830395,3982.705502283105,100.0,-24.09341967552826,0
Bharati,-10.560136412697382,23.383707543520806,53.90842797007384,976.8988124959048,-5.743072593956656,4143.782561281725,63.16299547625668,-12.196995940743838,0
Bharati,-20.910321048518067,39.64138394984588,50.535653134104976,979.2435625346594,-6.336589961670426,2795.0584077804233,67.26692003683841,-23.68521792500728,1
Maitri,-33.422245401743254,28.23134344179127,36.74055031634814,985.6202380644024,4.280806048112801,9110.599599829025,60.573218122207926,-35.398439442668646,0
Bharati,-14.53274741499993,22.145331734068748,47.691276110554504,986.3623701314231,4.231085656061219,9896.772481330958,91.55656144018775,-16.082920636384742,0
Dakshin_Gangotri,-23.340803161319833,49.878412978086445,77.03990238788663,965.5762812211265,9.685820951735717,20.0,96.50686224952376,-26.832292069785883,1
Bharati,-24.979902298682696,38.89367348826999,42.74955946934484,995.2728931586543,-5.943812045904818,3940.896360523932,95.00839908219156,-27.702459442861596,0
Maitri,-2.905696417156385,12.715516702735092,26.235070015208592,990.4611135767851,1.943197675360499,4227.581189250703,94.86541100103615,-3.7957825863478414,0
Bharati,-61.7630819281013,12.571003018071746,26.981619139359402,965.5084081958905,-4.095283886740101,5311.418561722726,66.04034911547154,-62.643052139366326,0
Bharati,-46.265262552393544,22.22954256034421,29.521779823795022,957.1460590997126,-2.9624045073268173,12825.268042329664,100.0,-47.82133053161764,0
Dakshin_Gangotri,-42.806056395615556,13.638082294404388,32.497899235278865,967.0369670941151,-2.008984669725795,2745.6853956459063,72.06592392978044,-43.76072215622386,0
Maitri,-30.448909713532082,45.947673894056834,53.948220543217325,950.5670410473871,1.5294201636857312,12249.648554748459,51.86044321014299,-33.66524688611606,0
Dakshin_Gangotri,-28.81912254649045,20.980678354330504,30.57807090076675,984.1601302414836,-2.656104292361192,5415.161572148089,68.60274642543258,-30.287770031293586,0
Dakshin_Gangotri,-47.609884716595715,37.311021722112876,51.29759442376246,1003.6711984615164,0.13462476828162923,12286.910803439512,79.88929212998377,-50.22165623714362,0
Dakshin_Gangotri,-39.7773704846624,72.30535592650448,72.41473310425089,1008.4309211585189,3.328136949984945,4756.172185422989,65.32762134829103,-44.83874539951771,0
Bharati,-37.912625177853556,41.35687930645143,41.35687930645143,958.2131716464755,4.5118932668295,4287.6731944794665,77.20346174124177,-40.80760672930516,0
Dakshin_Gangotri,11.86136138113838,9.102787408093487,33.28551107447675,995.7360852076052,2.7703572777865406,5909.450661826017,83.04884814279912,11.224166262571837,0
Maitri,2.026129216207199,21.49920892755658,29.09597803643811,981.6900175575037,1.8074723261835381,11169.002865161074,81.15920041809436,0.5211845912782382,0
Bharati,-31.176241265269738,25.86040971981932,62.209050550069705,932.0811930779987,-0.566534717347864,6633.265376458268,84.82699312235914,-32.98646994565709,0
Bharati,-30.45374935460198,33.13300672744113,67.85138597827773,973.3520570269546,-2.2757275717803065,6837.009949165793,72.29927340390802,-32.773059825522864,0
Maitri,-42.23805995782441,44.66714758527165,54.60236136808109,971.1263387361341,2.1560461239959934,8546.79076573181,64.09075236245181,-45.36476028879343,0
Dakshin_Gangotri,-53.621956198379,78.93186811800189,117.32239807382815,1004.216357919494,-4.203636225429907,2481.1068121621643,52.94742216522821,-59.14718696663913,1
Maitri,-26.75320279612786,62.126397500871484,86.50214279474724,962.5809098204188,0.4765148897792156,7346.752433987957,73.67993566451058,-31.102050621188862,0
Bharati,-39.967779748660384,28.05712003792019,36.603982008489425,991.2612869438453,-4.302709195115179,3487.407717717223,66.9415449749068,-41.931778151314795,0
Maitri,-26.272757974930148,27.884550341552202,27.884550341552202,977.8582333002602,-0.16511274676727927,11885.061374982644,73.22372931814563,-28.2246764988388,0
Maitri,-49.00308773565216,58.911848369122936,80.79339974512621,951.0838199342808,-4.214841025967154,7674.648321002869,43.941166007035655,-53.12691712149076,0
Maitri,-36.42961687465387,28.855869030545524,44.16882777935698,968.9562938288392,-1.6022541527997274,8770.905916610373,52.22346912633313,-38.449527706792054,0
Maitri,-22.770593570457535,21.238603122538006,40.552218979974995,1010.632629201114,-2.703812055944564,20.0,82.649696418766,-24.257295789035197,0
Maitri,-19.50685603324094,46.32329359216505,59.03493182712056,976.532589025979,-3.1862321174938395,8826.927701882556,50.46777795668878,-22.749486584692495,0
Maitri,-18.737920618869783,33.95029107528323,37.51172176929459,998.1173411896716,-0.3494280723109556,5289.837066196982,72.14947452254334,-21.11444099413961,0
Maitri,-44.80733476235556,12.456497275422528,23.18623063121079,997.0210857545036,-9.695206010184268,251.36764182678235,62.5380632338723,-45.67928957163514,1
Dakshin_Gangotri,-12.179714047966574,24.51128644133674,46.57765930078713,971.0347229756353,-7.209915186391301,6379.917370651823,61.58508095203863,-13.895504098860146,0
Maitri,-37.00317544902775,13.884792278081065,25.341038604338955,954.3315504768003,3.214850555966463,20.0,76.27961038794082,-37.97511090849343,1
Dakshin_Gangotri,-15.507131280890404,5.853473442045964,17.24929486861989,956.9636334188607,0.5899151700358384,8444.114321188817,75.42840395375757,-15.91687442183362,0
Bharati,-25.159580149272898,66.40190234090983,66.40190234090983,1009.0333408504816,-2.8934664405595982,11735.884150092283,83.19418345184879,-29.807713313136585,0
Maitri,-45.64581248616922,30.77684241742573,46.688847235208485,983.0347482383643,3.8956134522930044,20.0,58.46992140553246,-47.80019145538902,1
Maitri,-29.74296556871782,24.994855168522943,28.875535753647647,945.3235773804086,-2.5567098798212826,5880.073284984598,61.73314796254324,-31.492605430514427,0
Maitri,-19.519543869043485,22.138022622808347,46.323284619789476,996.6792105556113,-2.3187732619685444,5340.437073200443,91.84845767140018,-21.06920545264007,1
Bharati,-15.805519292881014,29.13835910739205,36.79735010509023,944.2629746464428,-3.133541100397325,20.0,71.6305169061699,-17.845204430398457,1
Maitri,-27.114818461666278,21.988473939313657,34.031433034356084,963.4775151284008,7.626475082898629,9666.016022789245,80.48834084106062,-28.654011637418233,0
Dakshin_Gangotri,-2.023316640984209,16.76912116783738,53.408956825281095,981.6258874514708,0.9404069382886524,8502.841739613916,67.5431942792799,-3.1971551227328256,0
Bharati,-9.887338435201617,22.68609732284249,34.620355095836615,1030.4083815980466,0.7828434967287301,14104.353799210126,81.82867055402133,-11.47536524780059,0
Bharati,-28.84981174599629,56.051801788342004,66.64605362701124,996.3200215670706,1.8656039424843494,7984.669688325709,37.66874742083705,-32.773437871180235,0
Bharati,-13.748172817945832,45.800183779625115,66.65640363861442,970.352205307667,-7.410837964458411,2484.001030468612,92.27103163519392,-16.95418568251959,1
Bharati,4.006902277822803,22.701795132306785,22.701795132306785,980.5662859202046,-2.376033873021429,8057.343756542701,68.17068483121105,2.4177766185613283,0
Bharati,4.407269011745406,69.76196338291196,97.27005660069722,998.3941843320454,1.819947446170251,11139.228396739538,56.26619401533394,-0.47606842505843083,0
Bharati,-43.41999821233746,27.884056223093378,52.82345665764933,1008.4372658166599,-0.01643393615182486,4140.5205669316965,59.06255330640292,-45.371882147954,0
Bharati,-38.89799666735726,18.876231213179075,39.12074866192633,975.0472100648211,8.821674801284951,9409.656014160337,71.04617974008848,-40.2193328522798,0
Bharati,-2.7262181989922354,34.71430547322642,34.71430547322642,975.6276613267979,-2.14076630025174,20.0,73.34406882915928,-5.1562195821180845,1
Maitri,-40.87421576256456,60.45079413031919,72.85667714556142,963.3990298882162,3.7727321876419633,11900.26803329877,77.11790268701054,-45.105771351686904,0
Bharati,-44.83811699937519,54.73675906637582,57.008096806322484,993.3031736122324,3.2240171616431184,9201.551983398052,57.11021322575719,-48.669690134021494,0
Bharati,-32.292911960485704,19.38885244457956,45.62992028417496,1000.5194398552385,0.5712836046558161,20.0,88.06756786303643,-33.65013163160627,0
Maitri,-18.69659935788121,14.918979208363519,40.44459008092363,941.226301657405,1.2976137677638342,7530.624197842517,67.13588399711185,-19.74092790246666,0
Bharati,-26.535950599166444,23.810311665207813,42.69041056351555,972.0638797226676,-1.1608015971071237,20.0,66.38529230411997,-28.20267241573099,1
Maitri,-34.758454306083884,37.65447917261955,40.62336720121942,955.7310795645787,-7.89267358309044,3555.659974919486,71.60597338558124,-37.39426784816725,0
Dakshin_Gangotri,-35.11318692586764,42.79043865994389,72.73338076519319,983.0181391385204,1.3967344071063277,8715.472250994197,84.94247270277943,-38.10851763206371,0
Bharati,-35.68505596619063,50.912980246293785,63.29036885609891,955.2410755109494,1.713713518990784,5455.8956165797545,74.49148958479812,-39.248964583431196,0
Bharati,-38.19264442988414,31.64115948249239,64.69487015149804,953.5971789889448,2.3425824167316507,11026.451190273117,66.8648449054885,-40.407525593658605,0
Bharati,9.224493159140927,32.17089572232288,49.824766390949364,1002.4703856142189,0.2523853190676147,6254.938464307971,70.14384549326617,6.972530458578325,0
Bharati,-20.537333932216676,31.050032665256825,51.1181128544233,976.6881172929362,3.8816043137025384,5850.201268944135,93.28733997826211,-22.710836218784653,0
Dakshin_Gangotri,-11.698614183928921,47.659499287135944,58.05645544151064,978.8018767579986,-3.4639599938528605,10393.9791319107,90.8305731124257,-15.034779134028437,0
Maitri,-32.336162021783856,43.166177828337595,72.23573360615569,988.6337025397,5.873550433227305,4649.6135705287425,80.48758839008309,-35.35779446976749,0
Maitri,-27.789350157790732,19.010413189180184,40.09475203211627,999.4163792397792,-3.9516603036004816,5899.334795359726,77.22913814879773,-29.120079081033346,0
Dakshin_Gangotri,-35.703309720555325,40.56146990259924,69.99038682774545,971.6281433484963,-0.4313567812759072,6426.676102812756,100.0,-38.54261261373727,0
Dakshin_Gangotri,-64.77562502378802,46.14379914818356,62.91921113365396,972.0737079266559,2.7234950147670616,5729.994700402539,81.95271824825842,-68.00569096416088,0
Dakshin_Gangotri,-45.670139152717994,47.9696167966849,62.49923020412691,972.1586694565177,-2.059812379127258,10640.87179989683,77.70915777064292,-49.028012328485936,0
Maitri,-52.15928019970592,33.96961531447019,54.920916943458295,1001.6301779065825,2.9960204182990506,3332.7928981627024,71.96874833448763,-54.53715327171883,1
Bharati,-58.74675666927411,33.03985647589723,62.46526156680931,978.6372974080507,-1.371141762277335,2678.77466768951,80.35210814768742,-61.05954662258692,1
Maitri,-42.93038461447154,28.51062925456481,53.677972326956535,974.1780337618532,0.4725321068948332,1753.2784567057752,29.32120071550552,-44.92612866229108,0
Dakshin_Gangotri,-5.125664809275538,30.04926240177754,46.43150047332027,987.817928637364,-0.7245142199063073,20.0,90.4157334042271,-7.229113177399965,1
Maitri,-25.666542515565315,64.44641971177056,64.44641971177056,1016.6250839955746,-2.307263701181605,11934.968313602161,55.92346368313896,-30.177791895389255,0
Maitri,-5.641543565182388,30.5665978843113,53.67045827802453,981.4856628852381,9.004300572333632,2396.853365225469,64.22881808217991,-7.78120541708418,0
Dakshin_Gangotri,-18.83526134648687,19.841654055080117,20.4546060805402,974.6110555064263,-3.3589904077004156,5045.618963888364,53.997262167658974,-20.22417713034248,0
Maitri,-13.261617614272613,34.332801489576745,49.682859051100124,1018.859970359806,-9.14444854217941,12231.944390841867,63.95378284672161,-15.664913718542984,0
Dakshin_Gangotri,-38.513454929568624,42.37248477763029,56.21482290392454,1006.5960328450249,-3.214545036153739,5432.4518570044265,69.89511878488551,-41.479528864002745,0
Maitri,-17.140735687109938,46.9891849809784,47.81150015032227,1003.6965001299603,0.5251835543086746,8057.617692032009,88.34026778782989,-20.429978635778426,0
Dakshin_Gangotri,-14.069286488884812,16.66274016098516,35.38777105972349,969.9862649156502,-1.5074124035212928,317.6296576996274,94.33597055361004,-15.235678300153772,1
Bharati,-33.649709383505396,57.9436991656758,94.48687656774857,968.0034443181206,4.074302634113468,11593.417906290735,100.0,-37.7057683251027,0
Dakshin_Gangotri,-16.606894440757504,41.58602676700078,53.45997145520158,943.3169109326639,3.9287352007002707,5513.607820240648,76.5335651228199,-19.517916314447557,0
Dakshin_Gangotri,-16.507183621377507,56.33084092621178,78.98963755034308,999.2983377570849,-1.2735644673493716,1926.822599793721,71.7140468618411,-20.45034248621233,1
Maitri,-33.24328931695124,13.333238494170114,51.890136881591204,981.539943007432,-6.728911651257529,1923.904053393666,86.6935180123811,-34.176616011543146,1
Maitri,-41.84152648406493,48.87354531262518,72.49967750271392,943.9822424593694,-5.132596137017534,12759.903477880842,62.18784260566492,-45.26267465594869,0
Maitri,-42.761924978474084,16.21878619597972,24.770353119402436,1004.0369520415754,-0.12880952270024676,3655.291708121758,60.51224816226241,-43.89724001219267,0
Maitri,-23.702416871178073,25.273856643953945,42.64400460518142,973.2529809152753,-6.258038325702413,2013.6220948373834,69.49180490617783,-25.47158683625485,1
Maitri,-20.094851968160278,42.258775037093166,62.06657686818632,975.7183911859307,-1.4711527351302682,4267.722156576585,74.49237854664945,-23.052966220756797,1
Dakshin_Gangotri,-36.88788745686872,15.342585324272973,44.68071665701259,949.7406140599786,5.685211147078771,6181.4896033655305,43.99716974629649,-37.96186842956783,0
Dakshin_Gangotri,-24.60121988010852,21.897645901198064,49.03814930757892,989.8439688121284,1.37133256594307,6607.2777652719205,91.00424206800982,-26.134055093192384,0
Maitri,-16.44194445792272,13.19211837113568,13.19211837113568,990.0354005155366,0.18267172252630906,7777.430395076408,78.60111631283652,-17.365392743902216,0
Dakshin_Gangotri,-15.727139280020488,41.70519417408027,48.143148652118505,979.0402489388802,-4.163090476810323,6939.04415722457,86.97296358757238,-18.646502872206106,0
Dakshin_Gangotri,-1.7217981981626735,18.838148098024607,33.13788087188859,971.6352413222936,0.7269506371508756,8588.554860523054,51.44270776276086,-3.040468565024396,0
Dakshin_Gangotri,-5.845287517029348,29.57547793208598,34.422607306709025,1032.529352770075,-1.0340965327051674,4909.013814255107,65.02397659786678,-7.915570972275367,0
Bharati,-40.01937149134816,35.98821477241885,35.98821477241885,955.9326452806923,0.9545469145989806,14288.717972002189,64.26334682524288,-42.53854652541748,0
Maitri,0.2537931430703395,34.13627580566108,41.8800909281543,965.5712601560658,2.9083913110065502,4046.239408457828,71.95885407141996,-2.135746163325936,0
Bharati,-32.96464756833572,32.58947149349654,47.55336541861992,994.1651347568679,3.5924946335508614,11409.575086566252,74.49656076859226,-35.245910572880476,0
Dakshin_Gangotri,-9.326907813183587,32.55753146476315,42.30468463664876,959.7112012667374,0.5155624458213046,3603.9505055425993,88.04379543872024,-11.605935015717007,0
Maitri,-23.980200609233666,13.701516554172768,18.732084003409362,958.2358616689438,2.047691715887477,288.9308219374125,76.4813900888953,-24.93930676802576,0
Bharati,-31.182240676854512,26.000951637938634,41.41559788578692,1002.6303729285867,-2.0479226369325603,20.0,63.87946492321324,-33.00230729151021,1
Bharati,-52.11545289662399,32.41080769451638,50.84168944703768,992.1038344988178,4.530277031459875,7215.802999599996,100.0,-54.38420943524014,0
Dakshin_Gangotri,-27.573467653245224,30.65137725077283,40.965406111118114,989.6827595418856,-3.5484950753623146,10647.83596656394,71.01646335333808,-29.719064060799322,0
Bharati,-48.39074852958413,27.567648120640445,56.28508634537717,983.6364969807513,-0.8298733966994778,1395.9143791752767,61.397687338297445,-50.32048389802896,1
Maitri,-10.490511462358414,20.230010730906063,35.807154889700826,966.1569320722627,4.94647085600105,2490.0221298030283,46.72272456094383,-11.90661221352184,0
Bharati,-2.2481101429112798,33.76404282148694,40.04890612513813,974.9465779242905,-1.9266496945630571,7544.512843698931,76.35614652268536,-4.611593140415366,0
Dakshin_Gangotri,-36.953664839450354,36.92780111854433,40.68242789504599,978.4185036947433,-5.363142669905906,5989.832019986244,85.361510724334,-39.53861091774846,0
Dakshin_Gangotri,-20.470438862210933,23.450191974445595,36.32049394185898,996.9243270631077,-1.6430009948185913,3657.4108505614254,57.900445044564314,-22.111952300422125,0
Dakshin_Gangotri,-35.88087283011963,47.14999130176541,73.28419783713996,988.517147311731,5.56693711485025,882.9507949918707,84.37485608214344,-39.18137222124321,1
Dakshin_Gangotri,-34.42727095205184,58.54067704479561,65.30378995336427,961.4431306891672,-9.082945042708008,7236.302416017265,76.25461619003673,-38.525118345187536,0
Maitri,-13.38257944201943,29.875100769895663,50.83389560986268,995.7908445551774,0.4095727161395026,8611.725807995937,48.3994643661415,-15.473836495912128,0
Maitri,-25.57807392765119,19.23834284893458,35.18391194907771,946.4298790012967,-2.5360141096002633,7966.997853560006,84.38528854238733,-26.92475792707661,0
Dakshin_Gangotri,1.0947206289651739,15.23652014092792,50.16884983597469,973.5915630213135,-0.6705364065689413,6106.054368015305,71.02424710253081,0.0281642191002196,0
Dakshin_Gangotri,-32.23348718054382,25.083858885192868,43.98637352179856,957.159032458327,-1.3941760668868994,1777.180624474362,58.10835681409609,-33.989357302507315,0
Maitri,-10.009955012882662,28.765289409509617,36.78302701525102,962.8579311105856,3.841933006877564,7258.218484165528,89.35351920768555,-12.023525271548335,0
Dakshin_Gangotri,-23.53879880563327,14.785213810546324,37.14890909819319,1018.5317255607913,0.2152322152000981,6959.312616921487,89.06797784404655,-24.573763772371514,0
Dakshin_Gangotri,-13.063329853836501,24.686287410249495,47.3865073192092,950.5865170715722,4.042139070608201,747.1394013199088,57.783135583689855,-14.791369972553966,1
Dakshin_Gangotri,-31.7073648599492,45.94188370462714,56.97177358166899,963.6161188801403,5.136525885381265,4790.633817488678,79.40180993220484,-34.923296719273104,0
Maitri,-25.74338256327374,8.21723229650486,11.57727525320476,990.2080354263642,0.11958802236549647,7465.721355966913,78.04910887212216,-26.31858882402908,0
Bharati,-26.73248318948402,30.83066837320062,51.19102028546632,970.599944801891,-1.4379913691980768,5687.038543601335,73.98119895208774,-28.890629975608064,0
Dakshin_Gangotri,-37.54085672268681,21.827307675449173,37.46245944309919,983.1111546153595,1.5087355946864658,20.0,67.26515726071588,-39.06876825996825,1
Bharati,-15.06877698127371,29.22140138794148,29.22140138794148,1008.5909926537056,2.2807478115369935,3438.5847395527026,72.77366412110214,-17.114275078429614,0
Dakshin_Gangotri,-15.246264916324538,60.086877049774586,77.63208703968071,993.0925571532684,-4.613163041564612,3172.4935900376863,89.0775501390838,-19.45234630980876,1
Maitri,-16.0966795764165,28.52611865302974,37.156189672817675,970.6263529988538,0.9442552337768472,8237.175422544637,81.13726400431332,-18.09350788212858,0
Dakshin_Gangotri,-1.9455151912353301,26.449841474406792,26.449841474406792,977.3256104119841,-1.0142385016880366,16393.533623336953,46.08198237061179,-3.7970040944438055,0
Dakshin_Gangotri,-3.259827981455448,40.38972367122683,51.868560237343814,990.612120195716,-1.6813938561611936,6535.860813088534,42.84810208727327,-6.087108638441326,0
Dakshin_Gangotri,-30.62417034773703,33.995168822792465,61.8243561648611,992.6997953232075,-2.7637799106173233,1208.1304627261434,47.14330677754151,-33.003832165332504,1
Dakshin_Gangotri,-19.404215223487327,30.897339181437463,57.97795418231803,980.4150547972102,-2.502880622399316,5357.975896698566,54.626807639985394,-21.567028966187948,0
Maitri,-34.35401033887319,34.607805655523755,59.07532667559743,987.2121800011482,5.022563404843098,6042.538629804073,63.672430834341014,-36.77655673475985,0
Bharati,-24.649670258281667,52.0628241208117,69.75515302173292,987.2316488075923,-1.4559701182816651,9026.381589619463,68.20946213346537,-28.294067946738487,0
Maitri,-33.99624173678297,44.493829175066004,65.451801208617,978.1554689198973,4.57503403427726,10968.487687856721,74.01659747243127,-37.11080977903759,0
Dakshin_Gangotri,-0.6989453629592326,25.520832775492785,41.507278590272804,967.8952478720718,0.5241063261473596,11564.071345139917,74.49242439032477,-2.4854036572437272,0
Bharati,-19.544527744855557,58.521720867298676,62.47121260515399,994.8519119604333,-4.530858490259366,8148.916813838136,74.27090895238008,-23.641048205566463,0
Bharati,-28.270436921566333,22.531445650757703,28.476426662233358,985.8359092316061,0.7630722653423343,5996.82950021704,92.15445359295555,-29.847638117119374,0
Maitri,-7.0957214221543445,30.83279137544852,39.76098211987147,938.380405684455,-4.751678238439336,11933.608022636668,49.84955168623084,-9.25401681843574,0
Maitri,-57.559231146931175,32.617622343577594,61.63121310994089,963.4832896062626,2.4285825311746074,4609.991203135098,80.00934688974007,-59.84246471098161,0
Maitri,-55.211538922979344,24.89802355099599,50.664930862200436,970.3865677946694,-0.831093407769256,6217.918266353842,79.93649050499447,-56.954400571549066,0
Dakshin_Gangotri,-13.06242017170339,55.43638728773245,59.637611654464195,975.9773728650571,3.42072736438626,5026.251581743214,56.05973454729774,-16.942967281844663,0
Bharati,-24.09297327823948,24.258684350196592,39.79259550435859,1004.0788983945965,5.734183399998186,20.0,83.00676825941676,-25.791081182753242,1
Maitri,-21.24330549608859,27.393217131784112,38.367145704256835,1044.0465180749507,-6.9413805310773276,11087.02877393879,80.58857471386315,-23.160830695313475,0
Maitri,-44.89594154977823,47.675350318441915,61.12434492543508,930.8235804435097,-1.8445822834030696,8702.076833384526,74.35121144056143,-48.23321607206916,0
Dakshin_Gangotri,-25.348505662755493,22.970415597464953,32.60998740794268,986.0881271926567,-4.837840005358611,20.0,38.73458640159256,-26.95643475457804,1
Dakshin_Gangotri,5.05264115602013,14.442250665703387,43.49916689376616,981.3917224053342,8.633044869224957,10007.016332907431,89.45676753511354,4.041683609420893,0
Bharati,-12.637005703062057,31.27680809541691,46.08774272668056,976.390204226547,-1.7612495763588034,4786.250781221941,78.40030346034348,-14.826382269741242,0
Dakshin_Gangotri,-22.454401822857818,16.87498788101111,34.03655592702384,990.8587909072429,-5.260449014452158,9954.18414298353,81.05367426934824,-23.635650974528595,0
Dakshin_Gangotri,-31.585808651574066,15.856011461596124,33.098593522929356,982.9957748115896,8.961354521933654,6303.160319013748,24.139155311504496,-32.6957294538858,0
Dakshin_Gangotri,-30.918592778040907,8.336908897184044,13.059207147573844,972.7713204872242,-2.904291359918357,570.6430073089105,67.0272440567478,-31.50217640084379,0
Bharati,-56.93796833800026,9.049611327723216,25.13514830612849,980.5848532771922,-6.48744265943541,6105.4140704176625,53.49465887958136,-57.57144113094088,0
Maitri,-21.135393686182592,9.477283678673382,35.1004518965418,991.1313332946614,-4.633596951712,2406.190297889621,94.4013290659071,-21.79880354368973,0
Maitri,-12.317753372772192,62.29896948550778,92.02587934031484,989.2294252902919,0.5727647436356221,1108.4599034150033,58.424686560503524,-16.678681236757736,1
Bharati,-48.63428990755923,9.454408360888783,12.976258683694356,983.7726461523937,0.18298971492368107,9468.1160033156,97.18899485305784,-49.29609849282144,0
Bharati,-34.92125338460224,16.641945406152225,16.641945406152225,968.3310474449437,-3.344010391062334,7566.1823991520805,89.29274111750479,-36.086189563032896,0
Bharati,-42.36196948350133,27.629214385909076,43.25056018632429,1036.3828576645014,-1.9401910254072126,11990.275109398834,78.3202460571224,-44.29601449051497,0
Bharati,-39.48026792213145,39.5116825617807,65.60355831913104,987.190266223765,0.2123241024701106,4422.460055601409,92.03084140569797,-42.2460857014561,1
Dakshin_Gangotri,-24.197775597671498,41.513387380608926,60.1093519234458,995.2492645467228,5.295650874672732,2148.3864126226968,60.83374005926925,-27.103712714314124,1
Bharati,-56.266032324827115,19.244836835550423,41.047797596348474,969.8439509427789,1.3331157618859804,8555.21766677056,63.52101909711626,-57.61317090331565,0
Maitri,-15.78594342464404,30.549547008821648,31.947056799756425,983.7914738832574,-2.252663413040147,2665.272145349527,88.83542888591872,-17.924411715261556,0
Bharati,-13.692173950994766,27.21909390705096,36.49921906435102,983.6321615360108,-0.9137003611895381,4759.220582395616,60.902800128924696,-15.597510524488333,0
Dakshin_Gangotri,-28.766538820553688,29.677926764951547,29.677926764951547,941.7610042317027,3.0788397241488834,8100.381740503568,55.11275134306757,-30.843993694100295,0
Bharati,-62.21062764976813,31.680891783208725,45.25601129074914,965.6667847930751,6.720267547538137,5496.2174627993345,70.18055759782028,-64.42829007459274,0
Bharati,-39.94627939003584,35.92808641448582,35.92808641448582,965.2971329416911,-4.418434443351272,4045.0760874960806,61.76789400470621,-42.46124543904985,0
Bharati,-6.506470988459551,21.613504982864892,49.94012200126967,967.9908646736425,4.456438167071924,389.35148106121505,100.0,-8.019416337260093,1
Bharati,-66.6699142109286,50.975177600051495,81.52339227914084,958.6032172967782,-1.2511133496693216,9747.565622849144,86.63038209633231,-70.2381766429322,0
Dakshin_Gangotri,-30.21285118290279,66.57397555339641,82.98041047401406,980.8771207260189,-6.496907324163695,4526.292562117866,66.36022591643801,-34.873029471640535,0
Dakshin_Gangotri,-42.70001167700889,24.354447343818983,24.354447343818983,1007.9471722779682,-7.288938857842844,8472.371813371945,59.979497988879295,-44.404822991076216,0
Bharati,-12.931445476227452,77.23587106875516,95.99299760788693,982.6097739946812,5.336698505192812,7943.9703206467975,80.07996737877313,-18.337956451040313,0
Bharati,-35.12670928215192,22.310502828020653,55.901828412630074,956.3745908865617,5.813429366823798,10365.148185049384,92.81316607500307,-36.68844448011337,0
Maitri,-18.940689688965826,30.822365117376645,50.579720114245916,959.3819219360214,-2.27633006920196,5057.726610151813,79.36364335884895,-21.09825524718219,0
Maitri,-16.518093712463603,27.344389768553995,54.1942296734632,972.4589770158102,-0.8485785959244029,4609.1249235903115,60.73456961533047,-18.43220099626238,0
Dakshin_Gangotri,2.5433875959503,30.217696912723675,40.36604379576148,951.6878697087607,-7.1294358178509825,1566.926071361945,53.44945572727482,0.42814881205964284,1
Dakshin_Gangotri,-28.044129155130552,48.29266879016598,54.580568311832145,986.0891416792172,3.0481637828671184,3829.396767959267,69.32865045240642,-31.424615970442172,0
Dakshin_Gangotri,-19.35933445566083,26.550799543478725,40.84217945185223,1007.0619773953356,-0.11352193401450689,7364.6538434837985,79.73783466502269,-21.21789042370434,0
Bharati,-47.27583218691154,15.487625456077943,15.487625456077943,968.4819157453492,-6.209108994274454,2731.7821771224617,67.94272970239564,-48.359965968837,0
Maitri,-7.143796550593841,21.408583536394907,59.04946914953435,981.5226781355793,0.8189630310058164,7263.147915496417,90.11569243137797,-8.642397398141483,0
Maitri,-36.40763272107047,26.58119053999055,42.97769100479548,971.4207862465759,-5.5577430242495085,11869.168099254794,82.90759224408937,-38.26831605886981,0
Bharati,-33.411312461316186,32.19441269198869,55.862142235658766,967.4074429744635,2.229986720289538,4219.151035226916,78.56024206199396,-35.664921349755396,0
Maitri,-25.333716922738162,19.293607754063466,29.6785224701014,983.7915213584495,-4.331225092203875,742.521963653825,82.61172406871185,-26.684269465522604,1
Bharati,-48.44326518009774,20.434250057097852,20.434250057097852,966.7338900577691,1.3482766735914113,4346.395390798464,54.162773982895914,-49.87366268409459,0
Bharati,-21.56844956606593,32.77943963321777,62.037587940026526,963.8319909502004,-2.612129895148436,309.3600619266672,67.52654837358676,-23.863010340391174,1
Bharati,-10.488005906124839,33.34448211673306,37.10347930396674,947.6141723614115,-9.462796771139002,11336.894144014641,59.39629254286014,-12.822119654296152,0
Dakshin_Gangotri,-20.605992647540624,44.99067513023736,63.47906276592978,981.291764554773,3.984645223739882,6339.405343022098,80.76580860902466,-23.75533990665724,0
Maitri,-48.833463462680875,21.26822764207358,40.699075755268105,1001.3401878990541,4.203737556440457,3086.1850650054207,59.62484047319453,-50.32223939762603,1
Bharati,-26.857139414944893,37.666443296932215,53.40595633372105,994.1461757708468,-2.087133466985679,3760.5752775938863,76.22905967690261,-29.49379044573015,0
Maitri,-13.869566455307641,27.37047635916299,34.524633997341006,1009.8398666149722,1.0977001816091252,1271.5477047574159,72.53232748309392,-15.78549980044905,1
Dakshin_Gangotri,-53.169831489488615,22.882674620546847,36.38635225028454,966.5096909054085,1.7527118059204354,10044.560714493351,83.99988094547024,-54.771618712926895,0
Dakshin_Gangotri,-41.12149020726571,27.826194256805103,33.325685996381296,997.0161877474671,1.8819578085329594,13348.784840310398,57.04994290377735,-43.069323805242064,0
Maitri,-11.8518459387772,29.796379955487215,52.8881568810766,957.9473476297572,6.902393998138473,23.628788667694607,81.77641819963729,-13.937592535661306,1
Dakshin_Gangotri,-20.948568487040703,14.562899636073391,35.27836891105553,994.1851729145579,1.6671925604809215,10173.043823770357,58.957847472062014,-21.96797146156584,0
Bharati,-18.820426268098693,15.210505087180467,29.996480756201493,1012.8837455798088,-1.4306285099560192,5016.597051998572,60.53520105183126,-19.885161624201327,0
Dakshin_Gangotri,2.8924221143496744,40.185806316646406,49.5022915996961,989.9676300622423,1.7116646545589211,11069.961416551787,72.86105778292429,0.07941567218442636,0
Bharati,-17.97170832240696,24.047589670381132,60.12076866820129,1013.2362323388749,-1.7197920294949574,20.0,92.91494884794231,-19.65503959933364,0
Bharati,-15.13167984350231,32.31054036040956,34.2899004988762,968.0253600384802,-4.262215995668806,6901.578798313082,62.375975843726216,-17.39341766873098,0
Dakshin_Gangotri,15.661182908274888,39.60687940182706,39.60687940182706,977.3153786897324,4.878961361038703,4368.402091533448,48.33290007544618,12.888701350146995,0
Dakshin_Gangotri,-28.20706837135736,27.91006645403328,42.09000664775305,961.6863260965248,2.136641951100445,8636.356183078728,60.82088336275299,-30.16077302313969,0
Dakshin_Gangotri,-36.968241454277425,38.003782537767826,50.42330927205876,980.6957969691086,-7.446478133817938,6244.567508888009,69.22257106549624,-39.62850623192117,0
Bharati,-18.58305402629301,29.89141790271291,55.86724245025673,985.3934764087618,-2.73466187434002,6089.02405234074,100.0,-20.675453279482912,0
Dakshin_Gangotri,-18.415134559166574,30.59055924666699,52.051723796133714,980.5207012526479,3.030563942354962,5576.0537501522995,80.82496311471728,-20.556473706433263,0
Dakshin_Gangotri,-32.90073087919312,50.20586241766175,65.50111828748214,970.5172210538817,-6.255298342298578,12249.19549099388,63.7012323380948,-36.41514124842944,0
Maitri,-40.48595529332271,26.40288777671425,46.40626560490898,970.1856847858727,-3.0117327700116783,5300.1051388679625,72.88094366660573,-42.33415743769271,1
Maitri,9.647666331351168,40.410308242593445,60.23196572509003,986.9034118396675,10.646038472532119,9457.132989452415,98.56452753570207,6.818944754369627,0
Bharati,-20.097347944179656,13.102916628907556,49.13848383072706,976.8142613929967,-1.324335544820323,8514.053355910619,71.39435994790135,-21.014552108203183,0
Maitri,-35.98428072103113,31.738005677171312,49.27163958212566,956.9639398966226,4.330775152329436,9555.236427507232,71.57437081878832,-38.205941118433124,0
Dakshin_Gangotri,-11.26104546580602,56.35210439929701,64.54133307250207,942.0542790805379,6.001867993024406,1940.99821458322,68.91843286786613,-15.20569277375681,1
Maitri,-26.63717727342002,79.9691011669381,96.95411216522021,968.0902302613824,-3.63398971776038,8828.692265340333,85.44098935511549,-32.23501435510568,0
Bharati,-28.793221694767468,13.492092582939552,13.492092582939552,952.3546252656707,1.0654611511878012,7347.477744820778,67.11902469758277,-29.737668175573237,0
Maitri,-16.5659069212826,23.985781871567088,38.65930645736346,963.2886002294119,8.235281687085298,1242.1738643832769,88.08429901878074,-18.244911652292295,0
Bharati,-44.37823402347535,17.083804910397703,43.01362962145758,971.5338949801212,1.838098945898331,5150.417157325809,90.94156114155876,-45.57410036720319,0
Maitri,-19.710591941242413,26.934895067364796,47.95673625606901,977.0780165421894,9.462074762365113,15177.118298377725,84.20234804032552,-21.59603459595795,0
Dakshin_Gangotri,3.6943221159762842,43.6016551607307,61.58721559718745,966.6798833617148,-2.5475664672423513,4432.774240994884,71.63689683492586,0.6422062547251355,0
Dakshin_Gangotri,-18.007335067040337,51.0784433215481,72.57083487725305,1023.82402216323,7.188388310090138,4529.400938164676,54.022969279308796,-21.582826099548704,0
Dakshin_Gangotri,-30.64318155675197,51.87992307411118,77.91248852288834,954.7779393280407,0.06669595322737414,7802.840396991178,71.64038863841982,-34.27477617193975,0
Maitri,-32.60657920642363,12.79108730147478,42.043421374456656,1004.184249158808,-1.309920268031958,3836.517854834053,64.97141035407367,-33.501955317526864,0
Maitri,-31.15509960017664,29.47467212278239,48.949231125676974,976.7486398061438,2.5601627662111746,6561.812706049582,63.31470898337508,-33.21832664877141,0
Dakshin_Gangotri,-28.809440170716716,21.04230365348534,32.88118930835843,966.8494721731881,-0.4458338510190299,4204.363478694013,71.40947945688342,-30.28240142646069,0
Bharati,-30.667097991374078,26.14706711170973,26.14706711170973,991.7515202078255,-0.33827507347826324,7609.544445248387,82.18853274035372,-32.49739268919376,0
Maitri,-11.2553283838815,22.608146740565466,47.38988101064275,970.9424489746332,1.9407704765107545,5752.451258018564,65.65784680006061,-12.837898655721082,0
Maitri,-50.998136548134745,13.173524020899482,33.325549156938514,963.8607062712113,-7.230936173225832,13807.971182458099,54.377815215946704,-51.92028322959771,0
Bharati,-12.069999243817989,51.32038255270675,67.84697742786476,1015.7961980449721,-3.1946247416898816,6184.027838010975,60.61880191170097,-15.66242602250746,0
Dakshin_Gangotri,-30.695297877138415,19.3966519936322,27.516137041689827,936.1107990746347,2.8905722419732705,5109.5563129978145,100.0,-32.05306351669267,0
Maitri,-19.345783214569416,21.250798982720838,45.9023190161264,975.1025234901521,3.966121686303541,10117.745000603856,83.23110381602382,-20.833339143359876,0
Dakshin_Gangotri,-41.90481865301295,56.516473705543,68.94410944726168,983.8014324098825,1.428910833599966,435.66212656421703,60.63398844965976,-45.86097181240096,1
Bharati,-5.070533997258458,11.844984662399916,26.500763551940075,1008.1604506635517,1.1034822007427234,12766.890158698718,94.3350642170441,-5.899682923626452,0
Bharati,-6.315475597421905,35.67489260824765,50.11500671656522,972.0313820430903,1.6093684912066664,2046.0770528258408,71.40060917235414,-8.81271807999924,1
Maitri,-10.606142113748895,46.55316316611691,66.05168034777189,1033.2203048867,3.8311936767391823,10769.790479257337,100.0,-13.86486353537708,0
Dakshin_Gangotri,-47.72132163690309,54.34681286107914,57.86049275077785,995.1823812269649,-5.704912015438039,11826.43897204124,78.93078312951518,-51.52559853717863,0
Bharati,-12.563183934009208,34.487440253721566,55.112958872795026,932.6541437849106,-2.037895960187328,3896.7748716792726,83.48278426314414,-14.977304751769719,0
Bharati,-18.927173685464368,40.77058231322645,48.561698745146174,950.9263454206488,-0.2977163301149905,4281.148346597516,87.55932660806215,-21.78111444739022,0
Dakshin_Gangotri,-49.079068706988515,46.541044498659225,54.68300742966767,984.7386800158354,0.7831587828064839,5563.287943847375,97.28966306500666,-52.33694182189466,0
Bharati,-25.36446075656223,27.148056532017193,51.00045700759468,957.1226748528615,-8.438555005396063,8486.185553022699,68.41490968663084,-27.264824713803435,0
Maitri,-19.53198266450106,17.94197164548739,22.991687034531683,990.9566648928342,-5.029574277218389,2007.7674437523033,95.99329031636162,-20.78792067968518,0
Bharati,-16.658870892652736,58.58332957897325,82.4177535890779,970.9254043347039,-0.06664190436241081,5563.095333916847,65.64311163701991,-20.75970396318086,0
Bharati,-22.341079495767165,38.65625838904558,54.669925636134636,956.0794719224261,4.052562873600688,4746.300924672394,69.57831190586342,-25.047017583000354,0
Maitri,-20.631528747289305,29.457557306544942,29.457557306544942,960.7082125211097,-1.6761597849187253,1394.7502907069866,75.1338135523438,-22.693557758747453,1
Maitri,-2.895829116203565,13.570919375996066,42.21567789246106,997.0382721015939,-2.6675603762340807,1819.9829089646591,88.80645679861433,-3.8457934725232894,1
Maitri,-6.609491351339802,7.252837349472033,25.35537462210698,939.5409291218439,2.1146737874777437,6512.9877112574795,70.04681727916487,-7.117189965802845,0
Dakshin_Gangotri,-68.00582430674115,35.334359171899514,54.27561783079821,1000.9054965033113,-1.3122838877328156,6442.101415344556,99.76082028972134,-70.4792294487741,0
Bharati,-29.76157832256523,6.9480444183715075,32.0204675242191,1001.4907374561576,3.523593874213916,2944.0911014135354,94.8967567787492,-30.24794143185124,0
Bharati,-27.46976541315927,29.29748061395731,59.289688059570295,973.3718639241089,-0.8853030144994368,6316.968112961836,75.59395108902312,-29.52058905613628,0
Dakshin_Gangotri,-51.28147859090457,19.879762417416657,36.890031379577934,951.9111471431877,-4.460863437554468,3412.1889573622657,60.50920867917187,-52.67306196012373,0
Maitri,-23.58725412651532,22.578836241219864,43.75170946618054,991.1172841819813,5.682385098891796,11228.364044648713,90.01677895249563,-25.167772663400708,0
Bharati,-6.268633413842402,52.15274426611896,70.86460357229322,970.2728136564751,4.949043731147745,5588.072466983035,43.565560082821676,-9.919325512470728,0
Dakshin_Gangotri,-41.29851789385886,19.98086182836829,31.552184761351494,949.6976463852586,-3.8219179104117993,10390.139938513847,86.11941310747284,-42.69717822184464,0
Bharati,-19.953985919651913,30.036775357823476,30.036775357823476,1018.1828045589212,1.5828143945666446,20.0,62.64270427600992,-22.056560194699557,0
Bharati,-38.737352159446566,20.038506353825618,37.187726944867705,962.3117340815577,-1.3066775102259653,7291.063298323907,93.84395628097587,-40.14004760421436,0
Bharati,-35.078680355195154,33.72781248390171,62.51719079034727,950.5569822653983,2.476256507001864,8384.315031078168,54.21279247068616,-37.43962722906827,0
Dakshin_Gangotri,-2.839095487449473,31.396297167307953,52.22962680088452,985.7010163961514,-3.5027538070385753,5448.466522331472,65.06708297625768,-5.036836289161029,0
Bharati,-33.13836730167738,29.307562190037398,33.63333028027298,978.6430512743267,3.4873688098072924,3844.5861661398594,81.57216193026663,-35.18989665498,0
Dakshin_Gangotri,-18.06681266484063,46.62444243836531,72.59965749481437,1009.7237673848675,4.7798059430689275,5384.462195348066,84.0241817883869,-21.330523635526202,0
Bharati,-53.06827174091481,11.862084923785728,23.767386405222325,972.3895944983526,-3.7893709549694354,8969.860702106016,65.60851433054512,-53.89861768557981,0
Maitri,2.9347634209232005,10.036213218907722,10.036213218907722,972.6008736659662,0.27080058687190384,1157.8669188436415,70.01812572593822,2.23222849559966,1
Bharati,-15.960213305402515,14.993271024035824,40.17230917586103,986.7045646439233,4.8638600188688725,8801.959217629728,89.2895439214164,-17.009742277085024,0
Maitri,-27.737497639753926,31.475630105765134,37.021823864834005,983.9903584244277,-4.00545039262703,7273.462824282351,90.101934360599,-29.940791747157483,0
Dakshin_Gangotri,-16.366802350001578,36.574758939747056,69.38204267092615,984.60075429808,-2.675306445272404,4956.830153200319,69.72358076604169,-18.92703547578387,0
Dakshin_Gangotri,-46.14729143421715,4.325087119118043,30.80282112509223,985.4390299426882,2.6469520254500365,5127.749377281878,65.89302212129984,-46.450047532555416,0
Maitri,-7.262038873710143,36.33920505711615,49.06121232048456,983.2923258979105,-0.6427565202376571,6247.440689535505,54.4647071314819,-9.805783227708273,0
Bharati,-29.859771632446453,63.49446150075135,83.08805995829599,971.6703406875636,-6.301099080687615,12634.478286619504,78.80454927166423,-34.30438393749905,0
Dakshin_Gangotri,-28.06104272572652,24.295485033138217,63.53467068968925,996.653551935378,-1.28087842970198,7392.009778296686,87.18943553705506,-29.761726678046195,0
Bharati,-32.374834224482264,59.31961392342789,84.31968430179774,972.802051944209,6.985761874571489,2229.231382228516,77.27034256791792,-36.527207199122216,1
Dakshin_Gangotri,-33.70977104118377,35.03836363445594,52.42036388230183,996.0870059520491,8.251553359071316,4258.807344969275,61.12505616219333,-36.162456495595684,0
Bharati,-14.579940825573871,55.97325227045774,99.86479221252044,1007.7552417655711,-2.548345646978411,1421.6873491053348,100.0,-18.498068484505914,0
Bharati,-21.161397248436657,50.8897145671225,67.06552467668739,966.4491826532612,-3.6532069223318993,20.0,43.44894352119396,-24.723677268135233,1
Dakshin_Gangotri,-15.223777878954401,24.302200321934958,45.12034851072332,1028.0896683733822,-1.8320478274686736,1351.4488937016395,88.17339666937504,-16.92493190148985,0
Maitri,-25.13192034228357,43.69402878091623,49.331896890323634,965.7477418964883,7.2076016849350175,6480.3054513308725,78.25067789599231,-28.190502356947707,0
Maitri,-17.302002833842284,24.274906124384685,24.274906124384685,965.8922364269642,3.3683748098705797,11095.82978992998,82.03018196170127,-19.001246262549213,0
Maitri,-31.282731158875574,62.923489562556554,75.04546664307301,990.7998166298762,5.856340530366756,9983.093595093525,63.19755659130863,-35.68737542825453,0
Dakshin_Gangotri,8.445977621143228,25.480862252375186,40.86494309606037,988.8312480878948,3.9947270275927527,1378.9568572498438,72.71375581173835,6.662317263476965,0
Dakshin_Gangotri,-48.51895624645748,37.4367000912046,55.72933593530318,981.4363045102003,-5.277456736900182,2809.3999001827983,79.4002580942455,-51.1395252528418,0
Bharati,-6.0859401465552345,68.68102762571854,69.48331715797607,996.3650217595438,-3.7953913184876784,2245.2645070805434,73.71270510711629,-10.893612080355531,1
Dakshin_Gangotri,-4.4813882391854385,38.249707064055066,59.856450285234544,985.0526008500659,-2.784692577945207,20.0,48.093558801386706,-7.158867733669293,1
Maitri,-37.7823820894839,22.977970948146716,29.674115707709948,1021.314839950003,-2.087898763740042,5329.436189837063,100.0,-39.39084005585417,0
Bharati,8.439104158339603,14.018108543109829,35.10545213705397,978.9354916425389,-2.7132279717984,9213.019819443616,84.75296309776988,7.457836560321915,0
Dakshin_Gangotri,-10.067645755820228,11.92569398978142,36.274958818217925,962.9101275682755,-2.247859479357615,4990.438451933549,75.51889385752918,-10.902444335104928,0
Dakshin_Gangotri,-10.432914897656326,36.249050224491945,47.29395932396565,968.965814062766,2.5619613201079092,928.7337935099604,76.48635938121434,-12.970348413370763,1
Bharati,-24.57966719461185,27.821695663304183,33.183506340628185,989.4264876345904,0.543185394348216,2619.4070034516135,100.0,-26.527185891043143,0
Bharati,-28.258392373280145,15.14762834105681,45.58412151489309,989.7190337331085,4.879112312681675,4684.612801671939,63.859068559743655,-29.318726357154123,0
Dakshin_Gangotri,-28.14113240559412,41.406807919428786,65.13592886242074,984.1295206383554,1.0073532606277387,9080.880063796847,60.476509659807476,-31.039608959954137,0
Dakshin_Gangotri,-19.142041055207244,41.126546454285695,57.646309792759766,963.0099285585828,-2.705105824443373,5268.728152437348,87.75115538074982,-22.02089930700724,0
Bharati,-3.9822058744915587,27.568547265100666,57.252824901899196,1002.1729623988809,0.7538478059392117,8539.637225692804,81.94035320700765,-5.912004183048605,0
Dakshin_Gangotri,-22.280286732078707,57.174603311062796,73.00722055081793,1018.7398131337656,-6.045241852544653,5674.6346466670775,59.851723362587634,-26.282508963853104,0
Bharati,-38.67165434705936,10.620687816540066,19.415615714593557,980.5845064379058,-9.247348828552758,6947.155924126472,91.33024119479805,-39.415102494217166,0
Dakshin_Gangotri,-12.633594064225303,23.44133047456874,28.424309830841143,1016.2120988628825,2.572848653211226,2239.3234592192034,79.42436884616802,-14.274487197445115,0
Bharati,-11.182738804078117,38.14798847144457,52.069997117908144,997.3251199288403,4.073240235176686,3256.6207851245354,61.53063079530466,-13.853097997079235,0
Bharati,-15.180107073283208,16.150608382624387,38.867813162440314,1024.3737434929333,0.2885176842393633,976.7613364336921,82.35485815629075,-16.310649660066915,1
Dakshin_Gangotri,-13.81751640212526,43.41849357986184,72.31608573094002,989.4528818113708,-1.5652224395060566,8406.621653481805,80.1103990107631,-16.856810952715588,0
Dakshin_Gangotri,-29.06392195236712,49.677200967853246,64.91230312819799,982.7320615154575,-5.367480824139106,4835.259480691513,73.67932935143916,-32.54132602011685,1
Dakshin_Gangotri,-38.934837506958694,5.648418213147349,32.779667492504124,996.8480246595926,4.667700120418608,20.0,80.7646621042531,-39.330226781879006,1
Dakshin_Gangotri,-38.022901459611695,58.11980415375129,70.97710983873098,971.3283000132145,1.9701205252998761,7924.617669591438,84.39285952540892,-42.091287750374285,0
Dakshin_Gangotri,-49.53194872686787,37.01204988261184,44.1960696960533,988.1423477571927,1.1646941945878508,9896.565103601091,88.71287638768268,-52.122792218650694,0
Bharati,-21.445770826810755,21.99967251045133,23.936540172447444,1006.6143289323982,-0.019295135581026496,2753.15782718801,76.60943053669934,-22.985747902542347,0
Maitri,-26.251731748398903,12.543017367812158,22.480617744393495,996.3902091143768,-1.878282875126233,7921.1398628394445,70.94077019169944,-27.129742964145755,0
Dakshin_Gangotri,-31.599815567945633,46.27077003990348,48.58419576540693,979.3808468385662,-4.453131565245704,5161.089141956119,78.58591483878023,-34.838769470738875,0
Dakshin_Gangotri,-69.33428236517605,14.698971734480285,49.794088046382285,984.0083118819646,1.0108166133938175,20.0,92.8631898947307,-70.36321038658967,1
Maitri,-43.70976204541253,36.978198823226364,56.37116308631982,995.1535356260357,-2.1540996495734674,13811.870398993724,84.4489849881054,-46.29823596303838,0
Maitri,-8.187390228952498,15.049449788670378,29.09330129702726,994.4889321957975,-1.6958441691839303,5185.121480206287,70.09908659730354,-9.240851714159424,0
Dakshin_Gangotri,-34.969390000946966,28.96035210271196,61.180369726167704,995.0012876625706,6.871383060547157,6805.663267016254,75.83479097562525,-36.996614648136806,0
Dakshin_Gangotri,-19.59112483514738,45.26273149055012,47.24005780083507,986.7887621083925,-0.1923095736596474,3501.635964979768,99.9848962916108,-22.759516039485888,1
Bharati,-45.86028144962884,22.156413575020814,35.784985216063376,963.5091072112425,-9.81182193903577,4817.879315415827,86.23938371615276,-47.4112303998803,0
Dakshin_Gangotri,-3.4194177646115342,57.92533209747685,92.92207001849546,966.6969427238785,-2.141833773648015,6646.649610675281,77.27717845272085,-7.474191011434913,0
Maitri,-27.160414900820147,38.58706127086673,52.146656203620054,989.2233352954702,-4.005806992322057,1829.841394541474,92.10567566098388,-29.86150918978082,1
Maitri,-20.64939405274697,16.180653235433134,55.64879101947841,996.6291883901813,-0.5568788021820233,12775.858852133366,66.85364635086616,-21.78203977922729,0
Maitri,9.886696878225273,13.135815012669552,35.991863407084935,994.0387244802968,-5.69772959175586,9352.587031776267,79.93358676889292,8.967189827338403,0
Bharati,-2.2533984911589435,18.723035695729696,46.78229478205202,966.4956656729786,1.7345265091716366,8067.3141575983045,100.0,-3.564010989860022,0
Maitri,-29.598484319305868,28.251934132014807,56.60088236656351,976.9766526203474,-1.184266108531339,5432.870705752031,84.80324029627334,-31.576119708546905,0
Dakshin_Gangotri,-33.89830277305539,60.634769451379476,75.65079405385985,956.5144267122748,-1.902850241541926,2955.1251260976132,99.31275541551828,-38.14273663465195,1
Dakshin_Gangotri,-29.883175172792978,66.30609574354686,76.4239790975911,952.1714264079035,0.5984745654957285,10120.358452982773,73.74360682122251,-34.52460187484126,0
Maitri,-17.351526272851967,21.70405767071404,35.5496544719099,981.6295860065286,-0.3066273911465533,8442.77364640418,67.85695184590213,-18.87081030980195,0
Bharati,-26.578362013763066,21.33931831628173,26.469993283145463,1007.1631272940456,-0.5388401399900115,4402.310351466807,92.40326574947667,-28.072114295902786,1
Dakshin_Gangotri,-30.928662175052075,41.80396814874567,56.14433931644773,981.9960800140963,-0.896746763798902,1661.9115398986442,47.57524787056079,-33.854939945464274,1
Dakshin_Gangotri,-2.9922812393643667,41.63439713969907,56.59033664724946,1018.1627085774738,-0.08125686641430255,20.0,77.7028530888352,-5.906689039143301,1
Maitri,-26.713148376667554,53.39086794300141,85.28321789619345,976.7179205765427,1.3727042865147494,6114.288855904187,90.46314527422602,-30.450509132677652,0
Maitri,9.49383639555979,54.09393948521594,75.02669659249071,980.624344162938,0.871881187954784,5004.303433387087,83.43767905070112,5.707260631594673,0
Maitri,-23.638861543717404,18.003423495438426,56.62959907330715,960.179862179617,4.507518314187568,10742.498150173502,43.46249624418622,-24.899101188398095,0
Bharati,1.7797759133709121,11.610987589122022,11.610987589122022,973.0551203332583,-2.1867582940949513,9968.818102862979,54.810074092528836,0.9670067821323706,0
Maitri,-19.640208659340598,38.87001579462561,41.699578794326186,956.2012353276118,0.9525035762654801,6155.577223529831,73.28422679657126,-22.36110976496439,0
Bharati,-10.555591401258283,32.33389710902394,43.780443832370274,949.093254314318,9.784408305186306,5675.5212082075495,82.12298569165687,-12.818964198889958,0
Maitri,-35.86916577276587,8.151797660264185,38.07674230040624,956.5413743222352,-0.1638145080296092,1391.6509711417202,82.7119513211981,-36.43979160898436,1
Dakshin_Gangotri,-37.806388338811175,11.442219204951327,25.346447202117854,981.7055017993209,-0.008718770885465868,10243.910032433076,74.9075417900729,-38.607343683157765,0
Maitri,-18.10441067477519,37.93320743647619,38.25493907996368,965.2658743952877,-5.053544726845706,5773.080429779533,85.95359982826075,-20.75973519532852,0
Maitri,-10.171701363020272,26.96489466079977,39.51365029931014,970.0025436527571,-2.8528419325604073,8421.12392267684,81.55342654633597,-12.059243989276256,0
Dakshin_Gangotri,-24.39615246999306,38.36693093304812,41.39094835549898,988.1974113944932,-0.4254644466757592,10707.216485702029,73.0708410441479,-27.081837635306428,0
Dakshin_Gangotri,-44.29590002625545,15.556408695969644,16.62015101447159,949.0240325495706,2.1338145405816755,3737.5696711909313,83.06400368480541,-45.38484863497333,0
Maitri,-45.40387549433991,39.76326731743831,74.75154549397732,981.6207211750487,2.5966528106668414,2688.3371969248483,65.28799101278825,-48.18730420656059,1
Maitri,-46.407046032793616,34.378224066822604,45.862135400016086,996.9615087195809,1.3050958950362899,15874.822687789998,84.55231458201486,-48.8135217174712,0
Maitri,-51.514331694090714,41.230298864764976,57.96182749279011,998.6911898215914,3.2163920555380496,8377.875124301978,62.29645988379457,-54.400452614624264,0
Dakshin_Gangotri,-23.35771960829369,22.54237955022998,36.612816078549116,990.3313409950667,-3.997371825942265,4885.6061620096925,82.31169617811842,-24.93568617680979,0
Bharati,-8.124341174379623,19.979056055470732,32.46409980938625,978.9563545961483,1.9556665416708374,10959.583014409563,81.94283135238275,-9.522875098262574,0
Dakshin_Gangotri,-25.20123680387213,12.53097738394478,19.124367061068444,967.5252220704591,0.05341213081634745,4766.972218327134,70.51689227745337,-26.078405220748266,0
Maitri,-58.90622136006778,24.579661538866358,36.47331549714988,978.3528249351909,0.4995821195324942,7301.941536768631,84.52425302464361,-60.62679766778842,0
Dakshin_Gangotri,-27.86140690501823,48.62902728605561,67.00138207129709,1013.0692645584663,-1.449275208093507,3727.066937606668,98.14047415089534,-31.265438815042124,1
Bharati,-27.441984949489107,55.285947199251574,84.4723003198911,985.4613240509385,-3.8121213582384708,5932.117982958706,59.69978265868468,-31.31200125343672,0
Dakshin_Gangotri,6.439981253381589,14.773967256535624,39.24832362207637,977.8623625935147,-4.8606118725304714,4903.7194749918835,89.31296794965259,5.405803545424096,0
Dakshin_Gangotri,-46.857068693793344,28.24083325351499,31.050164278964154,991.2738553559452,1.2826872016224717,2992.476327455229,91.29740156962526,-48.833927021539395,0
Dakshin_Gangotri,-30.860164038987936,61.08538660687568,85.97071078924174,980.994484977146,1.9914066938763484,6971.449963580546,71.89110451960917,-35.136141101469235,0
Dakshin_Gangotri,0.5877902081684638,65.18886203787208,84.94324215314577,984.5158590135793,-0.5182811044146711,3445.619274282585,87.01352428221989,-3.9754301344825818,1
Maitri,-18.25032487980178,24.048742594330935,32.80153258819598,975.0656569053721,-0.059254097423709934,8303.94816538092,71.18141076372751,-19.933736861404945,0
Bharati,-16.550303897253627,50.76357889483405,67.58454985669974,971.701244918506,-2.8808429122466177,4781.822952077103,93.8430444836139,-20.10375441989201,0
Dakshin_Gangotri,-23.281233444641828,46.51348482059139,67.23635665709037,999.9200052039313,2.0122470069530456,20.0,33.915731739829084,-26.537177382083225,1
Maitri,-20.050846920141034,44.63127092640336,60.101800404632115,940.9930061921459,0.24250234932579187,8483.392363628438,96.67333745886657,-23.175035884989267,0
Bharati,-13.33585704582196,10.45776163872447,30.260194980291683,989.5720347349651,-1.4624553301704721,8550.389984035719,58.31582755671265,-14.067900360532674,0
Bharati,-37.14229478339149,21.001532710156688,27.37202254091868,970.4649402699746,3.464333588457509,15014.208023540783,76.3495492477984,-38.61240207310246,0
Bharati,-11.829121316377002,26.66001353013061,61.588333972595734,941.8957507233853,2.580077776536333,6070.887345425472,62.79074500859336,-13.695322263486144,0
Dakshin_Gangotri,-45.59504525328309,26.25854773448512,26.25854773448512,960.5078115509517,-6.1434757892094,6733.28663470897,97.44765305372188,-47.43314359469705,0
Dakshin_Gangotri,-20.074480407526927,28.082367523939205,48.860879757220616,979.2790782140427,0.19660191124813706,7914.359965991837,71.56412172601593,-22.040246134202672,0
Bharati,-22.318885550705094,68.73604433250082,87.40367896260405,982.0295845834078,-3.832945387528272,10078.808583740243,66.86843465903641,-27.13040865398015,0
Bharati,-34.24439632288162,24.489846311045103,45.91928024556225,994.8000891102689,0.5580864201288521,9828.797359558303,91.80267960074744,-35.95868556465478,0
Dakshin_Gangotri,-25.340279129884703,35.19206601087873,43.10836249439611,996.160364690899,-12.60738456231636,7275.141531489075,85.98205736404837,-27.803723750646213,0
Dakshin_Gangotri,-34.3381022899833,34.55921223535172,61.251182518682285,949.0657007354556,0.7885762984865956,5868.0987895249355,69.99547880202644,-36.757247146457914,0
Dakshin_Gangotri,-41.07551990292616,28.266043963500707,42.18623714671759,987.5500717270278,2.8479352833645675,9370.647283843573,60.132161772060044,-43.05414298037121,0
Bharati,-30.304221124204666,15.322943445359824,18.46079405466048,994.5708794684555,-0.44316570534503347,5701.602772353283,58.10633107250278,-31.376827165379854,0
Dakshin_Gangotri,-41.55982953057492,30.249990990068273,34.30188710730871,984.3784524186412,-4.658874022072631,843.3277982997661,94.1260377675417,-43.677328899879704,1
Maitri,-20.158038038601276,8.050600412860623,24.297651101236504,990.0488297041345,7.825481283419845,20.0,81.2839456393187,-20.72158006750152,1
Dakshin_Gangotri,-42.25128241228545,36.98099013651933,36.98099013651933,941.3495838705387,4.623842130587272,4826.940828784218,77.60116081509074,-44.8399517218418,0
Bharati,-14.32034465513423,7.162542501291823,40.16760233571604,960.1957002116839,-2.124245542415328,6479.876141313069,82.38344892054366,-14.821722630224658,0
Maitri,-42.722186018932305,35.31451547910685,60.803728284533214,1007.3209400476424,-1.0440952618774844,15888.116961087135,45.77018393293012,-45.19420210246979,0
Bharati,-33.494423733715095,20.397302420807417,53.6657456293174,974.4058335571713,-7.92412332938626,5519.897905490486,70.13211109164952,-34.92223490317161,0
Maitri,-34.369051123227685,16.56019825326653,48.77443314435554,1024.4620782947168,1.8936026547573779,6186.402182274659,70.53046960587133,-35.52826500095634,0
Bharati,-5.122799066877416,42.128030452957724,53.608965804941796,954.4315517683666,-5.476954781251165,4382.668604379339,89.72079393793743,-8.071761198584458,0
Maitri,-20.045650815751124,22.987151622010558,29.29385699550879,1011.2754448226502,2.665461744048122,8475.223770583663,52.96363966254705,-21.654751429291863,0
Dakshin_Gangotri,-28.176007038165913,29.443958629265275,29.443958629265275,967.7858877403071,4.103767694702802,7121.372294570616,90.80473652831951,-30.23708414221448,0
Bharati,-17.51920838395415,10.686124147322358,21.623782898392705,997.2487196589672,-0.28105482777676194,3446.6537551308684,100.0,-18.267237074266717,0
Maitri,-56.60788520994532,57.31804295237427,89.9745715107338,974.0923516901638,-4.2578150674552955,1954.1579450881886,49.21363735541484,-60.62014821661152,1
Dakshin_Gangotri,-25.64700384461361,30.943988138328532,37.66548156335649,982.3135629581055,4.996066937567102,4390.532539119682,75.2497997113197,-27.81308301429661,0
Dakshin_Gangotri,4.96271266707144,30.904435492900195,43.80522554426264,991.910866148365,0.008677826934238663,2626.5157022344683,82.49012449099578,2.799402182568426,1
Maitri,-23.014802403959912,51.52993735891656,60.98423486808773,967.7329347712026,0.3729015196977906,5075.3561187456735,88.09587781308362,-26.62189801908407,0
Maitri,-23.98130246245997,37.38881389140669,56.13876542748385,996.0221278974958,-3.7261352142115465,6565.919152128027,42.532026747606466,-26.59851943485844,0
Maitri,-16.77807430536706,5.122389509176177,32.983236351319285,974.6825250655696,0.7722157534073918,3995.2259115392762,80.0642563611837,-17.136641571009392,0
Maitri,-11.565921350284817,60.180579625173735,60.180579625173735,983.5609986742737,-0.8116502900816177,11817.995536317274,71.71886265353609,-15.77856192404698,0
Bharati,-54.96200039334789,24.01140046333303,25.533640647027102,927.0965720998244,-5.313951217108593,10637.579182139067,70.7508574871901,-56.6427984257812,0
Dakshin_Gangotri,-50.2348972268654,58.40339190452335,88.26959229726691,973.2532945115279,5.3599691398102935,5081.769408599847,100.0,-54.323134660182035,0
Maitri,-21.845630633707803,23.560735810381743,45.891404554899836,1005.2708397670328,7.0365004212664966,2143.335053244619,71.76660246473052,-23.494882140434523,1
Dakshin_Gangotri,-35.72314842846264,20.73087431663395,33.13706870314937,993.893543742374,4.0728093114805315,5880.824978666209,81.74783503371553,-37.17430963062702,0
Bharati,-5.319621066701288,36.10605557553369,68.1768831947978,997.7309122868745,3.4753327440942274,5465.126609467462,73.19502646848936,-7.847044956988646,1
Bharati,-29.727615848278358,75.60237055694829,76.95208169304924,981.0663535572285,7.060416642362113,5748.870177462188,78.61841279697246,-35.01978178726474,0
Bharati,-54.01796103569677,50.73727438874029,75.04940930065061,1013.5254900578215,-4.189990996089555,4407.899474365842,83.28955887972717,-57.56957024290859,1
Maitri,-44.020208752659954,38.13598188569218,52.45360079705219,985.7687743313754,-4.238013649457318,1802.4153598013418,88.40009346759732,-46.689727484658405,1
Maitri,-66.24514029445862,35.8178074167211,56.88324577685003,966.7979983558324,-1.6575766026210914,6139.558047125152,63.345432496894986,-68.7523868136291,0
Maitri,-28.511883059243686,30.103916790362344,30.103916790362344,997.1028175021522,1.1914174694371111,4596.541134444686,77.28939556939294,-30.61915723456905,0
Bharati,-27.825761908965752,57.096552089923016,69.48951849097952,998.4519671897682,-1.1704953544108339,4952.258590793571,77.81943567672765,-31.822520555260365,0
Maitri,-31.366940646728466,42.66807644480316,65.03604360516688,992.591824495349,-4.079969238378972,6375.844589366145,50.27938987528139,-34.35370599786469,0
Maitri,-8.816814414553921,12.367861147491178,26.734558963542888,971.9413222507332,0.022625352843338598,5722.566370263252,60.695060800407774,-9.682564694878304,0
Maitri,-7.022202452249598,16.618093909027483,44.17107163703599,985.629443441398,-0.3775189868443112,6288.879811069627,88.36385301699224,-8.185469025881522,0
Maitri,-27.55582635034167,38.80101871484834,66.01906878625621,1007.8664972199946,3.3652955834728164,4411.265479629597,68.07554872021976,-30.27189766038105,0
Bharati,-57.02040501215284,14.972985949585453,20.387349697379534,989.5509998899247,0.17816083134416824,7440.579165181272,100.0,-58.068514028623824,0
Maitri,-15.740776292616124,30.852921174998738,54.09284768833554,950.4447492661562,-7.6182445797338625,3128.8032689392767,89.44605452703588,-17.900480774866036,1
Bharati,-16.66959657237137,44.45748296672755,49.530856394445145,967.4247257506097,1.5418723553896303,1648.2337041026976,81.7777218390707,-19.7816203800423,1
Dakshin_Gangotri,-20.359126447645824,36.23712568538763,51.7772800969352,966.4946931948155,6.327141601448515,2440.0837521033154,97.65595438033466,-22.89572524562296,0
Bharati,-10.277803760378264,13.617605643348348,35.17888813642456,964.913531762385,0.1157091764643675,3293.241984163927,86.59084902241338,-11.231036155412648,0
Dakshin_Gangotri,-42.472421446915604,17.158697749628605,23.805868437022788,937.7743139550989,3.9478344979220896,848.7937603607861,77.76345195243215,-43.6735302893896,1
Bharati,5.1313307927770815,36.81693161902073,59.68619347466455,1017.8115505556892,-2.020494633585736,20.0,53.787515622380205,2.5541455794456307,1
Maitri,-39.39141629712802,71.4574787752208,81.40392131370177,962.4742477398092,2.2629962415215084,8013.84362294422,84.98006170953805,-44.39343981139348,0
Maitri,-13.76165609198718,27.541561811112267,36.734586536988786,963.9210338091398,-2.9783568770126796,11096.972809963254,95.95070504995897,-15.689565418765039,0
Dakshin_Gangotri,-50.31021541620028,45.23044694111402,67.29695677651117,941.1658308987903,-0.9859960947468815,8230.81633116022,66.10693338518155,-53.47634670207826,0
Maitri,-38.95397030905076,36.39919823791304,43.039468801078854,997.3285796938729,-0.9545104619804542,4067.612405265403,47.60962203517359,-41.50191418570467,0
Bharati,-2.2544702991199586,20.278775360976052,26.4104206673451,978.1827029422141,1.906760385297907,20.0,58.96069101157688,-3.673984574388282,1
Maitri,-28.91349734501275,45.49007818851443,70.90163858881525,972.981727898342,-3.296627246768977,6767.775814137843,100.0,-32.09780281820876,0
Dakshin_Gangotri,-12.401160923008032,10.479330023604685,26.564901542854024,974.0399729510557,-5.859539138224028,20.0,76.20299001807744,-13.13471402466036,1
Dakshin_Gangotri,-21.445669169211307,43.83602292586299,44.29482797283004,991.7560878453392,1.8804487225130497,5653.362621706815,96.89652063132488,-24.514190774021717,0
Dakshin_Gangotri,-26.57437234000259,37.53424331770427,61.09065710158637,970.3995697864982,1.7301016301712904,2801.6816921284967,75.28567046819816,-29.201769372241888,0
Dakshin_Gangotri,-4.542245126009654,21.36019760716588,32.29418528473143,940.2219787463151,0.4499461212063309,20.0,67.5521606392212,-6.037458958511265,1
Bharati,-28.549882369778505,15.76375941829795,16.733626022683296,954.1692811803995,3.7315534325805455,11922.136413411707,100.0,-29.65334552905936,0
Maitri,-51.711071613452056,22.4162626868706,22.4162626868706,953.1305704652864,-0.8105538774333898,976.7844090592498,69.4257304313642,-53.280210001533,0
Maitri,-37.048601379275574,19.421967309804813,43.4561102801289,985.5063568282118,1.1253977514231617,4576.835820476585,71.26396270843267,-38.40813909096191,0
Maitri,-16.732124069474587,25.206722544894347,31.607541883778637,998.600380810663,-1.3996749752454318,5484.117515085902,81.90908019569918,-18.49659464761719,0
Bharati,-19.06736340456238,23.699751030114044,26.26130331712903,1009.316112597403,-1.0344465411727535,4118.197324050909,70.64850063616784,-20.726345976670363,0
Bharati,-48.505873753531574,21.353902995314268,42.74793129917418,947.3021116546416,1.360865684355166,7858.320702320277,86.67256721185154,-50.00064696320357,0
Bharati,-35.86513779112302,10.204613390180265,33.2625293532688,992.4054018450518,9.066438115656702,3036.118419321977,81.6890266676137,-36.579460728435635,0
Maitri,-33.7258202380337,14.456358302323174,21.58532831637688,967.6985761559116,2.9691904209829807,7527.632969686275,82.28289963709571,-34.73776531919632,0
Bharati,-30.482043911713376,49.10031587731138,73.22672247337115,1038.4691615563108,2.1944369986990275,7274.01971839639,65.75034466196043,-33.919066023125175,0
Maitri,-45.63870382902327,21.700463271181132,57.249392482312416,1007.6710826130247,3.093757628272559,488.9931978609202,50.06400590922715,-47.15773625800595,1
Dakshin_Gangotri,-34.42556662179218,25.468306752998163,53.93493946270914,1014.0379082426898,-9.391111468773511,6943.362113983584,62.51718295512414,-36.20834809450205,0
Bharati,-35.929157278892916,23.00635055570008,49.91692150766964,996.0487964049328,1.2767113550174356,1784.1105987639576,63.839952978870016,-37.53960181779192,1
Bharati,-13.427001103571211,57.74976008189956,75.89105130322486,987.6377639295039,3.641894767396708,1337.4369328146367,79.38947544463386,-17.46948430930418,0
Maitri,-12.863180335146344,19.162301702442637,29.725119647153413,971.9483405859216,0.33770644788699655,7162.250342808845,62.77375369902005,-14.20454145431733,0
Bharati,-27.187156871332242,18.394786242353064,32.83592571338551,968.0135837834965,-0.17270411981778197,4366.584988324179,53.02051159321417,-28.474791908296957,0
Bharati,-30.88059693806097,37.957122121061424,57.36453815768905,963.997898260847,-3.7597555636772153,7491.7506966136625,57.80107925901609,-33.537595486535274,0
Bharati,-22.9011353194133,32.09905573016126,34.52393614361226,992.3515131612401,-1.7336415700630408,7526.953036824305,80.81424497505672,-25.148069220524587,0
Bharati,-37.24862661183362,38.493289006098,45.7994699300334,1011.2080559833727,-3.3339818141296873,287.97852465491815,85.31127358843887,-39.94315684226048,0
Dakshin_Gangotri,-42.202481232511616,37.27203396587137,37.994532536045526,972.8638431855389,3.9980273812564855,8962.471558416803,67.40040944243762,-44.81152361012261,0
Bharati,-39.10331813388575,46.07961171776116,63.43147794067529,965.5530238003408,6.006671154186567,7140.065571680493,68.99892576111795,-42.32889095412903,0
Bharati,-34.52219745957185,13.398242529547675,29.228781753503043,950.3299318971503,7.74026428187795,3653.4489155460133,84.20964723930803,-35.460074436640184,0
Bharati,-42.45210699688407,36.137499251500444,44.610412596814314,984.8938333678703,-3.3999775142908266,5456.504102553777,77.4823153037842,-44.9817319444891,0
Maitri,-22.569106614056878,18.462236253752565,41.667228307549976,1004.5853496203304,-2.673649841743682,9076.570677528602,92.79108126567266,-23.861463151819557,0
Bharati,-14.054264893244374,8.31317047823463,12.867166818951544,1005.5865464543964,-2.99878065623202,4721.555740250845,72.63510130174409,-14.636186826720799,0
Bharati,-48.806474511973626,37.14315606860926,45.24480866683686,1007.5687748051379,-4.074224526473032,14461.037915125951,62.52842811744749,-51.406495436776275,0
Dakshin_Gangotri,-24.6230693317595,36.05991895812361,58.86518380724867,988.308132259902,-4.009672768286446,11962.771985883495,91.2961661168783,-27.14726365882815,0
Bharati,-28.299036928995033,28.833613187158143,53.12177098841952,981.803772746598,-2.0619795051236913,6467.134090014842,70.33057901244028,-30.317389852096102,0
Dakshin_Gangotri,-19.877369716947957,46.48377338933558,53.52651136224715,1005.6450452402951,3.497910104828062,5088.0500383195995,63.16872817649916,-23.131233854201447,0
Dakshin_Gangotri,-25.19408152155382,18.547151987125165,35.86757803455757,957.798774756948,-2.8713409939840675,5261.306082599088,88.39222847093951,-26.492382160652582,0
Dakshin_Gangotri,-46.80398919897446,40.21263253419471,47.424560126404394,971.1831014692929,4.21232087905439,3597.386431073094,96.73871358707945,-49.618873476368094,0
Dakshin_Gangotri,-43.93583948285748,26.689240997682997,39.71584566190995,1014.2169616073456,5.4698714025095905,6500.886789099073,77.74868967844152,-45.80408635269529,0
Bharati,-24.55864636622541,27.778270244742107,44.21664418625774,958.5078895381703,1.1403859635755136,8750.186404827462,59.93573548225616,-26.503125283357356,0
Maitri,-9.56828620381736,9.126746034102272,29.730408022261617,979.3108373440446,4.916523407674769,602.0875866015003,98.02173602375453,-10.207158426204519,1
Dakshin_Gangotri,-58.21281056564504,46.7201760368217,64.8957661717528,992.6266121141545,-5.445041181316756,8571.116325958006,80.65080715905403,-61.48322288822256,0
Dakshin_Gangotri,-19.8141013029763,35.355572330839735,53.087195736242165,981.6539711064964,-2.2327462849972135,9734.204292753924,78.2960572207791,-22.288991366135082,0
Bharati,-7.155669920685352,39.441699740698965,43.65671636962891,1002.9883501323944,0.7576661929033531,8288.707447806191,68.94041961909564,-9.91658890253428,0
Dakshin_Gangotri,-27.2953881430932,17.123936607964627,36.006703001039604,1010.5135633768379,0.8929360819235549,5480.220758210756,91.9474001538646,-28.494063705650724,0
Dakshin_Gangotri,-16.74696255960339,33.29519199441808,53.805845506381075,989.5932864055834,5.716930099425198,8122.52210215192,58.373014367851,-19.077625999212657,0
Dakshin_Gangotri,-35.54603621346703,26.65950573489476,48.54885103576609,1007.8012545151486,-3.995381399220994,11197.123960624369,56.944089109860286,-37.41220161490967,0
Bharati,-26.79049298915315,36.296551633205944,44.10134983849707,961.4264907107237,-2.1478222943463736,5767.223231069233,100.0,-29.33125160347757,0
Bharati,-49.31370277462227,32.51849269811636,56.67434886395244,976.8492153056142,-0.3399322829228542,6094.440738985782,62.06364593778956,-51.58999726349042,0
Maitri,-60.16514962628311,63.309870783246346,65.13752216547809,1028.1038235985404,-2.074476780441606,14530.179612662467,89.39524205312217,-64.59684058111036,0
Bharati,-10.858512981620873,53.66789057811068,64.35970903767019,1018.858608423428,-4.170505146140147,7228.975139346149,95.67654455132072,-14.61526532208862,0
Bharati,-39.77492391586663,25.069247138328876,37.314056315387234,954.4612156535486,-1.9062017801651943,1970.8241153224453,78.1524554479275,-41.52977121554965,1
Dakshin_Gangotri,-31.83291767505146,37.12103499108819,39.496944366055196,979.744751829824,-0.9821058511519625,9491.884998738778,61.78473273876914,-34.43139012442763,0
Dakshin_Gangotri,-45.7966337990529,23.966900805695097,36.059790690647056,982.7214925304678,5.790177861116525,7607.767605487999,84.44666725713526,-47.474316855451555,0
Maitri,-46.14954554625814,45.867436181779375,63.08224532522739,988.3305140950148,-4.080927634958099,3378.331894215356,95.87662269244683,-49.3602660789827,1
Maitri,-27.607565501419245,27.251369447137254,27.251369447137254,1005.4808532341834,3.260738209432794,1584.1912234263382,80.1372616333736,-29.515161362718853,0
Maitri,-35.943657912034695,22.22428484095091,33.27740100324246,1016.7831816587554,5.088541352588316,6954.391435652365,63.80319490869326,-37.49935785090126,0
Dakshin_Gangotri,-19.330435030079524,33.06036009805603,33.06036009805603,980.7483235119015,-2.0503785963981493,5759.596122062392,79.59101596855135,-21.644660236943444,0
Maitri,-18.21192371530612,51.618766456213635,87.03415429938308,1002.439715932608,1.0395724068470646,1023.0008310917674,54.23061168021094,-21.825237367241076,1
Maitri,-20.187255305130893,47.630586414877456,64.75549858421729,992.9639216621238,2.3037452672507364,5646.10496111869,60.39502568038514,-23.521396354172314,0
Dakshin_Gangotri,-21.420988136073344,22.91824117284857,39.17653401115865,979.5773844397747,1.644018504689501,5394.245947795959,71.12037468814974,-23.025265018172743,0
Dakshin_Gangotri,-1.3334769260217065,60.560690325242035,77.88142444183345,946.0368365127057,0.3285728851677801,5750.342071613662,75.92285393981298,-5.5727252487886485,0
Maitri,-41.013906535673286,17.704705465426812,38.74991177143514,1000.369472400781,-2.715303663550754,7966.358706394954,56.96952947874762,-42.25323591825316,0
Dakshin_Gangotri,-25.824022993043766,20.786882110013796,45.56843060835908,992.1038742443736,2.6498263665362343,20.0,78.74603926013928,-27.27910474074473,1
Bharati,-8.009652692206167,44.91122588172106,44.91122588172106,987.791784602267,-1.497831561363316,1551.485484041319,82.82487539006722,-11.15343850392664,0
Bharati,-6.031902859929453,8.351574887180844,36.45335086144841,960.3746818997078,0.11460373503458048,4052.2186702965646,71.77913337127285,-6.616513102032112,0
Bharati,-46.32645474016859,29.486105751456876,56.94435869162942,1019.1827454654529,0.7032732286028348,11304.716345684881,42.62700419080713,-48.39048214277057,0
Dakshin_Gangotri,-29.68533162483805,25.012600131786847,39.34913402321143,983.0494376489772,3.4239569017646105,15471.127343393597,76.56682760227608,-31.43621363406313,0
Bharati,-4.628183561991094,62.30947381997912,76.12218691314712,957.1724884903424,7.71176482319152,6019.3718232566725,100.0,-8.989846729389631,1
Dakshin_Gangotri,-17.37881342201402,15.92571690317334,15.92571690317334,953.953592403912,-2.951140481876968,6182.17992775929,81.86584752842309,-18.493613605236153,0
Dakshin_Gangotri,-22.07105452780341,16.94366276368213,19.503751141666243,993.549448009278,0.2102988836949533,20.0,75.23435519598945,-23.25711092126116,0
Dakshin_Gangotri,-28.26527040151985,66.54136434851087,86.72985711114244,994.1449947948056,-5.9376679306117675,9617.849454240737,69.41325291666496,-32.92316590591561,0
Maitri,-30.757013885616182,25.16613156702849,52.172306230127404,970.7397968670671,5.925767695562212,7798.575813482162,83.65676670458149,-32.51864309530818,0
Bharati,-20.676714053645135,50.62795339625311,72.91632261742109,989.2525032266059,0.17539778347211823,7132.543315544051,78.1266333685075,-24.22067079138285,0
Dakshin_Gangotri,-28.785611874767252,23.059612702174274,37.302462044391376,993.3521268507535,-1.1987101191052505,1015.1470565455566,85.60967959968998,-30.39978476391945,1
Maitri,-25.638679315666664,20.327090840400782,54.585817846085234,982.7985044199385,0.208904238978827,13919.55185127656,58.554973181347066,-27.06157567449472,0
Maitri,-23.821019408274438,51.86871573023342,76.9204712939048,965.9731775811126,0.4110540479793863,12082.171756134243,76.82003685314123,-27.451829509390777,0
Dakshin_Gangotri,-35.17107292740249,74.50998569747276,85.5717215100237,999.2271189833459,-2.927357850634877,7177.414605999662,68.0820647455661,-40.386771926225585,0
Dakshin_Gangotri,-17.018059391778426,53.83294932213816,90.6540558416723,996.7526262098238,4.751880881820221,9967.979024762037,80.57392123171408,-20.786365844328095,0
Maitri,18.713669726231295,22.274018099415965,26.312345752349962,991.3536008009872,2.5789589156209036,6204.439827833522,45.8163965217162,17.154488459272176,0
Dakshin_Gangotri,-51.65479958989113,28.82294559393258,29.104543388558017,963.3253624644404,3.1366813791892825,9284.308223119346,69.10903431413703,-53.67240578146641,0
Dakshin_Gangotri,-20.1398121371503,17.374914421279048,28.163860550039818,953.379350129914,-2.7200385012059485,770.9927689097522,83.13676193819481,-21.356056146639833,1
Maitri,-36.402851329283585,19.040528144059934,26.454126363854083,981.5304782081155,-2.936454916057769,20.0,85.5558733115855,-37.73568829936778,1
Maitri,-16.338961337211252,18.509920427678313,29.860604282809323,998.5914225322891,-0.4542028624166847,922.0339133791394,74.54265814428616,-17.634655767148733,1
Maitri,-24.301637900082085,23.35632040710399,46.33722737111515,1000.807457619238,3.1998315591763102,2774.0696344959156,42.59388332430656,-25.936580328579364,0
Dakshin_Gangotri,-13.572178389363048,31.221603309909572,45.88180759386279,991.6876366819988,2.0067832098913096,3425.749864916326,84.62010588162887,-15.757690621056717,0
Dakshin_Gangotri,-7.367401352368308,29.431793859273235,44.34882618307538,970.9909164377309,-3.1107385637290608,7792.451135140481,98.76211377837691,-9.427626922517433,0
Dakshin_Gangotri,-22.113683233477282,41.73451269816551,57.32266086025455,963.9158520001164,2.671044266805596,4970.646804338288,62.41824413349302,-25.035099122348868,0
Bharati,-8.019215673787329,32.05843524401229,32.05843524401229,979.6626634000656,-3.888483695306549,5885.343294580144,68.61189904888795,-10.263306140868188,0
Maitri,-60.16446840683016,39.7742314289131,39.7742314289131,979.8523201741662,-2.646476339328294,1261.5608532762126,87.09810795622934,-62.948664606854074,1
Bharati,-1.1432155312596528,42.91517070789482,54.06205805360061,1002.1459058639737,0.6308934305348003,915.3358052129706,87.49871229873713,-4.14727748081229,1
Bharati,-19.3740677216149,22.486843767076653,29.057555753599278,970.4057120735775,-4.685892873100987,6164.413494537258,91.45552421296604,-20.948146785310264,0
Dakshin_Gangotri,-8.83234966382227,26.9615909021916,39.64371603073042,972.0670144675134,-3.85411411126733,3831.5798459520156,90.21950757580596,-10.719661026975682,0
Dakshin_Gangotri,-43.298136172622826,111.97923144281987,141.02051523890077,1021.0998220054553,6.208486188929981,6018.261512281125,52.01682757022693,-51.13668237362022,0
Dakshin_Gangotri,-37.46154822408003,21.497493506988175,35.7529985330562,1011.0244447277375,5.4650639014227895,8177.5974607420985,67.8092656458094,-38.966372769569205,0
Dakshin_Gangotri,-22.810925587828386,40.90417927663005,42.682497099400194,962.3443911767182,9.158863525133171,12557.944487022063,84.39657236204647,-25.67421813719249,0
Bharati,-25.255568340061945,13.94821251579283,21.017214643146094,1009.3750379789406,1.8022916165095944,5918.19129765906,73.70749415355398,-26.231943216167444,0
Bharati,-20.753971179850154,43.52771933329391,75.63347842321645,957.5623650686217,2.5790574250358884,13253.375601065422,80.4883754025109,-23.800911533180727,0
Maitri,-8.73227258605051,19.617897602989167,49.94283731757932,971.3188256838081,-0.619830541048217,7625.099296843908,73.04365452373148,-10.10552541825975,0
Maitri,-51.47830472954274,29.977143959694118,50.935918316182935,973.595130043603,-1.4017699934196919,8758.013245499855,68.46230703686255,-53.57670480672133,0
Dakshin_Gangotri,-10.392713924240363,12.589696640326945,12.589696640326945,978.4481675450405,3.487662057779546,10212.340407739479,71.37190585096015,-11.273992689063249,0
Bharati,-24.875771350631094,28.440081862827345,46.508131213868836,992.3951267439526,5.4479085592329755,8878.986316578694,58.17260839787991,-26.866577081029007,0
Bharati,-28.056727916868216,28.74363808995458,47.5806090814616,982.1294663657185,3.146613985754172,2793.172712564966,64.14806939766943,-30.068782583165035,0
Dakshin_Gangotri,-47.066728515773356,26.435346443450413,41.69074852735282,992.2945470877074,-3.3592552902656725,10332.220164410424,73.99595373252998,-48.91720276681488,0
Dakshin_Gangotri,-17.454269974347024,36.47282988265425,45.77271932656066,971.963182748795,1.5664960885511834,4503.669631177311,74.26875315534969,-20.007368066132823,0
Dakshin_Gangotri,-61.21161776546556,49.6964136323596,61.070103193662156,987.484452478805,-3.080602350288886,7206.754878689746,83.51341407884188,-64.69036671973073,0
Bharati,-15.27408983141931,16.898614152363162,25.50146508049244,981.5793367695646,-1.2979994220303015,6531.40483453801,70.72246820352856,-16.456992822084732,0
Maitri,-47.38158753209488,26.77501978601883,30.32428020242859,952.2333985112847,6.544906589331243,10576.385462643031,100.0,-49.2558389171162,0
Bharati,-24.19813131073789,13.132541948358195,41.792420303040636,989.6602041738213,-4.7983236414565065,7572.267534117037,93.44887682520073,-25.117409247122964,0
Bharati,-26.787532559918805,9.659214942034273,33.48235289233123,981.9211073697257,8.674786381742571,455.3579780326527,67.46454394314651,-27.463677605861204,1
Bharati,-7.456927790591745,31.848657364392707,43.99936293855961,965.7218083760732,2.198137402515128,14366.627032255667,77.96717401584826,-9.686333806099235,0
Bharati,-27.679827535208354,16.165792219041457,34.687575302719154,971.5031574314115,-1.8644510635747273,9339.735407464686,93.19262903076981,-28.811432990541256,0
Bharati,-35.412078417184986,29.288855637820014,48.185864541725365,971.9935851045152,0.2728644857761564,3798.029577946612,65.38943029934575,-37.462298311832384,0
Bharati,-32.59904043956804,32.50212902700994,70.93096460777056,975.1016305115035,-2.7398576739277147,1450.8032283209068,63.783915709622846,-34.87418947145874,1
Bharati,-5.906758468680046,10.736768926384665,34.46245573554171,1015.1791624126414,-2.1876560658342954,9797.077790200672,94.49026232372871,-6.658332293526972,0
Maitri,-16.955545462286594,35.02007570377254,58.367771891053586,1021.8050887796478,0.293183174105927,1923.7347476765835,85.37068709834412,-19.40695076155067,1
Maitri,-30.78444972284742,48.515362963619786,63.89517309431313,925.4792263331044,-1.315683862722216,9202.867490063307,91.10707154759899,-34.18052513030081,0
Dakshin_Gangotri,-28.5466962994677,39.046588522832586,49.70234893873083,989.7634879364774,-3.7318705290621086,10276.331432107763,79.73147132088553,-31.279957496065983,0
Bharati,-48.5076563587817,17.128764671905266,45.95586719852142,999.0990273701838,-0.8856419520809813,3400.9293743608205,71.1766565839466,-49.70666988581507,0
Dakshin_Gangotri,-19.172886987226885,28.33368431765713,49.856405493318974,975.6784644397507,-5.258459111876425,3044.052810188949,54.8716913367746,-21.156244889462883,0
Dakshin_Gangotri,-51.39723561543198,29.981425624690832,36.68600608414684,998.5618016956361,-5.087258646260436,4119.1304568713285,77.05281077987232,-53.49593540916034,0
Dakshin_Gangotri,-13.723053012468158,27.041436384287092,46.580101927685476,1013.083353774255,-5.128215167600584,2044.4794997650465,93.48139884764288,-15.615953559368254,0
Maitri,-23.070676112631013,13.540234190530803,36.914095074738924,952.5631601963183,6.685298403677886,6918.274228771958,93.65705163002968,-24.01849250596817,0
Bharati,10.804276993608838,18.674919121588765,18.674919121588765,982.6752377244999,1.6224960150476713,7489.117166006869,91.06134495601727,9.497032655097625,0
Maitri,-41.502033305864586,25.79843171712742,31.57456379128075,1019.1349435422611,2.3834282096735055,8909.96854389399,86.80834089541955,-43.307923526063504,0
Dakshin_Gangotri,-26.539931365609494,32.269578300409954,50.89722656080902,955.2446939800354,0.045043869915525024,2666.703629215737,100.0,-28.79880184663819,0
Maitri,1.9743155138459407,21.422615460669608,21.422615460669608,977.695353177569,2.025128535945363,9359.837474966065,51.72416375693784,0.4747324315990684,0
Maitri,-7.129155395628786,5.806032768133753,5.806032768133753,971.0320544781181,4.70338376512525,2049.2958032420383,78.46415006417399,-7.535577689398148,0
Bharati,-35.443180773698494,8.972376738655907,21.267759334713293,1001.0378548015934,1.6312776677932272,9357.569312861071,60.94850376090689,-36.071247145404406,0
Dakshin_Gangotri,-21.640488574398283,22.13958693913757,42.055029530087,1003.8249189439258,6.561320106103422,53.36260168780609,98.28660210459512,-23.19025966013791,1
Dakshin_Gangotri,-24.97000965377369,63.26306063210893,83.64089770112011,983.246547162871,-0.148741619637869,12270.959656094008,66.71056850035791,-29.398423898021314,0
Maitri,-20.770661989087642,35.14115331398734,65.96514884090195,980.6441859382037,2.395650234567862,3913.9342395445024,90.12753343437569,-23.230542721066755,0
Bharati,-35.480206539772446,31.800809937425864,47.62344881632085,945.6170430895738,2.816052531393958,8396.355440886888,68.2599230684646,-37.70626323539226,0
Maitri,-26.339806040511018,18.517160821779846,29.79063228717463,1008.4600504228921,-3.728180594103193,8713.846000586109,81.30397816421967,-27.636007298035608,0
Dakshin_Gangotri,-48.970785629150704,22.692150591771064,24.61855473021858,972.9366736928621,0.17096386043818806,921.8627305719492,73.3722460717972,-50.55923617057468,1
Dakshin_Gangotri,-22.973148221978768,8.548487719484905,19.702211555214546,977.153498830873,-7.365685222943056,9340.53265703946,74.79322794409607,-23.57154236234271,0
Maitri,-18.24968989867252,17.822297104103797,39.89759018407107,999.4319960523912,-0.5194985172508421,3797.008283075599,80.00446650612197,-19.49725069595979,0
Dakshin_Gangotri,-28.41129118965826,34.251688294456876,56.778910329328056,983.9519935096457,-1.1164702760822476,4775.705518596059,88.79261582646635,-30.808909370270243,0
Bharati,-49.225763358771815,31.921789455421287,49.56797952270621,1000.0768390082299,-1.3557938363847013,3319.11095789548,73.36026928679243,-51.460288620651305,0
Bharati,-10.172022057228064,20.33297500134014,40.80412435428731,992.0682027193095,-1.6300556149575909,12455.174292460944,88.37042903538998,-11.595330307321873,0
Dakshin_Gangotri,-19.532124430107967,27.028904142763817,54.792739733509734,984.0757412167147,2.0478970133755263,1320.1009968334747,90.56750699213376,-21.424147720101434,1
Dakshin_Gangotri,-35.89022646551465,29.442146694005594,45.19486512520518,986.2088545694047,-3.5433238746795213,7721.151122388495,68.7433888205864,-37.95117673409504,0
Bharati,-29.20900670257096,20.93029730001648,49.60348567751883,957.5445450684717,7.439961144759264,3505.355110081512,100.0,-30.674127513572113,0
Bharati,-47.51004104172758,36.16520118616626,43.8987327931728,977.0203974100128,2.269924655378823,10364.28858406284,86.17771032643577,-50.04160512475922,0
Dakshin_Gangotri,-40.381151916668564,31.624959239612316,45.89204879420741,1001.680940998607,-3.211862291432551,15285.417825083403,68.52875188239838,-42.594899063441424,0
Dakshin_Gangotri,-33.06717019535709,23.138327219290698,33.329994920686495,962.0271989521602,2.5888644621966046,3478.61895639525,84.21034891747681,-34.686853100707445,0
Maitri,-6.573687815797733,14.079326223245692,37.006377540635775,965.6944784260376,3.97941187757243,6560.235231650229,90.57638438561662,-7.559240651424932,0
Bharati,-34.592550863312134,22.249653628295533,27.104809162381045,962.4075142524187,1.4764699695773846,4459.190976383087,83.84518688522306,-36.15002661729282,0
Maitri,-15.396795110068618,21.45525778886564,33.23760303383073,983.0676119381211,-4.023225361375548,10152.284750031442,78.02809139853585,-16.898663155289213,0
Dakshin_Gangotri,-33.0747430429237,20.30864879363634,20.30864879363634,1008.0505770554213,8.949148007448267,5005.192899233897,23.22944384319033,-34.496348458478245,0
Bharati,-21.280786587221876,11.016611101734732,31.960371957433345,990.9431998875613,2.5578976620708835,9622.089545576531,60.48967460864278,-22.051949364343308,0
Bharati,-27.12093253215703,54.93853989405036,82.40644265130518,936.4607484028057,-4.990318256579906,4409.076288655636,85.17893850143143,-30.966630324740557,1
Maitri,-11.904150998608849,53.610956107061554,77.71803562006252,992.9725000028177,0.8364603564908857,14974.949995054309,60.191564663233734,-15.656917926103157,0
Maitri,-33.02217007327837,26.525406655464383,49.651682790162155,971.1581989082666,-0.8812700059753056,20.0,82.70795782176651,-34.878948539160874,1
Dakshin_Gangotri,-48.58792375003661,32.192207264667495,55.58621122446698,990.1876470495209,0.025708995113947808,7507.462405884018,88.27102640300458,-50.84137825856333,0
Maitri,-45.72923547045449,35.85004081413217,57.84697909849722,977.0099964932997,-4.774865947514902,5957.834599530921,73.31079157417753,-48.23873832744374,0
Maitri,-32.97816240914136,26.744794735604355,47.88875096066515,962.7908688752253,0.2173059988790085,5813.060925444403,48.53000261179989,-34.85029804063367,0
Maitri,-43.73589956017079,33.352377847494935,55.141512423781194,978.5705681671542,-3.3250110470662424,7141.576902142153,63.94872029353052,-46.07056600949544,0
Maitri,-18.84681976480673,38.40536021791337,46.84853891883778,971.1705979925024,-1.398157788809905,6233.735710319461,85.27164133544008,-21.535194980060666,0
Dakshin_Gangotri,-31.986522472871165,31.03018030878327,44.0282458735848,986.1542989644412,1.5497759491928829,6876.153874500036,93.85442455966515,-34.158635094485994,0
Bharati,10.619098250396476,41.7767140077706,57.47914661485573,962.2798990604235,-1.9065305466648301,7632.402096229798,43.77548666269276,7.6947282698525346,0
Bharati,-51.06571892705698,19.93751624261781,31.580464855622672,957.5046029105731,-1.1616871213229871,12995.92408591323,76.21216301808883,-52.46134506404022,0
Dakshin_Gangotri,-21.945502319352983,28.31877684387107,28.31877684387107,994.6416369495362,3.2809266225468767,20.0,52.98748541400364,-23.927816698423957,1
Bharati,-41.91929535258504,92.47903453995998,95.1289446710206,1002.1767900273286,-3.5543885311868233,13388.318337608245,76.35675047499157,-48.39282777038224,0
Maitri,-32.40102010574018,46.60288918518413,63.90265033541887,991.6011558583297,-2.593683639119781,16239.192073406475,72.64465634382022,-35.66322234870307,0
Dakshin_Gangotri,-22.878707899891836,31.389343989966154,55.44710307718533,967.0245433065417,-5.018357933896496,20.0,100.0,-25.075961979189465,1
Maitri,-59.8805706231143,16.92279071004937,32.01620980164643,965.1986012996705,-3.2914536990506553,6191.4255907961015,66.91808853031388,-61.06516597281776,0
Bharati,-21.447608248179588,29.06586042408333,71.71407904262527,966.3502153364451,0.5164969179206302,11485.170411173864,90.73191718247294,-23.48221847786542,0
Bharati,3.5436119341125156,45.067106886966116,50.869482585413415,997.8078985950086,2.5578554740237056,9674.13295077482,90.13435187142191,0.3889144520248875,0
Bharati,-31.80157447552889,40.53589344153861,59.985314862195594,963.4990228371697,-3.224668612091151,12704.838082701786,72.0766582584118,-34.63908701643659,0
Bharati,-21.102882147917356,9.44775645267405,37.359782559168465,997.6808101925886,2.4392491223124946,7487.773224447459,76.78274352705215,-21.764225099604538,0
Maitri,-9.626174603119011,11.269095967725596,36.925867179381385,992.7380631491494,0.4208611687415113,20.0,75.00715369350264,-10.415011320859803,1
Maitri,-27.45930250040495,11.585340325998406,33.136008943744585,1004.754539630675,-5.530410700325905,11218.517915012708,63.843579803244154,-28.270276323224838,0
Maitri,-33.71440282797225,36.13667418766729,61.83921392608839,1001.2630615797617,0.698241470142793,8541.902807929993,62.54589397790925,-36.24397002110896,0
Dakshin_Gangotri,-59.136046055826284,11.679730926871068,27.23367440344807,990.853111645625,4.77742890944999,11865.374148225368,68.85250600065585,-59.95362722070726,0
Maitri,-15.385139209075401,16.509363695007877,48.13818114321338,950.6263763326643,-7.5685405871903635,20.0,57.92389550939672,-16.54079466772595,1
Maitri,-26.69752614593346,26.244028722358994,54.07561978590161,992.2025675171382,8.020821933005625,1136.0412820602469,67.49414285836372,-28.53460815649859,1
Dakshin_Gangotri,-40.19025777082243,48.7715369388415,55.24926093173603,982.3094678406471,-2.4420729832578245,6065.825026871214,72.0680031797563,-43.60426535654133,0
Bharati,-23.101049345834596,37.001380205231015,55.21705958157489,972.5349252245281,-6.5964224717073865,11332.375896901092,77.427287810846,-25.691145960200767,0
Maitri,-33.755205352092716,24.61979025194066,24.61979025194066,1007.2444849546902,0.5536942719061033,12446.356615664494,81.6552581629538,-35.47859066972856,0
Maitri,-32.926391966732886,42.367368037733875,72.58525777009098,976.9732866098054,3.324348139103536,3097.0160903472993,72.05493560977497,-35.89210772937426,0
Dakshin_Gangotri,-15.905632658369377,72.38097315403715,89.6232875643545,969.4110216610052,-1.1217337159233574,4374.245200049678,63.46372279094189,-20.97230077915198,0
Maitri,-45.07573616985766,29.199506814109778,57.68723525477991,1002.4811233585393,1.246397074388194,17487.844126397576,81.38336847401418,-47.11970164684535,0
Maitri,-9.290270708893622,13.602450714510148,27.50887566683185,971.8981461944439,8.478947154498249,3788.8828104144036,86.8645032759278,-10.242442258909334,0
Bharati,-45.965292446776054,16.836371972057947,16.836371972057947,968.4101355875462,0.8226155972721986,8701.390331124692,67.71210346405933,-47.14383848482011,0
Bharati,-34.94052112532896,16.74721584034765,58.12089125104756,957.4569179553235,11.929950338831425,4192.626008663593,60.26069378969703,-36.11282623415329,0
Dakshin_Gangotri,3.844192910998661,18.899493896320823,35.21037936819322,963.5964795717532,5.058522315841833,7899.037704763515,68.3060262711605,2.5212283382562033,0
Dakshin_Gangotri,-8.089678575363667,23.715917401218494,28.713831167200496,965.3122131883467,0.20614127632315843,2534.667437130796,72.27648291982298,-9.749792793448961,1
Bharati,-23.535940112568397,32.74964559392481,59.20726847783369,992.420950446309,1.166149016344484,2648.656731830013,92.17600609560787,-25.828415304143135,1
Dakshin_Gangotri,-39.10795323251825,12.401695989113707,47.76026880155666,959.6185538929604,-1.2777387974641659,4516.8681361358485,85.40673402133477,-39.97607195175621,0
Maitri,-32.9390846004984,13.784506188944995,26.76012444437486,942.8432224819635,0.9983118234986307,3819.130820067238,74.9508040569987,-33.90400003372454,1
Dakshin_Gangotri,-23.900870281214555,38.23471096326201,52.24228685599229,986.0645960112298,2.2462313181072973,4783.533245130771,100.0,-26.577300048642897,1
Dakshin_Gangotri,-24.437151514906024,21.50937678768855,38.88983913480434,967.3209741567141,-1.6165997793037612,8103.405705348235,74.47826167570724,-25.94280789004422,0
Bharati,-26.36306394438944,17.748070466783,21.638364151261996,979.6746616424754,-5.519885293123906,13561.513866868503,96.2066585376733,-27.605428877064252,0
Bharati,-25.462487711262764,25.145407507966446,33.23873301215275,1005.6483195153246,5.285114724951585,3637.9798341680034,93.3189435133801,-27.222666236820416,1
Dakshin_Gangotri,-28.215626645576712,52.958932639487294,85.77819128313752,981.4308949231732,3.893929174684226,2046.1365813274574,92.25962836642381,-31.922751930340823,1
Dakshin_Gangotri,-46.629681034600196,40.866481817502894,54.54441743850775,1010.1924223084568,-5.668355671954722,6038.03707139557,79.8174229885657,-49.4903347618254,0
Dakshin_Gangotri,-32.74766113241249,39.47679143175308,46.10122165150098,978.6370625793598,0.6839643077002012,2594.614157792508,76.75134923999072,-35.5110365326352,0
Bharati,-11.280639190197302,62.065189418402674,72.54477045476993,1000.1391296271302,4.108290659703182,20.0,75.0772903002783,-15.625202449485489,0
Bharati,-45.52501446326676,33.53873697462275,59.26697384792409,969.051455358257,3.694914395538014,10257.064116082322,87.75235457868263,-47.872726051490346,0
Dakshin_Gangotri,-27.84333267308918,64.88378385875997,64.88378385875997,982.1538130077114,-2.775880738505154,6322.025354160424,63.160245075188264,-32.38519754320238,0
Dakshin_Gangotri,-37.29630893156266,67.4664695143109,85.01296848784939,961.3406399475908,3.92846700132455,6713.973785409138,71.05567289384103,-42.01896179756443,0
Bharati,-23.32974355902833,12.635236853920224,52.257424304344845,963.7160178549722,0.06038904754440005,20.0,100.0,-24.214210138802745,1
Dakshin_Gangotri,-30.829497716002273,10.615884213754827,45.92651048664512,975.5066714075502,1.554708595600424,3660.951062962246,84.35081925986658,-31.57260961096511,0
Bharati,-2.839095025379965,16.129501340473624,36.86152914866035,953.4293189087276,-3.6779675393147357,336.4929270943012,89.31167172313833,-3.9681601192131186,1
Bharati,-17.401252687146194,50.36452078625675,78.52894688669656,983.1871994347773,-17.028037152991978,5918.120411389501,56.68269952533599,-20.926769142184167,0
Bharati,-44.67704748665817,25.41499440634025,53.483257254303,973.944800356109,-3.1093140566858506,6537.299675572659,68.51929818982867,-46.45609709510199,0
Maitri,-14.931579825794522,23.777282083125705,37.51876204823472,984.6915986223389,2.1463084054392056,6534.397130940283,80.00748701214991,-16.59598957161332,0
Maitri,-36.61977784393095,42.937023432313154,67.18496146595622,953.7361803094898,-0.8217291668732901,3332.2162211590394,74.37787964209623,-39.625369484192866,1
Maitri,-33.654945570663,20.925337578499523,53.81116776637309,994.0346462130218,2.6007635560008464,2588.117279007964,56.61972483869026,-35.11971920115797,0
Bharati,-20.292714698393173,31.371001396236633,33.733378964995325,1013.9522733094278,4.4245985924611695,5227.13447669469,86.39633438470625,-22.488684796129736,0
Maitri,-32.37621129595202,38.2255003256894,58.99200910050537,1009.7306619851187,-1.3220826357923072,7428.049664607948,91.16142686585434,-35.05199631875028,0
Maitri,-11.60716275515567,16.965092102227466,35.57984658311298,1018.0781305906978,-1.715795648763913,3683.1414736283286,70.71974408469468,-12.794719202311592,0
Bharati,-36.61765092270093,14.826069490160403,30.857714339902515,980.8486198916628,-8.747425968971568,2250.374150284425,86.93597390277341,-37.65547578701216,1
Dakshin_Gangotri,-34.28419828887045,29.1151143849462,44.261447441600005,972.953442933268,-6.1906946756191585,2421.1491184405054,100.0,-36.322256295816686,1
Dakshin_Gangotri,-34.84556340322163,31.042908872701016,48.3596085980053,989.7516707974007,-5.359718292489615,3366.282797675407,97.8798988959516,-37.018567024310705,0
Bharati,-33.484581225325584,41.28841173583781,59.444133714332665,975.2356046167481,2.2265567930966443,4189.402343855667,71.39111279904624,-36.37477004683423,0
Bharati,-8.512126666782805,15.900289988937258,42.086442917569045,945.1912570178339,-1.2821218282093128,1607.2746557489982,58.447145747519805,-9.625146966008414,1
Bharati,-15.568055595845454,19.219916933295984,38.985063565567785,996.385990274453,-2.1369380581276367,4217.955787565645,78.45237135953636,-16.913449781176173,0
Bharati,0.6491593101810658,67.13204928532382,80.35328333856009,975.3119624084871,-2.5949828535699537,10944.536944583519,100.0,-4.050084139791601,0
Bharati,9.014663058488821,46.081449642748794,52.682235067838505,950.652944485103,-3.1159239751969694,4821.975026280787,95.0707922290849,5.788961583496406,0
Maitri,-40.46075547898509,26.666220611600007,36.94179543332963,969.834354694888,3.693843857752515,1044.601127726115,74.90852367470174,-42.32739092179709,1
Maitri,-23.943713090090668,49.75901802857196,67.37067905736227,975.7667969499928,0.37338638829325804,20.0,98.4336936216499,-27.426844352090704,1
Maitri,-42.643004749651496,15.934519384843188,23.873812006019918,980.2366503647447,3.965308116593243,13345.546868898975,92.53065017092653,-43.75842110659052,0
Maitri,-36.664088916224,25.07249900038174,49.531269887527955,980.4768999455505,-8.77354475056384,10557.279616087983,46.508477849469415,-38.419163846250726,0
Bharati,-34.451237653835044,3.832938183636747,23.1334895903653,1007.3803949018904,2.130933944877265,7138.418625546238,90.92450529353054,-34.71954332668962,0
Dakshin_Gangotri,-40.85732311207411,30.908098124205033,57.34337232477513,954.229190217352,-1.9351715563417256,10650.812918212858,76.7814170084104,-43.020889980768466,0
Maitri,-40.7783090934762,23.585128718426883,32.19693650875662,976.9571165419978,-1.1258915645863754,8110.382892204381,62.001264997150365,-42.429268103766084,0
Dakshin_Gangotri,-27.164265677803822,24.028220211936766,30.717543565454278,962.4207231484586,5.411304809638372,5697.319286770366,76.36877847686848,-28.846241092639396,0
Maitri,-43.250776275796106,40.25352515503063,66.61409741770728,1005.1233650248671,-1.5593993695630413,1039.2464504536056,81.2140413428346,-46.06852303664825,1
Dakshin_Gangotri,-12.368095612935509,46.40345721833428,62.70299678500982,968.7709178718875,1.9675859361667607,13634.534088930988,63.08824373910862,-15.616337618218909,0
Maitri,-38.76630306126271,22.26732082068494,35.24214953166604,973.123403249712,-4.071781735280151,4251.83576226846,73.2015406792827,-40.32501551871066,0
Bharati,17.14353455144588,13.048231732558335,35.0348366890823,1000.9939073072276,0.14444062488684234,4470.439445917235,70.03810586075168,16.230158330166798,0
Bharati,-31.770766764465925,11.483562490359699,33.098054876816974,1006.4954964488775,-6.364986970571722,6149.827137662394,86.9288402668708,-32.57461613879111,0
Dakshin_Gangotri,-23.919735371244215,8.00339099876457,10.445753631431648,1009.4524707576089,-0.22924408945260055,6218.485414376443,70.47916188659444,-24.479972741157734,0
Maitri,-44.43011776699053,61.54548100137878,90.39193223223967,947.137738086832,1.5416341552871076,8298.828058325325,49.50110874233015,-48.738301437087046,0
Bharati,0.5913763719145919,40.338098371094105,51.23402893694037,989.6582820537609,4.425497847540399,7838.350239433753,68.28750438519289,-2.232290514061995,0
Maitri,-8.207489787956256,35.96856808476652,67.96874856218557,985.4023388934339,-3.271575433666565,3692.545402041383,60.804817061107315,-10.725289553889912,1
Dakshin_Gangotri,-20.546261938958313,20.731715574335617,22.396229438698988,978.9754770890657,-2.11585623543666,6103.546707035161,55.58967513799206,-21.997482029161805,0
Dakshin_Gangotri,-45.202038231693486,20.667046878979985,38.8410357037831,981.3313622219805,-2.576486308052927,8172.313764054583,92.70548754544116,-46.64873151322208,0
Dakshin_Gangotri,-21.839996834130694,47.16286575265178,60.30665374326702,1005.7154787791674,-1.0160408681826054,3352.036705806843,87.05346631766434,-25.14139743681632,1
Dakshin_Gangotri,-41.821465690258826,10.646368653407697,10.646368653407697,1000.7717845408923,-3.855624972040436,11786.619433096748,60.49593053783401,-42.56671149599737,0
Bharati,-3.064671047899587,22.784002682508188,44.366082463024824,997.93826453312,-8.628873519097233,5918.992274070854,55.959300691015244,-4.65955123567516,0
Dakshin_Gangotri,-12.86207902220241,50.55935121197043,50.55935121197043,984.1382839696491,-4.170849046841736,12393.903210645927,73.46029838574621,-16.40123360704034,0
Bharati,-23.568414422683958,22.76240700034719,34.84573839067693,1025.411815568328,-0.19584806254827433,431.4576797022646,55.14792146115212,-25.16178291270826,0
Dakshin_Gangotri,-61.54563494870983,39.30486092323192,65.34761570039379,971.9875431202405,-0.5924029815935916,8618.515616662178,71.3685227744529,-64.29697521333607,0
Bharati,-39.75123967988546,27.2265159329739,36.92615616002351,947.6807716615116,2.208477691070423,2438.5213442156182,76.05772039081994,-41.657095795193634,1
Dakshin_Gangotri,-14.683583026001914,4.712684658174127,10.675343143018932,974.6951197029281,3.3687759886274975,3462.1135613631504,79.56729518392062,-15.013470952074103,0
Dakshin_Gangotri,-6.806744624152664,26.62751910935806,49.63108381497816,981.1547548971133,-1.7982079896249632,9619.40447816431,80.10203495554947,-8.670670961807728,0
Maitri,-8.362452827618025,29.417520384603094,41.9223398793091,1006.0636819543571,-6.3429572420428,5086.090961569396,63.2889501965275,-10.42167925454024,0
Maitri,-48.88019503362183,25.554539277475328,36.503942330577104,969.7804387296773,1.6128772421290314,16389.647365730423,76.0583998357523,-50.669012783045105,0
Maitri,-20.476715397806437,14.41892837490595,42.168853146599176,989.8246014805815,-0.039236366614555485,8072.1115425915905,94.20824517201712,-21.486040384049854,0
Maitri,-9.767271752756058,25.70516430755573,29.03237695600996,950.4551145124185,-1.033771443761884,3216.897272271855,43.543426106439284,-11.566633254284959,0
Bharati,-49.875033483733674,8.341856138685214,18.745783583980995,1001.6283580586139,4.881700175113122,8079.202703954829,79.88544460410989,-50.45896341344164,0
Maitri,-25.118567730598546,22.635365083314376,46.29983519401209,981.3663882891183,1.802191868012653,5051.200069200641,57.32522225396525,-26.703043286430553,0
Maitri,-20.892364025373155,40.89335048878585,43.57387693369067,974.3888785698493,0.49159732349115576,9328.204688709991,96.05840604499136,-23.754898559588163,0
Dakshin_Gangotri,-29.511468772701022,59.84847984588152,92.60195144324345,1022.6330484817992,0.6555367615024572,4815.253273381907,87.25513648333265,-33.700862361912726,0
Bharati,-52.782427831018026,54.90661515625895,67.73814030559123,1001.3981415922021,3.3988246097325425,7626.706171149552,86.77720824125454,-56.62589089195615,0
Maitri,-29.88547165110593,15.695606645996394,39.44088046012004,959.2031624291428,-2.7582117292453816,6793.729772273781,62.199264925963774,-30.98416411632568,0
Bharati,-29.90958145382536,11.793245829871148,35.517597610096566,977.8121645068795,-3.520877570657628,6313.7153241559145,78.95740735351555,-30.735108661916342,0
Dakshin_Gangotri,-27.221086068216312,30.912865849301042,44.38998660967677,1034.7263908000864,-0.9365399936648124,10167.193037123401,80.62768931431216,-29.384986677667385,0
Maitri,-33.452071381376044,28.432111509261073,38.641990390795485,1019.5763357308246,-4.711743293712142,20.0,39.4320583543262,-35.44231918702432,1
Dakshin_Gangotri,-31.64518229862201,37.84671853029813,52.417072910756175,998.459262605684,-0.181675848662275,6390.042196534036,77.19764738619887,-34.29445259574288,0
Bharati,-25.59559423520467,19.790517338381264,41.91735981328502,943.0590372609224,0.387804984715868,3195.303366961647,84.19903561890948,-26.980930448891357,0
Bharati,-18.363180925454333,28.886961769826534,34.022713330217954,1006.6430054396012,-0.2752070806091039,605.3963452291619,53.78918870538046,-20.38526824934219,0
Dakshin_Gangotri,-29.566401442850008,28.083364906945686,31.05077901963465,967.2962967446346,-1.4456707363119587,2648.7700038064136,84.02975415831769,-31.532236986336205,1
Bharati,-31.14473392552003,23.0567280441179,52.89875526165413,1006.4703586836004,6.612041675701503,3520.984354011028,76.49476377827017,-32.75870488860828,0
Bharati,-23.61468942618313,10.18134078608618,17.832790081757217,965.5466302889016,3.7626445613706356,5058.650739457266,95.71902400037214,-24.327383281209162,0
Maitri,-53.81373888842772,40.59053716099099,59.13137598127502,989.776590924594,-0.388559351064391,7349.317398343086,68.80349757802618,-56.65507648969709,0
Maitri,-17.844473091603128,31.022526346532395,44.000484257541366,967.1943474716469,0.3721117596588117,8169.1730531569765,77.6647145075311,-20.016049935860394,0
Bharati,-25.008446456844382,42.02129104278648,55.44263493055236,972.734393829011,5.505377661638354,4363.726977475146,80.1190314830809,-27.949936829839437,0
Bharati,-24.404597101036572,47.14286928787147,76.44676650174792,992.443932722159,-2.3382173940438067,12338.493219820528,32.88674705616496,-27.704597951187573,0
Maitri,-10.58898538608304,26.80986454512604,40.9581726675508,953.622031533243,-3.8623927821452435,4514.67990293665,69.68135298033269,-12.465675904241863,0
Bharati,-54.29223295072372,40.72069936263704,52.15243808045827,1027.4483606815913,0.9075889892223385,20.0,76.2944597014515,-57.142681906108315,1
Dakshin_Gangotri,-54.60750804788445,60.55566511489195,72.85850875214302,959.4555706557592,1.655622793869924,4621.634539231555,39.652468028203494,-58.846404605926885,0
Maitri,-20.892942320147206,70.36804319221916,80.33345900144411,958.3369954788856,1.9540222722130554,6188.641371208584,85.11322997324605,-25.818705343602545,0
Maitri,-25.106752826927735,32.97990978971981,41.27900286346937,992.5026753585724,3.311109380472362,20.0,76.28804178157986,-27.41534651220812,1
Maitri,-22.447345852121018,34.310667519293574,44.31619889013477,1005.8388227324514,-2.9303093981695345,10829.343660519415,76.20340970352238,-24.849092578471566,0
Bharati,-31.931906127586682,32.69418149786847,64.32628262675462,973.525944668355,-5.63379873068482,5603.693337935266,85.81784829616815,-34.22049883243748,0
Maitri,-15.034694886401033,37.16940550174431,59.28429377234856,958.5706156515779,-2.3382694321478277,1390.4166522987307,68.83744207545988,-17.636553271523134,0
Dakshin_Gangotri,-11.0104173551332,46.114608724510305,57.66264323591358,961.5524218262444,2.327365050687318,2159.4819735213455,75.64975652193677,-14.23843996584892,1
Dakshin_Gangotri,-17.740265590727095,32.34113470055728,57.1576910467455,959.3996085800202,-3.6875867218772442,9046.899997556158,87.97630168767081,-20.004145019766103,0
Maitri,-28.912426876068746,68.3177728150585,68.3177728150585,986.1635926039736,-7.735340185945075,9535.684713832034,75.83212672389655,-33.69467097312284,0
Dakshin_Gangotri,-56.61534081421604,63.454107628232016,92.21089114538871,978.6002775983363,0.5770777914537214,3404.936133503883,47.34324985018826,-61.05712834819228,0
Bharati,-13.461456879443078,29.377206513188092,57.32876421145732,988.5166521781064,-2.268335929704518,578.8335290739142,75.77340864429632,-15.517861335366245,1
Dakshin_Gangotri,-6.674070006736109,29.284427848995946,66.64776798923236,987.2973885521484,-6.908357563373289,6523.5221645138145,75.9590326728637,-8.723979956165826,0
Maitri,-15.3316238202403,22.127215320282044,47.24272971106861,996.48624576654,0.29780533662635855,7257.639053226624,88.5086295360275,-16.880528892660042,0
Bharati,-38.1946364105126,38.19476608485568,57.5671115235074,971.8011196026117,-1.5450908447050844,8261.077317429957,69.8514839581695,-40.8682700364525,0
Bharati,-14.893084094983632,24.153083204719962,52.06448705340145,965.2359052225115,6.70393088589359,3747.49057219034,60.33051906095625,-16.58379991931403,0
Maitri,-12.092054380578318,21.57016133629375,30.312067022557784,983.1258813673511,0.3553746963956317,5511.604570198011,60.37961154433143,-13.601965674118881,0
Bharati,-1.6177562830137155,37.77036067011082,48.81619575308932,978.9001998120024,2.3443384595881227,6080.57113949003,96.63921736313533,-4.261681529921473,0
Dakshin_Gangotri,-38.14164886341936,15.199769977967213,29.557321793432823,985.0590402871911,-0.06891916012678909,9867.247211540294,79.3388288750032,-39.20563276187707,0
Bharati,-28.396818768162078,46.5194489107957,75.20826421979963,965.7657411794754,-2.3901201990896923,11317.214465578792,95.87302811979897,-31.653180191917777,0
Maitri,-13.790919232848172,38.54489751781018,44.98611398998784,992.8443457890493,-1.9504541915062008,12402.761986735783,98.04377161685896,-16.489062059094884,0
Maitri,-24.138848928427635,61.786843673886814,67.16622669819023,956.4325344227843,4.323834886839152,11209.922061784942,63.846844598073105,-28.46392798559971,0
Dakshin_Gangotri,-41.759914030769124,33.287155555705546,50.652536337775715,971.1923068120947,2.9911558004708456,13253.844697078337,62.7005465708761,-44.09001491966851,0
Maitri,-18.780755724599455,41.586334410366625,63.76163938112528,1002.580826665327,-5.95451578631309,10052.644292462379,73.08468196752239,-21.69179913332512,0
Bharati,-16.3200754927725,6.136453444246777,14.105647684846016,957.3737008195436,-4.994424758406581,3642.588472852998,84.2160371839907,-16.749627233869774,0
Dakshin_Gangotri,-23.68055655503497,44.34559680376081,66.04977633148015,1001.0048609131862,-4.772303570183506,12134.03433778665,53.97650423484045,-26.784748331298225,0
Dakshin_Gangotri,-21.706226092300838,52.718956357237765,81.40294977774181,951.8180125377677,4.2403989770920205,494.31820773792697,81.82348295816867,-25.39655303730748,1
Maitri,-28.88058852528595,31.398133296064152,58.4027502308994,948.2954825140167,-6.925495842471765,15457.859309903133,81.06371752133259,-31.07845785601044,0
Dakshin_Gangotri,-2.8258159642591103,22.03504826144307,40.56797594672548,950.1227547994782,3.145951636713453,2099.0586591481824,58.118879719049076,-4.368269342560125,1
Dakshin_Gangotri,-38.510382755690145,33.686453142629134,47.78047565373936,982.3361233449107,1.5934294784169443,9550.5923950542,58.64492509219693,-40.868434475674185,0
Maitri,-33.80981144145668,46.49226630810715,78.84850266458129,994.5919150088586,0.5872523469380436,11777.015163350501,81.66746715919416,-37.064270083024184,0
Dakshin_Gangotri,-24.835217297087116,49.60398061777196,64.75802056268647,1005.8518820777815,-1.8919765208470058,7837.159768631014,100.0,-28.307495940331155,0
Dakshin_Gangotri,-11.815689584486611,10.24174167800408,34.64528787415613,1004.2574151427357,4.754467780222388,20.0,70.57707722691731,-12.532611501946896,1
Bharati,-47.46059755141805,99.91686632338957,134.49968111524532,997.2539716984452,0.45387251983621063,2208.2242750979185,79.94623883425729,-54.454778194055315,1
Maitri,-44.654451246481585,21.63325084050868,44.98593163680802,963.3643309628436,-5.77683524345498,7427.254307733353,65.92491631879504,-46.168778805317196,0
Bharati,-55.565927616020765,41.95040325486676,46.979490925796625,963.1899293208019,-4.845290286500919,8542.483446945178,78.54732313999757,-58.50245584386144,0
Dakshin_Gangotri,-24.509571621200937,55.71429188624507,58.3240640731622,995.7558464303908,-6.579031090371941,5284.83355765059,65.61926890612187,-28.40957205323809,0
Dakshin_Gangotri,-41.77458725809816,27.966021212603135,39.98972701197213,1008.4261687994881,4.801336798119918,6297.341388080187,71.11595201035557,-43.732208742980376,0
Bharati,-30.768251650268752,50.591610085856566,72.68660132043883,959.3771824017933,5.697020230528312,124.39244409067032,100.0,-34.30966435627871,1
Bharati,-15.07932715162438,10.184929059339803,29.632787727779935,1005.8799867877822,4.345106053783599,13097.409203661155,76.60608134025023,-15.792272185778167,0
Maitri,-34.6231408117427,7.843576999481338,44.91439765411807,941.5932506342149,-0.5725329041960855,4488.265341023927,51.537405838681835,-35.1721912017064,0
Maitri,-21.530769658849533,51.530023022667365,70.88058590028143,987.7985018787065,-5.705514889173698,9155.034905857281,84.6426675675856,-25.137871270436246,0
Bharati,-29.49006861627583,48.37360460851076,60.09919244100442,977.9238546444824,-4.216045250109099,11614.24832304705,91.93994045533096,-32.87622093887158,0
Bharati,-14.918285273553447,35.86470147838773,39.53128044728883,975.9162051032605,-3.9554928069762667,1379.8266872058884,85.13251831424995,-17.428814377040588,1
Dakshin_Gangotri,-17.87307898977987,46.567199015809635,73.37157279478308,980.6254226139939,-0.18277205576878436,6512.061387314009,72.34840387675656,-21.132782920886545,0
Maitri,-35.379005442619146,64.32828541780032,79.2676731257178,962.9253962551713,5.549770926518408,7111.966921214675,61.23961063710046,-39.88198542186517,0
Dakshin_Gangotri,-27.52977630100679,56.5999959483509,56.5999959483509,988.9215620311079,5.534071906291284,4967.797488727622,61.60835372465487,-31.491776017391356,0
Maitri,-9.343849034192584,28.838872243446136,44.06147827259883,981.2133696158551,-1.9533446716501361,9709.420690256446,72.153934525021,-11.362570091233813,0
Dakshin_Gangotri,-19.099346946188547,33.52038276257384,38.563001651303765,998.7062296467328,-8.946233791543797,3331.022872075253,69.49772311591575,-21.445773739568715,0
Dakshin_Gangotri,-45.954430866266975,26.277061568319116,37.02068646482096,1011.8078079332425,-4.66796235030544,6219.91031838964,66.62670408477423,-47.79382517604931,0
Dakshin_Gangotri,-15.16572908242926,24.494007256424805,39.55592702085147,982.5383382541627,4.754403602281335,4516.420451119927,93.22975781808309,-16.880309590378996,0
Maitri,-41.269159336543574,44.213690607954696,50.16191012460479,963.6256326792309,0.9265148509124042,15302.171836315329,88.81750973488279,-44.3641176791004,0
Bharati,-3.8123039505849086,26.123959601394784,36.24771791183122,957.2420174535856,-1.4225848491292836,3348.801306212614,94.00490713349542,-5.640981122682543,1
Maitri,-9.638517402384627,44.16232533904623,51.72112699791304,1013.9650363631964,-1.7014624333981714,8979.783672324025,63.17444458317671,-12.729880176117863,0
Bharati,-20.651717861223986,27.94870422998151,35.775812266779155,1011.4074598126904,-3.0034038924667144,13186.562228249342,61.18803163391744,-22.60812715732269,0
Maitri,-22.6415073484571,30.137396374395077,35.057191203079476,997.7474322096629,-4.815093399599353,2326.5389598724037,76.16073081392325,-24.751125094664754,1
Maitri,-28.1354838404113,18.45930608215375,28.631660436122523,981.1970780425315,8.288253655854946,6381.3317966828145,81.22468704968344,-29.427635266162063,0
Maitri,-14.822140728999578,43.579923748127975,49.63293933038844,996.3033112059694,6.873932972391108,2054.348283772915,76.0727572842471,-17.872735391368536,0
Dakshin_Gangotri,-30.561672541930925,9.79962817599849,30.665469335756946,1006.089307621193,-3.2874651038984632,20.0,80.202686376287,-31.247646514250818,1
Bharati,-21.46645194040159,52.51044209754202,69.51844263284492,967.6408604576105,-7.015486703747409,2859.9302045824425,98.77581456170583,-25.14218288722953,1
Dakshin_Gangotri,-11.920984502208233,81.64219265689773,108.58934490680562,980.595906044906,0.6760733798195478,3718.5466909488805,71.7241617643588,-17.635937988191074,0
Dakshin_Gangotri,-33.42709815288384,30.686529108566713,64.55356301294275,957.8752892615178,-0.5898725038174079,3956.2867390098318,87.10706567285436,-35.575155190483514,1
Maitri,-34.242891099860415,29.975383617131133,51.74863375634882,977.4187674874526,2.51256924413344,4801.427326378949,82.76947901404802,-36.341167953059596,0
Maitri,-42.915482210866884,11.920933085946047,31.416803332279127,1010.885470930049,3.41842758400627,6024.509630880914,76.42982180618982,-43.749947526883105,0
Maitri,-40.967091191892585,22.380830170444888,44.784202893393825,1001.5709557684881,-4.680102525995136,1212.7935560099886,86.41554766285707,-42.533749303823726,1
Maitri,-52.425929671622534,46.82271667706917,66.48860484709076,982.700136028199,5.120871944400509,7406.480863319362,63.48068089852005,-55.703519839017375,0
Dakshin_Gangotri,-14.052568164767056,50.19382141788441,65.69581487215032,926.1353376667739,-1.412648273529841,10853.328420718793,60.463894250897596,-17.566135664018965,0
Bharati,2.1337181312415616,32.73370324962022,47.440445186146235,966.8841472912546,2.4316394404799437,11322.58088514123,81.4930512573352,-0.15764109623185352,0
Dakshin_Gangotri,-3.6200658479454155,45.42804034566816,50.211340705047846,982.048119297322,-1.0458621440496831,4959.302893730946,50.429595751824806,-6.8000286721421865,0
Bharati,-49.39126732939775,18.669399210876893,42.05859475392529,975.6817316063635,3.6899606841786787,9575.551608591524,82.67312612246958,-50.69812527415913,0
Bharati,-14.127179926657,36.69203317473105,51.379085076147746,980.6554516257662,-9.449178889724191,3275.999306023522,58.07749318634557,-16.695622248888174,1
Maitri,-3.668404751146653,59.29998404928453,88.79517379219095,984.8517984248614,2.953333773327123,4626.545227417755,97.76894079729463,-7.81940363459657,0
Bharati,-31.85214971107996,40.359686037942964,64.51104507379613,969.32638481814,-3.3276780047582464,7594.098986925496,69.05601540578984,-34.677327733735964,0
Dakshin_Gangotri,-23.47828854024926,63.82597304018358,72.5664568174238,979.849381003776,0.29385719745911665,4661.151939039957,96.79846676829004,-27.94610665306211,1
Bharati,-55.11839576207005,64.812969116628,92.27987958561555,977.0111322566631,4.9788118351189405,944.3747428704237,71.83772117541916,-59.655303600234014,1
Bharati,-20.998957480350377,37.90832636595911,37.90832636595911,965.9359466469757,-3.2125999033990014,9333.02062862134,71.19690243422679,-23.652540325967514,0
Maitri,-40.95339594152076,2.9176948107884586,37.21995226036658,1016.9267532404001,-3.840050554258256,2685.5844539304408,87.98876039287418,-41.15763457827595,1
Dakshin_Gangotri,-22.005474731327283,49.66378179342191,51.279329015925256,970.4708288813781,-1.4879140358915313,3920.0950302811484,79.39451063830477,-25.481939456866815,0
Bharati,-48.418043832833206,14.335075660285368,34.28619745199406,934.9158157457662,-1.7402816757233919,10232.890756437162,73.99948447018095,-49.42149912905318,0
Dakshin_Gangotri,-16.857126632836064,5.109444076798576,24.383605738273857,1015.6653172017197,-4.20065048056437,8148.501228709856,68.93844776616085,-17.214787718211962,0
Maitri,-9.632309868599654,8.907769190736442,35.144937809153944,963.0744803098512,0.4250872677185249,6704.444545753463,69.08184428589297,-10.255853711951204,0
Maitri,-36.747697925727515,51.43753475267142,63.150566679627296,997.9981669828808,0.6326820590399009,122.77049170233113,100.0,-40.34832535841451,1
Dakshin_Gangotri,-42.05383872115652,38.065199851404905,38.065199851404905,966.3822714198569,1.851953889538219,1346.7988042818079,49.870576950221874,-44.71840271075486,0
Maitri,-57.340345638249715,33.197330770928005,44.92445165712245,991.3855627118567,-3.2782824313753154,7589.2971349218415,56.9620434101905,-59.66415879221468,0
Dakshin_Gangotri,-28.996203011127655,39.93984425833746,52.748221233340885,979.0370528000959,-3.7760094856422284,8520.126850838045,92.65327447999022,-31.791992109211275,0
Maitri,-33.72390901422408,9.282468721316198,9.282468721316198,1000.0066167462736,-0.47438695863937225,7012.077440519275,91.52797521656652,-34.37368182471621,0
Maitri,-48.26529118522082,26.21487064269893,41.66858673230631,975.7259152339071,-0.9801820048916706,4105.0405873502605,61.16249388016688,-50.10033213020974,0
Bharati,-18.204718655317425,20.466198265690767,24.707683379045314,966.8936018485663,-0.9033558988749504,3973.578422584291,48.713651648892665,-19.637352533915777,0
Bharati,-31.74955572796974,31.863039375336513,53.35389040627105,985.1403970379243,-2.82891849097037,6863.324227921289,94.08491579905801,-33.979968484243294,0
Bharati,-41.136039379678486,32.459650076317594,44.998852718052454,972.3501653706595,1.3201597377653407,992.9116263054229,59.298055356001754,-43.40821488502072,1
Bharati,-33.31858608460671,39.07161095989846,73.6825598150958,941.4165429320233,-3.769918814687325,6366.756068807538,67.63337194332689,-36.0535988517996,0
Dakshin_Gangotri,-8.930431916055767,42.11389904015494,54.55211247175012,967.9699854071297,-0.4886993984719169,444.9186952648661,76.44180802534288,-11.878404848866612,1
Bharati,-15.955945843671667,9.592328803946048,28.896241467358003,1037.375379520509,-1.2254737137462626,1789.4862158894393,58.91088907444923,-16.62740885994789,1
Maitri,-26.950390922477347,26.40820470270158,39.277489638106545,943.5725421491909,-0.13383273146068803,6712.8564044937575,88.86650314763504,-28.798965251666456,0
Maitri,-15.713424723027211,29.641038640908768,29.641038640908768,984.8209964604187,4.741079274940563,8332.928048910964,75.3139760062619,-17.788297427890825,0
Dakshin_Gangotri,-42.413679345801086,14.090585503540513,27.043455452165556,975.1420794346685,-5.258000015687709,7367.199199054468,61.769479362920656,-43.40002033104892,0
Maitri,-24.51444848909454,13.212538257865011,35.7466726695798,1016.7283979036248,-9.565303060851415,1541.8736603189473,63.0911458666245,-25.43932616714509,0
Maitri,-22.79016504270294,8.942719503282596,29.96261755993222,957.7792337154873,-2.376765800335446,20.0,94.4546741788281,-23.416155407932724,0
Dakshin_Gangotri,-32.0475476274809,12.09401544430807,24.161338066029394,982.0260687256043,-4.60522417551157,5966.739042587273,70.81869285317879,-32.894128708582464,0
Bharati,-18.468124960638733,45.289209184078295,45.72164801491864,993.7239536772026,-12.049930050114053,20.0,84.21707166490299,-21.638369603524215,1
Bharati,-36.70650181966677,10.655976324198896,32.10056220153176,976.414106607104,6.985402673587332,9777.703303142249,74.85024224790692,-37.452420162360696,0
Bharati,-17.352689383358232,11.821324501589162,31.01619035622405,964.6489389114072,2.2388409413317976,1674.6588599652823,48.68179237909035,-18.180182098469473,0
Bharati,-16.722118427030622,31.172967023498124,54.607075562024114,979.5560766617266,2.6686282429887385,14936.756181119788,86.20266049779852,-18.904226118675492,0
Bharati,-68.75739821045599,36.61382724507295,48.87270529272672,973.8100751227533,-1.1418712981094339,2152.0332730057376,91.10772872699971,-71.3203661176111,1
Dakshin_Gangotri,-7.145414447348234,29.151251043282915,29.151251043282915,973.7539499877955,1.6832696110459908,7851.814427176267,100.0,-9.186002020378037,0
Dakshin_Gangotri,-70.71448848029131,15.774576332622546,36.1121781633895,998.6142469310901,-1.690561586202821,3053.569841183775,46.49134852561561,-71.81870882357488,1
Bharati,-34.24073538334188,13.390735727994434,28.299308077259592,988.0589916654591,3.2572837777010597,5327.304554998829,27.623201192061003,-35.178086884301486,0
Bharati,-9.619779486133675,30.716786059133053,59.63362379313418,991.035337546286,0.7562621226692864,6735.894202540978,84.58625057057482,-11.769954510272989,0
Dakshin_Gangotri,-29.75930087878661,27.458396401592996,42.74572672605717,986.6059236566584,-0.1461015088715372,9441.169812237586,66.01015390747432,-31.68138862689812,0
Dakshin_Gangotri,-46.992789737043125,23.784890351458525,38.33022145956351,999.1976079916412,0.15571238074354482,10078.061120435352,53.54988496573846,-48.65773206164522,0
Dakshin_Gangotri,-41.40605592575006,44.27275619013538,63.44530090879519,1006.0851940114794,5.86179811024992,8909.276656260452,76.61296572677905,-44.50514885905954,0
Dakshin_Gangotri,-9.596413805190704,26.499065097125428,35.52975440911412,974.2657352960726,0.6693237809776917,10150.524619608503,68.26047846737173,-11.451348361989483,0
Maitri,-53.82256795822957,12.679824877091253,21.228467665855558,996.3893781174827,-4.118436814857314,3535.5440375177363,55.857146671077125,-54.71015569962596,0
Bharati,-8.065133485569742,23.862888906006816,37.8839362426274,954.0762340885312,1.3447636856993055,8595.183643354847,73.75809233037364,-9.73553570899022,0
Bharati,-25.82653148563434,38.755900509142684,44.55183742644296,934.9388806473058,1.9561626299854593,4636.4236106786775,83.49753362151074,-28.53944452127433,0
Maitri,-42.8859299566365,25.637386621605287,38.34643196694563,1016.5281006789078,-0.5788394186119362,9944.910152880608,77.62394258447492,-44.68054702014887,0
Bharati,-33.74672608454037,38.40260163851928,72.79821521300627,973.3328311953303,-0.20841185717334731,6462.296765635398,77.73762054637132,-36.434908199236716,0
Dakshin_Gangotri,-40.258365116524615,42.3314358414255,67.75777310868918,985.0494567992604,-4.2648644714963675,8481.04999450869,81.65138485092722,-43.221565625424404,0
Dakshin_Gangotri,-12.00662198712207,26.54783299676881,44.628212410765315,955.4956840820732,0.3883025857421238,7165.902328388987,49.6292525031029,-13.864970296895887,0
Bharati,-14.013582853557425,29.078272918689017,59.5950455282382,954.5731257280383,-4.857925386571191,9041.512962946808,74.23054505953272,-16.049061957865657,0
Maitri,-50.7874170081407,24.760548829944227,31.51158784987777,965.7411221686918,-1.0031021790520145,2769.391160873315,78.59938398441187,-52.52065542623679,0
Maitri,-31.05388177779001,38.84053055710801,78.74492925590796,992.8579545964351,-2.677291100314767,20.0,69.33089764656053,-33.77271891678757,1
Maitri,-37.94778493516416,24.34193175537194,34.73690657977467,969.6691439877505,3.9316248534755696,9955.871228602155,62.55852749609755,-39.65172015804019,0
Maitri,-5.597350473109447,36.89463938878919,71.93269834388099,973.2841910019724,6.199772803406856,11379.977356245177,63.80730883463699,-8.17997523032469,0
Maitri,-45.25148677189631,32.7408246102091,67.73485508800559,965.1097784253296,-4.577297301395005,5536.408298548577,70.59916684612207,-47.54334449461095,0
Dakshin_Gangotri,-0.9365634297247922,8.868936907026237,8.868936907026237,1003.3157617862066,-0.01848167469330126,9244.403267357808,88.71574522558879,-1.5573890132166288,0
Dakshin_Gangotri,-25.499421092754062,37.94243276856574,67.61335419998389,997.3706001816813,-1.24143747116874,20.0,97.90832940604264,-28.155391386553664,1
Dakshin_Gangotri,-42.429016095701314,31.168222502845506,43.32913109831874,970.317035044761,1.8577536473460634,3513.841097711675,94.85176187020045,-44.6107916709005,0
Bharati,-35.159112760139166,53.56817785989625,62.88849328671555,993.6823253078073,0.38496663746629817,6327.818563832073,51.58889053037005,-38.9088852103319,0
Dakshin_Gangotri,-37.02428261152676,14.491549443203557,34.73793064485342,975.0952599584197,-1.5495017754061886,20.0,60.91027169036927,-38.038691072551,1
Maitri,-44.11927603023259,33.01990380025548,37.9407505527079,973.2490150924788,0.37500208907180776,20.0,84.86194613400784,-46.43066929625047,1
Maitri,-23.577597104044365,22.475287081002286,42.49525796016507,979.005784506027,-0.8586050317508159,6631.806985629961,94.51085740350507,-25.150867199714526,0
Bharati,-43.41873326037765,9.5493541351544,15.141409312178736,992.8646792975077,6.356538407288405,3577.2736854495447,60.49782486830217,-44.08718804983846,0
Dakshin_Gangotri,-57.70549313107283,7.712661799460467,24.483454592078655,962.1560097021201,-3.174581450548308,4613.296956145161,77.74908451315473,-58.245379457035064,0
Bharati,-30.695147062722597,59.030823240047354,87.38444903094884,990.0478923510132,1.0299468262285292,4374.790376862824,58.02210704198871,-34.82730468952591,0
Maitri,-52.04284294626824,33.075737203599914,51.940916557924446,1029.9564194626712,2.038533888085146,865.6837397811578,79.14733307845445,-54.35814455052023,1
Dakshin_Gangotri,-36.28241302101281,26.067381788297823,37.46946591548635,983.6624236071042,1.7539088770667688,5129.908645892504,65.34826068443508,-38.10712974619366,0
Maitri,-38.63654332905034,11.313898978288977,31.728010086668178,980.714361838863,-1.191558113464075,5945.1847037967145,77.743833001602,-39.42851625753057,0
Bharati,-38.06824108038721,57.26181000987469,58.19700758982569,978.316646588123,5.473095737561673,3669.1585845603377,56.82295133117202,-42.07656778107844,1
Dakshin_Gangotri,5.014446523852307,19.290222741906835,25.901614899946495,989.5642332333784,-8.355534635019024,3994.0985461205246,50.49184978443816,3.6641309319188284,0
Maitri,-24.15382649245644,33.88804036960909,44.585339764538936,947.7919227018767,-4.37574508489611,5184.106907328707,100.0,-26.525989318329074,0
Bharati,-21.31943486507002,30.528204510454945,53.396706971636206,1014.0216861243637,2.654279767436632,9279.04483367886,76.04011636626319,-23.456409180801863,0
Bharati,-51.64597444513442,70.80761529697703,89.86560283519132,999.6237390860804,-3.5204304305702077,5622.151723530229,100.0,-56.60250751592281,1
Dakshin_Gangotri,-34.80944700455383,28.705243643494416,49.05690818850783,967.1096825700597,-3.754039783096317,20.0,97.63574375859864,-36.81881405959844,1
Maitri,-21.77046055087732,21.69934737327211,36.42552188416778,980.6309446024139,-1.8687823370400516,1224.5725723547403,50.46590461783926,-23.289414867006368,0
Maitri,-40.36793369369509,33.33627955652973,40.45528309650408,968.8530360033645,-3.142573303831592,9727.255889912369,80.42676811739591,-42.70147326265217,0
Bharati,-11.37905734723022,35.21905031649798,65.10021968219134,985.9847004778403,2.5483560423091074,3257.5799160609977,55.58284515929803,-13.844390869385077,0
Dakshin_Gangotri,-43.04044878851545,95.42969200857833,103.45175746390173,981.2270172697672,3.617619137181433,5646.053181018946,70.55702326766632,-49.72052722911593,1
Maitri,-29.295492037977635,28.448239049500916,47.63862854655912,984.5726711196984,0.35326132177757497,13699.564167817865,46.72652768927857,-31.2868687714427,0
Maitri,-33.79077459963338,14.198708563150195,28.077662031612697,959.4335689895659,4.218505484108046,8527.263275672689,51.386606665796634,-34.78468419905389,0
Bharati,-22.535190109271262,23.78890194771473,44.418833618061285,970.3691298798882,-5.545738000795176,20.0,62.178148893261124,-24.200413245611294,1
Bharati,-34.60735107783139,33.297491443780224,42.242621591610856,1002.9211582580035,0.30355083044768894,11779.631410530457,66.81380236841096,-36.93817547889601,0
Dakshin_Gangotri,-29.06340440606406,36.47585453928323,62.00262614815373,969.3241728200486,5.391813943383122,6598.586879246561,75.58240644887377,-31.616714223813887,0
Dakshin_Gangotri,-28.541951376669783,10.653453729520935,39.4362328878803,927.1301093030171,3.9074232143028906,7477.201267220101,59.45717108122854,-29.287693137736248,0
Dakshin_Gangotri,-36.015816360869515,22.24575082223123,47.15898164719494,976.9873922963601,5.745176320732958,7216.680530488631,77.23962562545498,-37.5730189184257,0
Bharati,-17.72359197254331,68.70774686270094,85.28400012243742,1028.229822209238,-2.3601826584218033,9653.425247419396,92.03647516457772,-22.533134252932378,0
Maitri,-21.42417437743862,17.160186955649372,27.808934494612533,996.9775532556323,3.6687592976754417,5681.034253317516,79.10834950978958,-22.62538746433408,0
Bharati,-26.32920917879751,44.8003611864401,88.02147902503569,968.3170838811242,-1.7071045512066056,73.72626521332677,73.99015946534783,-29.465234461848315,1
Dakshin_Gangotri,-31.456875001929372,24.23241035570194,29.316164908082257,978.9879644579083,2.380611615496595,7294.103603790608,80.1244290479693,-33.15314372682851,0
Bharati,-13.051839542200044,29.34061017215203,53.15290568935336,993.5971873998593,5.243507287928313,472.7306348723878,53.47527067648709,-15.105682254250686,1
Bharati,-28.53751365721272,11.519249214103729,29.84709809486997,944.8749644417973,-3.176270482363731,13266.352471254497,89.28010598229699,-29.34386110219998,0
Dakshin_Gangotri,-29.60045931738906,25.522235046718084,39.896860624930866,962.878820101387,-7.423054322457979,4551.436182838499,57.03552207284899,-31.387015770659325,0
Bharati,-23.42964955167811,33.08442126849127,49.93605066583142,987.966937506595,7.390261394166902,5793.037926076682,98.27794455877537,-25.7455590404725,0
Dakshin_Gangotri,0.44880024456276146,28.638612551247167,38.53645951763414,1011.8897314762179,1.9525088754893776,3295.8970109405454,86.56129811351767,-1.55590263402454,0
Dakshin_Gangotri,-45.105343120318054,26.39080283958045,45.66135827203293,971.2135363665183,-0.428318234247701,7356.669451239863,83.348430629118,-46.95269931908869,0
Maitri,-13.45214660416968,38.940796355317865,57.10904121491854,1011.3403474519513,-0.648028980601757,7817.461934657291,84.00147036584106,-16.178002349041932,0
Bharati,-53.397567418571576,13.364292754332864,55.140824983584594,964.913528093328,-8.384767507741325,3285.188981135626,74.97162320485259,-54.333067911374876,1
Bharati,-21.74090262657064,33.891247058991574,59.59946920982918,912.2897467649861,0.8349248091748642,7812.2553247683845,63.20422005837957,-24.11328992070005,0
Bharati,-1.3737575858690398,7.291053893752386,27.44988161501646,994.8762168049984,-2.122261046863883,6270.904887210536,60.873344459460505,-1.8841313584317068,0
Maitri,-17.669972132990395,51.137534973468206,71.89312430656446,990.8079788602153,0.20989939622915693,5616.524182064607,100.0,-21.249599581133168,0
Bharati,-22.44062382190311,26.8707443665714,60.26612092152885,994.7236856693582,0.12117156253982517,2993.849851691792,76.54955936919731,-24.321575927563106,0
Bharati,-33.40674203204613,43.28466821180915,48.58040256440643,993.9420974414667,-13.51103526131563,15257.553178531214,58.2760654418738,-36.436668806872774,0
Bharati,-24.534291992671687,4.062009028309919,17.234681590692215,983.8350010885619,1.9598602290192695,10731.167462175883,82.75067012986369,-24.818632624653382,0
Bharati,-28.780942231050343,40.20214294775042,40.20214294775042,974.8236963367344,0.755877986261053,8913.451936475165,80.14325113024728,-31.595092237392873,0
Dakshin_Gangotri,-36.78964911897033,18.907012645605846,39.49475106722486,975.5862324533955,1.2930800231413635,10505.93572074169,70.05990928574649,-38.11314000416274,0
Dakshin_Gangotri,-29.348134232123048,29.444050679497668,52.92578818494067,970.7919719665808,-0.7336789101742166,7199.633735444507,61.52965737026093,-31.409217779687886,0
Bharati,-22.024282590603406,40.529324441960455,45.573323919612115,971.992184727861,0.1956934865942289,4602.67120408992,86.03338974601326,-24.861335301540638,0
Bharati,-36.508256027959604,28.016306625864434,57.36710680587147,943.7793048548182,0.6912336636388712,20.0,89.1907081249851,-38.46939749177012,1
Dakshin_Gangotri,-37.09422731027026,38.091520953363755,45.902721027115895,955.7138410613461,1.0970523355537847,1124.0531185922327,79.83595020640342,-39.76063377700572,1
Bharati,-45.40365156388262,24.42735749973831,36.00267640957268,976.7315740374816,1.9023448064842072,14660.101975634261,76.07315287675009,-47.1135665888643,0
Dakshin_Gangotri,-19.13912460866656,53.17313406643291,69.36879322263323,935.1826603864466,1.1310509030121023,10640.804339957796,63.26414594342447,-22.86124399331686,0
Bharati,-16.820151070494095,26.830983586472318,57.77294721407047,939.8432035396129,7.398915311595824,6809.274677665255,82.19759772460097,-18.698319921547156,0
Bharati,-21.525093336452237,27.121058670425615,33.53908048961663,973.3143565307654,-2.9040599152859405,20.0,65.47961183261232,-23.42356744338203,1
Dakshin_Gangotri,-10.522442609070012,27.390635750446968,45.30310700410379,977.4333816738997,-1.4998184203907576,8539.102704317502,55.91290240069582,-12.4397871116013,0
Maitri,-23.681985443789088,29.016768599864484,51.76514614778871,973.7328929993769,6.771825723011393,4887.823013169695,91.88395293012951,-25.7131592457796,1
Maitri,-19.11983593951365,13.763151385403768,34.44785302219862,932.4018533729383,-0.6184103866611735,8791.831657101351,59.551497453705196,-20.083256536491913,0
Bharati,-20.442438615436558,16.845531685993183,37.89954201666022,1011.0479044654785,3.7265514337974337,1552.3294928454707,46.54595826172627,-21.62162583345608,0
Maitri,-26.37310029127312,46.51955080218809,69.13455302392751,951.2753866424399,0.5420194870501363,4040.2033288003317,94.63523038081314,-29.629468847426285,1
Maitri,-32.96232742194471,43.271941221444926,52.72471397539371,963.6367785904968,-0.9112473455587317,9540.451495434889,48.833407881887304,-35.99136330744585,0
Bharati,8.212289236878668,41.88075860538292,73.75855647368617,954.7646403040096,3.944992893048485,13711.250205412514,69.1539075413063,5.280636134501863,0
Dakshin_Gangotri,-31.779264697802628,36.33778193764121,50.226287955916945,1005.9806172609902,2.0736902295761843,3366.2397238023955,58.56578145807588,-34.32290943343751,0
Maitri,-34.988165666806545,21.95890144625832,34.52041941643427,988.4284024408099,-6.1360393500593675,2001.5518786961798,64.1429993441892,-36.525288768044625,1
Dakshin_Gangotri,-18.489852648248394,20.737461220083944,49.21371623322148,970.5351375770294,0.6939726738119907,10091.544216529932,100.0,-19.94147493365427,0
Dakshin_Gangotri,-21.222183770574922,28.376097535968523,37.07042886719882,969.1268820813052,-3.9802466974950477,960.3259074147227,73.47653502268972,-23.20851059809272,1
Maitri,-46.07187321415491,50.15673484760896,68.35951675459917,983.5918646815556,5.084610405012171,1247.8945099344355,80.39857583014638,-49.58284465348754,0
Bharati,-8.15982618154392,32.11740242275603,39.88905618280366,955.0689139755159,7.014360166056483,7063.742170183054,86.85731961304595,-10.408044351136843,0
Bharati,-26.4129186302625,16.366249925530937,56.558608079981106,987.6147880429252,7.49588879996384,14342.741782599627,65.29764501520226,-27.558556125049666,0
Bharati,-41.66396642823581,12.0662772713971,50.152822438664984,969.0271032519667,1.4300541019920863,2604.8544622096224,91.12710314662468,-42.50860583723361,0
Dakshin_Gangotri,-7.168238284691888,43.956520661249634,57.854110846884176,990.3927836389347,-1.8462705934176944,4520.976306193068,80.64013826747812,-10.245194730979362,0
Bharati,-15.614866426057691,58.041543933809834,78.24011566881515,989.7144502297331,1.2870333833017906,6445.214719662718,86.30705125775688,-19.67777450142438,0
Maitri,-43.96812987921871,10.313877873204863,25.365875923678672,968.1277676328101,-3.7588981467229803,4109.131951860035,64.1285256189777,-44.69010133034305,0
Dakshin_Gangotri,1.6577426038658665,44.695910288883326,56.20991540479934,938.9457696162233,9.381995201769161,20.0,81.65985497848803,-1.4709711163559662,0
Bharati,-15.118039474507109,35.904349446577285,52.10066443763594,975.0634952311428,4.777428123253277,9207.8286940321,74.86590740201508,-17.631343935767518,0
Maitri,-25.15294173437569,18.548811941465086,33.14279758924049,951.0105390122169,1.218105404368046,6745.300137212143,91.94629521761367,-26.45135857027825,0
Dakshin_Gangotri,-1.1467179156733103,32.336763270529744,32.336763270529744,981.5726937178674,3.988196782066278,7467.461786587448,66.89496444672889,-3.410291344610392,0
Dakshin_Gangotri,-22.61053324255539,14.852181476303818,32.48241469195972,974.8685626624002,-1.9668964994454512,5433.184551011083,100.0,-23.65018594589666,0
Maitri,-25.42124612656048,25.748729377479613,40.32580065235317,968.2401024024024,-4.431832364809819,12052.70097146858,80.08084668179967,-27.223657182984052,0
Maitri,-34.904501740329835,29.20028611203612,47.32229067837149,954.0887543898109,-8.853013562693718,3981.845097418818,73.12173202889848,-36.94852176817236,1
Bharati,-16.27224341039382,52.91819468551304,67.14301690786823,1003.7357835806446,0.3322270455985383,1691.7988543545916,71.36711688414957,-19.976517038379733,1
Maitri,-17.8509554901403,25.082422194050483,36.479028559265025,970.9263541014361,-0.8326176949993014,12654.827703520703,74.89732375844778,-19.606725043723834,0
Dakshin_Gangotri,-24.77979790165433,19.703214469697894,43.45231507245488,1027.0670172756368,2.077157124372625,20.0,65.5700935404459,-26.159022914533182,1
Maitri,-36.849795308014045,34.52377541310266,54.855119450186734,980.6985921891302,0.052290801779809284,5384.8076183183975,85.00073221397734,-39.266459586931234,0
Maitri,-23.05105218750889,38.609172301266,67.56964530062288,987.0317872336961,1.8955410449680854,5697.969640726581,74.82127374910615,-25.75369424859751,0
Bharati,-26.046981786432067,19.303734221837736,39.25103186656104,980.7842438876073,3.2443336019817517,5541.79073579783,100.0,-27.39824318196071,0
Dakshin_Gangotri,-45.00211478101302,16.00377518765355,29.02770966950221,986.8314345970035,-5.840724414733724,20.0,68.50016717163521,-46.122379044148765,1
Maitri,-47.07718526986278,16.79616085706889,37.963846118913246,1001.8537466612296,3.475598840093258,1259.8201430099434,73.19030607644531,-48.2529165298576,0
Maitri,-16.52269931785346,53.011078289482754,53.011078289482754,1002.0845266149089,-1.626321013430029,9831.961472981302,68.48533838086094,-20.23347479811725,0
Bharati,-64.02832472577533,37.75680321752988,73.79360210483773,944.6678457568796,2.070315416236218,11541.360788992955,100.0,-66.67130095100242,0
Maitri,-21.918842095581102,24.20578174579661,41.94958318357229,997.1099479922739,4.088907299311434,4330.75933671822,53.31404862614045,-23.613246817786866,0
Bharati,-32.171245866307366,48.605374484904154,85.44993342616169,989.9427883717933,4.116376964083873,2277.345124692972,76.40461256246222,-35.57362208025066,1
Dakshin_Gangotri,-5.376300896801347,19.221052179030114,25.52760158222379,980.7178439850771,0.5166112653101927,20.0,79.69474871472362,-6.721774549333455,1
Dakshin_Gangotri,-32.402023137308134,27.7927543212015,31.616300495060855,1014.2510184695144,0.713903306695248,9762.279064015254,58.07965863940069,-34.34751593979224,0
Dakshin_Gangotri,-15.10773678622156,14.708300742242958,33.36663366888611,1015.0553363671787,3.567648928095168,9998.587184026142,100.0,-16.137317838178568,0
Dakshin_Gangotri,-30.953707618566874,47.55094990534547,66.17629733301206,998.0919253977826,-6.004704641646666,20.0,61.04152138434398,-34.28227411194106,1
Dakshin_Gangotri,-23.29377769770785,18.364759713677717,36.74720745804716,969.1293202454281,-3.806316219788025,20.0,75.50285187786044,-24.57931087766529,1
Dakshin_Gangotri,-13.947452036199232,18.597028092285054,35.45529012478986,956.1503373808214,-1.1170269120876761,6547.270256903881,100.0,-15.249244002659186,0
Maitri,-31.938335744868702,34.9180297230106,43.63685811374671,995.088002643336,-5.3311763105364465,7064.724174552163,69.37401465888547,-34.38259782547944,0
Bharati,-10.05167673252394,6.828378648684252,6.974820707899038,1007.1906711710153,-1.0868670561543148,4090.6888661340254,77.1544222201749,-10.529663237931839,0
Bharati,-39.90546815659725,12.852178324336395,30.683683890843255,939.4268447690686,-1.3053957885409972,5868.20378574758,69.82839212685529,-40.805120639300796,0
Bharati,-20.581107361624312,41.20574429051055,43.379824287526745,1001.7258946079974,0.348426346244691,5011.0437014151485,74.20078867155878,-23.46550946196005,0
Dakshin_Gangotri,-11.160404158182208,16.653190013446753,17.883127036059484,974.9026892529597,-0.22753371642790365,6105.712479506033,91.22186444278948,-12.32612745912348,0
Bharati,-15.099437623144977,82.30180042102396,93.49548243634159,943.8199433117114,4.2773941176297425,2396.3620785684593,68.6764023739365,-20.860563652616655,1
Bharati,3.7466731510311533,31.469927104583206,50.77651695786704,989.3879231045994,2.2920187779724475,5950.993731224224,35.18314946133949,1.5437782537103288,0
Dakshin_Gangotri,-36.45158975965991,9.854491344279847,44.73208371684278,998.1877330694772,-0.2841251017506505,3302.5324455236178,74.50570024957777,-37.1414041537595,1
Bharati,-45.68723877022882,5.231943041409243,30.024536073947182,972.9730268506513,-1.3330494207381338,2969.156471456117,75.9437645612067,-46.05347478312746,1
Bharati,-39.91502662742679,59.503556315125266,88.83573218641607,958.8529073679372,-0.1902324396419249,20.0,77.93156455078129,-44.08027556948556,1
Maitri,-15.093361501773444,31.452203723101846,52.98882059853256,1014.2418185378855,-0.11944417163457072,5297.836062285061,72.25042776374337,-17.295015762390573,0
Bharati,-17.53115598595932,26.100528352623407,44.76906554206073,966.627260273722,10.075025163540742,9211.894267165088,62.06193146167529,-19.358192970642957,0
Bharati,-23.46615010528876,31.392878115003455,71.45078126356438,1003.1894463483674,-5.830108851004765,4697.660425550343,71.32283896676894,-25.663651573339003,0
Dakshin_Gangotri,-41.84435573660695,9.803094606797991,11.574538467874065,949.7389934962529,-3.705100172393289,4586.067444784922,100.0,-42.53057235908281,0
Maitri,-13.496990600064088,28.27277594456184,39.14047278061939,988.3201009530751,-4.291703738779977,11022.876534302733,74.36933369327907,-15.476084916183416,0
Maitri,-43.3705716647581,17.330531883751057,28.97873418792694,987.7501431531698,1.077086735307721,10099.929617820893,84.79362764377893,-44.58370889662068,0
Bharati,-7.615756264346501,27.361105969516032,51.29667618309925,997.4683201301781,0.9186933865288098,12938.330883267703,59.494054506445096,-9.531033682212623,0
Maitri,17.861576347097973,22.280190186849662,27.492422609988786,1009.8596678646816,-2.292287173975945,15028.340899302093,70.62868375821296,16.301963034018495,0
Maitri,-19.50323280142674,30.557126919725828,53.191422995491834,963.727405767292,3.584470668483772,6237.948721179941,59.99081095789008,-21.64223168580755,0
Maitri,-16.253377965133854,24.194718415971025,44.99121673366505,990.4154954377021,1.478627457785002,1371.3297324134164,94.40509230401017,-17.947008254251827,1
Dakshin_Gangotri,-32.39289653343339,21.5079183935765,44.64139274304446,952.66865230383,3.7524012586876183,3915.445962251841,51.66330826184229,-33.89845082098374,0
Maitri,-52.15319981630225,16.253118194783614,39.20534866323459,952.4417009905476,4.813817411643666,8292.008204746566,80.5860248499379,-53.2909180899371,0
Dakshin_Gangotri,-34.04079044545334,10.090129907959568,40.473326274285526,968.433308368784,-8.524179543762488,11760.420982469046,80.11118718758111,-34.747099539010506,0
Dakshin_Gangotri,-41.393428616481245,8.756543287277038,23.264448657903284,988.1865454521239,2.7424666960850526,1804.5492003024137,79.13907193821197,-42.006386646590634,0
Bharati,-46.705068646225236,13.1209814688195,33.42256056373511,1013.5373564029013,-5.160241889587632,7021.112938234706,39.82676754014548,-47.6235373490426,0
Bharati,0.8353991299347392,39.60295887132218,47.2374660156931,1017.1789117966781,0.9976504985385253,2828.552906093283,44.65593290959636,-1.936807991057813,0
Dakshin_Gangotri,-20.907062229613405,15.724674468224622,21.076724365548948,972.9021734184882,-0.2915840205095897,5413.382897774581,76.75584185285261,-22.00778944238913,0
Bharati,-19.304686290790244,19.584401498329576,52.232689344365596,986.1106891718566,-0.12085500551217983,5353.546389620707,61.15322637711593,-20.675594395673315,0
Dakshin_Gangotri,-29.63533547794374,19.687387170142795,26.56619929657204,998.8601093058098,-4.818485334728945,7524.744716224077,65.3571658934461,-31.013452579853737,0
Maitri,-27.593066236651545,22.474094099629482,43.88721486915836,995.3076537695125,4.1219461455470645,14129.302343041656,68.63190028216658,-29.16625282362561,0
Bharati,-10.531739766409999,36.17822498741103,56.48865298248585,976.6108651285438,-5.1619799094433665,7900.353106013868,59.20547900197217,-13.06421551552877,0
Maitri,-25.48505678042823,24.066801163284715,50.816610106657436,981.5221007591044,3.0021344454903867,4280.666391513456,56.6203561928111,-27.16973286185816,0
Bharati,-17.039590929629007,43.37565666761424,43.37565666761424,977.7963815660902,-5.727561554684882,3620.516253720486,74.99916894187889,-20.075886896362004,1
Maitri,-27.94006446767524,13.213486643282032,37.12555656874385,975.8325210764839,-0.07142419802954507,5236.63044838725,46.40876462682768,-28.86500853270498,0
Dakshin_Gangotri,-30.132293360980707,41.088347685250305,55.508027621098336,973.1717914634784,7.217565086288643,2513.241873245913,67.41297698833485,-33.00847769894823,0
Maitri,-46.10371248402793,55.97115696067084,64.9720657760468,977.6068301997661,9.44652219322436,6558.5953757213765,64.98878261208996,-50.02169347127489,0
Dakshin_Gangotri,-54.66623593550692,28.081795985956564,40.573620868352656,971.8837183685029,-6.4748754318771296,20.0,74.64470163346856,-56.63196165452388,1
Maitri,-28.923428515996026,15.061962825653294,40.42967069606333,957.2916467919732,-2.818152944733299,5155.224846920584,100.0,-29.977765913791757,0
Dakshin_Gangotri,-24.15254962010151,36.543399241120355,58.855804414371086,997.2516056609537,-2.0906452249758716,5471.9653974043895,60.270775572916214,-26.710587566979935,0
Maitri,-44.29195055063187,28.34424051488282,42.06500593482781,990.3251546782348,9.02021433408374,1357.3966022365594,81.09554245039448,-46.27604738667367,0
Dakshin_Gangotri,-25.51712297551949,33.300768043244624,36.909693402551824,1017.5318748633726,-0.27330652873818534,4471.428839285189,78.31190721455708,-27.848176738546616,0
Dakshin_Gangotri,-24.19371155514247,44.015160254107975,48.32971428499158,987.390360405386,4.298656344896552,10479.662064686963,83.39844352614666,-27.274772772930028,0
Dakshin_Gangotri,-57.340120090890686,23.06981848633788,45.60012008558449,971.6607970258812,1.1988285366632854,10768.19741774641,71.80062635160462,-58.95500738493434,0
Bharati,-38.72686989219252,21.115203118035463,23.337778861491525,967.4712923994591,-4.7968500120004816,3867.4464611987632,96.62183761198595,-40.204934110455,0
Bharati,-18.891041593967973,90.49731190972733,104.31576702728424,980.9473213469906,-7.439208412206599,8093.941340659803,85.27946512307713,-25.225853427648886,0
Dakshin_Gangotri,-19.19411905906384,36.78527342016647,78.59599469396551,991.057503267512,-2.4523669980788054,20.0,85.51808457002903,-21.769088198475494,1
Dakshin_Gangotri,-42.30512374599641,47.89871000213077,67.49431838583173,975.1057879161965,9.267492887080355,4815.365388512513,53.786266173523494,-45.658033446145566,0
Maitri,-22.623279242503976,42.728408508545165,65.1509005484952,950.5948506292538,1.0304530401973226,6923.2226339553845,76.44509696712392,-25.614267838102137,0
Maitri,-9.663891619592919,48.19920633116032,52.58885361249703,965.2197937488377,4.2174958389429404,12107.710851524616,67.35216848837241,-13.03783606277414,0
Bharati,-13.343905615136526,33.88730939369092,36.61429283196648,980.3605003162378,-5.672970246772474,10771.212319201539,62.075460918462966,-15.716017272694891,0
Maitri,-26.429286805209017,45.28191019606227,68.24013056644279,994.8056731963887,-1.3008876623176502,6835.718185659629,65.6030326382396,-29.599020518933376,0
Bharati,-32.019644699864386,19.65233241674608,31.828812527797503,950.2835247657662,3.1153756945330175,2353.913040609623,74.16121480035689,-33.395307969036615,1
Maitri,-34.440167265017564,9.926912345989262,36.663127161626,985.3016690124334,-4.364667833947993,11434.062832209562,81.85146685416153,-35.135051129236814,0
Maitri,-17.982703256355144,16.917006719995992,33.348339096241176,984.4223906051537,-0.2558695653313061,4638.8471590045065,89.72405227413402,-19.166893726754864,0
Maitri,-22.07344040285668,26.185939299948,76.74956715544931,970.9684700941202,-3.51906446771207,7793.956762986674,89.02042212701511,-23.90645615385304,0
Dakshin_Gangotri,-15.558939908466995,24.377612909024865,34.65441475589138,968.2615556149779,3.305737535682282,5509.890010749412,79.39041877096587,-17.265372812098736,0
Dakshin_Gangotri,-23.02189280318272,28.42935595501792,47.32067124691221,965.2735251724409,1.5940661831755976,13968.968538160945,75.83435298562966,-25.011947720033973,0
Maitri,-12.718540744788372,19.011583643269983,26.070127017395286,982.8161260673066,2.73354167493787,3559.8249144236343,70.13269317700181,-14.049351599817271,0
Dakshin_Gangotri,-23.5811120056345,7.463642571757369,33.784442678281664,1002.5363732549556,3.4843001432024114,9665.016114087819,71.28608693240629,-24.103566985657515,0
Maitri,-13.229669258024703,22.72069899332359,43.12582293206645,1003.9556897898194,-0.910699212822266,5654.3810051054,63.29560126118146,-14.820118187557355,0
Dakshin_Gangotri,-11.937658444500416,12.219243960489028,18.607345426345752,957.5203930556305,4.012926887669044,8276.41825293486,68.57311047147984,-12.793005521734647,0
Bharati,-37.067899453372206,27.7930756784147,40.62022673728042,976.2604363866219,-2.3593926007642483,12480.04887190655,80.30739988453841,-39.01341475086124,0
Maitri,-52.12216070306119,34.72194980211954,64.4402975371248,936.1298039536409,2.502880405743874,20.0,98.10529741486653,-54.55269718920956,1
Maitri,-1.847607159781699,22.48152329470802,50.99861434843257,982.1836862204234,-7.8838131203845405,5738.442042759054,72.75409821674153,-3.42131379041126,0
Dakshin_Gangotri,-21.150119039316074,14.515921985637123,16.371965592980665,991.9529584026228,-2.9854247571568453,2423.740426251448,62.88476779287439,-22.166233578310674,0
Dakshin_Gangotri,-50.71728843244182,29.193840340613864,40.534143903291806,1011.4192237110798,9.263212814326508,7782.927537452001,89.53881197505899,-52.76085725628479,0
Bharati,-35.70729245828066,93.03928946777732,127.253257030747,944.2708522535102,2.443951746921951,8765.322683966997,44.9637680874243,-42.220042721025074,0
Maitri,-13.421885614452574,36.77672578030953,51.104947773362305,958.2388015603875,2.445387546118545,4118.091661731299,90.64724211260007,-15.996256419074241,0
Bharati,-29.195152466993395,38.1832757654349,56.01750091092749,982.8827360375126,-3.2955837257307636,3911.7929546187797,53.50742864429402,-31.867981770573838,0
Dakshin_Gangotri,-32.68092128978691,21.216829637532218,47.48614880413299,947.6322326705075,-4.3768418239333995,6815.2280247722965,84.8573942705324,-34.166099364414166,0
Bharati,-3.9867720953055006,17.645056941894357,20.323439878910136,983.4442430170261,-1.0574406569563866,907.1818959419734,67.85866182749406,-5.221926081238106,0
Bharati,-40.709307195757155,48.25480214817507,54.857827173881084,992.4600509014093,-0.26851393851076166,7332.8709926294905,79.81364151694513,-44.08714334612941,0
Dakshin_Gangotri,-36.97230036632251,5.718669170472102,18.481678338305695,954.3742455209389,7.657868748454165,2729.1600898240545,100.0,-37.37260720825555,0
Maitri,-21.829202874275985,18.681938055751516,46.728174254304015,982.6517074009695,4.075757687771349,8934.592920904697,62.43335067777333,-23.13693853817859,0
Bharati,-19.143176019191767,62.33396791529577,88.53162139781875,955.7557812996989,0.4357114850546049,728.4765743538164,59.99173700718605,-23.50655377326247,1
Dakshin_Gangotri,-17.554854484889027,26.90167639024863,50.09934006211961,1007.5085173787661,0.26285121574637654,3730.926733921014,76.17317682568093,-19.437971832206433,0
Dakshin_Gangotri,-11.331429331465797,10.740637164666444,25.34903767795875,984.1329218492039,3.0325630430232082,2995.4509736271275,97.879919365972,-12.083273932992448,0
Dakshin_Gangotri,-22.021320689777248,35.24956146577801,62.545258842574945,967.1987194206594,-5.275183462033515,4807.367736095214,77.68747567752722,-24.488789992381708,0
Dakshin_Gangotri,-17.659240915923863,22.561359709320012,37.03490740093691,955.2371723940003,-7.68539964053522,11505.360249382516,75.66923571477983,-19.238536095576265,0
Maitri,-28.88813888972625,9.230778631643256,31.01045875536733,987.782993870605,2.9735523235485704,9383.870027696345,77.53619911066515,-29.534293393941276,0
Dakshin_Gangotri,-24.059525451449286,31.87600487399898,56.99639462794504,1007.1587100420484,0.2880506554204993,4081.2628935519742,59.92992033120192,-26.290845792629213,0
Maitri,-23.386987299195482,29.448062045005944,62.416262720112414,964.5699218159629,-5.2484655789906665,4077.786881468626,77.68841414303222,-25.448351642345898,0
Dakshin_Gangotri,-21.77352796271446,28.56315477977876,43.99990893396049,971.2071066785618,-8.3795233913198,9541.253799200591,69.1075400073563,-23.772948797298973,0
Bharati,-13.411902886258588,36.50918447310421,48.88308226364004,964.9571859858362,3.5754671873577406,1344.1721943684615,94.83692610941458,-15.967545799375882,0
Maitri,-16.672814770827536,13.956170866679185,42.906924494562844,1011.1098514210429,-2.0862206541411425,6089.527587065041,86.9698168876662,-17.649746731495078,0
Bharati,-24.336744956497252,33.54791422191278,63.2664400087379,941.8271906206484,1.6010427340297844,3576.946450859095,55.143973504524595,-26.685098952031147,0
Dakshin_Gangotri,-37.136889774115595,30.565717243060774,41.13197231915762,1005.7118644560045,-1.0550401050942835,5313.244768707584,70.75300078637811,-39.27648998112985,0
Dakshin_Gangotri,-23.98493112905936,47.74456633239542,52.694229013752775,972.4560382310575,-0.1369558924292025,9236.431684954321,82.91978908010036,-27.327050772327038,0
Dakshin_Gangotri,-25.420266773436158,18.54172223741014,46.73206689907126,978.5676976026751,-2.369002895130463,3322.9941711774345,60.27708418244497,-26.718187330054867,1
Dakshin_Gangotri,-22.102276302802025,51.981821204736406,51.981821204736406,973.1873070056564,-0.3060400974827121,9896.592169723222,58.81090922883628,-25.74100378713357,0
Maitri,8.09787960710603,42.35339092860936,42.35339092860936,984.7920176296429,2.3082929455701624,14798.347672928043,68.07029555206708,5.133142242103375,0
Bharati,-32.856591678118534,26.34141974469289,39.658468596605786,965.4040249012046,-1.1029140804488955,8416.036668062594,80.16661585054837,-34.70049106024704,0
Bharati,-18.665664713119607,28.553902313429496,44.57829947072104,1001.1676627317536,-1.3312942430880312,5663.655758693116,90.5572854108545,-20.664437875059672,0
Dakshin_Gangotri,-8.973068991335527,6.067730806283265,10.468209143511272,1001.9799408558821,2.430151565906636,10628.540605728618,78.48111534110843,-9.397810147775356,0
Dakshin_Gangotri,-23.529971288509255,28.132316297880134,45.35095968165193,960.3318192044651,2.69671959518951,1564.6184162383515,100.0,-25.499233429360864,0
Dakshin_Gangotri,10.067676787582478,40.874321475177666,58.539022361542465,993.3493393106808,-4.549960855512074,12084.292037153846,64.84859308079292,7.206474284320041,0
Bharati,-30.67058937597215,24.196893414539247,34.39301447399645,972.8701227953376,-0.11563536740427753,2987.7331135706386,86.1052736704445,-32.364371914989896,1
Bharati,-20.138661665199294,47.684488326557236,83.01913011823581,981.0326698012285,-2.0950512393337797,14672.376149091831,58.3635413965412,-23.4765758480583,0
Maitri,-36.98208617339473,35.56157758766942,54.859189687742465,1010.5030179470189,0.05487190383202014,3131.517366805253,99.16465226343293,-39.471396604531584,1
Bharati,-30.272871027149396,71.8582160135233,98.14310637874115,966.5193166410338,5.735867552811801,8646.80738532485,95.3911688075128,-35.30294614809603,0
Bharati,-21.265991344050132,19.28414136283779,19.722011476144562,998.5309887965917,1.4358692280523098,20.0,85.67261638852523,-22.61588123944878,1
Maitri,-12.305439065384055,38.901626335013894,39.25320821050843,989.1425035790461,8.656979635825683,5146.993956682838,48.95499720676371,-15.028552908835028,0
Dakshin_Gangotri,-20.213577489646386,12.437166582597099,32.037792689086366,976.1194372109824,0.8783781189404907,1681.226264794438,85.53361866337426,-21.084179150428184,1
Dakshin_Gangotri,-6.113277259978961,25.40213977230767,58.9507166665104,987.3480713505764,-0.6658340353889106,233.92974104708537,62.713008991074034,-7.891427044040498,1
Dakshin_Gangotri,-26.424479658890075,36.63397469422616,41.53461690450234,984.9682384663378,-0.07872986424190384,10822.076834625239,81.80433118247765,-28.988857887485906,0
Maitri,-29.98252794758508,40.134974738250705,56.56874120326353,956.8329337579062,0.570519398993032,1089.7824935192793,53.18029490550914,-32.791976179262626,1
Dakshin_Gangotri,15.559776609190799,23.189234216619745,25.838271769656565,967.8655231276063,1.2914057118169942,3059.7097095358836,79.0497341262689,13.936530214027416,0
Bharati,-19.08643525836954,50.29333004472869,58.10710405258216,959.0949523008185,-3.9678694175979654,2593.5652806125145,69.69669208038017,-22.60696836150055,0
Dakshin_Gangotri,-35.79222318967821,55.780508862962876,72.71162205104497,974.4676245702261,-0.9326407658716397,10558.652370408974,63.32648558318558,-39.696858810085615,0
Dakshin_Gangotri,-35.41395643372103,19.40985602376254,29.48374389013492,1006.9007059213643,-2.89758444094276,10069.996115126307,83.88902846064019,-36.77264635538441,0
Maitri,-39.14019871797011,25.83038413720875,27.775145105511992,991.6205560325288,4.1184882019080025,11081.180348505011,74.23050589850403,-40.94832560757472,0
Bharati,-10.951459662148181,24.400387279009596,26.121210372863743,951.3482184499946,-7.702674499266047,2854.1472237717403,71.92558822911475,-12.659486771678854,0
Bharati,-30.465659393398628,21.207523140823028,21.207523140823028,974.5326462584136,0.6276120724838467,11398.402891068208,86.05788958592136,-31.95018601325624,0
Dakshin_Gangotri,-23.089562865152715,54.02980205944719,73.7956400915931,984.6724972183861,-6.0726791498498445,2820.0615771319785,100.0,-26.87164900931402,1
Dakshin_Gangotri,-25.95263011657403,53.71748410043775,74.69329435474913,994.8817696061242,1.7289520209036129,2981.2483875582325,79.13510483220709,-29.712854003604672,1
Dakshin_Gangotri,-14.02761388088598,24.84670016725931,45.772234532733165,966.9846592416396,-1.5956196165793126,3205.0902201044096,47.91039751721986,-15.766882892594131,0
Bharati,-37.7011613932603,38.80501170605573,44.71325372740331,955.2513635247154,-7.267178265060179,3350.7565267826485,51.62580231134456,-40.4175122126842,0
Maitri,-41.13358429214523,47.40587477132971,72.46538767707153,978.8731419245116,3.7689222249840064,5636.852392631963,76.03372038270692,-44.45199552613831,0
Maitri,-21.635540392276084,32.099973843977956,54.16776051908654,991.3805934206282,-10.065548771052384,2645.2254856035042,90.39705692693721,-23.88253856135454,1
Dakshin_Gangotri,-15.985610729501545,23.835822099973324,38.908766166423305,984.696929732664,-0.12567794160290485,6925.645819208069,77.02062080116733,-17.654118276499677,0
Bharati,-20.01201530353539,18.634626608870708,32.06633917627822,962.3064503891686,2.764762038120947,20.0,82.67348367328239,-21.31643916615634,0
Dakshin_Gangotri,-37.14180593645992,40.69189020043134,49.20073551007164,1015.0923760696062,5.506926852235676,6912.583631371392,74.1177064053183,-39.99023825049011,0
Maitri,-14.837727368629093,13.07806221167773,29.999680550964975,978.0236892021295,-6.440627190345715,1641.281160877439,89.43143463967242,-15.753191723446534,1
Maitri,-36.157913906434516,24.185713907127813,55.35819196030779,983.8742054680404,-2.0640954163780143,3322.3764248458187,84.24908737300922,-37.850913879933465,0
Dakshin_Gangotri,-32.82307967179575,21.964240068954073,48.342806225119205,966.7606519655567,4.334612110564175,3418.956469062668,59.70634769592081,-34.36057647662254,0
Dakshin_Gangotri,-39.15930287083003,12.584248715045671,25.022144478754893,1002.1301599672909,4.604962811836817,9772.688988145128,81.7170261499559,-40.04020028088323,0
Dakshin_Gangotri,-5.482624770219537,26.92970294038517,47.31591755812877,991.4369378510215,5.122974083404698,8018.40426606222,51.86050100122228,-7.367703976046499,0
Maitri,-15.498676884589763,25.534781313504578,29.520480818286998,986.2932685832113,10.246325456709029,5337.831839970541,81.72035932333671,-17.286111576535085,0
Dakshin_Gangotri,-15.9250993648169,16.475416400125408,38.77608817417742,956.9669035337603,-2.0347715229221985,3139.062382561984,70.76247753620777,-17.07837851282568,0
Dakshin_Gangotri,-6.291828682863244,53.0019317208008,59.693360294147176,1001.8806045323653,1.4895276404155469,9131.511201489167,77.41040960327895,-10.0019639033193,0
Bharati,17.189738723580852,40.83586065883617,62.738416271612905,995.138059459539,-1.3834580010706958,13178.839985725328,79.86023437152053,14.331228477462322,0
Dakshin_Gangotri,-50.63839155865233,28.795371790560726,73.48609369530475,1000.298667950784,-7.900455020023413,5888.021350866716,79.22455669594548,-52.65406758399158,0
Maitri,-36.075648713156625,44.00477743548022,53.304653112208925,980.7405871538031,-0.3600116534104026,20.0,96.2621192000378,-39.15598313364024,1
Dakshin_Gangotri,-34.24262626261786,49.27360500715574,93.50163809953605,978.5027767228673,-7.977457954556752,3188.415682480067,75.51119604038306,-37.691778613118764,1
Maitri,-37.76229433574039,54.207650581184275,74.11400545901407,976.3581423650573,-2.0833140974215025,8236.864588867842,77.83375926097719,-41.55682987642329,0
Dakshin_Gangotri,-41.163748714055686,19.220745754886508,26.724489422267006,1025.5799588862171,-5.872632472105044,4229.1478068933675,94.94725059183494,-42.50920091689774,0
Bharati,-29.494795960830483,43.99615411935912,51.04159245201497,969.1510746415559,1.7554285390327242,2565.221555054933,100.0,-32.57452674918562,0
Dakshin_Gangotri,-43.24905572934107,25.59245986091378,64.24201593939769,956.2751031315318,-3.1141051421774004,2391.2675439369896,74.73436007266892,-45.04052791960504,1
Bharati,-19.974364486938804,31.52842026085178,51.45830710788277,972.5348766817627,-7.140832135427848,6366.713887673385,67.31871714918258,-22.181353905198428,0
Bharati,-24.22452517857078,19.76897267368446,29.107444112026073,969.3374600904592,3.4626346527974383,20.0,68.06228860173613,-25.60835326572869,1
Dakshin_Gangotri,-17.78457002854517,28.087328721123935,41.0527226106949,1005.1969367294517,-2.415006087050748,5861.372773218743,81.76083056980406,-19.750683039023844,0
Bharati,-17.384073225426214,44.31875786541137,63.6265156425009,952.8801520276721,-1.7284084497346455,6353.864233508099,71.94918562240032,-20.48638627600501,0
Maitri,-15.954897198599852,61.10681476205298,76.01960800992265,968.7741830393456,-3.9110290543471566,4201.913280866767,48.761240264489025,-20.23237423194356,0
Maitri,-30.601134052358233,26.65125686612295,45.11024832886464,983.8104632847773,4.596304747931121,1828.5553828233806,91.84573123690137,-32.46672203298684,1
Dakshin_Gangotri,6.81715103950501,16.784590752651784,49.52069971919455,1005.365857092696,1.082076002010716,10073.614351116577,87.23083201684328,5.642229686819385,0
Bharati,-21.483533252768535,65.67499444629188,69.39528780066512,994.2626461319429,-2.452353857947409,668.8791880969102,92.19964702427977,-26.080782864008967,1
Maitri,-52.93727128937192,18.799973870856714,40.24627714849582,1012.380347012311,-7.656142207405498,6690.924457333118,95.16188262130518,-54.25326946033189,0
Dakshin_Gangotri,-40.035636186493264,10.076400201037183,24.347424154215872,986.9158580157565,10.042536809188501,8911.012582095693,77.85918932056622,-40.74098420056587,0
Dakshin_Gangotri,-51.10754483541723,20.657425698247504,30.66697223766035,975.9276103984394,7.917469666353287,6637.849370109703,78.90829400350017,-52.55356463429455,0
Bharati,-24.73998056273039,6.478460468589207,32.20020214648863,997.1111305634439,5.772408058011244,10924.726365665643,90.0998746929964,-25.193472795531637,0
Maitri,-26.827078360800005,48.06153247987313,48.44727613302603,952.6567813495717,-2.8126867741352966,1458.4164818728614,56.77431366617682,-30.191385634391125,0
Maitri,-32.02638546849187,8.8310454514682,8.8310454514682,945.8022995151142,-2.003788832997115,2836.3454927497555,69.71288288981434,-32.64455865009464,0
Maitri,5.163891686007712,18.096920690913418,35.34225083853492,999.5252718916266,1.6026615966300253,4155.064638138105,74.11014136787982,3.897107237643773,0
Maitri,-16.765256888846338,14.334608723426733,27.95281132469777,984.2113365194776,-3.57541453078985,19162.787254487266,88.82905892395621,-17.768679499486208,0
Bharati,-14.108524578304984,30.00511081161588,31.476638306816298,999.2800762288899,-3.9575968620415893,8031.214928885717,66.92088513677899,-16.208882335118094,0
Dakshin_Gangotri,-38.96610231913155,61.121660285732915,61.121660285732915,962.9525512397106,5.834234246496763,8780.066151720319,64.31776147407957,-43.24461853913286,0
Bharati,-39.987173369965184,35.90275447249977,70.20908824918783,1005.6956760821554,-0.22056144109683823,8613.39870284076,68.53548810650686,-42.50036618304017,0
Bharati,-24.44791751354568,12.949258154948726,32.57940663454552,993.407177544258,-4.479475948554056,6315.2809563656965,82.04445397594814,-25.35436558439209,0
Dakshin_Gangotri,-22.404892905216613,77.208091126119,92.4045483568368,979.377592369687,3.8106693474838798,10197.7510119929,73.97586337756843,-27.80945928404494,0
Dakshin_Gangotri,-52.84467350671686,33.74307357592352,70.69552266551793,984.1469583358415,-2.295593275954056,20.0,53.23897727660471,-55.206688657031506,1
Dakshin_Gangotri,-27.70460534274301,45.624060040599204,70.84468497125488,986.9385578787338,-7.917418217612793,7107.899262624974,56.196346874636404,-30.898289545584955,0
Bharati,-24.788918756897427,11.280849778829017,43.97361748423108,962.8653566034042,-4.539249993546134,7712.87007694473,77.04905682292471,-25.578578241415457,0
Dakshin_Gangotri,-28.227237486566935,70.61590511799005,73.81636583682484,972.2997089723036,-2.0659737213952565,10074.594498958,77.54853825844792,-33.17035084482624,0
Bharati,-37.200856185200145,22.949665683389526,25.77573978214268,986.6224469489035,0.8798375718620804,1377.2727746036662,75.4137747510563,-38.80733278303741,1
Maitri,-33.0930277288171,10.697351050331317,31.868103401491478,971.4973216783552,0.6869504744190758,1671.6473752173024,67.93931970494609,-33.84184230234029,1
Bharati,-27.65288790359194,31.88583277887645,51.030824959834334,950.6116225095669,4.911080833834994,1924.4854614853048,86.81471179214378,-29.88489619811329,0
Bharati,-23.637999645849284,45.612888619218836,73.10950897581759,985.897775290778,-0.9481315274955706,8089.281676203659,80.53470883522027,-26.830901849194603,0
Dakshin_Gangotri,-15.92812626174148,38.702077131446494,38.702077131446494,996.7206834785458,-1.8626122904439584,8146.339189427461,80.02366165694053,-18.637271660942734,0
Dakshin_Gangotri,-8.78715692573693,38.35327158397801,60.38924574369445,1001.3706925784759,4.980186561930654,2200.784889531507,80.5559577686484,-11.47188593661539,0
Bharati,-29.415215852908748,36.94964917845699,61.84233551265993,990.6462112707702,3.9148015336106106,13657.105471321269,98.96122015165481,-32.00169129540074,0
Maitri,-31.84234294173037,30.399998871358736,54.76171953947261,996.3661450171326,-0.8538305125588527,7145.4857904366745,59.63591583698974,-33.97034286272548,0
Bharati,-18.435164896985405,11.253792404667221,22.186848592592,999.7501813979986,1.168118323924585,6496.823338658876,68.68394352393955,-19.22293036531211,0
Dakshin_Gangotri,-15.837326253837187,25.387772355491947,45.57392407145271,981.5931163476986,-1.9012889789452299,5169.492112629301,69.95485904531819,-17.614470318721622,0
Bharati,-31.513006498883286,23.53165837536122,30.775087455707695,937.6216663533622,-4.648647448100838,9721.97469808284,93.86498723571748,-33.16022258515857,0
Maitri,-13.144097845507417,54.31782722716591,66.3883664086946,1003.195624333501,8.788944543606487,7557.976999943376,69.39369701100145,-16.94634575140903,0
Maitri,-10.306219882660404,48.097730950870435,52.6683675578911,962.1336341631466,-2.1675536135496136,13559.40654067403,63.11310958395561,-13.673061049221335,0
Bharati,-5.624703015119906,21.868923770861585,29.282266477474064,957.382462357112,1.1799708545040972,1144.401925852986,73.41286848453473,-7.155527679080216,0
Maitri,1.6748136007973358,41.98618114368822,54.57655785989702,957.9318509336763,-6.061389795902586,20.0,76.568613616937,-1.2642190792608394,1
Bharati,-37.99624207989159,27.35282161895555,37.443454142576826,1029.6915586417194,2.945806458318888,3039.7663970938283,92.9457364522979,-39.91093959321847,1
Bharati,-24.791526860012333,10.103174896527952,17.51526046597155,988.8109537268863,-4.823431032091772,8213.401833748077,69.30470298235396,-25.49874910276929,0
Dakshin_Gangotri,-24.8308345507201,6.11754706463583,8.12157654285362,959.1676718345457,6.711834325818589,4287.6366167997985,64.68823505823632,-25.259062845244607,0
Maitri,-26.471103527987616,39.460778693567946,74.07173657815805,966.3316713510319,7.189640241544892,11084.110767200473,61.352305422705655,-29.23335803653737,0
Maitri,-34.73894379415204,15.406920598360022,25.40129116611743,979.9855004841534,2.2625562232397782,4425.767749652884,69.83572100841683,-35.817428236037244,0
Dakshin_Gangotri,-47.28343004846607,15.367169729863148,33.66682546517544,990.8480755541268,0.4595261816292546,10327.63340844852,100.0,-48.35913192955649,0
Dakshin_Gangotri,-23.609808309564944,19.094864635195165,19.094864635195165,985.585846758643,-0.7496604806860744,2676.9543783444096,80.73625524475423,-24.946448834028605,0
Maitri,-36.525334893218684,39.907951635474284,68.48444296456844,961.427871179443,-0.19017602323719718,10732.212033888853,83.97417214427854,-39.318891507701885,0
Dakshin_Gangotri,-23.710097788785625,48.42954620030917,65.10115270517764,986.3429308735653,1.6369404978921334,11476.61278034223,74.99563884161711,-27.100166022807265,0
Maitri,-36.9106531254828,47.908239003456735,58.46949357420546,967.7762438075141,0.3589802845976784,3740.856432354081,77.06074899102765,-40.26422985572477,0
Bharati,-41.49487518766512,9.347097498035424,19.995686791395944,1000.9383004142833,3.9268192692584156,7958.246862991811,86.79767180541678,-42.1491720125276,0
Dakshin_Gangotri,-21.485524594346536,18.634746067755803,42.32884464541635,981.1259320456953,-3.6731925029529964,7070.859653721493,83.44018119455808,-22.789956819089443,0
Bharati,-22.736177097902562,16.954598119054097,16.954598119054097,964.8133180435598,6.1123296043069075,8066.8279877838395,80.2373376379261,-23.92299896623635,0
Dakshin_Gangotri,-16.310770430186004,39.893278451151794,46.65134506406103,993.77908252514,-1.6906350444355605,11137.747456973548,75.24179841771694,-19.10329992176663,0
Dakshin_Gangotri,7.787956496264378,18.80295501141728,32.61211663540536,987.6648993957004,-2.9835158788535465,9892.846184502198,69.71540578364227,6.471749645465168,0
Dakshin_Gangotri,-20.840657031837296,26.304454701620806,39.998343889308146,970.5026860099498,1.4504436137264844,8056.451076844668,81.36511396477691,-22.681968860950754,0
Maitri,-17.723773494038056,41.739702479597504,81.79282211638164,994.6018410844367,1.7062099870389371,8652.20920314778,76.25336874199272,-20.64555266760988,0
Bharati,-41.16341993300988,29.046890108846235,40.67095540436492,992.5823422062793,-6.946680373638739,922.9261514104483,100.0,-43.196702240629115,1
Maitri,-44.303611608045614,33.67155900129215,58.57382892190869,1004.0364439681902,-1.9244391476923461,5836.3203844017,90.75892583163736,-46.66062073813607,1
Maitri,-1.2575582983999958,25.794024943068653,58.91059680842817,994.2027706431236,-8.688199896869932,1593.983901330832,64.88578454580417,-3.0631400444148014,1
Maitri,-38.852196698999556,45.907041312392096,67.61318217027639,975.7210623919553,-2.702828347502174,5927.362157404257,57.456732829511566,-42.065689590867,0
Maitri,-40.65916107202963,48.231440102708035,56.49327938989465,946.1894031453907,-2.5305730904171417,10467.235490346175,69.02679348757145,-44.035361879219195,0
Dakshin_Gangotri,-25.586483818248293,36.94111379730565,39.096237937436186,983.7329318969341,1.1898439402260492,5971.784339132667,58.75152475233674,-28.17236178405969,0
Maitri,-26.352886200660826,48.33021481542308,70.78441764256513,986.8360845019935,-3.151183024922949,20.0,68.1253287728287,-29.736001237740442,1
Dakshin_Gangotri,-38.53759759664938,90.01750465291119,121.46775688947568,981.0239388370944,-2.204191020910371,1812.800504895904,60.45644318349926,-44.83882292235316,1
Bharati,-29.5745982806965,41.37170018973764,61.83133114502884,919.7825119548947,5.215550840773935,8324.352559076126,70.0945494747976,-32.47061729397814,0
Dakshin_Gangotri,-6.5593642352484345,27.841295975741374,55.17577751510288,993.576599167081,8.25676851715778,3843.545083671934,70.27318652191232,-8.508254953550331,0
Maitri,-37.08990413247696,34.07562633510527,74.99509681248614,961.7589948394226,-3.68361771274122,9135.375039430943,77.20758521186121,-39.47519797593433,1
Maitri,-45.905087265492575,50.808877814762255,74.18262065866844,993.714456230885,4.077026950366761,1171.161371236546,71.89683812456897,-49.46170871252593,1
Maitri,-10.861095686503116,22.798441126422034,26.792112468482856,1014.0136945031843,1.551229171106352,7526.8743965207495,61.46556429977696,-12.456986565352658,0
Bharati,-17.61554632092945,21.799643901398092,37.31025155644264,974.944048380855,-6.955154931330649,7727.7732877806775,93.22351026278687,-19.141521394027315,0
Maitri,-34.30777930972992,33.77699037646979,62.4791423116813,988.7696806496423,-3.164681027326351,9159.60384249441,81.04482451055898,-36.67216863608281,0
Maitri,-48.732505241903766,27.570702186224963,40.082904276744834,980.6555557259002,-12.111330822947057,3379.160709998616,66.83304303533755,-50.662454394939516,0
Bharati,-36.16935034657845,16.857411743740524,46.914467691870115,990.511671597068,1.2942651383561339,9119.172752905382,61.70810000873404,-37.34936916864029,0
Dakshin_Gangotri,-25.82056655273907,31.113945504047475,45.44457652416356,982.0689020930995,-4.3071639912976165,12026.23604932435,52.99157374302241,-27.998542738022394,0
Bharati,-7.514918651742715,56.07408160110841,74.41755581057676,969.6603937766372,0.5357077483758808,20.0,51.89293618265446,-11.440104363820303,1
Maitri,-40.548729623044856,36.31098696744564,47.803576564007145,961.9011556436581,10.283807686874262,6206.811330940501,90.71187847317518,-43.09049871076605,0
Maitri,-26.267798222672102,14.937427456336664,31.53279085954741,1011.8093144031545,6.372552024989953,20.0,89.11919230660929,-27.313418144615667,0
Maitri,-14.872830101576529,39.28506466841461,56.40953894611002,988.7710596944622,-3.068025284587365,2559.216171351853,66.2361100120028,-17.62278462836555,0
Maitri,-60.71901010182881,24.633205273034942,24.633205273034942,996.6102983722059,-4.035128874987664,2885.7022541522133,95.49270335917714,-62.44333447094125,1
Maitri,-9.493207480916503,75.02572243109482,85.60978950528407,987.9812580564467,5.171926156445243,5734.195191889524,84.25146005982394,-14.74500805109314,0
Maitri,-42.73675858309656,37.70851291549988,40.376432046965476,999.5153622809895,-4.019205856459539,7510.164152125201,78.04880288064635,-45.37635448718155,0
Maitri,-20.02006759814598,20.57306286181418,31.50197678793059,962.0806543547843,3.964491068156348,9619.933383290725,87.92909481188403,-21.460181998472976,0
Dakshin_Gangotri,-21.29975275583884,40.790462677774016,47.83882498112202,981.6636288893927,10.943462018366114,7056.0853722794145,84.27691294458727,-24.15508514328302,0
Dakshin_Gangotri,-8.731204128042325,32.27616766490096,57.394379427256716,990.1097222925068,2.701672911205313,8694.510235042808,77.3051615296085,-10.990535864585393,0
Maitri,-16.736134286596894,53.37962580281314,78.61362517366825,1005.8533919157453,4.736054873131428,1686.0045641414135,71.39935430541875,-20.472708092793813,0
Maitri,-60.65935737594972,21.73662533145497,42.33956687478974,1033.4615219900113,4.272119960628272,10226.635724402988,73.39206971634057,-62.180921149151565,0
Bharati,-36.77168870733987,37.6642913656037,39.987799053455355,988.1503724408484,-2.228393308976307,20.0,50.88037833548818,-39.40818910293213,1
Maitri,-22.926923059700798,11.261560276012169,25.280212503876744,966.777985196955,1.1607622394988462,12106.768414997172,62.98905606344188,-23.71523227902165,0
Bharati,-27.924698291796805,30.41650348939074,31.94458037158949,956.0871382659773,-3.825742602114393,11388.799977172785,100.0,-30.053853536054156,0
Bharati,-17.835839053648442,14.698716059247934,28.22578219973697,961.9037053276127,5.159712563049069,9000.216323471035,62.588097799949594,-18.864749177795797,0
Maitri,-13.15950166495442,31.727471237197662,53.201682909490366,964.5176111132132,-4.340507824967302,14915.863430356087,47.240148432787066,-15.380424651558256,0
Maitri,-15.873223953554813,35.383507527918646,60.30455075706969,921.9783513536236,2.8039539731261893,20.0,88.55945265198858,-18.35006948050912,1
Maitri,-28.21412413831698,36.92861798013962,56.65706577873006,966.4868997588034,4.526872067430186,9117.70889008028,78.72921284019665,-30.799127396926753,0
Dakshin_Gangotri,-52.69505516680721,21.71867770071433,49.30339334085474,994.3348140267628,-1.96656950563404,6540.424522954291,79.57308826755178,-54.21536260585721,0
Maitri,-31.83221873282226,30.89673298112104,48.49429685049563,981.5079947837626,-2.8839822826353516,6976.3422639314595,72.63714683008216,-33.994990041500735,0
Maitri,-18.754477777915675,50.07230594890956,62.73670322880659,974.8275079939222,-0.6787717747657056,1345.7203011055917,88.66142123059169,-22.259539194339343,1
Bharati,-41.356708788257166,64.47724172648763,88.21384682348176,947.5609469852254,-3.5697263528963226,7579.230015037932,97.9451226471798,-45.8701157091113,0
Bharati,-15.530879048176356,31.447076707590114,55.511837709356854,1001.008199591706,0.6255903781146361,7391.293592027052,67.17827260827985,-17.732174417707665,0
Dakshin_Gangotri,-11.374100540990433,50.76154448194224,60.5198274987051,990.2362658184079,-3.6678805697463654,3241.619432879299,84.49322518211041,-14.92740865472639,0
Bharati,-23.096995355562363,17.69942515177482,36.48924773747551,979.741367107931,-3.3782238826644475,5725.226273228129,91.77744497276858,-24.3359551161866,0
Maitri,-70.95669799468594,23.582333400311768,35.63919965694549,935.9496157523909,2.1876115906334284,741.9845238349626,66.33354055741931,-72.60746133270776,1
Dakshin_Gangotri,-44.17132544067705,33.24250592574365,33.24250592574365,970.1845499276402,2.4702326781456057,4418.404725441509,97.64367017293895,-46.49830085547911,0
Bharati,3.2928373783412255,27.66604710188853,47.06711202302172,988.6743677004869,-1.1740573106294614,9843.270702526142,91.72750811628295,1.3562140812090284,0
Bharati,-33.19806689542567,26.16018284622209,28.21496102831693,979.4286524539839,-6.585695072465832,9923.227289201039,56.36982484209755,-35.02927969466121,0
Dakshin_Gangotri,-54.762148346934936,48.11383256608609,66.39607465942369,983.8387613634068,4.683442493735947,9074.80649321344,98.92466859546502,-58.13011662656096,0
Maitri,-6.471289175345916,16.099762093848824,16.099762093848824,993.7089232313641,-1.7936054643304093,9841.549384446718,57.156313758637964,-7.598272521915334,0
Bharati,-24.799666126844908,17.033914025339328,24.837243255131916,983.0947795070979,8.249260074983836,9893.860213915015,64.68833253831734,-25.99204010861866,0
Dakshin_Gangotri,-8.42589266563412,13.34753526730307,24.01154724994624,992.9935006598413,-0.5295874871649083,3425.8129342166244,85.25496003988643,-9.360220134345335,0
Bharati,-20.84561987170952,33.760534717937134,60.77778242105059,963.1290181942934,0.5431095495818935,7358.187118814966,90.62189536445963,-23.208857301965118,0
Bharati,-18.12161295681747,24.615387896464615,34.28023729660534,955.5445648719395,-1.7270057226181135,10347.11890707385,76.48017420785047,-19.844690109569992,0
Dakshin_Gangotri,-19.55486128428225,45.780438401312,50.03072886522493,989.547213645466,0.9736366763366311,481.750309559945,65.55197609641097,-22.75949197237409,0
Dakshin_Gangotri,-14.537675321184999,32.284836984382885,50.92828780431882,993.6481692307633,13.906269420212427,458.72223556083827,71.09830377443255,-16.7976139100918,1
Dakshin_Gangotri,9.161456728341477,21.441698589700724,34.271962702362174,990.3794759165521,-1.3958759645443723,237.40347102735086,69.32273592195625,7.660537827062427,1
Bharati,-10.43490496061218,19.672110779628145,42.57771638612154,982.6317235744332,5.105314071974766,20.0,87.61832512106604,-11.81195271518615,1
Maitri,-48.70508976768302,6.154696226565727,11.035896734920378,973.519181239334,0.3625348703621968,1796.775038710437,68.91184164044611,-49.13591850354262,0
Dakshin_Gangotri,-18.30007727081645,26.785901242680094,43.89444006407788,984.2197201443718,4.695173245810762,3898.125315758762,65.22230023069403,-20.175090357804056,0
Maitri,-7.877788478451734,14.821976494083481,54.51764446135534,987.5859987733102,-7.727547368059675,12049.222067741237,52.84130652947884,-8.915326833037577,0
Bharati,-6.959487901957811,48.6859386395636,61.29314904922017,988.785948952447,7.779552291419797,4250.103000280891,66.08655055045739,-10.367503606727263,0
Maitri,-31.399074745886494,23.975371864032986,40.84267596103927,1032.1427911325734,1.3641017847572499,20.0,73.22445032878001,-33.0773507763688,1
Bharati,-7.525833322178084,11.988372979753661,11.988372979753661,961.5839242899577,-1.0710209525308252,6664.7535859862255,58.04400657872697,-8.36501943076084,0
Maitri,-11.083864006731922,53.546002907289626,60.01621002736809,1044.5198624829584,3.6132395947782516,5244.145030333488,48.82913509631469,-14.832084210242195,0
Maitri,13.58776155454595,26.99701300243344,46.59422002286114,954.8635781634342,0.5756404110523967,2871.472299236169,89.69937829536246,11.697970644375609,1
Dakshin_Gangotri,-36.25002604372767,39.162327879976594,50.8633504549544,987.7133745282121,-4.5915052377836645,3645.747311326603,59.993736302664374,-38.991388995326034,0
Bharati,-32.61100864600638,21.608653349552903,42.7529829555607,956.1031483814394,-9.693119102511066,10268.355719165338,55.360025565724115,-34.12361438047508,0
Dakshin_Gangotri,-29.59178572689931,54.471921057214786,73.72130791518072,986.1248755479465,7.304234894296016,360.4613904096859,98.54287154626883,-33.40482020090435,1
Maitri,-32.35333225058163,18.222369500624573,20.04207514184697,999.642456497075,-0.8913984979091637,20.0,87.73159485688524,-33.62889811562535,1
Bharati,-38.35031124645404,24.609206707383287,49.76226953363146,980.6516535968605,-2.4517171814743044,7867.342417663367,90.38228505234368,-40.07295571597087,0
Dakshin_Gangotri,-66.44013258510614,9.72641573418566,12.299566299961658,999.4616085793042,-2.1408666133297514,3544.1180215889412,82.57801008669651,-67.12098168649914,0
Bharati,-31.520492105847012,53.806124126561855,61.15690506848758,971.5263557719546,5.857878155035647,12208.8363449326,94.67060176825697,-35.28692079470634,0
Bharati,-19.459629104501435,20.14797440521825,37.44282356056038,939.002717180225,-1.9604457865953286,5382.787181874371,88.25104843501984,-20.869987312866712,0
Dakshin_Gangotri,-32.39832768258866,34.17065704225536,64.84088712232115,992.534182650785,2.5774624333703975,5598.509721175302,69.83339632321574,-34.79027367554653,0
Bharati,4.030717752936646,36.65709157753502,41.61832805626012,980.6127664903033,-1.3385204641383117,9146.2074829767,59.02427570238361,1.4647213425091943,0
Maitri,-24.79936280926206,49.44052095630227,65.91736549049779,970.4077207623999,-5.019237268572334,20.0,55.75281340508341,-28.26019927620322,1
Maitri,-5.634564172237969,32.860934634910926,49.421139323214334,971.7887693511619,3.60513959917064,7350.344049283725,72.90453523740365,-7.934829596681734,0
Dakshin_Gangotri,-21.078693809050474,27.84815466873249,49.42175444645687,988.1316347035723,4.41201819799084,4537.527206416416,58.500095799115975,-23.02806463586175,0
Bharati,-12.60389035160113,46.908343471250966,73.74864896804186,963.7093420564411,-2.717274857772243,10107.226636435267,63.034763163489956,-15.887474394588697,0
Bharati,-20.811376690996568,36.34781305188066,47.30706041186126,987.5048961912352,-0.1510282659190504,3412.8911934678245,72.7156045808426,-23.355723604628214,0
Bharati,-4.468230521446557,25.627554604910394,50.746047017539894,1003.7727403791391,0.3880351479446393,6707.288467201662,95.96820418180226,-6.262159343790285,0
Dakshin_Gangotri,-24.16090974801399,55.01497439685759,83.31819158512138,1021.2014028922611,1.780499102580121,4564.143137799463,52.34133683270818,-28.01195795579402,0
Dakshin_Gangotri,-17.558189378668214,37.7856056004491,70.62519738916484,1008.0905307552453,7.885162289362137,7651.5980547311465,75.44588164167405,-20.20318177069965,0
Bharati,-19.505005995249345,14.093214263122457,34.11244726033866,983.2349086593321,-1.295481180938639,4995.415282831654,56.22850340561526,-20.491530993667915,0
Maitri,-29.324281871909783,59.98682816965226,76.5611972731786,985.1533019980953,-1.320177161220864,7049.241548808487,66.65485226915982,-33.52335984378544,0
Bharati,-18.925265216129848,21.30803497553507,31.562190239386375,971.9950294570972,-0.701260419057847,13012.954729955349,88.94777315549807,-20.4168276644173,0
Dakshin_Gangotri,8.515793692965232,49.317963095232585,49.72809577373651,970.6871304676808,-3.768858812823111,4856.053101009152,62.2749796032472,5.063536276298952,0
Dakshin_Gangotri,-29.05595413143163,12.118790993507481,24.3392556669225,997.4406359692091,-6.888646682613396,7610.997692281895,71.04944186294387,-29.904269500977154,0
Dakshin_Gangotri,-18.708026607201276,46.76232041578555,62.885697778050634,973.8497988335146,0.5350524150907893,15145.871707903343,77.11533270617244,-21.981389036306265,0
Maitri,-6.133315736958359,14.602853573869254,28.507930549540184,987.3219928217939,2.1091073816630557,7559.4180831555095,85.51766846976709,-7.155515487129207,0
Maitri,-7.896200785835795,32.41200127105329,53.38918119920157,960.7498098518837,0.009809831073590437,20.0,66.78161328352844,-10.165040874809526,1
Bharati,-24.82425373420952,37.253668702651325,37.711935958586054,1007.4062529861104,-0.25082572073496634,3334.9480301756157,93.91170008617803,-27.432010543395112,1
Dakshin_Gangotri,-60.750830544360426,25.919861012058462,39.10011830916041,973.5508667269949,-3.594919942897315,1185.0035296813012,68.32302531440052,-62.56522081520452,1
Maitri,-17.249457720273007,29.586847861295222,64.53454295259833,1001.7595834132992,1.0096097676413314,9687.852447070167,82.2652969537597,-19.320537070563674,0
Maitri,-58.29211387934579,16.437802239212452,41.39378983423469,965.9235364545113,0.6794367516729644,5624.722573920398,72.15128169902908,-59.44276003609066,0
Maitri,-2.950941535881533,44.330820657897725,65.49272195002493,964.8657901474254,1.8995673550143157,10254.07197016601,86.11358180434789,-6.054098981934374,0
Dakshin_Gangotri,-22.45789193210109,33.30186373664564,52.208687486870545,1006.5606356271574,1.294703993037131,8446.22717814755,100.0,-24.789022393666286,0
Dakshin_Gangotri,-10.004889701920165,18.16264944992586,29.508330875939194,967.4798497062895,1.57526531975088,8428.961924391639,70.83600189409412,-11.276275163414976,0
Bharati,-38.53166707271576,33.95405097040387,33.95405097040387,948.6419949925661,5.275125300640633,1106.7710935136683,74.75976690881896,-40.908450640644034,1
Dakshin_Gangotri,-48.28761209950082,34.493748122617895,54.065034026737884,959.2011892651722,2.2887881428937606,8019.578481544941,68.51958720364577,-50.702174468084074,0
Maitri,-21.088684237882493,30.325858406302657,30.325858406302657,997.1341736199654,1.922438967758874,11466.359759573705,66.21078730305663,-23.211494326323677,0
Maitri,-25.50405159934213,6.209222811940891,17.953664185813125,995.2124108650371,-6.970045599558319,211.61387514661692,64.51054790219561,-25.938697196177994,1
Dakshin_Gangotri,-32.373112392357484,23.95903881475148,38.92244691972817,964.7499783406737,4.21398750624599,4731.426366259195,74.72029750432739,-34.05024510939009,0
Bharati,-23.730080789008543,43.99250598321277,54.52060162914263,967.3656259760207,-1.191420381690655,7417.675395097049,63.34532498965186,-26.809556207833438,0
Bharati,16.5115383804839,38.30649853687453,75.02032913822683,993.4603165258526,0.31684424205636874,6392.063712983785,63.80048363892232,13.830083482902682,0
Bharati,-12.482116789464134,37.72745728952799,70.97088514052861,1006.3184109038548,-5.091606123355651,11746.348439093692,27.517483138063568,-15.123038799731095,0
Dakshin_Gangotri,-9.257520912050216,33.17205730992658,58.50017464669422,978.6240092105646,8.359494100995265,8914.029610091,95.77426855957614,-11.579564923745076,0
Dakshin_Gangotri,-12.340946626699665,46.550468085795856,52.297200425072084,991.0847683087366,-9.896862846781836,7624.3675570905825,99.65703331998716,-15.599479392705375,0
Dakshin_Gangotri,-2.808067842217106,21.23795859589998,55.45211186555453,997.4686613309598,5.95244980211509,9270.406183697341,84.73136735265865,-4.294724943930104,0
Bharati,-27.851075093511174,18.822139131061437,40.01183051929844,1023.0600646369307,1.700642266313329,9057.158168592934,61.89176937079646,-29.168624832685474,0
Dakshin_Gangotri,-55.82141961512941,67.49550730480185,73.07571070727174,956.8856803759907,-7.621175166920491,6164.27642975628,56.04768731648292,-60.546105126465534,0
Bharati,-27.828791995090146,20.031629902256668,35.35879901521909,966.6255318347239,8.145589510989616,4580.7192180452475,51.532468379829425,-29.23100608824811,0
Bharati,-12.823964350052472,13.79752880701583,38.38327734239716,969.8705333177047,2.055061946124359,9961.238612717412,84.58739531286069,-13.78979136654358,0
Maitri,-39.5470059267261,25.67148342509894,34.68269501867586,996.5504829742949,-9.433265877370891,3027.684402101077,93.97946279683703,-41.344009766483026,0
Bharati,-27.645489257339953,30.904465039824736,47.30979058655265,974.9616455589767,-1.6898265776593264,5710.8855554822785,77.49130690455624,-29.808801810127683,0
Dakshin_Gangotri,-35.376546145034695,46.69948623589546,64.86425000769705,986.2449167744879,2.138059028806708,1373.0655405311436,87.86741847718547,-38.64551018154738,1
Dakshin_Gangotri,-2.469561222353043,23.986793737205208,27.978251721805215,982.4368590634953,6.85295139138787,8926.702604042788,81.67270148297916,-4.148636783957407,0
Maitri,-13.758144768901545,23.879533759832412,36.1786052822534,980.0347425178137,-1.6369925915968517,10930.091545028332,63.43677855861991,-15.429712132089813,0
Bharati,-15.226890690340614,29.434341280915675,34.17971553048379,982.1479314877273,-10.587643264254515,2257.8072374058656,90.1420103765269,-17.287294580004712,1
Maitri,-15.67598030318543,21.820186947653664,45.506867104720854,1000.5980142985752,5.836082472714268,5384.282509262157,89.18356626137187,-17.203393389521185,0
Dakshin_Gangotri,-25.558738788281904,12.207830539311544,18.127276283539395,960.5882870212188,1.9928086347982914,4079.736947910097,60.14274187607388,-26.413286926033713,0
Dakshin_Gangotri,-22.03665576208745,14.444166379259883,32.36220342057378,977.0308761813819,-8.930215706679064,10301.305237718247,87.10658467356144,-23.04774740863564,0
Bharati,-42.77776870798476,52.961436026153,54.05987784221702,955.6944450840098,1.370784578669896,11667.885947320996,72.78590781252065,-46.48506922981547,0
Bharati,-57.796629681258516,41.76922727158871,45.43485844017561,984.5311385626329,1.794265900807123,4083.6260240262436,71.0866640650156,-60.72047559026973,0
Bharati,-22.748783044824638,28.912905828384837,32.09409373667802,976.0894227851912,-1.298865253611149,20.0,80.85912664157901,-24.772686452811577,1
Bharati,-20.140146155917833,38.24426875304927,50.34851721424847,1001.3848626513579,-3.309131040804038,10611.204407378158,80.39569493460766,-22.817244968631282,0
Dakshin_Gangotri,-6.861031473619338,42.39391727077538,59.19773347047999,979.9035355890121,-2.4389253053206987,6180.379639478604,88.33028321527087,-9.828605682573615,0
Bharati,-1.4299627587644856,20.614035310227795,39.2615882621441,971.1232173319398,-1.3014151879610385,6195.813913581519,62.260441279636254,-2.8729452304804313,0
Bharati,-1.450022725015799,16.33993476791108,16.33993476791108,975.0657990385456,1.4188816641442998,9854.855170838124,83.48398608111673,-2.5938181587695746,0
Maitri,-39.97035389940817,50.258077813658566,63.5716839733619,1014.4684842721435,3.1534397129222596,4543.928904257087,57.600427207174036,-43.48841934636427,0
Bharati,-30.28397552424654,7.27090321002812,14.7651821129271,948.5983877812256,-8.591325928348018,3478.8970973843393,72.31869361222296,-30.792938748948508,0
Dakshin_Gangotri,-17.794985561779306,38.55164892509573,58.89343385279831,967.4496779876882,1.0238872752886168,4577.166347780956,73.31883134163213,-20.49360098653601,0
Maitri,12.978570166132663,32.183692296652644,44.50732898586003,980.7201608800013,1.9517859215613789,7956.345622415845,89.55069377058487,10.725711705366978,0
Maitri,-2.79851194429126,47.77170256891003,61.963392512725164,967.2714710683987,0.6765655229212986,9515.86902600529,75.13894757495808,-6.142531124114962,0
Bharati,-8.209042570024295,39.2656529083715,46.816163523340904,989.8136334552792,-1.6194228785904254,12532.614862530423,71.07239010571892,-10.9576382736103,0
Maitri,-30.81681933323936,38.12158395872165,70.36806105462665,978.8702912377817,5.679241560842004,7613.569759299184,96.38894031282797,-33.48533021034987,0
Dakshin_Gangotri,-38.24799446732687,17.2894811471171,19.45368691478508,985.1196980526069,5.377610383166975,5421.496976086005,68.5650505615518,-39.45825814762507,0
Maitri,-13.166381749251407,43.20567107557104,54.20833117168208,982.3565627055657,-1.464850401085344,9544.7634829173,67.93271517867404,-16.19077872454138,0
Dakshin_Gangotri,-41.5099189635154,36.18047820591897,52.25646273864866,977.9390921420537,-0.33231195506051386,2114.9673393533803,46.852568527778324,-44.04255243792973,0
Maitri,-28.57654526470454,18.577558796421837,31.063954174269533,954.1835252955302,3.0873609771691206,11677.552898897633,71.74701069446998,-29.876974380454065,0
Bharati,-26.72166923502884,32.332476005781906,39.69311617871318,983.5218485838728,5.130511978997317,6845.50775826742,60.904745778259525,-28.984942555433573,0
Bharati,-1.1063186631578823,15.266892404559076,15.266892404559076,944.7318232821185,-3.2620940395801035,5085.238927520513,71.23905994761479,-2.1750011314770177,0
Dakshin_Gangotri,-30.320459544395163,26.82703822886203,34.91194871994445,966.5607803674031,-4.184796397314296,2127.8995560745334,78.5993740980136,-32.19835222041551,0
Bharati,-61.58874457858923,81.16526023779996,86.57141182278798,989.7841057204531,1.0966474710247833,8507.759803516185,58.7234558844058,-67.27031279523523,0
Maitri,-17.433330285062976,16.754951235962302,48.547197163092655,1003.7937507141686,-4.494317253975133,4877.533942252132,62.65529834204516,-18.606176871580338,0
Bharati,-35.48532779655889,12.131560857731667,49.7785201437122,1026.9883225056367,-7.779989973530795,5622.870874201872,51.00811460950945,-36.334537056600105,0
Dakshin_Gangotri,-24.360534633433797,14.54759400742649,29.03967722747046,971.4349204319188,-3.2815037606861552,20.0,67.35280759913692,-25.37886621395365,1
Bharati,-26.300570512631854,26.626102341756926,27.578536938765698,962.6975073955978,1.6686544684969953,4261.282902309176,60.832738789018975,-28.164397676554838,0
Dakshin_Gangotri,-29.105559937266523,40.711123658647544,63.09156471577127,990.4456710172037,6.214441213177982,3726.0110666881696,100.0,-31.955338593371852,0
Bharati,-13.144891273229442,29.8914075310848,35.080642617905816,1017.399376296573,-2.835058652586253,7674.251235951328,97.56057670223935,-15.237289800405378,0
Maitri,-47.99297317529061,13.181595132728154,22.68988459678149,1010.6548958552181,-0.4970657784727057,4929.41456449072,95.12761962058626,-48.915684834581576,0
Bharati,-32.7552133743154,40.44545993106768,49.15696431923479,959.2984158951624,0.6221802170709524,20.0,55.57822418329958,-35.58639556949014,1
Maitri,-14.73943130323928,8.992528205286096,18.987471603246505,977.189816250754,-2.594397486940764,4339.951704704539,72.3395210131113,-15.368908277609307,0
Maitri,-34.21127163016553,14.06029554111079,25.513093026203283,997.0073456629085,-2.9086554426854034,182.06626434029113,56.952147488033475,-35.19549231804328,0
Bharati,-49.13210063904958,21.329878020242926,23.194858526950277,998.3942230487272,1.3399398026246212,1828.6203155710364,100.0,-50.625192100466585,1
Maitri,-14.971669851148963,49.37703398772193,57.356897371124326,991.8372384769142,-4.78972644173348,10015.53831467224,87.4662458417921,-18.4280622302895,0
Dakshin_Gangotri,-8.153580543376915,30.51377630492228,55.713218783556634,971.0250283198176,-3.0696549675748668,20.0,59.211213179492475,-10.289544884721474,1
Bharati,-25.674928114645095,31.139207086456658,45.803637682715106,991.6593043581465,-0.8103515189711963,7179.37453446824,80.54210534101186,-27.85467261069706,0
Bharati,-54.41268397704299,13.315667250743827,29.568805665631537,998.5870160975398,1.2898446483051984,3971.1189653758147,52.76156434895517,-55.34478068459506,0
Bharati,-14.410453799517757,22.49836622972967,22.49836622972967,961.3595984869893,-6.060986311464626,3199.8590335412823,72.952749768641,-15.985339435598835,1
Maitri,-49.89831822129532,45.803987867849635,70.28182445308806,1006.604717982211,-0.5232674178913542,2082.704654110611,72.36655620057493,-53.10459737204479,1
Bharati,-20.368010847277514,35.006155771867206,43.15095687023602,999.8391902792933,-5.163422930481608,7278.093248629255,86.09471280068712,-22.818441751308217,0
Dakshin_Gangotri,-38.311957371132394,41.19322891751156,67.43291446118852,965.1607700093663,-2.736803189879774,7727.219888460193,89.81759565100505,-41.1954833953582,0
Dakshin_Gangotri,-42.397589286504484,28.814802088118707,45.357550130095674,998.498196567189,3.1545066447740173,20.0,75.30485965878012,-44.41462543267279,1
Maitri,-31.628650256195353,46.053466956518236,55.432932666064985,996.262273109689,-0.2953820703433174,10602.096538142221,71.63999048282366,-34.85239294315163,0
Maitri,-27.7494633464089,13.264718155071789,13.264718155071789,997.0230530554741,6.6762803086811155,1254.9434448668926,26.47107822732726,-28.677993617263922,0
Dakshin_Gangotri,-34.663123755796725,26.289126317549332,63.03758589183009,1011.5194610888136,-0.288790089647792,7554.436393170227,98.43185818852142,-36.50336259802518,0
Maitri,-16.16945082677274,37.68856943811755,60.72104216859139,979.7907644186032,3.8720512910893117,1276.1312399358148,65.13613522129758,-18.807650687440965,1
Dakshin_Gangotri,-31.69104067688251,10.780603303601517,34.411347300491556,986.6304263164582,3.1790988337707784,4163.751309608682,76.53220059898725,-32.445682908134614,0
Maitri,-10.29713692492267,5.106090699206105,38.29436775373236,927.2254348967963,-0.05288111272613841,884.7931344036124,100.0,-10.654563273867097,1
Bharati,-20.78240251534781,67.52595842574752,84.76682854803613,1002.3164539314876,-5.2626106181809895,3885.037526565786,57.089172110142506,-25.509219605150136,0
Bharati,-35.463358098944624,30.732767675284887,59.25676818910242,1000.3917283518037,-0.4205048746855834,5196.10126958276,75.31907096974973,-37.61465183621456,0
Dakshin_Gangotri,-37.98909825748429,10.113179681190585,20.3274271037223,1007.1206860956945,-2.1310827318482763,1402.7254899885165,82.45287672333379,-38.69702083516763,1
Dakshin_Gangotri,-49.71244448571158,30.328039191435064,52.70382451976714,961.2663918566094,-2.285675785947076,7257.765346690756,91.38692406552994,-51.835407229112036,0
Bharati,-20.639002331997663,14.183379580984424,22.882412506737364,999.2409077159023,0.6232839612556893,7781.728348283377,75.0183003590145,-21.631838902666573,0
Bharati,-30.318813208770372,17.286453501325838,27.247865546482704,1000.3749859287591,-5.798283748297441,16824.118135590645,92.63373507126772,-31.52886495386318,0
Bharati,-60.582932920952715,50.21499168821152,66.18499744275428,966.9816677452086,-3.4953760564985927,9714.783264882299,68.76538759374024,-64.09798233912753,0
Maitri,-33.035723091541,21.61923773666235,23.945248637065113,1001.1192885392811,-4.048258137223921,10705.681432260244,83.15276263192541,-34.549069733107366,0
Bharati,-38.51551043882428,21.523637474355425,39.81787969810223,989.2608142206593,-1.0168982910697089,20.0,81.20935055171633,-40.02216506202916,1
Maitri,-1.3648361174400954,13.914213511610177,25.79463141286749,946.0397645254193,-3.0726452725660565,20.0,73.63336692102993,-2.3388310632528078,1
Dakshin_Gangotri,-50.54167917839965,24.167612550306846,24.167612550306846,991.689616409398,-2.8097150746528397,4812.037714288071,79.85250174003231,-52.233412056921125,0
Maitri,-46.62026199601081,31.77314279654554,42.196523938956304,964.6558627314333,0.5418536569126656,13147.265202845461,61.881519096359405,-48.844381991769,0
Bharati,-8.350455353414503,21.605741307299937,33.15519427576601,946.4813617077689,-1.7827394893461925,15897.451356765374,70.52025441995092,-9.862857244925499,0
Maitri,-4.648552638040552,76.38308211011068,99.9114467584931,987.3310655113329,0.019225147527756982,3249.857056170203,55.6967936783565,-9.9953683857483,0
Dakshin_Gangotri,-36.17474408088462,15.967623273289853,33.81960279822763,978.6933859380508,-4.462792461076521,3655.1088036174806,68.37660090985501,-37.292477710014914,1
Dakshin_Gangotri,-34.48128734213366,15.913423206363271,45.388146876594746,1008.0762714206181,-3.313689144258981,8175.575582449095,92.07273143746343,-35.59522696657909,0
Bharati,-15.756469051700307,23.64206994724001,43.84316590348828,983.6343824208097,8.163313787637236,5211.364177436515,81.30621275748632,-17.41141394800711,0
Maitri,-59.90649695417965,71.79114955785582,81.25153885551296,995.5703865347404,-2.789619003959445,5312.2624089824485,79.61896146253395,-64.93187742322957,0
Bharati,-52.91790526758334,41.53684783401894,55.953254229253645,990.176187321003,-8.425713635720694,8539.59648164184,51.016798271832556,-55.82548461596467,0
Dakshin_Gangotri,-29.211001012760676,21.213702997361764,32.73322262824634,1000.4191470938559,1.368512851326333,16862.071983374102,79.80077382464155,-30.695960222575998,0
Dakshin_Gangotri,-1.7516415080631091,21.223163367591187,41.10289192872288,962.2718530991951,-2.8318760212894047,11218.293433341809,74.0583688541844,-3.237262943794492,0
Bharati,-31.535951322501095,15.618896966068819,31.217118440701093,983.9707326022536,0.9753876008531519,13476.506190627037,83.06123628022065,-32.62927411012591,0
Dakshin_Gangotri,-23.48594812397268,23.269448807274614,31.983852467685395,977.185281938556,-0.3581399704953758,20.0,95.74824872258944,-25.114809540481904,1
Maitri,-7.993160911539821,25.902172255575593,40.98817696620074,993.0736676767754,2.199504960385441,10299.125910009607,68.8661980225923,-9.806312969430113,0
Dakshin_Gangotri,6.603270999172192,40.57053985680378,60.18234651235136,985.1162615352832,-0.39849122904372786,2200.525591660725,70.26591271424401,3.7633332091959284,1
Bharati,-33.652727097224684,36.30171535501955,41.237499972001764,967.7192426802834,-0.906209053473371,12705.793899016724,88.77196998890042,-36.193847172076055,0
Maitri,-25.252550856001392,22.854667844756783,41.024755461203824,973.2413292016297,4.591681711465912,11429.306130072757,65.94870618856713,-26.852377605134368,0
Maitri,2.3308283201426363,58.49233502810449,58.49233502810449,1012.970054170778,-8.87256868740367,8415.259303808232,76.3108812125727,-1.7636351318246781,0
Bharati,-47.83298912787143,19.631223279212215,45.686936710628295,946.1129776357743,-5.301950872964686,3028.4267387662476,45.05117267428938,-49.20717475741628,1
Maitri,-9.586283941692674,11.983695489370989,32.25550359709072,994.1872941373067,-3.300379691638379,4064.7271490712606,70.3791661075183,-10.425142625948643,0
Dakshin_Gangotri,-40.27473298541887,32.55265433727703,63.845484693495024,1004.8289259346603,-6.771375633632534,4388.371696947651,94.57531670494137,-42.553418789028264,1
Dakshin_Gangotri,-23.46291449345265,48.35335703286214,52.187392635107884,991.5767430500478,-1.9175473103594542,9049.334270319854,80.03154809139478,-26.847649485753,0
Bharati,-28.639285711004113,28.21617880630852,54.55069609447312,1019.4201650259599,-2.3123193289728117,7615.551065789294,88.49126153811541,-30.61441822744571,0
Dakshin_Gangotri,-39.37017401051844,13.58348635703074,37.94128699271204,998.7703129415045,3.8988006871547256,11680.12933736259,89.34472302477556,-40.32101805551059,0
Dakshin_Gangotri,-39.746528914874126,31.186865016871003,44.3645445447921,987.682474274754,-0.3530879981536429,12443.279576142722,95.23887808982194,-41.9296094660551,0
Maitri,-20.853784536193682,33.243272623754926,44.47683909320586,970.6654088316423,-0.852045178004556,2618.5694319430627,69.79248463350433,-23.180813619856526,0
Dakshin_Gangotri,-10.066910077559768,35.055893391476445,39.20443282657608,988.0533489436187,-1.5193541068915937,7900.786055542303,89.13421077873075,-12.52082261496312,0
Maitri,-26.946043047827548,31.515152512940887,33.05705553571596,993.6336384037619,-4.207983413678787,7852.144726639714,100.0,-29.15210372373341,0
Dakshin_Gangotri,-23.948302619001755,51.584692069002394,59.0723488742721,980.0700084872055,3.5631755787031016,5619.905450452463,74.60531189281183,-27.559231063831923,0
Dakshin_Gangotri,-16.432389005634292,15.399976610377228,17.842220186347667,965.1434678151086,4.84030789206934,9767.058535814665,55.20505277053172,-17.510387368360696,0
Dakshin_Gangotri,-39.5742815951944,3.64538100125611,34.602605837162294,955.9155466798711,-4.84866400265463,7963.89355980321,66.075682284848,-39.82945826528233,0
Dakshin_Gangotri,-13.904612373806154,8.999255373707234,8.999255373707234,983.7081377076195,6.480223414026535,3701.7687199298643,82.02505158939138,-14.534560249965661,0
Maitri,-12.709853544103796,13.46647521798943,29.955429999050377,950.3936758443685,-2.68393032585338,5431.531398724083,50.07436998796652,-13.652506809363055,0
Bharati,14.054394481256146,44.150192091123415,63.50724335997447,970.5691462108497,-3.010066476769652,4603.115691829219,63.56873035439706,10.963881034877508,0
Maitri,-30.641562858393733,24.163937377004764,42.738929696484284,931.3651905824628,1.891174686801639,3089.9313006123466,70.05325727656411,-32.33303847478407,0
Maitri,-31.871227025021916,60.83060366587411,80.2834897698639,996.6603705924249,2.2481765601377437,5658.712504272328,76.64787062413406,-36.1293692816331,0
Dakshin_Gangotri,-13.465511926393818,14.742872618868061,39.206875793364816,1003.0809341834238,-0.28505650071322225,812.3019436537616,100.0,-14.497513009714583,1
Dakshin_Gangotri,-12.713437466317925,60.211314180489865,70.75209255612316,981.5789612052488,-1.3851389732728312,7895.530586969481,85.31720712544768,-16.928229458952217,0
Bharati,-33.02630730065068,17.395676701235153,33.271183158137276,1016.629180637196,4.68941153185241,11616.473509609834,58.29205708709477,-34.24400466973714,0
Bharati,-31.04744015395073,25.877127939720047,37.94151281006275,1006.9477350443254,-2.493197091428108,6201.884854260996,100.0,-32.858839109731136,0
Maitri,-16.883037426729395,10.1604135290793,38.18566944158111,989.5957143029442,-0.27507625598557384,9785.711185855424,74.75219560190709,-17.594266373764945,0
Maitri,-37.41376361101992,56.175422469003195,92.17408170375195,977.7357127817556,6.775149880042141,6621.318206048265,49.793667073837625,-41.34604318385014,0
Maitri,-31.158009820225224,27.77986796674672,30.84053036513297,973.012037622335,-5.348333067842099,1911.5805676702353,59.42428350473418,-33.1026005778975,0
Bharati,-23.656108489473482,78.12179796311537,78.12179796311537,991.2498214871998,-1.8345981082955425,14028.260569626795,59.51307881101337,-29.124634346891558,0
Maitri,-10.060919727666128,49.485115194927516,70.17643088511772,977.1754631821143,4.1005410473021335,20.0,54.780281884229126,-13.524877791311054,1
Dakshin_Gangotri,-34.06897924269311,25.5363729704994,51.24010181285649,990.964604033149,2.112000166100058,6041.229609758676,82.69444036463987,-35.85652535062807,0
Dakshin_Gangotri,-52.63576693046008,19.000818777896306,53.570591910380855,992.4490722766569,3.576070359622538,2925.788239980007,34.99622594882171,-53.965824244912824,0
Dakshin_Gangotri,-53.74896201277316,45.14863196459849,67.52753547676505,975.408415043797,-5.291537249085371,12326.772245240521,89.73376420940403,-56.90936625029506,0
Bharati,-43.891196000592004,29.33469720499907,58.29250679187113,1001.9157163124598,1.284460074043642,6863.873432001944,87.2161234979227,-45.94462480494194,0
Dakshin_Gangotri,-44.697515772999054,18.429408478647783,50.030015807410884,975.4289748605518,-1.14082676395551,16221.907082959295,68.15281242600851,-45.9875743665044,0
Maitri,-27.319161379298635,30.464048484936754,60.11182620124542,980.4267709729065,9.089667878673518,6144.026882418386,88.73569191387429,-29.451644773244208,0
Dakshin_Gangotri,-42.83320230396407,8.0715282811798,31.883133382811288,960.4495079935126,3.2375112243400843,2956.6336747809933,58.60886053839602,-43.39820928364666,1
Dakshin_Gangotri,-35.541324397318064,35.40185102727815,37.57975539784293,974.5876653001415,-0.089274446680175,20.0,62.365153271993734,-38.019453969227534,1
Maitri,-36.61128827473075,38.92106655445899,53.83744799607542,1023.1639691195082,1.1435939863465148,10426.581620737998,83.24324346315896,-39.335762933542874,0
Maitri,-31.607617912719903,14.436236136064778,32.436622326656455,961.9922686225956,0.21715101705674944,2661.0787577465226,71.8568813625772,-32.61815444224444,0
Maitri,-5.162435027153165,52.289162659248404,66.2910663273122,988.7542472074821,2.796060031222343,4320.765569023331,65.62339870998248,-8.822676413300552,0
Bharati,-15.07078615854225,46.74297761547342,61.36191803698531,970.9101769551087,-3.4252022969094127,10912.428155847801,73.29698477180543,-18.34279459162539,0
Dakshin_Gangotri,-24.758058770859943,33.746249105860315,64.41852974273935,935.7219699696811,5.460869359335925,10213.462071194574,94.78146639402888,-27.120296208270165,0
Bharati,-31.91539420871257,16.6700562778032,24.101739440919566,991.1794084657369,-5.298909161801881,3561.4615737366025,94.19992985818574,-33.08229814815879,1
Dakshin_Gangotri,-31.49848984934532,40.116432857937326,63.106956486603856,968.877514821192,0.8201753021637784,4183.96634575704,81.3918953345535,-34.306640149400934,0
Bharati,-20.08380295072076,23.452587996825418,41.61700424561772,986.3808243268268,-3.2971192014624013,20.0,69.66853057092763,-21.725484110498538,1
Bharati,-16.23746389971565,31.929652739275777,38.354328846892486,999.7943792514375,0.17130983657576193,20.0,82.82119237458188,-18.472539591464955,1
Bharati,-38.614262591509004,42.08186009562689,46.3158451130911,984.6919676837617,3.952074975882253,9054.79220656655,62.06328973160824,-41.559992798202885,0
Bharati,-24.452788665786528,12.114413583279111,12.114413583279111,986.56597691809,-6.849381683636557,9496.166596973173,92.53422441518983,-25.300797616616066,0
Bharati,-55.474293529945406,9.883380290344913,29.73915058983264,962.6412015238585,-0.6779132495639153,7428.839223854277,89.25637316339481,-56.16613015026955,0
Dakshin_Gangotri,-21.824293237441044,22.204108900329764,36.571660766319376,994.1365072171592,-5.7590279782418525,6748.8989941716645,100.0,-23.378580860464126,0
Bharati,-13.56776137061971,71.39210194497907,78.13432764521133,976.2063197241946,-1.1175299476040699,3175.3336714116826,62.9673474250818,-18.565208506768244,0
Bharati,-29.20102940321313,79.78296118033384,79.78296118033384,940.0314278539894,-5.769572715217684,11872.530789355977,61.105536731704525,-34.7858366858365,0
Maitri,2.247904942101581,34.990456176391355,54.31756519488026,996.5448885742386,0.6471428743634158,20.0,83.2698625862158,-0.2014269902458139,1
Maitri,-38.218576711540756,47.40753896206431,60.67026602606114,1002.6596570586503,-1.7046795998642474,4126.025560635916,70.893565437756,-41.53710443888526,1
Maitri,-21.738393770451083,28.401763659959855,36.264828941453054,1009.6224491111694,2.988490151145883,6642.805569546737,89.98978743842883,-23.726517226648273,0
Dakshin_Gangotri,-25.537371199989334,30.478399227522985,35.837999981014704,1023.4164600481245,4.914232444023978,5998.350447039828,94.76565053151197,-27.67085914591594,0
Dakshin_Gangotri,-26.504465011651124,25.860652688643917,38.47490105441126,995.4706909525552,0.042592433780001215,5991.804514744419,100.0,-28.3147106998562,0
Maitri,-26.714832520071216,50.33549152416032,70.0354563815529,990.2794423553707,3.574619941691839,3923.002925551036,75.8759744653469,-30.238316926762437,0
Maitri,-23.393424549857926,61.18166114064053,72.88183129642704,1001.8309548391013,5.5298345738532975,8163.629798190712,88.20576926866103,-27.676140829702764,0
Bharati,-12.280618848044503,30.101990513142876,33.216727240178116,962.2600970663623,-3.6884122490805398,1138.4305452716098,67.24560748408562,-14.387758183964504,0
Dakshin_Gangotri,-4.333956455878834,30.40803379177546,44.82678424142058,946.560611377103,5.739942262519992,5423.978348062682,78.25822501690803,-6.4625188213031155,0
Dakshin_Gangotri,-25.03375366756236,26.582370865599056,52.037845538125225,970.4598238299114,-0.14775649180274278,7727.604006736219,74.19844503610405,-26.894519628154296,0
Maitri,-12.770258917425503,61.96575897248481,77.36843488492691,1005.5448835470603,-3.913506711527524,4669.879736219613,73.39839809159922,-17.107862045499438,1
Maitri,-35.52650419400174,44.41517742259948,60.09941284554236,966.7780173563111,1.1938495514294887,6019.147913315253,100.0,-38.6355666135837,0
Maitri,-13.510668209106505,16.44281824338167,28.186128675599925,989.3122117531824,-0.28838053112132056,6862.056629798406,54.868801191004,-14.661665486143223,0
Dakshin_Gangotri,-36.42987285740485,70.29036854553652,76.39373043989048,991.4659460543097,-5.628047223491766,20.0,74.92532655807754,-41.35019865559241,1
Dakshin_Gangotri,-8.640100958678019,6.022719537974342,11.793745374437183,984.8853027488383,-4.4041979932305395,20.0,75.80655777160146,-9.061691326336224,1
Bharati,8.159613160898594,58.84607524645589,58.84607524645589,954.4473528966312,6.549257322399773,6535.715049036236,84.64951189246341,4.040387893646683,0
Maitri,-26.83125831957088,48.28795311683157,75.10021148070308,986.8541149222436,1.114299425895046,3566.471686418131,58.5424152985386,-30.211415037749088,0
Bharati,-57.88815236211113,30.151716606016077,49.776258366494574,971.5689307250395,5.927176988605776,3807.9128040873275,70.51522286440624,-59.99877252453226,0
Bharati,-33.221093998672345,29.76251466570856,45.587383058237535,1014.0572238441125,-1.6662925670201887,8276.02925698584,66.06349903727714,-35.30447002527195,0
Bharati,-6.521872985660451,27.309565467021724,45.265393134795616,1002.7375692587043,-3.2065160416343077,2044.647574092287,41.22132319535481,-8.433542568351971,0
Bharati,-16.703848194621326,16.904229426134954,35.29952338838386,972.2741384817178,-6.733258332578932,20.0,92.43717061741644,-17.887144254450774,1
Maitri,-21.266296019874556,67.46275108004089,75.11728817749166,1015.3147295698261,3.8719076453507384,12628.11513467161,52.9510150621506,-25.98868859547742,0
Dakshin_Gangotri,-9.869974660677414,29.29280105320172,41.04017776026869,986.8742281858372,1.6425291259183403,10839.37391875706,50.95171793192855,-11.920470734401533,0
Dakshin_Gangotri,-17.73319841127367,16.72726638342959,26.985179609603428,946.5672693711571,-1.6301808869388537,10788.677923881463,89.21442034562628,-18.90410705811374,0
Dakshin_Gangotri,-6.734122188232956,65.38916027034121,105.50340043909125,978.4338943438727,-3.1706382380642704,1517.0096967169584,69.97717365277406,-11.31136340715684,1
Maitri,-11.208644850295217,37.02876440206051,62.23078481662136,1012.7055585592454,4.507478376138444,5690.324470030399,70.49573907221952,-13.800658358439453,0
Maitri,-2.1744932089456164,38.18069205842059,54.85951490667451,963.6032299436947,-0.709124522705931,926.3256617997695,70.78170148504239,-4.847141653035058,1
Bharati,-19.618058741406184,72.88305507528167,101.54289782657852,978.6352018972854,-0.6661208619022477,5760.161875040036,91.11556023382354,-24.7198725966759,0
Dakshin_Gangotri,-11.42110897759068,40.90120624600164,68.29808869108581,952.8030736447239,-2.4030827819694878,4607.956181442936,66.72268383420077,-14.284193414810796,1
Bharati,-29.60690609628678,20.67650134677302,21.871258271122983,955.9773406692971,-1.6298379709825508,1687.775356667088,83.92598526385376,-31.054261190560894,1
Dakshin_Gangotri,-34.02191217338509,40.86920588136088,53.6406730706113,963.315205121921,2.2004913378022533,8013.144592298226,57.882358695095576,-36.88275658508035,0
Dakshin_Gangotri,0.6015146062845993,17.799405864903566,32.63616189681771,955.4520351041705,-5.665760918477737,4965.028511094884,79.95067667652305,-0.6444438042586502,1
Bharati,-21.75692985515968,22.888971317986346,44.00425080780701,967.6345183059509,0.32294899867603166,12890.80105460914,88.54037480323827,-23.359157847418725,0
Bharati,-12.926791512064316,34.4033156771479,47.16338822422357,1014.7656656900206,3.822340235362024,6343.119931042822,96.07644590298835,-15.335023609464669,0
Dakshin_Gangotri,-23.14389978382915,47.0423675770078,61.057056426129044,979.2785486800182,-0.33903489025861394,20.0,51.76305844680512,-26.436865514219694,1
Bharati,-33.79773476379947,21.346518941228336,31.73303066831494,995.710434018242,4.216905042536823,20.0,70.54954682370223,-35.29199108968545,1
Maitri,-24.83525661126398,26.884916841185344,52.37426846703643,1001.8313803381617,5.362396582508005,14382.553064231932,98.97545182324112,-26.717200790146954,0
Dakshin_Gangotri,-3.4600897334842884,26.731881280768988,27.298476853488438,957.8312707025638,3.614329380789106,4563.852036808336,88.82803362923777,-5.331321423138117,1
Maitri,-16.671398885808642,51.19474836959852,61.92120065392514,963.3697517514811,-2.1490230767102316,6960.032586922027,72.01482030929883,-20.25503127168054,0
Bharati,-50.67209739595688,29.74220329043158,29.74220329043158,995.3163745492172,-0.141753431910474,6038.916611166564,75.05713614703801,-52.754051626287094,0
Maitri,-28.22866684864232,69.81335379242847,74.51695936094592,967.3143398897291,1.3830807423012883,11665.278126852085,79.45528082659824,-33.115601614112315,0
Maitri,1.7344068905706784,22.87921457382828,41.050989237547306,993.9917434324927,-1.8789989458590146,20.0,69.40527481829764,0.13286187040269892,1
Maitri,-28.20695292774934,21.86965878079929,40.23120168040576,1013.546448420753,-2.012424311838254,11317.008348563028,83.2072546837172,-29.73782904240529,0
Maitri,-52.00718037601271,58.30634208918563,70.17442516877907,950.8923422517854,-2.25325339666289,11041.487169154465,82.3576324729541,-56.088624322255704,0
Bharati,3.3957332813381527,39.178172172582045,65.41802363395982,972.8613167431305,10.174242404187401,6024.636912248929,58.27828756634102,0.6532612292574096,0
Maitri,-14.76411235280811,90.39138191096384,118.93181078395673,976.0345725457812,-1.0843628767210522,7653.144523910688,67.65341992494784,-21.091509086575577,0
Maitri,-26.050192882192007,57.20560395741695,71.51333060461721,969.4726709785916,4.2747024351804965,4517.612810599896,68.18869523935297,-30.054585159211193,0
Bharati,-30.57126604123103,14.130377678044889,31.63470624198699,967.840519866689,-3.477609127134554,20.0,71.16716053470957,-31.560392478694173,1
Bharati,-8.764721053123967,29.371106801232404,39.84566237899841,970.1575837050328,6.807100149798173,8321.14532191333,79.04814555110111,-10.820698529210235,0
Maitri,-33.12975100339289,34.38004945405993,55.648926668575186,979.6949854807638,-1.514269861581484,6986.318231894014,77.70711139983925,-35.536354465177084,0
Dakshin_Gangotri,-7.776153632260176,33.135686331341326,36.19508153109486,983.2976960326743,0.21190762880968675,7069.4375704251015,64.20366312900772,-10.095651675454068,0
Bharati,-16.86707071413616,27.11719184874255,60.07553994253529,999.0682168528596,-7.33089108661039,7929.175115669423,95.10412087708681,-18.76527414354814,0
Dakshin_Gangotri,-21.329771117689752,32.78997856074047,59.18983118802272,979.4976266238,4.466403918852641,3582.6675967524498,75.07584251733572,-23.625069616941584,1
Dakshin_Gangotri,-22.81727791996607,33.6994482550167,36.71018471560566,1002.3634989460195,5.332879311739075,11973.066276695441,96.95428594918579,-25.17623929781724,0
Dakshin_Gangotri,-27.62452055071267,21.534930276388874,28.64474552138205,968.1639984650345,-4.74908638915021,6032.526312604921,96.60280035622901,-29.13196567005989,0
Bharati,-9.315398196861013,50.14316141517926,69.35564905562752,955.9727432477677,4.699216888316076,8166.843351911595,59.11195251852002,-12.825419495923562,0
Bharati,-37.98014248152751,65.78300864840378,77.40049761156757,973.9049193117617,-5.349150437749148,4911.498765065989,67.64492011673829,-42.584953086915775,0
Dakshin_Gangotri,-49.32887690245314,42.64886513376875,63.094860620985244,989.2498530914398,2.5282687180288996,10200.889984179208,68.74101982698643,-52.31429746181695,0
Bharati,-15.783398156612881,36.42370519433664,47.82974172417558,997.2093340628951,-1.1518790997771449,6415.9713720909285,79.69965810002941,-18.333057520216446,0
Bharati,-15.531425078992784,28.38569767995468,58.63381526115526,1009.2046717124508,5.345015505525917,5659.523984864292,85.89613503055403,-17.51842391658961,0
Dakshin_Gangotri,-17.7963827123235,34.23347878968313,49.31654871669617,985.8040060796737,0.9967658709938266,10829.428101936548,77.2038951508395,-20.19272622760132,0
Bharati,-18.88407445572942,36.034123242344386,75.23967455243185,995.0605201166766,3.7258729536378596,20.0,66.73642696338845,-21.406463082693527,1
Maitri,-29.808105675063217,16.9400465209645,37.966799492092804,1007.3755873476292,4.951026677977525,4879.931414917519,99.7740552718247,-30.993908931530733,0
Maitri,-13.18775943421712,48.89841905108372,50.404375668602384,964.4150620372282,-1.1641260693550306,3549.417418782723,68.42360153171913,-16.61064876779298,0
Dakshin_Gangotri,-25.683371901318115,23.731150705074047,59.596116539806516,975.7971800121816,-0.11561305937730723,7495.519252995613,86.12742804982895,-27.344552450673298,0
Dakshin_Gangotri,-32.30670341222767,59.87489639798888,85.86168594669404,1035.4182642106591,-4.444727004742526,7263.208993769063,74.4425609525346,-36.49794616008689,0
Maitri,-29.678369683831,2.918071766951586,21.719548017761383,997.1277788460515,-1.2000972967348682,5952.808952673217,74.0224968036952,-29.88263470751761,0
Bharati,5.30959548163748,32.22794927711939,53.694283839103676,990.2140061739274,7.7082918278194095,3143.991444142635,85.10628501855479,3.053639032239123,0
Bharati,-51.024641230681496,49.32788197805534,52.43741433188346,997.8738168865145,3.0231299195672046,5903.875317187211,98.1450396595773,-54.47759296914537,0
Bharati,-17.50317843556302,42.327237443224156,42.327237443224156,953.2864570872129,-4.178398161232148,7293.474438195964,79.57487251542324,-20.46608505658871,0
Dakshin_Gangotri,-50.18665641435576,14.2395618605543,28.82206478554074,967.0634714283667,6.525770547676261,5286.262305443205,67.66749458503294,-51.18342574459456,0
Dakshin_Gangotri,-26.6235000748446,57.18340183357764,85.97110522506932,959.7540424104391,1.556012713890366,10430.187638147747,97.20108779215494,-30.626338203195033,0
Bharati,-31.504412277312817,19.53453132028393,38.49161975296999,988.3721663941833,3.321697923636657,8448.05847045737,82.40766797713985,-32.87182946973269,0
Maitri,-56.27542445019817,22.871606160591202,54.963321134682644,972.6206787017944,1.962115260917695,6076.128683703372,77.55544097890984,-57.87643688143956,0
Bharati,-19.164436143493553,23.98045664174426,52.192664473666156,981.9077697826084,1.6790337229927945,20.0,90.41511934277322,-20.84306810841565,1
Dakshin_Gangotri,-30.70057093288294,11.227614921684458,26.43370198953899,973.7796750540235,-7.9908553699204,5126.765833789977,79.83328119532294,-31.48650397740085,0
Dakshin_Gangotri,-56.48809513841866,33.005712899473004,59.84328211274526,947.4718814502874,4.427837523312928,8520.38602052484,100.0,-58.79849504138177,0
Bharati,-12.406478638386218,50.888572332375574,81.11452619092287,997.6995287430805,-9.01734180085188,4882.55946414026,75.0278575855543,-15.968678701652507,1
Dakshin_Gangotri,-3.4749073301659763,59.138479214654915,73.33665950382614,944.7560712572412,4.063952882740131,7213.019476547481,92.24479687496078,-7.614600875191821,0
Dakshin_Gangotri,-2.6481348655514196,27.11337568360663,39.97562007815841,965.4470652145737,0.39826637083361976,5101.693599028991,81.629822771147,-4.546071163403884,0
Bharati,-19.615653390227934,29.608063321365307,46.01256819469773,953.6905544002377,3.341857106763426,6929.972902867351,81.58026982214788,-21.688217822723505,0
Maitri,-24.30912792134327,43.81193570523325,43.81193570523325,962.405176595862,0.6336034990269749,11604.033846579905,69.56884630673132,-27.375963420709596,0
Maitri,-5.077650686563047,27.51594710415098,45.32026611990941,984.0371712563949,4.17500772003566,9146.979664213792,69.64328486969583,-7.003766983853615,0
Bharati,0.23575378010147574,53.198067879131564,75.4024477099797,1004.7004592120564,0.06459221078354103,817.6768967573635,82.44947568598168,-3.4881109714377336,1
Dakshin_Gangotri,-7.996469456865626,28.84565848289962,45.29076939705463,948.780100221326,1.123706719078556,20.0,61.97608039320548,-10.015665550668599,1
Bharati,-39.123064033447015,18.05993777291497,36.50668197652871,968.8558396339814,1.6190403886918292,7770.231731151354,66.36676810293616,-40.387259677551064,0
Maitri,-21.97982720177617,33.45028819221676,48.015524436221725,945.0191141411474,7.514569116952681,10671.41316905618,75.2294745811007,-24.321347375231344,0
Dakshin_Gangotri,-18.40725783562857,12.56213112824796,12.56213112824796,967.891759486118,2.4011003066809296,20.0,93.60559149054868,-19.286607014605927,0
Bharati,-52.14425453375844,33.22024522634147,64.84619283537512,981.4378413726589,-5.267411371430824,5160.769844392317,76.20798182576578,-54.469671699602344,0
Bharati,-17.959590105688388,36.49494046709969,47.8166519930825,995.3415513430513,-2.2559190904570143,15492.8736039023,75.9703698159147,-20.514235938385365,0
Dakshin_Gangotri,9.094877389690836,19.58836174197097,28.41066046666924,937.6287602705579,2.3920160465723104,4925.446941595879,59.12077002184834,7.723692067752868,0
Bharati,-15.400957512988128,35.76230814191216,64.34213592643043,991.0110363984904,5.038983774402999,16103.429917910584,100.0,-17.90431908292198,0
Maitri,-2.8988037783736544,25.77154699247558,50.55855167708772,960.5471998185598,-2.8887043851688863,2705.597084102469,91.60673958165032,-4.702812067846945,0
Bharati,-22.256279048069423,19.13926382767929,36.869922387437065,955.6761844561287,8.959510465320161,3412.3897612235164,93.29557264926873,-23.596027516006973,0
Bharati,-26.09827485975732,11.529599817235372,34.22329704823132,981.3497539018349,0.7024152195934119,3188.1915130372313,53.21019099571771,-26.9053468469638,0
Maitri,-19.28092914878537,13.417364991671757,16.867481634766932,992.5429260899514,1.6822696103062507,883.2499405297667,80.27329379180978,-20.22014469820239,0
Bharati,-37.237399719766486,62.94455701224973,77.13561327205426,977.9909052973408,-5.016293976240562,20.0,60.92618028089568,-41.643518710623965,1
Maitri,-39.45662780851583,25.213638832969572,53.16147992754207,958.137387108558,4.461906327211795,5115.030888197025,86.57444130676889,-41.2215825268237,1
Maitri,-6.005431642459516,36.040116605547546,44.26869841424585,977.9803799771428,-1.783136697670894,6579.459618800858,79.82538275962511,-8.528239804847844,0
Maitri,-4.414864857002225,26.995109301644625,32.01177625170711,965.4964293300054,-2.983531325498897,3132.8814747718607,82.78245487207789,-6.304522508117349,0
Dakshin_Gangotri,-39.86659473381026,63.73351977337524,79.51955930174215,992.080649499098,-1.2687716768533788,4095.123373662608,64.2508399445293,-44.32794111794652,0
Dakshin_Gangotri,-10.480017931692034,19.190936434001276,35.211506544979216,1001.5071566260519,5.531110046581084,11784.301029086997,59.40233315208345,-11.823383482072122,0
Maitri,-26.304399634090313,30.9411573153339,52.41687831373409,1000.2292398176955,1.8629708947980934,9886.974280976257,65.38908053251032,-28.470280646163687,0
Bharati,-19.902871382643543,22.78687331097265,24.005348938576205,979.6050300403997,-3.5563409454963524,4965.2950469651,79.61700635013315,-21.49795251441163,0
Bharati,-18.09672040847405,49.05605415332459,49.05605415332459,1002.4532136912447,-2.121515886188122,7719.501718786669,71.36656032159549,-21.53064419920677,0
Dakshin_Gangotri,-10.084742978135225,35.843663024342646,60.055982298731344,959.5803942675681,5.638266299928525,20.0,78.79740042764882,-12.593799389839209,1
Dakshin_Gangotri,-23.75922697205217,30.350925009114928,34.521105277067434,1015.6573266484959,-0.9455240608485886,7078.507598429207,59.64043058003267,-25.883791722690212,0
Dakshin_Gangotri,-3.8475700704709617,14.493071875008136,23.39316826319625,959.4683584520376,2.2416502364292232,5750.362719186259,74.90195957982453,-4.862085101721531,0
Dakshin_Gangotri,-20.35880740360113,77.91774633939889,77.91774633939889,939.3976161929886,3.2205961426620275,4503.337105168513,95.9265460932847,-25.81304964735905,0
Bharati,-15.637235912957012,27.409847453680218,52.638974273935794,1007.308728189894,-13.675150642447774,6131.23999954974,79.98503902874383,-17.55592523471463,0
Dakshin_Gangotri,-37.4989388730587,17.428772126480517,35.932154367205825,965.7973115759476,5.05756379233242,5484.632910357172,80.92361295398584,-38.71895292191233,0
Dakshin_Gangotri,7.379885160572513,11.561681699468743,29.663627139978225,982.3347776501043,-3.409405950166914,745.4427073754714,81.04365261162249,6.570567441609701,0
Bharati,-17.952626151925504,13.152024500241692,31.186575342137054,959.3838390615144,-1.4423525999111728,12719.092469579506,67.32105458514832,-18.87326786694242,0
Bharati,-14.305038619823511,30.199113256947108,30.199113256947108,1027.272068146809,6.157277247794294,9803.270120481277,99.47610050964246,-16.41897654780981,0
Dakshin_Gangotri,-49.12278716817312,49.444133294760036,54.59247341068098,1016.4363534011512,5.7876987850061274,4448.8170283839,80.35536042696579,-52.58387649880632,0
Maitri,-37.34053034618651,34.630609516428834,45.11333841196688,1010.9310786244872,1.9711196141661824,20.0,77.65801389443803,-39.76467301233653,1
Dakshin_Gangotri,-6.431744681219044,11.973731278232464,19.48630356686912,981.767154745487,2.9137557924591224,20.0,85.30460073556898,-7.269905870695316,0
Bharati,-20.69663322561093,30.166180723584677,42.451065227122626,999.6139845950072,3.9118468911066864,14018.815335619303,89.11040799870725,-22.80826587626186,0
Maitri,-53.70669602243389,56.935695567020815,74.39769259380877,978.9389587268262,5.720431777825885,5305.3548923088665,56.315938561724266,-57.69219471212534,0
Bharati,-9.425651065242715,24.747538700662695,49.81192186321461,1002.4440269278691,6.2296744285110845,9051.929562295183,75.8454466990452,-11.157978774289104,0
Dakshin_Gangotri,-33.15674206529085,34.68423670840419,34.88219643799719,971.7878127263658,0.43080892648051866,2205.0841474501763,100.0,-35.58463863487914,1
Bharati,-3.83024521184932,25.332544315002327,40.24419044701756,1011.6940883147383,-2.9493402323349716,4770.514309906588,99.82970153038987,-5.603523313899482,0
Dakshin_Gangotri,-26.317535179055493,38.62105472303802,60.73649151227579,970.7825537350188,-1.0206108576145496,4974.668730836562,73.40396269249878,-29.021009009668155,0
Bharati,-21.92939970969205,19.02347601440433,24.782644314686134,973.0541819134938,0.5088002629860285,6965.845498934203,85.91998894996743,-23.261043030700353,0
Maitri,-7.315681321125275,3.109856710393766,16.18152897271498,970.669420506163,-0.2122694863229845,6359.473859922531,70.10087227464197,-7.533371290852839,0
Bharati,-38.46239456281994,14.995178898233195,34.660700053106694,983.8490472943337,-4.048887702180166,2310.936370344161,80.30496476733434,-39.51205708569626,0
Bharati,-39.892702117509096,23.08395051895198,38.19603911374713,972.2360831414829,1.7471766962044988,2269.2524953682464,68.12526465788983,-41.508578653835734,1
Dakshin_Gangotri,-27.94747630597161,28.594780169041947,50.336757774702576,989.7451113841392,-6.271150691051826,5673.813211818726,67.87077149202285,-29.949110917804546,0
Dakshin_Gangotri,-12.592408005681667,23.587466844185172,39.534448314681136,970.380260331973,0.34154990206483105,20.0,66.12218083690018,-14.24353068477463,1
Dakshin_Gangotri,-44.96315878920236,23.33151581347699,35.21289041683454,995.8157704236806,0.5980006900003738,2707.6962536890255,100.0,-46.59636489614575,1
Dakshin_Gangotri,-50.02051899833645,49.65544397588025,52.92834642724151,1010.3673403621713,0.46096294081179756,5383.447248817757,67.79326919878717,-53.496400076648065,0
Maitri,-12.644186094343116,16.420512946765427,33.89219851090206,981.5509428759009,3.404859197504633,7589.998239709066,92.12656263161942,-13.793622000616695,0
Maitri,-34.044674688505054,30.272059272592337,46.27178704751604,1024.3665686953968,2.8744242391165704,12013.740864358095,68.52505870078365,-36.163718837586515,0
Bharati,-30.883390193804246,12.443924603903293,17.515604325847292,1002.550586857434,8.890713357955628,4094.1412075755775,66.80790357184955,-31.754464916077477,0
Dakshin_Gangotri,-52.85215602910249,42.66338519811237,63.48394344656501,1022.7647302354981,-2.070847135283791,6144.45797473419,80.8410812942761,-55.838592992970355,0
Dakshin_Gangotri,-35.18468971527973,34.171280158105844,61.85051522150604,978.7760214589632,1.1173326578050162,20.0,55.51900551947108,-37.57667932634714,1
Bharati,-25.11350944946726,77.15115954914857,85.55022886950847,946.7708159943346,0.860947091610376,7339.254588012216,84.96999697769046,-30.51409061790766,0
Dakshin_Gangotri,-11.044332135656617,16.05355110711302,23.77722966433343,965.8772555147856,0.6727454587632944,2362.569875475043,72.9580529104233,-12.168080713154529,0
Maitri,-36.56845249351958,65.28529858769157,72.64381301847838,967.9172661966546,-5.059416938218267,4767.060580091552,66.73860904387655,-41.13842339465799,0
Dakshin_Gangotri,-0.13935819651254988,17.326928972604993,17.326928972604993,960.9394910247591,-4.733903637221892,7903.526204211888,63.51773708370656,-1.3522432245948992,0
Maitri,-35.26834036269701,24.644826546005362,59.68964341475631,936.0819070740201,0.025865879898590603,8070.734070778581,100.0,-36.99347822091739,0
Dakshin_Gangotri,-35.24637702377762,13.702333784746477,24.213479979588783,1000.4929348142451,-6.303575672448802,185.00921107290833,74.48534493141052,-36.20554038870987,1
Maitri,-1.9396367215329668,76.6411554027103,83.05661362856792,942.7996167647118,-1.336821420162658,9207.800520054308,73.85282348785374,-7.304517599722687,0
Bharati,-21.828097714541244,36.85957831370271,40.591827843809284,998.5775856768062,-2.5901584019718067,5844.502856975309,88.09427232481637,-24.408268196500433,0
Bharati,-33.28037093517365,37.06280014542859,48.18312548148878,1023.710999389397,-1.1919097586344773,11068.714917782083,62.37531401935731,-35.87476694535365,0
Dakshin_Gangotri,-27.3269969677089,18.245123071726507,26.293029405093343,964.4333345529128,4.529307822401375,11846.522010743995,92.01446386324538,-28.604155582729756,0
Dakshin_Gangotri,-4.703896336869111,6.485699744481186,35.86643161208673,987.7514098226807,-4.313342452303171,12424.523251949004,74.4638703705201,-5.157895318982794,0
Maitri,-3.0069577056147736,24.100928940767094,26.613550780129042,972.0273541741054,3.4791966022396594,302.32197973199163,54.243452930320295,-4.69402273146847,1
Maitri,-37.25189768905384,21.675349480952118,21.675349480952118,996.5415189354956,-2.285150763035224,7609.140727936774,67.04259867866458,-38.769172152720486,0
Maitri,-25.636507151186624,9.338768151144253,29.85660897401837,956.1117842698974,-1.7870109148837054,20.0,58.57263636216429,-26.29022092176672,1
Bharati,-23.647647584986405,24.971799256971728,38.89973429387864,977.3641784081894,1.8621826239547767,11205.802084863897,76.2173045795421,-25.395673532974428,0
Bharati,-39.793601657748965,30.301737931878773,43.072289569087616,1002.4236052746382,-1.0965940004902963,11775.083805385835,63.0961336109973,-41.91472331298048,0
Dakshin_Gangotri,-25.835275789749915,38.15023431922794,58.74659678227258,979.0225894034427,-3.569871071924328,9912.204513037032,61.444483208647114,-28.50579219209587,0
Bharati,-24.920157093224493,7.145410128257796,23.51252650120313,947.4274462448799,-1.481109217535603,4301.603276926929,79.38302097251803,-25.420335802202537,0
Bharati,-7.896857815948966,14.208778514640795,28.74060264603794,1004.8330683410131,-7.106534687093505,8176.9878927448835,75.65901141500275,-8.891472311973821,0
Dakshin_Gangotri,-6.888624575331985,18.612024470105077,19.555563450868675,954.0804817926729,1.5247380792013157,3791.0186575310845,93.1373524285751,-8.19146628823934,0
Dakshin_Gangotri,-29.93814097538512,50.76259556225463,50.76259556225463,981.5746828642843,-12.407400121492461,6055.079632206569,92.47275497280003,-33.491522664742945,0
Maitri,-28.209297157912175,50.27282613379795,58.26854232089247,991.6528859371801,3.5520783320138043,5631.165796599672,75.92050558282564,-31.72839498727803,0
Dakshin_Gangotri,-15.035615469165466,35.829889746767805,39.98624033777851,982.3970063647031,2.461047804421059,20.0,82.49472349958874,-17.54370775143921,1
Dakshin_Gangotri,-33.77782673390517,24.73312610243544,42.425184087667304,1030.7487428433383,6.405739176648196,2761.9772545458827,53.88708418916079,-35.509145561075655,0
Bharati,-16.17039772393896,52.35491573098465,52.35491573098465,994.6762682214389,8.728308454888685,15083.437798897741,85.44061416741833,-19.835241825107886,0
Bharati,-26.31859731053822,33.580615267392005,44.10901433803967,975.9529975850597,3.7430838386367977,5653.2334278245535,81.16052252021107,-28.66924037925566,0
Dakshin_Gangotri,-39.54097866607931,50.88154174503802,64.15079316172026,992.0532580919586,-2.509620133487395,6640.9097917724075,89.31119416977441,-43.102686588231975,0
Maitri,-39.3525506931947,36.68336102200119,51.286808226685,984.1988925721471,8.690489541581686,5965.317363569019,70.40659417655317,-41.920385964734784,0
Maitri,-3.2941195595334705,10.20086613229021,29.190508759385615,980.8873882521054,-4.7757330393777915,4357.904036183441,70.53728942270716,-4.008180188793785,0
Bharati,-27.34632218714948,6.416193929514234,18.15079199460466,984.8757438746545,-7.610814531368192,6144.428800296096,70.6309674228865,-27.795455762215475,0
Dakshin_Gangotri,-0.394688591525334,23.384881714535872,31.70996167493149,971.3182604917578,7.40985576736871,4371.961456089724,96.51876314874457,-2.031630311542845,0
Dakshin_Gangotri,-32.70454391072365,45.32809867398438,72.77290017848229,984.2580332725981,2.406232733096154,20.0,79.24384332243966,-35.877510817902554,1
Maitri,-20.6319219830276,21.519642577646437,33.31931569218809,969.8901772368822,-7.503270226452569,9144.910140950024,52.56059247218986,-22.13829696346285,0
Maitri,10.890150845273624,57.47277837929275,86.66408205483575,942.0760748435138,-5.421436807779898,12451.478540867689,84.66571982934309,6.867056358723131,0
Maitri,-40.860801169949184,43.251304804265594,55.00003230982211,1002.804012215254,2.2051401244034636,1343.2877827663224,68.05052745413747,-43.888392506247776,1
Maitri,-53.46721749849665,54.9136387935399,69.75094216084193,968.6910434513079,-3.479859354122691,4348.603816108654,91.26871178077431,-57.31117221404445,0
Maitri,-5.7011480306915026,23.742880374512414,37.35540689949513,982.8277407466559,-2.9045955836086934,11999.81698386577,83.08126484247083,-7.363149656907371,0
Bharati,-37.402136580896105,16.749858573081262,34.06204465940451,964.7915520697441,7.865689735280255,2914.3875894011326,93.60666373527633,-38.57462668101179,0
Maitri,-25.310595461593508,15.329660572222105,26.131178623262585,965.3952767563612,8.592776460921465,7550.8683656379835,90.58288999518173,-26.383671701649057,0
Maitri,-33.78877315677377,38.475113871882655,54.436463609340144,959.220217254622,0.5870496154337267,20000.0,89.06050439949726,-36.482031127805556,0
Bharati,-20.97755828567026,10.784217214738412,41.09235748069469,998.96593915747,-0.6019739510375518,8529.079375773628,92.01711637864624,-21.732453490701946,0
Maitri,-39.258043107786136,11.237006930192559,36.72552482743817,1003.7944319478834,3.609820714653195,6275.301294179823,87.2258882426816,-40.044633592899615,0
Dakshin_Gangotri,-27.699101318249593,20.8138316920578,46.371215128253134,980.5186912913122,-2.2464264865658037,9526.841759195884,64.5923648095599,-29.15606953669364,0
Dakshin_Gangotri,-18.252770101651986,32.92632135179068,34.50701563351568,969.2668453980348,-8.922100669507453,9106.987486281958,57.84622596949164,-20.557612596277334,0
Dakshin_Gangotri,-40.12463329411393,18.78950632580634,21.98830690879521,946.1385987129762,-11.046118173167752,3350.9483541826767,62.54619849494678,-41.43989873692037,0
Dakshin_Gangotri,-35.501260444688334,50.329610683011175,67.50711991058107,995.9086236834365,-0.2943933495015276,20.0,85.96042263484291,-39.024333192499114,0
Dakshin_Gangotri,-30.210742503977976,55.31173916709861,78.01911842165796,966.468858616814,3.5275143634641117,8375.653986560044,41.64904613924801,-34.08256424567488,0
Maitri,-46.43223151339417,4.620714750093668,14.42935922567916,957.6547865512888,0.06399981834673385,8975.429617174756,74.76900940087326,-46.75568154590073,0
Dakshin_Gangotri,-31.338414741981197,37.0464453818501,45.07059674428807,980.5852684300843,3.239843073818604,4809.961336725745,71.01204106953449,-33.931665918710706,0
Maitri,-23.218051901456473,21.578331916930445,50.516761943660086,973.3174861773263,3.639334338694652,12580.783799583849,93.3576677488432,-24.728535135641604,0
Dakshin_Gangotri,-30.993234123826426,46.375428889976426,68.23419555751283,949.6389160122825,5.544162670831534,11778.9437524245,73.2418152693875,-34.239514146124776,0
Dakshin_Gangotri,-29.070647393975868,37.700325921082104,63.280192728377166,952.3855879879073,0.745058203021471,9098.07145630132,69.47223860706735,-31.709670208451616,0
Dakshin_Gangotri,-25.29852506359878,32.11757692555995,42.7030763412277,986.7308634553558,1.1035012518893148,4885.514218524401,94.74022651189135,-27.546755448387977,0
Maitri,-34.83615193648471,27.389128954378656,37.18892308122022,966.8861732889774,-0.14719810110325215,20.0,73.6213807412418,-36.75339096329122,1
Maitri,-14.634061511996842,11.272267267028534,35.76117331366011,990.2051714939275,-1.033611494596808,5302.581115157142,71.19850052542719,-15.42312022068884,0
Maitri,-3.460328127973362,82.83376019569332,95.20650159313433,982.9306261295345,-6.288119844551068,20.0,67.66160995679422,-9.258691341671893,1
Dakshin_Gangotri,-31.965705882931726,14.109523644719978,23.000953350799602,1000.950839326058,4.687936359443405,20.0,79.28461012389268,-32.953372538062126,0
Bharati,-17.722026527834394,65.64498821425987,71.51302385040772,963.3570983203344,-1.5350409512921512,8588.634301521113,70.02776346467361,-22.317175702832586,0
Bharati,-28.594257331519703,41.457565792393765,51.34461439599795,984.6543565501003,-1.7641933015547437,10689.229016943296,70.08195684874511,-31.496286936987268,0
Maitri,-19.51768982442243,22.185896881787375,45.93673239637414,992.7654917974793,-2.1664717770639808,20.0,96.75348979013467,-21.070702606147545,1
Dakshin_Gangotri,-1.5133070319511859,20.360553185214926,20.360553185214926,967.4756502819363,-5.361551323725534,4973.8177287732115,75.73338516287339,-2.9385457549162304,0
Bharati,-17.37010685472852,10.966132971067928,32.256657654507194,1002.5440651127225,-0.3421728241690971,5930.028443867419,68.27674567311813,-18.137736162703273,0
Maitri,-51.60121808214521,29.939693601373232,37.857506013911745,946.6744461683737,2.065700007833721,4830.381446942052,60.07342665166561,-53.69699663424134,0
Bharati,-18.190065528295616,10.676857833610748,23.573853885741308,963.3411800604072,-2.8211500534447644,485.9482586387212,77.97769819748203,-18.93744557664837,1
Dakshin_Gangotri,-6.507043850364862,51.7931330791957,65.33067727302213,945.9262445772617,4.150404426947529,11324.147825558575,66.60377010395868,-10.13256316590856,0
Bharati,-28.32394254997154,33.80809382795415,46.60064511158104,965.2825005335159,-1.4736454305288345,596.4409242572401,69.47500791017075,-30.690509117928332,1
Bharati,-10.065477908232515,28.890497521892307,41.01922122273762,976.9083188911895,-6.130616725934473,20.0,62.2270611194051,-12.087812734764976,1
Maitri,-35.35173311727919,30.890171074435813,41.44661173602384,996.6300143805247,5.494793502978686,502.20938450372887,77.95348974238344,-37.514045092489695,1
Bharati,-47.283087392834105,34.52399349368057,43.80974175426654,976.8941932550922,0.7938507010496604,7925.369068491322,55.45011629385415,-49.69976693739174,0
Bharati,-22.8824647175104,24.399315727081515,52.59705119673624,968.0925256222489,3.453132849217431,4931.1847862861905,81.17199534082935,-24.590416818406105,0
Dakshin_Gangotri,-51.34715081119471,26.21210894713394,41.46260210783322,949.0155440763065,3.547438616041224,2919.012695187462,66.8029143997166,-53.18199843749409,1
Dakshin_Gangotri,-28.596565193403876,69.22122800828538,82.9617450760359,955.716427091833,-3.784439236606357,8110.596917758171,85.74957318138092,-33.442051153983854,0
Maitri,-5.6973660603174565,49.192044120223294,57.745516896702426,986.2041190102374,-2.087655082904261,7330.512162109122,82.2789458631079,-9.140809148733087,0
Maitri,-53.64644358619421,40.55055687261731,51.471118661310484,997.6290952236775,4.137144301027439,20.0,76.56009964554305,-56.48498256727742,1
Dakshin_Gangotri,-44.19245193870847,22.189157996701812,30.777445913088137,971.6155611159011,7.340870060882095,8070.269871655017,87.69214347958368,-45.7456929984776,0
Bharati,-40.48048367742366,8.318420710288743,30.97186242943375,1004.2202904564923,0.2531459947185132,10724.931955181208,98.35424779737792,-41.06277312714388,0
Maitri,-25.9497978956644,38.15535250153055,45.61936163682128,961.001652018417,-2.508759509806761,5507.272914295808,94.02741954771565,-28.62067257077154,0
Maitri,-30.48575178469314,30.84367759583141,30.84367759583141,972.1891876239429,6.7293445925758935,5060.340773700591,55.33703144783334,-32.644809216401335,0
Bharati,-4.012954274558691,25.894335732538,41.47741610718686,973.8770884043867,-2.506507482519619,13575.499156775906,65.91951230784136,-5.825557775836351,0
Bharati,-10.684775063624539,28.154905505812852,40.36099723011076,1010.5882757660885,1.3158820976595484,3160.724543753141,67.75585423381632,-12.655618449031438,0
Maitri,-17.57090580897103,14.615908183924068,23.75802601585105,982.673182536019,-1.711131463945576,5337.357526249488,84.57915056136189,-18.594019381845715,0
Bharati,-22.81554528484173,17.2240646442885,41.33962584376546,944.0313442148463,1.0762910910411,7323.919833361422,67.16656375295324,-24.021229809941925,0
Dakshin_Gangotri,-19.10155334522759,49.24238557969677,49.24238557969677,999.0330861051802,-3.781808455783322,6193.761292235977,66.57774141078902,-22.548520335806362,0
Bharati,-37.92973532970063,6.877968879157262,37.64040952885617,1016.9185515325578,-1.498643911991687,4910.862774324411,63.98736124270171,-38.41119315124163,0
Bharati,-12.141844696650816,45.69526832322985,71.24204592770477,975.0051855579729,-2.5091889478472087,6356.896684414459,79.48333570350121,-15.340513479276904,0
Dakshin_Gangotri,-41.680663815388016,58.77886743031929,67.4983347983711,962.0583534990757,2.648952769150095,12275.784376695607,84.52014614823216,-45.795184535510366,0
Maitri,-12.469345091466536,37.74048359884422,48.2326408820142,997.2851482936883,0.6528578029604227,9230.630582153735,56.82589428050142,-15.111178943385632,0
Maitri,-7.2078624682175345,36.78436410441201,56.828233619038905,1019.2852927343515,3.520803004608596,5701.128780076475,67.28639033001879,-9.782767955526374,0
Bharati,-21.837030968678693,17.13493643147079,37.447096329880765,996.9746350790583,-3.3030398144105164,2544.239446211703,46.57456154014328,-23.03647651888165,0
Bharati,-27.643195884429637,18.65342052591345,27.314601950197844,947.539872930748,-0.8338039461895949,3075.9830154046826,39.12470087387674,-28.948935321243578,0
Dakshin_Gangotri,-18.9953513753549,23.223266045467998,23.223266045467998,995.0936363074483,2.500126191541369,9800.868335392759,82.26998732048598,-20.62097999853766,0
Maitri,-67.92277555151009,12.811155928379208,48.94808314039925,988.0841477555404,3.434800601268884,20.0,79.73139500911662,-68.81955646649664,1
Maitri,-20.46612672271808,17.863987371365738,42.42522787072125,960.9073935312155,-5.78313662230141,15612.758989292586,77.58607901248087,-21.716605838713683,0
Bharati,-26.700309967597107,30.784298921822774,47.35282920476627,1005.7763569189859,1.2711840291906462,5872.861263678116,98.80466932864627,-28.855210892124703,0
Bharati,-25.759421695854865,22.44247074199366,39.2002232343941,988.7670229755831,-3.2530007680176407,485.8074987327054,49.863963261126784,-27.33039464779442,1
Dakshin_Gangotri,-14.402012306532587,32.222513684885655,53.43568396985087,1006.2991718513186,3.63720384588285,6727.903567653603,43.79843249522739,-16.657588264474583,0
Bharati,-26.121533823470916,49.14889862078434,71.55953148123443,958.7704769977225,7.44201994223002,2797.176014455066,58.14985214910516,-29.561956726925818,1
Dakshin_Gangotri,-42.10310284976737,32.09106545544592,32.09106545544592,987.9755548873005,-10.447672582470023,4324.052152917075,43.205399807916294,-44.34947743164858,0
Maitri,-27.121040062380672,36.99821773533452,48.48949794168125,962.0981049652331,-2.6237926102391453,20.0,65.79966118539369,-29.710915303854087,1
Bharati,-23.986667738787634,10.559625158405954,21.0113255963627,984.9533395697789,1.0550829823967285,5045.58880128336,83.74289146633765,-24.72584149987605,0
Dakshin_Gangotri,-23.27599132628481,48.70262447004123,62.08827788502141,1009.5445090050978,-0.015377011945254182,20.0,79.44842247387813,-26.685175039187698,1
Bharati,-22.57120949072398,10.378374100110763,33.08631353152889,951.4716453674146,3.7586036726706755,3600.535633524367,90.41274461451272,-23.297695677731735,0
Bharati,-9.4094643262217,21.573128627754453,21.573128627754453,952.6199767657496,0.3162576751361045,2690.7725347815403,80.56151114750111,-10.919583330164512,0
Dakshin_Gangotri,-41.290518295512214,15.058307944581669,16.566884088947898,999.1094935307513,-2.1189640126606464,3990.7265472522686,68.93939486577538,-42.34459985163293,0
Bharati,-22.36449315752725,8.351093441030708,16.53364307567444,979.717544501411,-4.081324988838284,2943.202662545233,67.11057633969608,-22.9490696983994,0
Maitri,-5.651054520726387,31.21228469072931,47.75573595539492,1003.425264523051,-4.7541366924032475,6135.856535083897,81.56182814883554,-7.835914449077438,0
Bharati,-51.01917245405793,38.66210842638021,61.98336455978394,963.8543045007433,-2.9709992006300157,9552.021019956122,52.04756493465282,-53.725520043904545,0
Dakshin_Gangotri,-22.305299788299198,59.55186542554263,90.8650996211542,981.0238118556543,-2.260391944225019,7442.4485348888475,27.33468090169184,-26.47393036808718,0
Maitri,-33.78067752959565,33.588606558905965,45.72506456006248,993.7625763983051,1.5350095381644604,11197.04794696761,80.85334889292886,-36.131879988719064,0
Maitri,-30.560655767096573,17.800126428160898,41.10493552441075,984.2040038008048,-0.626907696902951,4005.8840378887244,78.51437234848048,-31.806664617067835,0
Maitri,-38.57211254821633,22.14435826972867,44.24598305238617,944.2250534267555,-2.6035760164037396,7298.859421730596,98.5394826041691,-40.122217627097335,0
Bharati,-27.54326073550666,9.21388236584919,29.630573876550493,1036.4519651243788,-4.037265211505025,7456.458357512991,85.44653203612246,-28.188232501116104,0
Bharati,2.618834216403563,23.462395054888944,38.219585656506936,984.2464896380503,-2.8105134837185215,10606.606859014151,79.63767607404624,0.9764665625613371,0
Dakshin_Gangotri,-43.9664554176582,28.664744828789296,39.66942544438426,953.1916582892696,-2.2561312554328765,3078.219414948925,70.31804397861814,-45.972987555673456,0
Maitri,-42.54415003718241,37.81672975131358,42.16273644528745,986.2839978508049,-2.992502806283158,9155.329156832971,62.83307067162186,-45.191321119774365,0
Bharati,-44.52901855245257,43.129587187630904,46.813658526413676,988.5829008687899,2.6924511350954377,2570.7600053806036,70.79620176169465,-47.548089655586736,1
Bharati,0.911274299421514,37.17257014368496,55.64338837866501,999.8784714916393,5.472177535367373,3720.3189257110307,89.32700927161174,-1.690805610636433,0
Bharati,-31.935095582819304,16.709339020733214,31.165113917914077,998.5428980211777,-4.704250520714411,4565.3752050626545,81.95495502979544,-33.10474931427063,0
Dakshin_Gangotri,-25.384585905215115,13.993556217236941,24.838482438835083,975.7231090920695,4.477015675048007,7812.693924077062,89.01346168049895,-26.364134840421702,0
Dakshin_Gangotri,-31.041744116593595,41.54078737835175,63.188873641319844,945.5584062272798,2.772946952515481,1651.96943677969,76.60070263654144,-33.94959923307822,1
Maitri,-39.16634317604637,8.15552385552225,21.150632184634503,989.2272606360783,0.719474496468037,2209.3845742440853,61.50686423576272,-39.73722984593292,0
Maitri,-28.527259699216533,74.0696278738582,79.93783633600592,947.1516789134056,6.106656976500686,3419.7458456381387,92.40869024402237,-33.712133650386605,0
Maitri,11.873654086048397,18.770958956127092,31.105978265825257,1004.3048920637116,-0.6810729093933929,6193.7729400407125,91.05128517176188,10.559686959119501,0
Bharati,-4.1189361853861755,52.155006616358094,75.36130508843803,965.3448406896996,1.6075882961250891,2255.006439721243,77.78285355701688,-7.769786648531242,0
Dakshin_Gangotri,-37.794067266884085,20.751927670239823,25.51679514848064,992.6992066931102,0.49489524782862965,7055.886835820829,83.33949921297885,-39.24670220380087,0
Bharati,-15.286388454074714,39.13612116185658,56.22888933723201,966.8766237631228,0.19740682890903566,4568.671486247691,82.5142751261244,-18.025916935404673,0
Dakshin_Gangotri,-37.472841589995646,14.29841508654145,28.74415764260261,970.1592867575355,1.8359945911958038,8631.622860912044,67.9740379547023,-38.473730646053546,0
Bharati,-51.64551458269331,29.59126073422058,36.983161820526036,963.9806036681158,0.18568724344330081,6251.766379380035,71.09867219007485,-53.71690283408875,1
Maitri,-9.707336235030557,9.61948992322575,21.685968052830837,994.3216305392141,1.8644701404773056,13008.537979602745,61.35490244071931,-10.380700529656359,0
Maitri,-7.598607300346739,34.53326445917818,34.53326445917818,967.5730603856086,-2.6792803977047126,6484.585361088975,71.04284470308646,-10.01593581248921,0
Bharati,-9.30921623428151,14.148078750781224,30.24448069235455,995.370641763823,-2.554319405904146,1126.4421702052068,90.46262235117837,-10.299581746836196,0
Dakshin_Gangotri,-32.047978738293594,15.508267184111432,16.860937350137835,968.0961928254382,-2.6974354657306328,5148.930625497567,87.61582335515321,-33.133557441181395,0
Bharati,-27.50163601002979,22.80113327713876,48.52550544936666,975.371634949893,-1.4591902046393552,6084.560376212175,83.37693834754006,-29.097715339429506,0
Dakshin_Gangotri,-13.753516695128152,25.432546421741108,39.51282219139922,980.7112987991849,4.053138215070303,2365.3037452629783,89.38767177526368,-15.53379494465003,0
Maitri,-19.12755943977839,37.84654371083722,47.12840714514448,983.0764321183,-1.8488192568953468,12068.394988513075,69.52028653323953,-21.776817499536996,0
Dakshin_Gangotri,-30.904562069455665,35.90011755321969,62.50571083378422,961.5159133089377,2.6098434822097465,4760.24883617281,57.400225436964064,-33.41757029818104,0
Maitri,-49.286077301772465,31.251606799368417,35.93311835712073,994.0761529860272,1.061785051860868,3421.3254914108725,72.64685337143997,-51.473689777728254,0
Maitri,-23.291872087869816,45.62149043618183,53.14466137782845,974.5732158811453,-1.7656865328007882,6726.164470909681,73.83468039220323,-26.485376418402545,0
Dakshin_Gangotri,-8.8148554114583,35.37806264578226,35.37806264578226,990.8780147461101,5.236730144884119,2375.170547355764,85.13606096712373,-11.291319796663057,1
Bharati,-42.963824335512356,36.71416468859427,64.80922773192205,979.6754346057448,2.944444713941225,9865.387245744794,82.6717018426786,-45.533815863713954,0
Bharati,-15.418609274860344,15.425557819216266,49.154214785148234,991.7290780084979,0.007128357234046399,9061.40982331058,90.15870699954552,-16.49839832220548,0
Maitri,-20.02687457299461,47.42436655711826,47.42436655711826,971.773165040397,-0.3245543573912682,6522.498103983379,44.7763846583759,-23.34658023199289,0
Maitri,-13.747776051514995,44.45920655429875,51.301482148132095,964.2080382025126,0.3749062426163252,8366.211884416576,63.029521719770834,-16.85992051031591,0
Bharati,-11.92036750421489,32.05591300079799,47.75404881587851,988.5371646887784,-6.1181505759508665,4001.3174963399797,73.62960615957267,-14.16428141427075,1
Maitri,-35.416978628880294,43.633315235128165,53.47637386504164,970.1253232840149,-3.299844721259945,20.0,82.1903067420735,-38.47131069533926,1
Bharati,-49.25439100247419,28.37705855570768,43.0639084942787,1009.1757289949222,1.8500620147548672,4697.569183941279,100.0,-51.24078510137373,0
Dakshin_Gangotri,-33.00279288524319,61.088979990919675,74.9130005738166,981.3531340442343,-6.331701227212838,3993.9398247450376,60.34037674242347,-37.27902148460757,1
Bharati,-11.66309023709489,30.50809528579767,49.58361388758071,952.5273744441034,-2.99049818245054,20.0,64.35248984981392,-13.798656907100726,1
Maitri,-33.130058552889565,27.860420290459206,33.250765350919735,968.290680931653,-1.5701772324753502,1768.5897069198109,68.65009678885386,-35.08028797322171,1
Dakshin_Gangotri,-35.41064985786463,35.51263475689999,52.43923125934243,960.0139092003282,11.614618565841733,1078.5002460896476,63.81646022940751,-37.896534290847626,1
Maitri,-52.320255128869576,67.57227551689239,71.41100128780042,1001.4583756076329,2.6949489969265805,1784.818807276526,61.67645316964504,-57.05031441505204,1
Bharati,1.2897133182640843,21.124163339629412,32.00558417931368,995.4708118571725,4.389367302329288,11333.23836466312,75.68876105478266,-0.18897811550997434,0
Bharati,-12.614295378620351,34.30674437000311,34.30674437000311,978.7791340799339,-3.22058888374697,8047.755485522775,89.75467039919648,-15.01576748452057,0
Maitri,-13.451560280878534,22.010458062182728,32.96497614766704,985.8014740680061,1.448223710163844,9859.890022580219,76.79026155780912,-14.992292345231323,0
Bharati,-10.484119198307894,27.841369103511717,37.11399327443197,978.2464111422357,-7.040698034020317,8038.353399112386,62.10428597706097,-12.433015035553714,0
Dakshin_Gangotri,-16.349374576848973,17.755328931071446,42.191122498458064,997.2080410136944,-1.322458743724609,10332.042626530141,72.05670422937183,-17.592247602023974,0
Dakshin_Gangotri,-28.664932827692937,36.21320777392753,50.620607050731515,990.3966328564733,2.0214637116842544,6107.71329706724,59.421139004683425,-31.199857371867864,0
Dakshin_Gangotri,-27.456461561833024,29.180016865088014,45.405049196126186,993.9995140844519,-5.670311511709126,12062.687255358378,89.74541999112907,-29.499062742389185,0
Maitri,-31.413465468881874,43.161784129442836,57.93726384447102,976.1630803964091,1.5725477595281676,1074.4328055439737,97.06729368893659,-34.43479035794287,1
Bharati,14.521111316225003,49.290841964837476,49.290841964837476,967.3688039059505,1.9042857362230252,5729.044031717688,51.07293647014078,11.070752378686379,0
Bharati,-16.66131953050836,53.11624223968006,53.11624223968006,993.3012617004841,-2.410012935943344,1900.4550500128853,78.43539556669262,-20.379456487285964,1
Maitri,-31.957006620271518,22.494102636097576,34.30732630228953,1011.026806974284,-3.339219114031271,10966.806248738234,63.326919647568936,-33.53159380479835,0
Dakshin_Gangotri,-18.0175483875058,35.54924712342847,53.33484700516653,1002.1202087786687,-2.860967152392412,7679.17313010131,75.9431551713276,-20.505995686145795,0
Dakshin_Gangotri,-40.163033767844766,54.86091935419108,67.51226742698996,1011.633174077603,-1.3877958107619424,10746.780507508773,73.71666732926799,-44.00329812263814,0
Dakshin_Gangotri,-2.432399221161596,17.6784464198993,24.037856670564796,983.2406369774797,-1.2670960766789106,386.13138188007997,54.88408684758025,-3.669890470554547,1
Maitri,-34.9160364371071,30.850658832127177,43.44752763847015,960.600178153125,2.038435001047198,3590.246868064225,93.1322500100678,-37.07558255535601,0
Maitri,-17.483718510663014,18.36444308404717,30.093587743603223,962.3762568079105,-2.1376101212718788,20.0,72.72435792038891,-18.769229526546315,1
Bharati,-9.010335553852983,67.1120143376695,89.90204682649323,1007.5913969102745,6.408504577851907,7445.108319721405,67.94983866327735,-13.708176557489848,0
Dakshin_Gangotri,-19.22847183692511,54.54046556152357,76.77066538018163,942.7611295625948,6.3794970968328615,4287.456775099794,76.7446278289251,-23.04630442623176,0
Maitri,-23.582950122705427,38.718448478246884,48.184303201810515,1010.0951341134586,0.9448051471362678,9022.347449651588,61.94103864305535,-26.293241516182707,0
Bharati,-24.837968727159772,38.404960680947255,52.90571814245515,964.2473066091937,-1.3785364201809218,6126.618792054211,72.2451471902412,-27.52631597482608,0
Maitri,-25.846616453306606,19.376387348942384,37.13838021086647,1018.4677993671212,-2.1331251945912175,20.0,47.440204523440926,-27.20296356773257,1
Dakshin_Gangotri,-33.650477333912534,57.83133508915845,77.07777904356526,978.5879641663792,1.267034455524996,20.0,39.64327101391851,-37.69867079015363,1
Maitri,-31.742251446545563,24.791650923273256,56.31763183117768,994.451416445127,1.96685929667621,6329.655735122932,60.448850166495625,-33.47766701117469,0
Maitri,-2.8061443952359753,20.464390000216234,35.18291368680008,1027.7009279653248,-0.804017469566381,7862.887963337615,67.01422583047113,-4.238651695251112,0
Bharati,-26.62804949027735,50.66167723566303,77.3491252777282,973.3970439788869,-1.5725180427869767,20.0,48.644944944419976,-30.17436689677376,1
Dakshin_Gangotri,-36.786944040741595,23.519249261419706,26.918418484983675,973.0613395379086,1.4109732044005339,5666.088595251764,67.53781329990272,-38.433291489040975,0
Dakshin_Gangotri,-32.74446395292263,20.944459122116168,29.567720876609066,966.1032160185188,0.27616598519761926,1930.3929322323415,66.994207677101,-34.21057609147076,1
Dakshin_Gangotri,-8.494439789541655,44.440185485759514,44.440185485759514,959.9643346160196,-2.288489922113637,1559.1434771023114,74.07655029632251,-11.605252773544821,1
Dakshin_Gangotri,-14.865900502532824,14.716933204681506,31.22999860477886,973.4035135752948,0.45215809051090894,3379.9473649335973,84.21230089115653,-15.89608582686053,0
Dakshin_Gangotri,-16.595062326516146,38.96295101516102,60.438190563749345,968.9031827528279,-2.4210770065293654,6494.076234029357,100.0,-19.322468897577416,0
Bharati,-28.86281798364687,31.03652875316355,31.03652875316355,954.9948607173554,-3.0066346370903183,3173.818985616375,81.42374893441726,-31.03537499636832,0
Dakshin_Gangotri,-16.399562947405826,42.56020089535459,59.443064571262994,975.7903778364406,-0.01990884708994418,20.0,60.23829700632096,-19.378777010080647,1
Bharati,-34.65341687425972,36.781148390656256,57.8232518629747,988.9957313886349,-2.2986774180218346,6462.531577109643,84.997368894344,-37.228097261605654,0
Maitri,-28.894210470186618,88.42513057986962,108.89750654325401,962.0818919814287,-2.931994490866769,4597.212253841002,96.00906576199269,-35.08396961077749,1
Bharati,-10.452932689123818,32.56398021006344,35.605369009716966,976.7510039054679,4.1828560864093305,2246.857740225401,58.19592925218605,-12.73241130382826,0
Bharati,-11.885834816214034,23.47977235462809,46.210972085550566,1008.1300894913041,-1.5688210838447947,4768.689758993959,59.03064848629731,-13.529418881038,0
Maitri,-39.72864768926205,29.267133447713494,44.36017842156748,951.6093771763516,7.373446661366346,4608.5807016223525,53.68409869841304,-41.777347030601995,0
Bharati,-37.832896793628635,36.57802828316669,57.488404472331844,1018.6333450787322,2.5065558487826456,6176.051286301503,66.53254624030487,-40.3933587734503,0
Bharati,-23.369467707798854,65.20789054150016,78.94931163302988,966.5195285405799,-3.2828135593631758,5008.440440079355,80.59823430820607,-27.934020045703868,1
Bharati,0.8919856200426466,40.253611882704,59.06398555325862,984.0180820238506,4.639038441983797,6661.637043047762,97.24805645112926,-1.9257672117466331,0
Maitri,-53.733477467034916,18.790630561472533,44.88298856188031,1005.5832633139305,-2.8664779998802485,5805.571465302838,88.37510412242774,-55.048821606337995,0
Maitri,-20.825005906442435,149.9490670682529,162.90884652722875,1011.68680428779,7.893390037015955,9278.776345707603,80.782898704258,-31.32144060122014,0
Dakshin_Gangotri,-45.64064997359722,48.25796115828191,66.099009247249,989.3964140722704,0.9047722780535677,12338.952776310784,75.68636631022945,-49.018707254676954,0
Maitri,-34.514964902883186,18.17181192241058,45.66949887497849,966.1098896445005,2.170269613214676,5939.462692861855,80.87275865657011,-35.78699173745193,0
Bharati,-30.466426270963623,15.491242735239746,29.158941087142164,964.3437745445908,0.12381122712497163,3513.5475108373394,81.75666830483277,-31.550813262430406,0
Bharati,-31.307625151553363,13.82974674401414,17.575785089835655,968.5021516289137,1.0635303383958445,252.6347915555616,94.54794294044348,-32.27570742363435,1
Bharati,-33.006939094888125,28.462578017351756,50.2230092589117,1017.7851308692891,-0.9164387059824675,8585.393298942421,74.68678411826532,-34.99931955610275,0
Maitri,-24.89189409435445,29.09799516745932,58.446771273553054,972.3370898783453,-3.703233438766259,2390.0221825681933,78.92621266510497,-26.928753756076603,0
Bharati,-33.02883349945868,20.211506726665263,48.09934185484087,986.4725482531187,1.3587003348829358,15390.187159121171,68.87253324012603,-34.443638970325246,0
Maitri,-46.93686077281229,12.642905572463627,34.79278323575236,959.1248554533756,4.099197463410282,17116.693223865623,76.70101107553126,-47.821864162884744,0
Bharati,-13.301955812158354,15.691278614236992,15.691278614236992,956.8731220618166,-4.762569362492311,5147.882937433532,71.15543539623656,-14.400345315154944,0
Bharati,-13.706917492766792,40.668342358089944,49.31001508812683,980.5278444810195,6.161895294703427,20.0,57.15642412249092,-16.55370145783309,0
Dakshin_Gangotri,-12.352385349659965,25.019883018233415,34.17387814164539,973.5051131390981,2.4045487647466914,8615.136104537716,88.09915162220642,-14.103777160936303,0
Maitri,-48.11101744396123,16.72826883081651,32.1769527490977,974.9658868328632,-1.7476327193433108,14395.158044059039,97.32381312248542,-49.28199626211838,0
Bharati,-20.51622771123774,30.979681114456184,62.862329458862895,950.4186036410703,-1.8191105444747429,750.8970307844756,74.43859014689829,-22.68480538924967,1
Dakshin_Gangotri,-14.860317162896148,34.096333813892294,38.29091747832033,978.5302545405464,7.4566497505925575,13592.2089421317,79.98080082167091,-17.24706052986861,0
Maitri,-40.46803102659378,36.034753521200294,73.4567744071646,1010.9854033326695,3.754898806734606,20.0,87.92466944894895,-42.9904637730778,1
Maitri,-24.862401277268063,30.368014385658608,41.544734752916185,962.9392400057316,4.5602047436861906,183.19573681029942,72.85010833614025,-26.988162284264167,1
Maitri,-26.743999679655488,27.95097213603701,35.28195900130256,997.9487041550681,-1.0042468814959364,7235.854540970626,77.84391851274582,-28.70056772917808,0
Bharati,2.6322598785239535,52.79395193761091,76.24599906072879,910.712732249401,2.2220635264591433,10066.834564635328,71.74523038355076,-1.0633167571088102,0
Bharati,3.867440555188594,16.068955502746505,40.31199817098776,963.9530960916011,1.397514450362833,5734.2423418908575,66.75745526522391,2.742613669996339,0
Bharati,-49.96534589995301,26.01862166330993,47.51809077354727,941.7921869084776,-0.6986009847976417,7797.677853667337,82.82377958608537,-51.786649416384705,0
Bharati,12.40890508591984,9.02267741086336,16.32812274280331,1004.7240744455264,0.43702844708389343,10417.651162489503,82.6878308024969,11.777317667159405,0
Maitri,-38.72838581729986,24.205387087840656,44.225668365231385,997.5755544992495,4.44020469928663,10880.742953746827,88.83814061021185,-40.42276291344871,0
Dakshin_Gangotri,-10.289900585088613,32.1288070069754,36.79322956796882,959.3133345973805,6.398366173261664,3510.8007530356854,74.94903638526735,-12.53891707557689,0
Bharati,-10.442530287044038,44.21707017375192,51.244611533949836,985.7855430240525,-1.0059868592594146,2546.179161256927,57.00262784882695,-13.537725199206672,0
Dakshin_Gangotri,-39.9353534026271,9.208106003361504,23.259404362318932,1004.0341885858197,-5.2522250176726315,10214.303982662854,91.61493395252458,-40.579920822862405,0
Dakshin_Gangotri,-17.600983092413514,31.63352452499798,38.43388852598696,1007.1438337913149,6.57437172560685,7816.854864782685,63.98193565149625,-19.815329809163373,0
Bharati,-26.61300616399096,70.11114397888382,95.63862645767014,971.8841867805356,6.62463169165209,8354.93243024194,63.72297578888412,-31.520786242512827,0
Bharati,-16.68504993051414,3.656968413086417,12.87529309399044,935.8228764066806,1.6015499261949182,3355.265199845543,67.02065407503781,-16.941037719430188,0
Maitri,-21.539915464290615,37.426716985514396,50.2221548027034,962.0292006707416,7.1705238498993875,8552.226170158996,48.846111834583155,-24.15978565327662,0
Bharati,-7.054907719446295,14.373956631808026,20.571973815067864,995.3228918984848,1.310461300628528,1622.0558522636293,71.73566073005743,-8.061084683672856,0
Maitri,-23.869006852809065,24.229563741065835,49.60566185528249,1021.9778834771676,-3.636235590841063,6988.965755262115,84.29010568989348,-25.565076314683672,0
Dakshin_Gangotri,-27.51811104139467,38.05349119637325,46.39222145287633,978.9134999685706,-5.248519752335624,6447.083312758355,68.49551636851994,-30.181855425140796,0
Bharati,-8.559036504142295,20.737194370340568,47.1573053977881,967.8635642857497,-5.2867530134183625,6474.715115091153,95.07295107189168,-10.010640110066134,0
Maitri,-16.294060527120948,33.55150829078356,59.23694414360608,1027.98722975198,0.018227299782401653,9124.79039635509,94.14305117368987,-18.642666107475797,0
Bharati,-14.022799085186682,32.53712239218783,43.07771288273534,988.1146530934126,-1.8649826053773564,1919.185522387294,88.33933209781189,-16.30039765263983,0
Dakshin_Gangotri,-34.96880008387895,28.24122287398167,43.53790095659182,955.4446398820935,-2.3154224791537796,8707.704533290675,45.97567004851768,-36.94568568505767,0
Bharati,-40.67894172097711,13.477707872716708,23.740618107037193,977.6218475983501,-0.42762650164295996,6082.6037985441335,96.50568165484599,-41.62238127206728,0
Dakshin_Gangotri,-33.51583214879052,19.507019729881982,39.964239682451755,999.9985529336536,3.43188538611702,2833.7927192001052,71.44234584220581,-34.88132352988226,0
Dakshin_Gangotri,-34.312320785208826,73.70606373004225,86.76135061675323,978.5925163135304,-2.1880331064304617,712.7258830245828,100.0,-39.471745246311784,1
Maitri,-13.207010970206285,23.371831653601163,34.197025015873514,995.8872117134378,-2.86157382289548,13554.702460911254,65.93897425936224,-14.843039185958366,0
Maitri,-10.360239245589224,24.927672693252504,40.389464325652966,947.8998526600759,-1.9240426336107326,5722.198024148754,72.90287449086622,-12.105176334116898,0
Maitri,-27.326954342986006,24.856751045948347,24.856751045948347,951.3165171495389,3.6837019177925514,4580.129748232375,76.3444300651289,-29.06692691620239,0
Dakshin_Gangotri,-3.5362147176347136,43.66579503929924,57.907312591248456,965.3028791171265,-0.28007155253645744,1425.3030488115473,61.014724784633714,-6.5928203703856605,0
Maitri,-4.472959093523052,25.59623613073295,47.092355832126756,974.3561322170949,1.119630897397264,10354.616552488456,50.69302146594309,-6.264695622674358,0
Dakshin_Gangotri,-21.349016253991913,28.581352325605078,44.961896128216765,986.6789764174335,6.21209416732427,10044.338025292665,39.035563951038654,-23.349710916784268,0
Bharati,-37.328376573145604,31.643307880906317,56.15987353815497,992.7352048965929,11.373092981791567,9274.000714137639,100.0,-39.54340812480905,0
Maitri,-1.3693502584668984,46.147208104518256,57.3742272259105,1029.3222762510236,2.5615496624898046,5755.867403669766,49.97082621384408,-4.599654825783176,0
Maitri,-25.915260265426124,28.651540410305003,39.05863328704246,965.2288641373408,2.1654266426147477,9005.031758900317,50.17749946511975,-27.920868094147473,0
Maitri,-23.10752205353538,30.29786832014438,34.124678280382724,973.7202200178858,-4.738108170473221,2704.7115104537343,83.57991294859121,-25.228372835945486,1
Maitri,-30.09407538409853,21.294870553910304,32.23742151842305,965.7868951398947,1.474062178263123,6870.458307941849,53.642493283480036,-31.584716322872254,0
Dakshin_Gangotri,-38.34685489445796,33.95306603781246,68.61199228745616,1001.5877668821269,0.24798116744518311,5782.704879595764,50.85602343562678,-40.723569517104835,0
Maitri,-47.02959145472938,38.99544172038396,56.75087537224849,1002.679007857293,3.5689930137806813,7068.188276024686,31.884488765902184,-49.75927237515626,0
Bharati,-15.506975146640679,40.368923490693845,49.51356133271164,971.0468896160664,-1.5673874440120974,20.0,79.39077164188414,-18.33279979098925,1
Maitri,-36.75101580844931,67.97057944852081,72.90916006785015,1021.3149166440693,0.8028682553922892,13478.753334309022,58.949122232841674,-41.50895636984576,0
Bharati,20.89296843495235,18.738590122252184,18.738590122252184,965.8220200684017,2.4209293057262107,12474.124541348261,84.65083251245301,19.5812671263947,0
Bharati,-41.291103739187186,29.277019782221775,35.97308408814859,1000.5983576842725,7.594170299293345,1399.8664602861745,73.86292136828845,-43.34049512394271,1
Maitri,-43.86073712472055,25.68656121534917,48.27849630073558,1009.0904512200091,6.255087170446698,8309.446661909147,76.28279274136862,-45.658796409794995,0
Bharati,-17.34791926579838,61.825361243122344,72.55504351070272,952.7684041257995,5.064289426584322,52.0827579642455,68.19859858721388,-21.675694552816946,1
Maitri,-2.0602978154905713,41.15445933169814,46.57274185027242,991.5526458240181,2.9084770813534644,6335.455503314452,70.86314223565653,-4.941109968709441,0
Bharati,-24.031155145851674,11.184262697520957,17.70242485717855,925.4990791748924,-1.7253061335862618,20.0,61.57786290949386,-24.81405353467814,1
Dakshin_Gangotri,-16.416363697190885,20.307744729847265,41.802552729246585,996.4842471126711,2.9061548084643727,4831.342381187769,62.99884125845542,-17.837905828280192,0
Bharati,-52.65321126188064,24.062372044577415,38.249741290761136,957.9678835858987,-3.0890717148181315,4048.964251456059,58.57507874600262,-54.33757730500106,0
Maitri,-35.162673185376505,12.190603698492257,20.918559556391163,991.3493922799296,-0.8248754735665692,10626.966880147469,97.709718635851,-36.01601544427096,0
Bharati,-41.10423593706351,30.437539862325956,42.35365616678024,995.0997733594129,7.113475320413325,12673.908955898783,69.05812016189526,-43.23486372742632,0
Maitri,-53.42568774921821,21.806533750022453,58.86536500549673,1002.4027695911258,2.151926898030641,12763.951344590518,41.02772868690474,-54.95214511171979,0
Maitri,-23.245296489641696,69.47179624310826,96.6680269851647,997.8043070013535,0.9080522859406406,10633.035116203377,78.88140760329779,-28.108322226659276,0
Maitri,-58.642414324156505,33.81228036944119,63.498533666139664,981.1178998490321,1.4228434500165417,6329.670543617327,62.943891089090904,-61.00927395001739,0
Maitri,-44.832939491311734,23.556311285153203,23.556311285153203,972.390469776871,-0.37531148161357675,7553.190230242984,74.33279056174779,-46.48188128127246,0
Maitri,-33.05790691020127,16.67339317412495,30.162370395755538,978.5122133999481,-8.62327359892895,7533.749097267893,70.95677870540617,-34.225044432390014,0
Bharati,-37.46928753926615,27.971821730222814,36.523930738713986,957.6799697076573,-5.057548594387358,1278.7263474415477,97.35263715266976,-39.427315060381744,1
Dakshin_Gangotri,-19.053872466893985,59.156456545028064,79.59485850336652,975.7662410104143,2.468953398655144,10583.703954297354,69.24560921002241,-23.19482442504595,0
Maitri,-20.4162971214628,25.84367591696597,51.44174470148797,974.186087034205,-3.6821806019669556,8760.230388866237,87.2411028713378,-22.22535443565042,0
Maitri,-11.593018810968147,28.101492946426664,46.365755075627064,964.2356301232784,-0.4303429624772406,8946.010278090898,85.65750157527148,-13.560123317218013,0
Maitri,-13.714244009309828,85.86616845649938,92.14146802990479,945.1761356381628,-4.909772487815569,20.0,54.50165080606581,-19.724875801264783,1
Dakshin_Gangotri,-7.887808159579286,49.3560262011111,57.745892821138746,954.461277647915,-2.8745904321964533,7810.995907519442,77.81619080146075,-11.342729993657063,0
Dakshin_Gangotri,-25.028776000135814,33.31329795084398,54.51900661217253,916.9977689900214,-0.01704612871510342,10022.56478854878,63.625099739979,-27.360706856694893,0
Bharati,-20.447996487749954,43.223381819905725,65.424113552,973.842416162143,3.6954425463278504,5939.026977628538,56.870130654963035,-23.473633215143355,0
Maitri,-17.32729447121213,35.03410666611975,51.44363039049379,987.209972965994,4.497309478574731,3997.034299498453,56.929197053320934,-19.779681937840515,0
Dakshin_Gangotri,-22.875149539134615,34.03967333504797,50.337582528943685,926.3486752404722,-2.938548935288386,550.3553609114924,87.31968053527002,-25.257926672587974,1
Dakshin_Gangotri,-30.95791464875611,10.8158016887107,26.317027046396202,984.734295596759,1.2268129543563662,263.4044808318149,100.0,-31.715020766965857,0
Dakshin_Gangotri,-29.986638015096553,15.362775556477727,33.053741133950034,977.5505167778327,-5.701714848689774,6617.330769829435,62.92038422505466,-31.062032304049993,0
Dakshin_Gangotri,-37.26337597494948,31.505503536617223,53.66511328833535,956.4648847656506,0.2256423972688993,5060.985455166916,78.23611881573977,-39.46876122251269,0
Dakshin_Gangotri,-18.675747551352558,17.54871677290218,38.85037384526747,971.3758958483724,3.813271682951694,5004.899977159669,79.65638789667479,-19.90415772545571,0
Bharati,-26.41022761127733,27.987478105601106,43.22333244443527,1001.0160833043466,-0.26818957239288393,12115.696026641235,67.0501750208214,-28.36935107866941,0
Dakshin_Gangotri,-34.94760625955147,14.557510794551769,29.067016621278405,960.5162187853969,5.262748963855286,976.3394951196769,96.1140491751154,-35.96663201517009,1
Dakshin_Gangotri,-34.93367228986889,49.55785617065859,63.68487307996102,981.5770215150344,3.347677210110044,4617.192131824947,100.0,-38.40272222181499,0
Dakshin_Gangotri,-43.155980916741825,18.73645121621156,25.933144774213922,986.9319181007058,0.9652981934452727,12776.436697449211,66.03444639107622,-44.46753250187663,0
Dakshin_Gangotri,-10.317379881442005,16.644933060141653,23.71465156682417,963.5558538715047,-0.998819122595894,4751.631101573848,100.0,-11.48252519565192,0
Dakshin_Gangotri,-23.820734957023188,12.697210015488182,33.13677276351929,1000.165420111825,-2.137319159435588,6265.150857600594,66.79931895023248,-24.70953965810736,0
Bharati,-37.94200029359905,40.14051877457203,48.01182991062639,988.0768188957121,-5.831867467023704,5299.628562220238,60.446193327453756,-40.751836607819094,0
Bharati,-12.871783755969727,27.967127653392776,51.10646633252301,974.9617812328909,-5.180629239223235,8823.13814347082,72.90999684794247,-14.82948269170722,0
Bharati,-33.406732146915594,48.647014915999655,63.13358780564339,1027.2648094383499,3.979738622439735,20.0,88.03525494549147,-36.81202319103557,1
Bharati,-46.09750940518349,21.374573059691578,44.57052564404321,1000.251568743703,6.054763225004922,5186.581157891906,73.43667448921025,-47.5937295193619,0
Bharati,-9.681665661713005,15.130740003978781,36.50032803952685,946.2767822862434,-4.324146620165404,6217.778770630758,86.0669056956708,-10.74081746199152,0
Dakshin_Gangotri,-33.05645484349169,27.311891670149958,50.74119091787074,972.2168519106752,0.2727476990373929,2007.1861297706423,78.39863535588992,-34.96828726040219,1
Bharati,-31.133486353131843,53.51235507300322,63.7486975079845,1029.3328521555477,-6.297893668684844,7374.366987366893,95.29266376866275,-34.87935120824207,0
Maitri,-24.382299694762338,10.651499586791605,29.740494091582026,960.356370473181,-3.9071342655036063,9145.514297962724,82.95976308709226,-25.12790466583775,0
Bharati,-7.861161658148276,32.92753627863319,55.30641617411683,981.3266758566316,1.039317343496164,7807.750161305408,97.95825838361696,-10.1660891976526,0
Maitri,-24.699440637005324,34.64484730768345,34.64484730768345,1004.6198675325259,-2.074788141161716,13117.114112952648,62.13611487286652,-27.124579948543165,0
Dakshin_Gangotri,-42.986756892178455,57.92834637529154,89.94528085078014,993.0464317541026,-7.664774101511994,4266.561026250827,71.94815993719943,-47.04174113844886,0
Maitri,-16.841844938317298,17.975476072577873,55.63500653371861,995.9293869144157,6.875459069625238,7994.305488496539,74.97698098475169,-18.10012826339775,0
Maitri,-32.27484586392586,10.213891314979355,34.68677425995749,994.751827370334,-0.1965865524340941,7904.176099332557,62.19179376983997,-32.98981825597441,0
Maitri,3.3188595729419923,22.54244981549608,45.601257436796,980.5078545331252,-4.417622192492696,5057.535396774867,59.89347145014236,1.7408880858572666,0
Bharati,-25.016795829968352,42.91271869594085,63.800304670536036,964.1537121452604,0.5121368305519183,10533.595798484528,80.73164253368529,-28.020686138684212,0
Maitri,-58.525532468479994,28.91619562354894,40.681862206681686,988.6952838497909,-0.32346876975123673,7152.946743193453,84.97873210976053,-60.54966616212842,0
Bharati,-19.639525417664892,36.51408979087154,50.412387678186356,971.9444674581551,1.6873023279681212,1195.8219181454251,76.68953611072126,-22.1955117030259,1
Dakshin_Gangotri,4.168966883903426,15.68247007727719,40.32651903088248,970.3729759828018,-1.3594191972238279,9002.382512455417,90.88532741858835,3.0711939784940228,0
Maitri,-1.3611956718191571,25.02258019217787,30.290408243513646,1009.6494377427317,1.2570339403730197,4002.503823230821,58.45025016447424,-3.112776285271608,0
Bharati,2.464314331348479,29.476593552756444,33.86942442146519,972.3800801684631,3.7745438937071154,4708.996451090399,69.13408726283927,0.40095278265552814,0
Maitri,-40.296402780721955,11.626418131100904,22.65312624367592,1014.1226080481326,-5.272736558447176,5005.236956691877,57.30216161150374,-41.11025204989902,0
Dakshin_Gangotri,-11.317714060348319,29.385691814017417,50.9482235629725,985.135326822976,-2.773016214606434,8941.165377003997,77.09078948237804,-13.374712487329539,0
Maitri,-35.829918096050676,23.786908533713316,30.127546950971315,976.8170453705196,3.3570478475076437,10315.943485358257,82.31801289805921,-37.49500169341061,0
Bharati,-21.63565900874613,97.52316535141425,110.26900468224068,943.6487655218208,-2.2055405130621795,5362.050772692331,95.12762228325235,-28.462280583345127,0
Maitri,-44.09428643109599,28.30946152196369,42.24270548144359,1022.3971145587685,-0.3266899794983261,5132.638457510548,57.34114515828401,-46.075948737633446,0
Dakshin_Gangotri,-34.66683647324074,59.52516933345332,64.40647694710876,979.8806088949112,-1.8815699975267373,20.0,80.5863303092397,-38.833598326582475,1
Dakshin_Gangotri,-35.14370046045423,36.3748708168207,36.3748708168207,934.5844041099181,-1.632100100699789,3160.693893401295,96.54169018239668,-37.68994141763167,0
Dakshin_Gangotri,-11.521670797860757,26.52746761505523,31.262342220867186,999.7545126428271,-1.9717401236495233,2212.938402966245,59.974662911531986,-13.378593530914623,0
Maitri,-12.989213174955168,55.09404076463758,72.7029059378045,978.996163759258,-5.034752145401301,7244.774340576562,56.456295005044836,-16.8457960284798,0
Dakshin_Gangotri,-20.84770406003769,14.379160443811724,34.240595126586456,961.3734909580046,1.836787812649818,5571.726092745664,52.8829958297931,-21.854245291104508,0
Bharati,-45.25632127083078,22.268463094330432,42.212092932944486,998.6236682967836,4.249212761377951,2364.6551071657445,84.36716096619455,-46.815113687433914,0
Bharati,-29.6745915092458,44.20297890143769,65.29870284986907,929.0253520592969,-0.7059625870566851,6610.813189104821,64.11783779556887,-32.76880003234644,0
Dakshin_Gangotri,-36.19174724414089,6.9105811197059515,15.646632114331492,965.7180961134758,3.7978517198405735,5729.377034389567,82.17080250492506,-36.67548792252031,0
Dakshin_Gangotri,-11.954863649582634,27.81888524166378,34.41279399179191,974.0119521466171,-1.964331100852679,20.0,71.75768211951139,-13.902185616499098,1
Bharati,-7.327227207742233,27.69395777764341,46.44453782615197,997.0437589422157,-2.200463333464641,10431.682114773019,100.0,-9.265804252177272,0
Bharati,-9.154216209536754,32.3767448454575,45.2592441430881,1024.8050308946301,1.642787611799629,10043.562892044962,86.81791870262546,-11.420588348718779,0
Bharati,-36.32829129125531,25.16886683897731,49.23965306443833,975.1046237383537,1.7094985928975452,5048.321139552298,62.94285980551587,-38.090111969983724,0
Bharati,-66.09299683434219,43.29824265731782,62.11197830069331,989.1988838960344,-0.4510349172567799,7410.389998459386,70.46863291382928,-69.12387382035443,0
Bharati,-51.50442847195082,18.483995282526422,46.322200910855294,1034.967765895863,2.7063524415806373,4698.912905542732,86.8180253443843,-52.79830814172767,0
Bharati,-3.6755953287668746,46.36012299964327,56.70475995638732,980.0947361578789,-5.147907484193548,20.0,58.970420494473885,-6.920803938741903,1
Dakshin_Gangotri,-31.01882408979736,15.415880726845648,41.091223227924104,989.3639811204657,-1.2158882380399294,14654.89543384406,92.73249122472616,-32.097935740676554,0
Dakshin_Gangotri,-36.26086927397669,33.69632454830839,69.04308351969158,955.2529700498893,3.859271304381976,8999.060873371418,71.24670044058361,-38.61961199235827,0
Dakshin_Gangotri,-0.3600955984564891,51.80891902748943,67.3463446435657,1019.1833432328393,3.8485050031446746,9762.411735655383,87.13364831986205,-3.986719930380749,0
Dakshin_Gangotri,-6.022600817675098,17.58627145172423,37.57933822113191,965.740473102287,3.344102757624208,4861.822223377672,72.05825297418727,-7.253639819295794,0
Bharati,-24.6332691712032,20.0290263248463,25.723743437861422,985.3714259036011,4.082956632561604,10503.907008015594,67.14235337871443,-26.03530101394244,0
Maitri,-29.40104636595961,47.1783290312679,71.11889429009128,984.804715742396,-1.4901622102774916,519.0855306969188,64.6877243472701,-32.70352939814836,1
Maitri,-26.98151819219688,31.22566141095635,57.516243106199354,981.7067664403027,-6.820792333070628,5018.051662598722,100.0,-29.167314490963825,0
Bharati,-21.59255802418801,10.290260042621346,20.34572820195524,971.3137264419316,-1.0351455662397329,8959.250229862388,70.57322992717839,-22.312876227171504,0
Dakshin_Gangotri,-0.9992907802058788,31.85213984035075,52.71373555109913,984.8265249001322,2.5439829238419276,3492.771305283604,100.0,-3.228940569030431,0
Maitri,-18.6629886364416,39.62673628315349,57.431463671599545,1015.146949504206,3.197746956663245,9642.849200917595,77.27751214825625,-21.436860176262343,0
Maitri,-14.10956450441288,48.16088031835218,67.06873322111069,1025.6186795182596,-2.1050859670830344,7215.009900126862,62.23815624832009,-17.480826126697533,0
Bharati,-7.4609483639474306,33.28472580417999,56.404923211832724,976.4971425215145,-3.8720630803682923,6838.46953175824,51.220989281942806,-9.790879170240029,0
Maitri,-42.545140015366286,36.99074643220951,57.17974152220433,971.0107342197747,-3.4740374460679266,3119.7322636744916,93.49174736285869,-45.13449226562095,0
Bharati,-13.677071612889357,62.5023750105292,76.11249674880077,963.824711451452,-2.1746749286864255,7617.505298208702,72.09403951912951,-18.052237863626402,0
Bharati,-29.41853131992417,44.861046923896005,68.19401047819738,1033.7227121274464,-7.58855808753519,13730.183794350232,87.3402577513655,-32.558804604596894,0
Dakshin_Gangotri,-62.74142793659149,11.50790795911468,37.626468854360816,982.5766979659364,-2.1085832288327757,6701.14562079441,100.0,-63.54698149372952,0
Dakshin_Gangotri,-56.92254312978718,24.677992086103625,34.13604774590365,1002.3008513914104,0.19150688235848462,8223.862036770934,85.03253921734299,-58.65000257581443,0
Bharati,-40.27176417278028,26.400585102994853,41.382593832529096,993.9332128255833,-0.39153728467022564,8814.089439413654,80.05948435965871,-42.11980512998992,0
Dakshin_Gangotri,-17.03165157111128,50.74712326134775,50.74712326134775,1024.1680339736542,-1.3210823788404282,1422.3413081517274,93.39458560837762,-20.58395019940562,1
Maitri,-23.293006519895552,53.657638454217036,74.49361892952916,975.0459944383513,-2.757040074247472,5469.697963941535,87.06173269183947,-27.049041211690746,0
Bharati,-22.23449939236504,32.93535781387296,60.16653357651567,957.8586338194747,-2.2912286671439537,5347.907283854626,56.05885921064703,-24.53997443933615,0
Maitri,4.26415224030038,30.458465062643835,42.885512787751225,1017.189035033741,-2.2204986763808106,20.0,94.98977118459945,2.132059685915311,1
Bharati,-44.036344222897185,24.264926324194274,40.599287902541214,998.0661288928293,2.8219206594160404,9155.889568239938,74.31064486982147,-45.734889065590785,0
Bharati,-25.411500312755855,49.775673922803115,62.57371657336371,989.1256620464251,-0.003715741237991786,2272.7054566419833,98.12034375340494,-28.895797487352073,1
Dakshin_Gangotri,-20.433467157792766,18.167308067641763,29.328345828883123,1010.7038525282787,12.667362706706285,8718.532489849911,82.60569305174111,-21.705178722527688,0
Bharati,-36.044096748075034,22.296920226151233,39.618633094617195,990.2666097109653,-1.3293474109873251,2967.890213291611,92.87325863336868,-37.604881163905624,0
Maitri,-24.575098823755887,49.69688823474684,56.854462844469,1011.3980138127943,1.751492595688888,14168.452555973116,71.6308001850649,-28.053881000188166,0
Bharati,-48.99924001126517,49.392248218970536,62.03947885453621,984.9318379101801,-1.2401351364045412,4885.772695331336,52.24040255862141,-52.456697386593106,1
Bharati,-3.851406740874584,81.3453934500344,87.2998841689756,998.0389764940377,-1.3373402794989824,13684.644326491572,83.45569366900398,-9.545584282376991,0
Maitri,-35.224218287956504,27.873561570385537,48.764327428882304,990.5278265088897,6.249486271471921,5309.159206580211,89.65277864388663,-37.17536759788349,0
Maitri,5.471002471677544,24.465829862413806,41.85821106509083,973.4943252993954,3.990193500459954,5786.120556624542,66.64601818804327,3.7583943813085776,0
Dakshin_Gangotri,-25.487114858761824,25.800944253094492,36.48856507924525,975.8921911332501,-7.018759243700077,12266.362366037258,71.95042052778446,-27.293180956478437,0
Dakshin_Gangotri,-9.579196519012253,11.077441836464782,26.448229292688737,972.1427556937963,-4.090103953763362,2329.729738648277,41.78472585858791,-10.354617447564788,0
Dakshin_Gangotri,-25.799543034867316,7.695408797808191,20.488156240044706,985.3097419063266,-0.5449664271593242,6199.828944337111,72.67054174193655,-26.33822165071389,0
Bharati,-25.461157483907947,33.22541384913325,59.664365554859586,970.8839518720298,-2.0684510274092713,8158.147059213729,56.243216658211665,-27.786936453347273,0
Bharati,-33.760439998330114,23.4760885155053,34.06596536207101,988.717991282077,-6.033308461849031,7615.155907904884,82.75835122128662,-35.40376619441548,0
Bharati,-23.213141059505837,18.887148680926558,40.237598335245394,988.0380313334531,0.4632199372492449,6172.091320177064,80.02384052739417,-24.535241467170696,0
Bharati,-20.23001958378929,30.23217707848231,38.180104225399376,984.1030826714604,-7.512500551172023,5622.697964137439,75.2280052881817,-22.346271979283053,1
Maitri,-36.7638776337277,33.62824230283075,56.77062630662975,984.4503733947445,0.5070110455360053,9385.769893700222,94.83974044218802,-39.11785459492585,0
Maitri,-26.875666237898262,26.860149436134577,52.23320543617066,968.6768315510939,2.919906653409876,6707.146564224883,78.61447160418317,-28.75587669842768,0
Dakshin_Gangotri,-34.15148299085671,27.230298280618378,53.0753612065638,974.3604726431255,3.4909435438441547,9865.514162302774,77.90181208877227,-36.057603870499996,0
Dakshin_Gangotri,9.494961044222578,23.326878224471855,53.03704713585883,946.5878234797437,-0.5772562778220846,7567.578849049136,79.82432863988527,7.8620795685095475,0
Bharati,-26.34596154867428,41.144958837552664,59.069408838342916,977.6026130739587,6.043263010655032,8600.820247787055,66.2578406417739,-29.226108667302967,0
Maitri,-1.8215177245516116,21.46485608158895,48.844323098221366,960.2837753975771,1.326504185774869,10534.252374187985,89.87075511880356,-3.324057650262838,0
Bharati,-27.934334962115326,16.684266257385328,47.926065780589575,981.9970486156626,3.3833011799737407,4759.672537909294,61.254550911178285,-29.102233600132298,0
Dakshin_Gangotri,-21.11068537697638,22.79778469730342,26.577261058458383,965.7102175517308,-2.94505492052326,10425.797458792622,81.34131017268835,-22.70653030578762,0
Bharati,-44.82046107467904,32.45548631861376,41.423104900981734,938.9865440310227,6.086539187345132,5372.7410567149245,93.28023316804486,-47.092345116982,0
Bharati,-31.70608887801797,42.40646490871269,42.449457813541486,1025.0488595933696,-0.01183071404518567,397.3567903782123,59.60288980328623,-34.67454142162786,1
Dakshin_Gangotri,-21.8419799381613,68.65748721462225,94.26892846186996,975.3714125330864,6.307084307350908,4683.210181448588,54.86420764734304,-26.648004043184855,0
Dakshin_Gangotri,-1.209942535602,30.31022736014708,30.31022736014708,1008.941157233674,5.432613149144128,3109.190494614867,59.33807816261159,-3.3316584508122955,0
Dakshin_Gangotri,-21.670258334855934,59.90706689236344,59.90706689236344,969.4602060286263,1.0305520340196743,7501.338540431973,100.0,-25.863753017321372,0
Maitri,-4.244194582105013,20.481025512422452,24.507098703470845,1013.962328486165,1.6227477244051693,4856.887629750824,65.86039370571606,-5.677866367974585,0
Dakshin_Gangotri,-15.389063346956197,18.521777698565334,18.521777698565334,956.966042731635,-0.7197450517167134,6511.488286061829,56.993126912812656,-16.68558778585577,0
Bharati,-0.5889799080297138,36.140565717525924,53.86214601578024,983.520631517111,-3.276731471088294,10056.873718771383,80.4953318257567,-3.118819508256528,0
Dakshin_Gangotri,-25.885633259575833,38.88264958106945,43.03722312720977,958.1542116070492,2.3807927522219656,11943.095852745897,34.142838059541724,-28.607418730250693,0
Bharati,10.85334065977706,31.90121036861022,31.90121036861022,1032.0148637725572,2.1761684809108,7170.805435543203,60.68114177216174,8.620255933974345,0
Dakshin_Gangotri,-32.280943043711844,98.65511584906736,113.23638264801565,975.0147705052304,-6.4746902266787725,10342.599610389208,96.21112409405549,-39.18680115314656,0
Maitri,-36.49692751296504,21.11296837310915,36.284088657579616,996.5690510591154,-0.3311163942382833,5291.422021538256,60.66948345864744,-37.97483529908268,0
Dakshin_Gangotri,-43.15079274533551,54.21907457153715,54.21907457153715,989.0115485263768,3.472057445634442,20.0,71.08813552624586,-46.94612796534311,1
Bharati,9.965370073371055,18.804027739140988,26.66701600443575,979.4896874642938,5.862948377469807,1282.7101389141453,79.41177682281153,8.649088131631187,0
Bharati,-12.708286410731537,40.45439940771641,54.70801188798642,990.3543972916605,2.901266024737835,5217.164371191481,79.42009054125393,-15.540094369271685,0
Maitri,-30.011811000704625,29.636928183509045,41.068695448810175,1007.183458773305,-6.069066921478803,9182.376390212361,67.01218827615779,-32.08639597355026,0
Maitri,-6.264659546897576,33.03338039593129,44.73854812540391,993.3641186219788,-4.217777909402372,5228.515255472646,83.19575344814464,-8.576996174612766,0
Dakshin_Gangotri,-14.684617223233271,36.33535423921848,63.1282240265796,983.2490974655785,-1.3839883796002863,10743.519829843244,96.69336320024308,-17.228092019978565,0
Bharati,4.491912070633855,30.20605803784749,66.67150596108323,990.386458759567,5.59524773740065,13326.592826905997,59.07531082702151,2.377488007984531,0
Bharati,-48.21749249109867,27.17800812873362,39.0450232689156,1018.3007737106557,-2.4283052540862706,2446.90082424348,67.73344407758587,-50.11995306011002,0
Bharati,-28.980401624713817,9.59465350930804,11.3758381835105,971.6637925384196,4.2343996749058315,14499.442885734023,73.42275433719284,-29.65202737036538,0
Dakshin_Gangotri,-31.937820759142383,45.7686834196875,58.42285243354935,942.9222619070362,-2.4925303904227194,20.0,85.49785619646424,-35.141628598520505,1
Bharati,-54.60524014612902,13.907183008770653,30.850114042965878,958.0699805870946,2.1304712972073534,13395.33744050531,75.49672014837216,-55.578742956742964,0
Maitri,-9.095091928304589,23.628595639016435,38.09581019131801,959.5575298445552,-3.7601139406119914,5865.903226141015,73.0925169356606,-10.749093623035739,0
Dakshin_Gangotri,-29.055948337050374,34.26705647511049,55.373967657354434,962.3744072725336,-0.7752535681232885,5068.624825657892,51.759457497976655,-31.454642290308108,0
Bharati,-13.905531925201567,15.43116692705086,52.550259429013,963.06186036968,-4.526446085301996,5967.9227188746,58.00414394637557,-14.985713610095127,0
Bharati,10.396579014944173,27.16223082045807,27.16223082045807,979.5280084970194,5.772398097125824,2800.122061404738,77.8901566259415,8.495222857512108,0
Dakshin_Gangotri,-30.298655377414125,43.16878600291066,53.09798933257262,984.948358577876,-2.779409307688566,12006.222000565802,67.2924088954412,-33.32047039761787,0
Dakshin_Gangotri,-31.317294739857328,23.334446271655292,53.74587804527036,984.7334345091773,-6.188585865709555,3231.985197485122,69.86856483923258,-32.950705978873195,1
Maitri,-23.22003745414006,27.40259034160376,37.18213473894541,965.3944417294962,-6.505267884665911,3741.9540185446886,74.07189604451989,-25.13821877805232,1
Bharati,-10.191289705248856,17.231953780723096,40.12688883646733,999.8780013558961,-0.3417312333299633,482.9954479267635,100.0,-11.397526469899473,1
Bharati,-33.50069537965225,24.839064452150698,46.148071425627286,990.6891164355707,-1.8322725924440748,3077.3461770527133,67.5377850130119,-35.2394298913028,0
Dakshin_Gangotri,-34.46442395698196,14.136104150863689,41.50490271900171,1011.6261727491495,2.5948948286610274,3199.0199182999486,95.80427819141431,-35.45395124754242,0
Maitri,-9.142160946379512,32.21548012073147,66.34887756232676,996.9352208089343,-0.9404657052501568,2930.547640045086,94.70750173695886,-11.397244554830715,0
Maitri,-19.320410142429466,12.234468514219833,30.56519558522507,973.0093648282245,4.663864843874268,5297.179208510294,87.05640377695804,-20.176822938424856,0
Bharati,-55.67092394507231,20.68039168466006,20.68039168466006,1006.1097660726499,-1.541664752583733,1540.998954460436,62.288359141102234,-57.11855136299852,0
Bharati,-43.38087699203662,29.77163778184993,37.767566019208736,985.4717217262571,4.105927830819194,12378.078759758755,77.0577120966471,-45.46489163676611,0
Bharati,-2.481462042591847,26.211225674633283,63.07175434056943,995.959572377611,-3.8102280357856353,5388.797445798462,69.14264336478657,-4.316247839816176,0
Dakshin_Gangotri,-18.971075753817814,35.24058013163602,36.098602037786286,994.4085946939467,-6.013332984764035,7496.136726877943,100.0,-21.437916363032336,0
Maitri,-36.43293896555873,27.449444611096794,47.41751030300253,977.5136033344052,-3.2933535730085666,9447.165012359255,81.15979959339595,-38.35440008833551,0
Dakshin_Gangotri,-27.556144858524732,9.571792612613912,9.571792612613912,982.0654076086121,-4.514971057089449,14099.749885593541,71.80227869970533,-28.226170341407705,0
Maitri,-24.80144990797495,15.28144731329639,16.769175494401296,977.372507358916,-4.962524353323141,9639.531869739254,100.0,-25.871151219905695,0
Maitri,-13.963999595797544,29.03713850112085,52.90651131511998,962.9410742351694,1.6546087147062005,5008.676083915897,69.71244421855877,-15.996599290876002,0
Dakshin_Gangotri,-45.373950922881846,48.89865388708942,64.25826309038698,937.1061044408867,-1.0572664082733028,1709.053262954213,83.2741315397503,-48.7968566949781,1
Bharati,-37.61423708005687,44.5861877597268,55.82176950584401,966.1238889446597,0.567101703777719,7352.378546538487,85.53619096633145,-40.73527022323774,0
Maitri,-20.90566367704917,97.31509893851016,104.17153869496103,983.9833131293277,2.1101976028668097,10249.186452156237,80.21068820014398,-27.71772060274488,0
Dakshin_Gangotri,-26.497518707431755,21.968721567986737,21.968721567986737,1001.7116975844745,-6.742786863449104,6567.727026953105,73.40390427536364,-28.035329217190828,0
Maitri,-16.422112260449353,42.44104309045483,64.37510195272121,995.9197997689661,2.2797218697150403,6260.864376943378,87.56282194994968,-19.39298527678119,0
Bharati,-43.442610960393964,40.94223091404103,53.11075721746532,974.4077381002353,-4.820819346196354,6853.938388281619,65.55078100015605,-46.308567124376836,0
Maitri,-19.643069855930182,61.03635517214495,61.03635517214495,966.3964673235942,-2.307280033829537,20.0,91.70543594405991,-23.91561471798033,1
Maitri,-8.626245709337919,52.85756852929407,68.15945992439691,976.4025161741423,-7.568502355350392,6585.874189495455,70.77878676380152,-12.326275506388503,0
Dakshin_Gangotri,-17.69772179276075,33.4418166700492,54.25429682415048,960.499870728431,2.618320400232221,8929.100038565111,95.06692756486058,-20.038648959664194,0
Dakshin_Gangotri,-22.91332390357612,38.99938097459931,51.99264407334558,937.6946074530019,-6.756251869142201,5817.267696849763,90.69427697068608,-25.643280571798073,0
Bharati,-26.438254038489564,35.30565732322489,51.46558415634911,949.0971075005051,-4.800435330474552,10494.039208089705,83.2397562256452,-28.909650051115307,0
Maitri,-37.52276729157253,28.469258849955988,43.850527004830404,1007.4948271632297,-4.510324810655292,10627.544424871074,73.64699588411271,-39.51561541106945,0
Maitri,-26.079978886596827,37.5939270436988,45.52597895741704,1017.1456981087698,-0.5150400129194578,3984.405608601557,91.54010721431676,-28.71155377965574,0
Dakshin_Gangotri,-6.10441220679391,31.6993575232751,47.241953656273424,995.0788194786279,-0.6370769455627282,7767.157297111046,83.56641816464479,-8.323367233423166,0
Bharati,-26.785427599001878,31.01236974745695,53.36453906069637,978.8369474949976,3.2475922059203577,6171.025472310561,26.75202569209111,-28.956293481323865,0
Bharati,-38.34705984022615,62.46316048699014,87.80959722024596,952.1403925469992,-0.41827796190908656,20.0,62.73431394278738,-42.71948107431546,1
Bharati,-32.383706331480795,33.77304769232565,56.68034107821908,976.7773594895026,3.8630816052120687,5251.253342144594,77.5310877584731,-34.74781966994359,0
Bharati,-21.987245540861046,30.314415512883702,38.56343520052457,992.2367849534743,1.5172975994809563,1876.3965080430498,79.19589888084381,-24.109254626762905,0
Dakshin_Gangotri,-30.602709957712705,26.628006644455184,47.990132160153024,996.5976254498797,-3.781917227548863,6535.958109150986,85.6073630406245,-32.46667042282457,0
Maitri,-17.72045075405289,25.43086187751933,45.08552615088478,993.7762200163,-2.668777886790775,8731.002268918586,98.23269898429456,-19.500611085479242,0
Maitri,-17.157343588764544,15.02300591677658,22.925917992324628,1004.1913613538253,6.042333540156251,5129.5267392377555,83.79981312520445,-18.208954002938903,0
Maitri,-11.665252293930276,28.483919413584506,38.84079203819014,1018.8590452842243,4.909722741673415,2399.8614256724454,43.73483499751063,-13.659126652881191,0
Bharati,-3.6466079160245073,50.1481040637422,71.9450350902176,971.8995529651977,3.296314484859958,6935.865066825067,77.96468740746077,-7.156975200486461,0
Bharati,-10.062119134414589,21.623701461141014,50.39278298920544,1036.106240962062,3.821956830990811,15774.821784556583,93.23705413495362,-11.57577823669446,0
Maitri,-39.013585962219395,75.95818073447748,75.95818073447748,939.6012490326516,1.8605020415253755,20.0,76.67381859363456,-44.33065861363282,1
Bharati,-38.553016698644086,7.156946041498637,38.55755842519159,964.433771088896,1.340426697616347,6931.220334224174,78.05172858647823,-39.05400292154899,0
Maitri,-26.136572146897365,36.87986483745836,63.52146159654008,984.0000050682951,0.19885946960398868,3824.8621979972127,67.58625167487622,-28.71816268551945,1
Bharati,-31.76763035859122,32.3072882711256,49.29847327278593,990.9805184523683,6.795396932475423,4295.6716260510275,89.23833905645522,-34.02914053757001,0
Dakshin_Gangotri,-42.074900904414136,61.907561601531434,74.50039536795146,976.3672869254682,-1.8586337989216728,5581.239415916191,69.70235120917224,-46.40843021652134,0
Dakshin_Gangotri,-31.625376912594913,20.362140284472943,39.266474776664374,970.0846812050671,0.9612001014424145,4623.773488828175,83.8928467663152,-33.05072673250802,0
Dakshin_Gangotri,-32.11769400428558,14.02779267602735,22.622139069437647,1024.0517082800993,-6.833081709434558,8407.215553094611,81.4281649492522,-33.0996394916075,0
Maitri,-35.07771609641809,25.90533086743364,39.12838066796694,969.1295484781039,-5.722868559199275,5032.839095295479,75.81330382382215,-36.89108925713844,0
Bharati,-29.736842292325086,23.78086168754793,24.030592173158137,959.6125208153912,7.260648941203609,20.0,82.26140569105078,-31.40150261045344,1
Maitri,-7.323237245225034,10.986017328127915,10.986017328127915,1013.816513057644,2.467121056472364,11118.677317847687,78.02508740705176,-8.092258458193989,0
Dakshin_Gangotri,-22.01142938126141,30.460001352947618,68.78306770000646,996.983053823192,-0.8507940419666205,10517.114022997923,94.15965970368592,-24.143629475967746,0
Dakshin_Gangotri,12.077136140832039,22.739347945112378,38.37010012919526,1001.8943444349541,0.3132983486081348,3572.9692699463317,85.15079188140199,10.485381784674173,0
Maitri,-22.44237720970526,56.2072484471081,73.24413865713177,983.9174247515107,-5.432488520095528,6199.087739987048,90.59583759861928,-26.376884601002825,0
Maitri,-29.350986609058776,30.716406397338734,45.40907846622999,952.4802661834419,-1.7124799866168567,10870.356309134946,63.54127385441392,-31.501135056872485,0
Maitri,-24.938006760177007,18.978105106497424,25.70036491168851,981.6923942966517,-5.832547115624284,10132.655386123191,62.600714297630795,-26.266474117631827,0
Maitri,-21.152620323346902,28.755126295287035,40.68450519765436,949.7262481057764,-1.181221783101803,11429.47677871384,75.94069039751857,-23.165479164016993,0
Bharati,-18.471190642434046,31.990990190866707,47.90287713055021,984.8461413118947,2.721282084135372,7497.910020353799,86.24185601053613,-20.710559955794714,0
Maitri,6.150669887885357,38.68469076847498,51.71830799295533,993.0680586756082,1.8132041323516244,9078.134264098599,82.97205424620425,3.4427415340921086,0
Dakshin_Gangotri,-37.67980697466353,29.486333250232978,36.964305973288184,1001.5083937516576,6.356477680841654,11635.073167266102,63.730986417027225,-39.74385030217984,0
Dakshin_Gangotri,-12.114309127333966,74.0549936847471,93.84988161698755,978.1522380039819,1.1789335438331625,4626.857106640778,86.70843265393512,-17.298158685266262,0
Maitri,-21.88374103578814,14.74428267842821,31.627929597109645,994.9617928877183,-9.913929713088622,7762.486724066801,65.58239750421848,-22.915840823278117,0
Dakshin_Gangotri,-48.566466138559264,22.537121644081157,41.46619936151809,961.9230891932706,7.80266807269339,20.0,85.10776188097532,-50.144064653644946,1
Dakshin_Gangotri,-13.439518268578551,19.022803251302694,41.07325137150105,999.3326291493547,-3.3627734529976867,20.0,79.29830232263171,-14.771114496169739,1
Maitri,-5.985646587941428,24.365916007120795,37.66067688413811,993.4915587215984,0.648413079771206,7999.933862126998,71.62318248251088,-7.691260708439883,0
Dakshin_Gangotri,-37.857646056661444,33.970033621467884,47.2811542186531,963.9948480542689,0.40731285300715536,8610.651481349014,66.96033522961527,-40.2355484101642,0
Bharati,-25.13400801837956,32.77395483546181,62.59848045798236,990.6072528715339,0.9635948646302884,4450.861288097016,76.99770833741886,-27.428184856861886,0
Maitri,-50.880313930115555,38.21549611379219,43.77534402470099,1001.7944242012119,0.19223522778581778,3574.348253377798,76.24571125996432,-53.55539865808101,0
Maitri,-43.88209689526505,30.621530441154597,30.621530441154597,981.572918483633,0.2627052790823494,4577.729051644315,59.30153704818048,-46.02560402614587,0
Dakshin_Gangotri,-9.279556335741212,31.563320562155475,52.11870758273028,963.5497474221881,-5.286548725424178,6767.477706757712,84.03110221440016,-11.488988775092096,1
Maitri,-31.996247590111516,30.937799766259314,39.64429881751662,983.5551161013182,10.347931007417435,20.0,92.35026093761293,-34.161893573749666,1
Bharati,-41.63204462407059,23.156845854872007,27.38333628193752,991.04901493768,2.6057452254735267,7862.475022022849,87.90865497707135,-43.25302383391163,0
Maitri,-21.558094533123555,22.248347719463556,46.10072789038776,963.3996109876846,0.20752291718012786,6129.632879296949,79.72552620231795,-23.115478873486005,0
Dakshin_Gangotri,-32.836186471465346,18.81356604532117,32.36588220772959,959.8471212234396,7.367467639201871,6989.716914960668,68.25095346933198,-34.15313609463783,0
Maitri,-32.06232486663304,39.22345911930537,41.58781854298694,990.4324468371193,-4.287698411556754,5505.0822619259,76.93413265377218,-34.80796700498442,1
Bharati,-13.91010961487645,8.070033722463293,42.41949491255884,996.4663590355003,3.473558546576762,467.65193634766456,73.0280752667925,-14.475011975448881,0
Bharati,-42.4260003840152,31.21319600046356,31.21319600046356,1022.9951469548646,-2.2206637307820483,1607.2191054259174,76.8645178420154,-44.61092410404765,0
Maitri,-38.58047819022748,42.84500242192223,56.97821849856123,993.3145324470626,1.6093314092939939,12093.942873818763,89.04664820044947,-41.57962835976204,0
Dakshin_Gangotri,-22.68880011776697,48.43888349604616,48.43888349604616,955.818365980479,1.6978103991442255,3429.500789127772,73.37970451013823,-26.0795219624902,0
Dakshin_Gangotri,-10.45885313877692,6.497053587689131,24.2036359262114,1020.7956707665005,-9.345927101695338,9231.259557689877,47.44004377855498,-10.91364688991516,0
Bharati,-6.427595477652254,23.540549125100497,32.12946212299629,1001.0997429595883,-5.726657160378574,1670.5416603024914,86.99320735544319,-8.075433916409288,0
Bharati,-34.975925805424346,19.421413576396652,42.61416172969035,939.894577566631,6.345756826985222,5940.015876037384,80.95810045249101,-36.33542475577211,0
Bharati,-10.93934549620528,22.51088992162816,37.33702605856107,959.3941997546289,-1.008661228123804,4237.267858419635,77.24871247008808,-12.515107790719252,0
Dakshin_Gangotri,-36.762134402056134,53.4535230857142,81.9596008757825,970.1688315819013,8.006320717610965,4850.007907170811,57.384359453149,-40.50388101805613,0
Maitri,2.393140203601998,19.488878079601385,30.19173890556214,996.7619638432291,5.240501770676351,4639.988116459648,62.51523965768964,1.0289187380299014,0
Bharati,-42.00656538129593,42.79496780130982,42.79496780130982,932.410900711642,-0.8810991684795261,11775.686783628793,64.26919111188326,-45.00221312738761,0
Maitri,-5.072817838124035,31.43410832813421,48.80926885840287,977.6177516782712,-1.2340573330347293,13709.94539532856,66.24446430874383,-7.273205421093429,0
Maitri,-34.84729160228086,21.998247961247827,34.472673156655866,995.6209771091094,6.593665664204731,6950.520722987035,67.64827475891639,-36.38716895956821,0
Bharati,5.198696821919004,20.819951408523703,20.819951408523703,923.3177516898177,8.412079736964701,4349.2064934399405,57.27423732220895,3.741300223322345,0
Maitri,-16.130189067212733,33.087716607659765,37.53391384680266,994.9351683857673,-1.1464062188292738,683.0901390803547,100.0,-18.446329229748915,0
Dakshin_Gangotri,-40.24024794112333,27.962258831701785,35.59093437693689,997.3388690378375,6.152659831296852,407.7207553099006,97.53138866030159,-42.197606059342455,1
Bharati,-32.8335771931376,10.524184944209562,41.0780188482169,963.0669492690344,4.1200742567434,11797.425458121812,79.15746591396079,-33.57027013923227,0
Bharati,-13.282281921643875,17.046077243343216,39.12053523904301,956.934254633418,4.81018919261266,125.61781227607207,74.49513918927708,-14.4755073286779,1
Dakshin_Gangotri,-9.210333735766579,33.51614882736548,45.03879719943813,962.7541288835095,0.4045837104502706,4238.651651649003,100.0,-11.556464153682162,0
Maitri,-26.06073387586694,14.36284801456956,34.07154531329195,926.5580423150253,-2.689671726283861,6621.229272446554,99.35647512133212,-27.06613323688681,0
Bharati,-24.330125785548002,45.80606352196552,45.80606352196552,973.476202117586,-4.217498358605239,20.0,63.90123893798638,-27.536550232085588,1
Bharati,-13.624704510339017,12.048006051661774,21.39894494018176,984.3919251150594,-5.217065557412636,997.6220163058306,78.71514668201075,-14.468064933955342,0
Dakshin_Gangotri,-23.0230235948377,25.182229480471012,44.19218327055464,955.6132640541377,7.643555522205769,646.2949870359062,72.26393195067817,-24.78577965847067,0
Dakshin_Gangotri,-44.40257289007563,39.82410425689361,56.47786732084829,999.4409916511686,0.04377909506782099,3337.178208258972,70.95971491400904,-47.19026018805818,0
Dakshin_Gangotri,-37.194610369602714,16.29902295626457,25.905461497228487,982.0513436131073,-4.5791024399764435,7034.731494985132,72.5179318045856,-38.335541976541236,0
Dakshin_Gangotri,-21.473200852725025,13.809020720456882,28.42593939914688,985.200354963069,4.009709704227982,10111.10787752848,73.71498391423523,-22.439832303157008,0
Dakshin_Gangotri,-6.767763752534595,36.28684689469421,54.66793194181439,971.9600667423136,-1.9154888071937428,3345.7787133451025,78.16104577316624,-9.30784303516319,0
Dakshin_Gangotri,-0.7602636375692846,43.46735753710759,58.37379093542271,994.8608789604478,-2.6039020227943923,4153.360987246882,78.24601211690708,-3.802978665166816,1
Dakshin_Gangotri,-13.307058688428246,26.12438437281039,49.73442394204511,1005.8112137171177,8.27204014635545,5521.67570075909,96.5727079226006,-15.135765594524972,0
Bharati,-20.690638584454543,23.203022364323687,41.390043463200115,971.8496271505797,-5.322811484347032,2777.8529598007362,62.89665527117297,-22.314850149957202,0
Maitri,-13.767791710262845,11.772448053460412,31.884852757757205,995.2206354178992,0.940189531878667,7671.23944673139,89.50379326827881,-14.591863074005074,0
Dakshin_Gangotri,-35.001262753102836,30.00596396440279,62.14151184670362,995.4405491565614,-2.3636803020944304,7794.775875322461,58.874827275756665,-37.10168023061103,0
Dakshin_Gangotri,-27.29846440387321,9.533151641874221,32.80821497152488,988.3574121968305,-3.002017179977682,20.0,78.55267662854111,-27.965785018804407,1
Bharati,-37.36196082009215,53.8211598316795,86.23074429548922,1013.5410838821302,-5.855419299143741,8557.69436326917,90.6502472546546,-41.12944200830972,0
Dakshin_Gangotri,-43.73113916061567,26.786090312325555,35.066946650123754,965.4702065459871,0.23833413103212778,6508.826052818519,83.53544301329156,-45.60616548247846,0
Maitri,-19.996764825456925,17.24073565719802,17.24073565719802,971.569033699261,-3.4956039892779964,7035.074450255055,70.25441956182125,-21.203616321460785,0
Dakshin_Gangotri,-22.217300401228847,20.711707661916556,34.308899754807484,964.4608124727499,2.365511636493373,10718.37972089053,79.27193918783279,-23.667119937563005,0
Dakshin_Gangotri,-14.685212732364807,31.178960195901574,43.922996579127755,994.5004328948208,-0.1880276106941663,20.0,99.7843368685743,-16.86773994607792,1
Dakshin_Gangotri,-16.808322536613293,22.582843323983692,52.17698484787725,974.5502747050094,-1.2505013664397766,978.0353072777334,66.12449782323769,-18.38912156929215,0
Bharati,-21.36033593014207,28.60166798415644,32.30122365758805,966.0850172210629,-3.4741779627482425,5719.043409044668,83.49829731470372,-23.36245268903302,0
Maitri,-16.650750014836685,15.889155454007609,30.100365849408192,1013.2629525348908,5.722823847376356,20.0,89.47630626094598,-17.762990896617218,0
Maitri,-25.64024644341215,48.91287576454156,67.96466942497042,1016.1901162812151,2.942721614831662,5153.396719301609,69.1796309138046,-29.064147746930058,0
Maitri,-18.80662907166399,20.948186961014006,36.949212000857585,973.4261418747684,-2.725370215330322,9384.26125296846,100.0,-20.273002158934972,0
Maitri,-35.89216604029539,7.799314762698122,21.084018290311164,952.6518385992078,-5.436820180154731,7586.555294637623,100.0,-36.438118073684265,0
Dakshin_Gangotri,-19.45441111541305,23.61786488359691,42.20354941566036,1017.270349006979,-7.551956741707278,6315.976335125293,91.41045422436045,-21.10766165726483,0
Dakshin_Gangotri,-14.973734720709858,19.25464031091794,45.045616620037706,989.4146107549291,4.549413575238746,5069.104680358365,91.44230957672856,-16.321559542474112,0
Dakshin_Gangotri,-35.04522142108305,47.31449356298938,77.671948275216,988.4144475122584,3.636691740123769,4288.51832464829,49.06946445079376,-38.357235970492304,0
Maitri,-24.2225185151073,17.288936961720474,32.61700903628132,982.1000201919114,4.18628118480564,4058.079316978682,55.186142889512894,-25.432744102427733,0
Bharati,-34.354037644440396,22.415987964776072,29.257530428830428,963.9936454259819,-0.4811529936237482,6914.893515080481,73.73333474057164,-35.92315680197472,0
Maitri,-32.89760044774172,31.61925979614849,61.96460073708214,971.7342908812261,3.2240481041973035,20.0,65.13370062007722,-35.11094863347212,1
Bharati,-41.87394032653232,38.3389876072062,42.5626531398513,993.5544008487561,4.108776252923331,11852.46178870109,84.38816842336026,-44.55766945903675,0
Bharati,-6.013376122501668,55.57955993015311,88.48534836130443,971.0487927893167,-0.2791815570926166,3049.443180606374,32.29015884592406,-9.903945317612386,0
Maitri,-9.014722379199284,18.07829200608291,46.51964565527021,988.6596705650311,-1.4325924623744482,8230.715417217767,84.29110644621282,-10.280202819625089,0
Maitri,-16.938492186589944,52.541397145742046,82.43538506003074,980.2673115431365,-3.905134717485977,6321.452083617745,72.36388500343558,-20.616389986791887,0
Bharati,4.582939279157209,46.41635941490051,68.27026797463137,958.8622603799702,1.7045955301180533,1385.4423343989156,66.87304018902303,1.333794120114173,0
Maitri,-27.838685448525876,19.098112345851877,19.098112345851877,1012.422612856123,2.2368553348526112,11170.6593888042,100.0,-29.175553312735506,0
Maitri,20.476436226659516,17.878671667814217,22.487463357058772,991.8806585512391,-1.6261389726356563,10325.852664463147,70.37899987167671,19.22492920991252,0
Maitri,-28.412941230448304,35.05626964675624,53.12515185368683,986.6129535179933,-1.1549665382500163,20.0,50.7485524168713,-30.86688010572124,1
Bharati,-21.172099723659755,28.252468234943635,36.49599824943431,991.1004244161879,-0.8691799954124381,5705.718327723481,81.8544160386385,-23.14977250010581,0
Bharati,-30.96666870910312,35.01058247525556,46.85778369187669,944.1421658262334,3.1649642634611874,6829.465476211883,80.73258473823338,-33.41740948237101,0
Bharati,-19.415116599095427,24.013146877959578,45.14122868621883,970.1364079589276,-5.497302710214097,20.0,72.39093776528628,-21.096036880552596,1
Dakshin_Gangotri,-12.465776081706332,29.709330638118217,43.00958778783185,949.4539891914632,-4.421013929248711,20.0,100.0,-14.545429226374608,1
Dakshin_Gangotri,-26.70874589579626,26.874666489291673,29.684460446048273,982.4937243958263,-4.342981124513851,2665.3497925908473,78.15148593483444,-28.589972550046674,0
Dakshin_Gangotri,1.6507977067643083,34.772627892550794,58.62921502393644,986.5182440886746,-0.5941276586584481,747.1154917516787,90.2218660350778,-0.7832862457142471,1
Bharati,-21.41276073049809,17.541336308146374,37.69036405968364,982.8267764982801,1.2611088046622876,1825.9076119938873,79.84601659483108,-22.640654272068335,0
Bharati,-20.942719208347015,30.876336545304223,43.38637711550859,1003.5717830667193,-4.275502977201847,747.7830336387296,94.05849762510726,-23.10406276651831,1
Dakshin_Gangotri,-38.634965417705764,55.022466442261084,77.13512828330782,950.052955715953,3.6360234949569015,5510.424950164343,70.0368445959587,-42.48653806866404,0
Maitri,-18.722513881744234,53.470732366252165,69.42120299722805,964.0149805525957,5.850597808677601,2430.895513286772,59.04872620702412,-22.465465147381884,0
Maitri,-27.010408312140484,32.69455244936904,61.0081643735215,988.2869599895866,1.655190478789126,10455.86542177237,86.4860863392725,-29.299026983596317,0
Dakshin_Gangotri,-34.1235959400593,17.344175853801985,33.856254709377076,985.2787331449696,4.4911604211427685,6721.08109327153,79.4890619622037,-35.33768824982544,0
Dakshin_Gangotri,-36.647116122225455,67.94615098413206,96.18542764993886,953.6913853423098,-3.6606882170087913,9177.252953545005,86.92833508259281,-41.4033466911147,0
Maitri,15.076450696350278,34.77837202847906,34.77837202847906,1003.930597359586,-3.565438854758209,20.0,65.7493335166566,12.641964654356745,1
Dakshin_Gangotri,-28.95215875268553,64.63030560675426,84.22249583887255,1010.8644424497016,2.0584959103909553,3487.1053432379845,82.20284233773097,-33.47628014515833,0
Maitri,-46.854781311719016,35.497982823061406,46.51936485625301,988.5117401455426,-0.15361086254766598,6544.864459417886,51.08587719781698,-49.33964010933332,0
Maitri,-35.47332189598859,6.020754216331061,12.43024433289602,949.8185720288061,-3.572880627160552,7811.914077278305,67.80321365351402,-35.894774691131765,0
Bharati,-25.773517592143204,67.72734204200344,94.3123478360547,983.1945049077701,5.700190386703116,3409.216138103196,64.4301456253576,-30.514431535083446,0
Bharati,-16.799994510752725,43.190944929867314,67.08181924863051,986.8068513183213,1.1951609422791063,3995.4804631941406,82.43940410436606,-19.823360655843437,0
Dakshin_Gangotri,-16.678052174120296,29.139262698583188,29.139262698583188,974.5631536726398,2.8086998907469822,4433.843261720343,67.73674475953736,-18.717800563021118,0
Dakshin_Gangotri,-14.850781723352119,10.114502413457727,32.26945876662238,1006.944892561622,-2.69700585383515,4808.545813473393,54.40759272862416,-15.55879689229416,0
Maitri,-34.67290459955994,45.53685767660785,66.4783381406672,977.6812267872469,6.719633824968124,14656.789226028455,66.47636645166745,-37.86048463692249,0
Dakshin_Gangotri,-19.893393347476817,35.32808517396462,43.09737010738803,1022.0908470811297,-0.6237160617660458,7252.971950484115,83.97732916808377,-22.36635930965434,0
Bharati,-38.140891961658674,77.35501970888225,84.0019802392506,995.6623442906707,4.076227071960577,6159.5013338683075,76.96624955605118,-43.55574334128043,0
Bharati,-34.29464474521018,61.439501557215486,61.439501557215486,985.5216025992407,-2.331311228519042,963.9661139883465,63.82375254802537,-38.59540985421526,1
Dakshin_Gangotri,-38.76563461750389,63.693106738733015,75.31778776636337,998.4085476800084,0.6745914243779602,1058.6161536980353,87.58820773070619,-43.2241520892152,1
Dakshin_Gangotri,-42.82583281897404,32.253887846130695,45.47901246306503,1010.6177054626353,2.2313441208735467,5147.167310289422,98.48110487200688,-45.08360496820319,0
Maitri,-9.036857667129869,31.52218008713178,54.49214789071691,997.9810403488757,7.9816284542688525,10521.500695949071,88.63241937201919,-11.243410273229093,0
Maitri,-14.670824485316684,35.527323715973736,53.22112736097932,978.4832996663234,-1.758908399442272,5203.440415737102,40.387579508650425,-17.157737145434844,0
Maitri,-10.350019450328052,20.217599825292403,24.61851867224908,966.8015946548526,0.8102505773268218,5374.754610111065,78.55732450013241,-11.76525143809852,0
Bharati,-24.410304009635556,29.58073657955245,46.9694798290009,957.5578532547044,2.3674210424703612,3023.0055338696798,72.87248546120878,-26.480955570204227,0
Bharati,-13.347884517022802,26.577307667740037,39.0368534737009,931.1856178029365,-5.659360194165892,20.0,44.463862267195594,-15.208296053764604,1
Bharati,-51.41934106963817,51.79313569119686,57.4448735545524,983.4846676059497,-8.697359375286744,7747.578297933171,55.643779570055656,-55.04486056802195,0
Maitri,-12.053687229319673,57.05115032429197,57.05115032429197,972.246607237622,-3.9833493017516,4982.599410035536,86.98598699628462,-16.04726775202011,0
Dakshin_Gangotri,-22.34320254992455,40.4299220861957,61.67795543645077,973.3174292009468,3.8687195656244513,7784.123892857283,77.78505442399467,-25.173297095958247,0
Bharati,-15.593355997762515,18.431558338195135,37.89552983298981,1000.5771506866708,6.865627630880418,6618.527735279129,76.20953057411558,-16.883565081436174,0
Maitri,-19.2996505142708,69.89858326076836,90.46627354357743,977.7585497873616,-3.691941940748626,2143.5992916167997,65.24860647628059,-24.192551342524588,1
Dakshin_Gangotri,-39.8058273180533,45.41925760912396,53.136813274206325,1017.902072964918,-4.86689801712348,6901.63947797951,91.2342724655887,-42.98517535069198,0
Dakshin_Gangotri,-47.4705966308657,34.292867339488154,51.0036659605058,968.5380033692161,6.138983901092404,835.7952287679382,56.55296358026466,-49.871097344629874,1
Dakshin_Gangotri,-35.68081249274445,38.5417499331696,39.78810846249712,960.5809767515875,-2.261706875390662,6870.1686288687615,61.681087207385744,-38.37873498806632,0
Maitri,-16.526240780906317,13.112809074900182,18.24698095638138,954.8472725129883,-1.4871629759827836,5748.651219083852,70.23364739076021,-17.44413741614933,0
Dakshin_Gangotri,-14.648628772369069,26.60286884456167,41.94019084204502,994.4550211539527,5.836535970864486,12162.39686019902,52.11396091179646,-16.510829591488385,0
Bharati,-45.519134160727944,54.00152411256625,71.62505441578804,1003.0297211166013,5.178803079320952,2532.4394574558214,61.775092614879796,-49.29924084860758,1
Dakshin_Gangotri,-39.71649051202322,12.734926809333942,12.734926809333942,968.1121020748255,3.7362620534429416,692.4480091923415,90.92356127062963,-40.607935388676594,1
Bharati,-35.84853528911259,12.511184290325255,16.935737147298873,958.7203459574621,-6.845884485478809,4347.349157118133,62.33569374678496,-36.72431818943536,0
Dakshin_Gangotri,-30.359575904002234,45.56274192597866,56.9088135651463,1010.6055244412166,-5.033820948235764,8436.343932894746,86.71314298790223,-33.548967838820744,0
Dakshin_Gangotri,-45.43076246278979,37.18709591321084,61.77228324231377,950.9919623936894,4.482032352076884,20.0,84.52426413166025,-48.03385917671454,1
Dakshin_Gangotri,-46.33077649210199,12.826162721827451,19.695135193165257,1000.2044035573339,1.271560757836195,9502.131454490549,72.47346182487723,-47.22860788262991,0
Bharati,-37.32752944611331,25.3581612946371,41.76391412258788,968.5803727935431,-3.110938893870182,5165.5376237214505,53.715988260626816,-39.102600736737905,0
Dakshin_Gangotri,-23.706192456624915,34.292922567729455,51.74684897407026,987.9419071422037,-1.378235563316002,1432.359679280914,75.9512131409574,-26.106697036365976,1
Dakshin_Gangotri,-42.70891509630236,32.26015231395628,44.76323405672155,1001.5384344464125,4.443941728395215,4528.61771673811,43.33783843367895,-44.9671257582793,0
Maitri,-26.73705264957649,35.66657642520684,53.34677680680119,989.5251237937484,6.1104408551586,3035.7078256023246,67.06646860890478,-29.23371299934097,0
Bharati,-9.12170775787277,24.374264218742688,25.925096173105217,974.0948787442194,-0.023893149442622,1099.57796393835,78.64884415371155,-10.827906253184757,1
Maitri,-44.52669606120265,33.09926960369271,41.54139761807321,1007.9219452242824,-2.74767202521355,20.0,88.04312845324228,-46.84364493346114,1
Dakshin_Gangotri,-28.096686376158093,40.393825034840155,69.7374236095291,985.782027698593,-1.1019722185877563,8921.915780738726,72.72376457776153,-30.924254128596903,0
Dakshin_Gangotri,-9.62864899373841,38.85007485570545,68.89772387568155,1053.6501901196443,5.372262289273234,3762.0788318931122,65.88048226034188,-12.348154233637793,0
Bharati,-31.27402585545714,24.75708499671366,48.18629244948269,945.8969066534945,5.294133489610926,4434.099608106871,64.67970050902753,-33.0070218052271,0
Bharati,-33.60504536287628,42.2821208055073,68.28604270504377,945.6014605352738,0.7770189216012601,9379.11100578083,67.97549423724087,-36.564793819261794,0
Maitri,-7.547562785402892,17.28323426156396,17.28323426156396,999.8852113586745,-2.117958202126897,6223.457425134235,84.36199642571312,-8.75738918371237,0
Dakshin_Gangotri,-29.593031184573217,20.709772922921402,26.2228140699857,979.3649766786899,4.331059376601839,20.0,80.25137311168584,-31.042715289177714,1
Bharati,-8.432574621916483,45.53093896147966,57.41992326469854,995.8521879062655,6.491778174697811,8691.187614956654,74.66973243642586,-11.61974034922006,0
Dakshin_Gangotri,-18.565519133092018,41.84324133333421,80.99966059747462,958.0323822024781,-5.814027940591385,11935.343225114713,84.45053834087419,-21.49454602642541,0
Bharati,-30.14266979364755,25.926897714081523,37.796057969017085,981.0826549842795,-0.9297267220158754,8012.376415192626,75.00800895100281,-31.957552633633256,0
Bharati,-17.804642041037045,20.483389818276958,42.9324328145087,989.1463496223233,4.623836018476835,2539.9537150386113,54.97735985741228,-19.238479328316433,0
Dakshin_Gangotri,-20.193257292309433,21.966920729112026,40.75064101166049,969.1257831256993,0.29468926162842873,108.86810223696284,58.345136840620036,-21.730941743347273,0
Bharati,-9.686757684962888,39.51619602148898,58.07743062880107,984.6365941168652,-1.9543454876307746,2394.429061484559,84.02517623415683,-12.452891406467117,0
Bharati,-33.22518306797528,35.86695365702097,50.631647421648864,952.7694763824362,0.7407524373811967,6412.131747583037,54.390240133720916,-35.735869823966745,0
Dakshin_Gangotri,-24.381908998275705,19.79865802076378,22.798329718502558,987.8964571629664,1.4828172078774855,11705.025101239684,69.28537446435348,-25.76781505972917,0
Dakshin_Gangotri,-25.92273519406956,41.69891884229027,41.69891884229027,1008.9089604874108,-4.50734939597295,2962.5699532012295,73.28768888317745,-28.841659513029878,1
Dakshin_Gangotri,-14.437777875403228,25.337268244737622,53.15569306509488,955.2484407096402,0.3631804087720269,3404.3540724910326,59.49960991478548,-16.211386652534863,0
Maitri,-40.37768791666264,17.60218629326704,26.43720843069165,954.0409331196431,1.4693340654477973,10085.776743361148,49.983885976654186,-41.60984095719133,0
Bharati,-9.74534427643216,23.170623084035686,23.170623084035686,1003.7984212740832,-1.9633810355472268,4263.951811688596,57.37845543819948,-11.367287892314659,0
Dakshin_Gangotri,-18.005068417443752,30.73311557484542,50.11272578487471,953.6872438120774,-3.1179527571239536,12855.917891866367,47.85405649451959,-20.15638650768293,0
Dakshin_Gangotri,-44.753876104494196,40.9726128982125,60.16050698890287,996.8120195695018,-2.1515503596974908,5407.588927097791,84.17447118787493,-47.62195900736907,0
Maitri,-6.876057617792494,39.66802179296935,62.34694490778301,981.1069697189287,-3.883650454950299,10671.080454929193,80.96210188244893,-9.652819143300349,0
Maitri,8.511396211965966,27.86012165240465,54.01727867038837,971.6435611434488,3.4024822059733206,7531.128771111234,63.60558602780527,6.56118769629764,0
Dakshin_Gangotri,-9.972490456758882,32.57974017763862,38.38987648484244,1009.3304965601199,-3.9345604601306037,8828.361122444578,54.48970256325416,-12.253072269193584,0
Maitri,-3.5952284916029598,26.62766418812058,32.877847121437156,998.5629561683405,0.7561731981445817,5291.729578656187,92.49440063166907,-5.4591649847714,0
Dakshin_Gangotri,-23.71942927596118,19.817638881668223,31.6306061976935,985.5943125658374,-1.4967958700507478,5553.350416784747,81.60519303041748,-25.106663997677956,0
Bharati,-49.92257379607765,28.39816649835191,51.61456833890353,936.9466696291244,-2.824737416245927,7675.679243548851,65.68443539591269,-51.910445450962285,0
Dakshin_Gangotri,-52.66180676751287,10.065730165332782,10.065730165332782,994.245074328021,5.485310498835266,9192.558609891677,92.8068317230273,-53.36640787908617,0
Dakshin_Gangotri,-21.173769341983622,57.59093276654197,73.87299612745454,958.5828014836197,-0.5231339145033157,8104.246351139389,77.06406856311018,-25.20513463564156,0
Bharati,-33.8796821159497,32.154846746240764,56.47606499104746,975.5723610154018,-2.677597707066407,20.0,79.77021643875753,-36.13052138818655,1
Maitri,-38.71864417491027,36.569795353796145,60.47835982397754,980.1466813685904,-3.0604747979656253,7030.72941171006,59.37039434830094,-41.278529849676,0
Bharati,-25.94120025953013,20.281091118646724,42.36670696702006,1017.9455464244994,1.3562589150099893,3373.65080227321,52.25642407150701,-27.360876637835403,0
Maitri,-15.766220682080677,32.017336920981506,57.64734212343692,974.9351588410157,3.3063514421662976,3816.480593423717,51.448966050463795,-18.00743426654938,0
Dakshin_Gangotri,-46.791363201432205,34.716272091111044,34.716272091111044,951.54456327894,5.0830193193713455,7830.011024836419,100.0,-49.22150224780998,0
Bharati,-31.733164304205772,25.978256045036048,57.112942940758785,1009.3928741664704,-0.6706250300753356,12791.675694505831,62.586403335885755,-33.55164222735829,0
Dakshin_Gangotri,-2.3519397531952713,26.696239745308578,45.00028928104233,994.5146442999644,-0.9109241148260125,5071.795620805957,75.9776021378261,-4.220676535366872,0
Bharati,-41.12932570332062,14.272481661586363,42.61899437836641,995.2595160987665,0.5238174174929812,13891.52244343737,81.8941944012383,-42.12839941963166,0
Maitri,-11.953582192525655,66.70610602614883,69.95976125701509,1009.7683600705836,0.6684986583923049,1612.0049821874527,74.68765291854486,-16.62300961435607,1
Maitri,-32.27096142323491,20.124589961451438,20.124589961451438,1014.4641769726596,-3.088226725375494,10926.970820639894,72.68624223200946,-33.67968272053651,0
Maitri,-16.81309360225071,21.509879653741752,54.373656503798145,962.1653187230092,5.849647919744325,7722.768208136625,72.35176579216997,-18.318785178012632,0
Bharati,-8.540087391956991,59.39828088681611,65.13306254062095,952.1802049451657,0.08888702735503058,6834.226607443133,82.19919223016403,-12.697967054034118,0
Maitri,-13.880773495224677,37.41448420647494,49.305995160144036,996.8493848704343,2.1389600355302005,11532.649498458424,59.40295442318329,-16.499787389677923,0
Maitri,-11.362605966791852,41.13775268649108,61.41229909111597,974.7506536638587,1.697818257688666,3453.868565406105,68.39194351347614,-14.242248654846229,0
Maitri,-42.27390300111934,13.755169726407557,36.484036329292714,976.5644399394025,1.6157319149099962,11110.276830520474,40.44394396354191,-43.23676488196787,0
Bharati,-8.295104398880518,31.81940072232766,57.603563670970516,957.5666121420235,-4.016387062232261,5166.741559494942,47.05429856629899,-10.522462449443454,0
Maitri,-37.7903967195223,13.846761033862578,31.0806227077706,991.6779323157532,-0.0256019302874912,3431.573578524349,55.52926220436697,-38.75966999189268,1
Dakshin_Gangotri,-21.106873516426923,18.575693015274332,23.032600784683957,988.0426234762161,9.122977161708562,693.3658975508997,87.80620215514392,-22.407172027496127,0
Maitri,-21.126307195041598,71.45028041023518,93.51660673527739,976.8900382670427,6.3486748718146275,12341.415754174293,70.90946332432854,-26.12782682375806,0
Dakshin_Gangotri,-17.723161616956286,16.76838575513455,38.99394631913589,952.2331550472894,0.6280306426774005,10565.043786189783,85.46111165657315,-18.896948619815703,0
Bharati,-19.94564985909714,40.18596844912475,40.18596844912475,1004.1830005761291,-1.4674578040603765,4087.7466973612827,80.77328210287465,-22.758667650535873,0
Dakshin_Gangotri,-37.65714967787085,17.634723850014264,46.82157226654779,985.1140901648181,-8.871118363160098,8181.674668834126,78.90144041288649,-38.89158034737185,0
Maitri,-45.24801118443574,18.802225672049804,18.802225672049804,1002.3568746031248,-1.9893447208850408,6506.398337468072,60.83869136729446,-46.564166981479225,0
Maitri,-11.914769800573472,92.66362363233104,118.00777999826953,937.9397495424087,-0.3136764302896836,4588.349251235736,76.12406138213048,-18.401223454836646,0
Bharati,-22.212481337216268,27.931791619364077,36.59069193878584,981.1364630592656,-1.269265840904574,9859.03264582059,78.81720163781362,-24.167706750571753,0
Dakshin_Gangotri,-7.759347385632733,13.19145615972491,35.24655097256029,965.6620238266718,-0.9907296828434026,3498.3337252465203,100.0,-8.682749316813476,0
Bharati,-25.67099401281802,41.01948799081604,61.12143004380806,980.7229457404931,2.489725399431249,20.0,69.8098190055345,-28.542358172175142,1
Bharati,-46.0774654101544,52.12240237803368,66.75117688897633,998.8642113089446,-4.001422897562353,7039.349205975116,85.98329196840959,-49.72603357661676,0
Dakshin_Gangotri,-10.508054784938409,42.87440243185193,62.38526882565512,987.3989473239326,1.0906068645159515,6267.064394416549,73.14180968076869,-13.509262955168044,0
Bharati,-30.555559144916607,26.702630539639785,40.83814398549956,980.3624446817407,-0.44103545786830145,3626.9140610937893,64.46623646057921,-32.424743282691395,0
Dakshin_Gangotri,-19.869948138684684,27.159887885774367,49.29939615147559,980.2556087005947,-3.529214058027856,2430.3185688191247,88.04302296707667,-21.77114029068889,1
Dakshin_Gangotri,-34.71189142719279,22.217531323445474,59.07024894459927,948.8046964458658,6.696419092830672,20.0,100.0,-36.26711861983397,1
Bharati,-0.33547434649464236,15.676853517096692,17.26446361074794,961.8686389237081,2.991239541236683,4549.11317377671,78.93007545146152,-1.4328540926914106,0
Dakshin_Gangotri,-38.14847236274795,34.393124573201575,34.393124573201575,1002.4257508908336,-3.145599160738708,2499.071191599191,64.75449182796014,-40.55599108287206,0
Dakshin_Gangotri,-30.06144631159262,26.033772635338806,36.87702996587966,969.889263362863,2.0690043382408194,9857.583734069649,82.01236816646944,-31.883810396066334,0
Bharati,-23.388269459540254,13.964707236173808,24.124448237033523,1002.8083808953985,-5.55784892464641,8066.010480274369,79.19137781169907,-24.365798966072422,0
Maitri,-41.38273490630437,28.281548638247664,39.505866884267924,996.5274187096104,-2.6539167097322216,4061.8643911854133,100.0,-43.36244331098171,0
Maitri,-20.042207071186073,20.189440172622056,25.925050633345936,997.584102207352,5.310279176830732,8090.878494710349,86.13254296344309,-21.455467883269616,0
Dakshin_Gangotri,-0.8213428379876468,33.501482754816394,57.225824446832306,986.6582877959303,1.406059501071717,5570.101090174156,60.99621240071334,-3.1664466308247943,0
Dakshin_Gangotri,-32.356932410405655,31.871592936998333,33.05829837818146,971.2798353349099,1.08478926531691,4922.20326633725,94.12040024389307,-34.58794391599554,0
Maitri,-19.07285771452412,24.186491209716078,43.69424226693266,976.9769587969579,3.9478723229085486,5780.760869366238,86.63040008542285,-20.765912099204243,0
Dakshin_Gangotri,-66.24153079057834,28.960588802263775,50.34524498083421,992.807718011734,2.445112439638863,13085.23877679074,89.03094357413491,-68.2687720067368,0
Dakshin_Gangotri,-25.58393800727261,30.221852450551868,48.38651152095799,937.4877175146148,-1.06420621030371,8576.073959547499,81.67338074355088,-27.699467678811242,0
Bharati,-29.695634288893082,45.5242018149853,65.39563457324454,1004.8755278525562,3.745618577789423,4806.071179309763,90.12450595155545,-32.882328415942055,0
Maitri,-37.27746403615578,28.430651078825633,52.923323636100264,969.9976111359905,-6.755822285353806,9575.451813478368,81.609350636318,-39.26760961167357,0
Maitri,-8.778242955572019,22.49708883217531,38.03274165474429,978.2743168159585,-2.669898683466826,9431.231533262031,71.18433856705883,-10.35303917382429,0
Dakshin_Gangotri,-29.893655224357424,25.429264704900604,36.96429856764408,978.4467492091026,-0.38780385162538594,7038.86921068539,77.01328010420885,-31.673703753700465,0
Bharati,-27.66216230640381,64.23979568384658,84.10350007009522,979.2033483980829,2.190916029055857,4685.720778084431,73.26072947522232,-32.15894800427307,0
Bharati,-30.657893121836068,17.979275605629613,38.98293798174953,953.7271663188362,-1.2999969891472305,4421.561525787713,80.12079326670592,-31.91644241423014,1
Bharati,-53.75223807647615,26.281602717599817,50.17841292978734,983.0345006735793,-7.136242602505735,1699.4134501888711,76.19163582655351,-55.59195026670813,0
Bharati,-41.97979660115442,26.08187769061272,26.08187769061272,991.8872926400201,-7.697913211727451,6721.969218493465,70.28127364073522,-43.80552803949731,0
Maitri,-10.583597708196756,26.64526705028328,39.8099518434377,939.1109697720781,-0.2723708635951926,3560.5295093023815,72.27588801376677,-12.448766401716584,0
Dakshin_Gangotri,-56.649259703199576,11.037947278165712,15.384264403925473,953.9842848477539,-1.911102191962884,4253.123306387892,74.94601145800219,-57.421916012671176,0
Maitri,-36.49473024423558,15.37865790980984,35.98830617593009,997.917307125916,-3.6399087997285826,8496.071547328345,48.283809042073436,-37.57123629792227,0
Bharati,-30.995800844346455,25.35822947850289,47.625321191880516,994.1959428819599,-4.309085151533646,12748.730055192693,90.36646850936094,-32.770876907841654,0
Dakshin_Gangotri,1.1543280093734793,21.907753446999003,34.16362663542818,985.9748247058155,0.5351041918096645,7496.804923776054,80.21893658447583,-0.3792147319164507,0
Dakshin_Gangotri,-13.470943517554465,33.425704704566066,41.13302488498173,966.3570380945532,5.209045098277802,5579.414577352297,65.82766637108159,-15.810742846874088,0
Dakshin_Gangotri,-33.3575579057965,48.71664765898867,69.68628300824962,994.3122522052014,0.5354419794823039,5924.945644772409,83.8679180284091,-36.7677232419257,0
Bharati,-5.432294543266735,34.71572053386306,48.38329736393347,955.9419861828844,5.262410339129315,10551.858854650614,67.3783545713417,-7.862394980637149,0
Bharati,-36.10773730751679,30.780738993520856,60.04540561475389,977.2532791406711,-1.495966686771776,7550.810390441995,67.37789534486677,-38.26238903706325,0
Bharati,-9.863502943989918,36.40314654282397,69.13267708431886,953.870141262028,1.773769223550698,6774.944186918154,80.61954933852724,-12.411723201987595,0
Maitri,-45.383158688845235,32.19813916750202,57.20524965385091,976.759961143569,5.408156992688134,7058.281512681392,96.45935222501258,-47.637028430570375,0
Bharati,-8.90113252316264,28.842854932780597,46.16942899326163,959.3921825525597,-0.6314982959684756,285.53000692153273,79.19812523033931,-10.920132368457281,1
Bharati,-31.092004682064783,44.68689941293327,77.94264827475973,995.1162172162051,0.10388921676393828,7561.905640836752,63.36185608239288,-34.220087640970114,0
Dakshin_Gangotri,-40.427563614119045,3.399215054211362,20.806417960009362,988.6636366157023,-1.4979349508521231,2499.1235299595473,69.72280249312826,-40.66550866791384,0
Dakshin_Gangotri,-28.25715419614471,25.00666341160621,35.21472450745015,968.5884883949851,2.3700249568236056,7577.669636856619,87.73570942303702,-30.007620634957146,0
Maitri,-20.839837304196777,15.263143776921353,23.50973941256065,1001.805984329455,3.609088404499444,3059.2414629385403,81.0641974439927,-21.90825736858127,0
Bharati,-32.42122645788568,21.52961048834962,29.494594863838444,960.873692865287,1.4051205176294448,8364.678282516146,89.39207721345247,-33.928299192070156,0
Dakshin_Gangotri,-16.690697410070143,20.0756327366003,35.01193526324971,979.2943106306383,-0.9177678864582138,5387.709831783195,80.90185609857163,-18.095991701632165,0
Maitri,-33.74490825496101,72.7242606823324,92.35512884395509,967.7035734503788,-5.998894255968458,1418.5558545935282,86.56247897073307,-38.835606502724275,1
Maitri,-15.694414091029632,50.10974170463506,50.95817230977588,994.8474353608897,-0.193719168804332,4837.276213968244,100.0,-19.202096010354087,0
Bharati,-18.366669069451007,30.966074986937453,41.47681571126081,992.868849111827,-0.7678151163016849,14823.554160017686,54.71519902477848,-20.534294318536627,0
Maitri,-25.913845820619024,20.345323380749768,37.473833520223735,1006.0391307895206,0.9439843755443572,20.0,100.0,-27.338018457271506,1
Dakshin_Gangotri,-31.620734685489246,44.467992085042255,65.90425477665107,981.6596889715458,0.46716893263540016,6665.3667676705245,89.04736472258192,-34.73349413144221,0
Maitri,-22.72688806352101,30.378145160778246,45.11891763998003,920.8080648347603,6.289632602713204,1957.7379609633726,100.0,-24.853358224775487,0
Bharati,-16.746193854494514,25.03421148485499,42.479292823138394,971.3826306053143,-2.7856395547209667,11507.505896528573,60.25122131047792,-18.498588658434365,0
Maitri,5.926987290974125,30.50049342750387,33.11526935759841,1011.3051941068578,-6.301052209625025,9265.236997173128,80.73677249569747,3.7919527510488544,0
Bharati,-10.908693673027285,25.37871999110655,31.2608526143313,973.5001071552683,-4.570141607513348,6743.639979757076,77.39064830641466,-12.685204072404744,0
Maitri,-10.36015075276238,36.19447065606718,50.58585228322645,941.649275830847,-2.5344919458900934,9669.728955027997,88.25310204443184,-12.893763698687081,0
Maitri,21.327682922904252,14.508683165623282,34.61419431752323,988.9866370875916,4.328028686334632,6978.2865658270675,82.04632006967229,20.312075101310622,0
Dakshin_Gangotri,-17.26062284848234,36.07022543917003,53.383258360988634,990.4811874468969,-5.18897032088997,6024.477514112075,80.36603106489788,-19.78553862922424,0
Bharati,-17.730347330324467,25.36181965252687,31.873575786906358,965.4560204294833,-4.655208781430108,3604.5638284461197,86.68383004760564,-19.505674706001347,0
Dakshin_Gangotri,-14.439773885175189,44.9467836205915,57.58116368510956,975.0650178981562,1.6556248457125327,4556.341658891726,73.39785579324837,-17.586048738616594,0
Bharati,-40.1344896638238,50.67686577232399,80.79524920109208,963.0540812575304,3.397224368763739,4143.755414046935,67.2625571500687,-43.68187026788648,0
Bharati,-31.658524546281342,55.96744634597797,76.41002867194359,990.4513939823223,-6.196954957379144,6041.378423066665,81.79874184674591,-35.5762457904998,0
Bharati,-32.59253900038501,82.37611810861955,95.75078767505549,981.1319889993435,-7.088218911778727,20.0,67.2328363842654,-38.35886726798838,1
Maitri,-15.285790341706575,75.38580467867993,80.12743706148346,956.6844967292784,-3.146146398004739,10118.65737329853,73.11702378409039,-20.56279666921417,0
Dakshin_Gangotri,-27.61261843331798,55.030172340467814,62.89646116906704,979.8091234555558,2.629448531214719,13787.486726337018,53.38335876917168,-31.464730497150725,0
Maitri,-22.92664861788546,44.26458690690665,59.330490529247385,965.3395125526565,0.5729068516328804,4271.136501377383,75.8388886521593,-26.025169701368924,0
Bharati,-8.688180697773031,15.630263292479993,33.389734278480056,1009.2212138759085,-2.999895470449737,10699.807819534937,61.07033523455878,-9.782299128246631,0
Dakshin_Gangotri,-12.052738919437918,7.23927998109499,27.894914432110582,997.8739546641682,2.957721432814258,5463.588359825732,74.50534117641243,-12.559488518114566,0
Bharati,-27.425815045618705,47.195599024121385,66.07545486800953,977.5544131214581,0.4972212949288863,3590.7883154853675,58.70958592525612,-30.729506977307203,0
Bharati,-35.049926453173335,18.52461476639283,29.82225114370598,981.6212830918925,-0.4303821398236017,4472.863945630066,74.71002179921553,-36.34664948682083,0
Dakshin_Gangotri,-7.970879025202173,100.78088774372902,110.66983874980322,1000.2755245587596,-6.457395710785372,6342.769933781001,88.49558990163322,-15.025541167263203,0
Dakshin_Gangotri,-13.391632286352014,12.346527038777397,47.81641586167407,976.5277922121686,-3.0820741462787504,3114.7748962352684,66.0623922278902,-14.25588917906643,0
Bharati,-49.09385227443073,43.353042364821256,52.78836914554242,995.1678504892698,7.8277102413879,8424.729229557368,61.000647004798495,-52.12856523996822,0
Maitri,-29.697309083624212,32.15045799775144,34.23342104477246,1009.5477225907069,-1.3451725022232413,3922.880160905554,86.7246139397875,-31.947841143466814,0
Maitri,-22.517268069748564,13.162601940829106,13.162601940829106,970.1823586830141,-3.827174461413902,1707.0944345156895,88.6991539716038,-23.438650205606603,1
Bharati,-13.31755424318453,32.052672651932525,43.520783780635405,1012.922902018386,-1.5290054787903742,5920.334407661624,81.35881588418232,-15.561241328819806,0
Bharati,-11.348477575903432,19.76276261748452,44.162600824152825,1007.102337810117,0.47633831898073925,3224.258580304602,68.0182092200129,-12.731870959127349,0
Dakshin_Gangotri,-20.741409982367898,27.979402131219288,37.21992523780735,984.9711760476185,3.5333755680136423,4690.74064209634,65.55471271885098,-22.69996813155325,0
Maitri,-16.22128702961716,28.17719148494759,57.9523369043802,971.1217599621283,2.484340160355278,5782.762941002792,70.02771418974771,-18.19369043356349,0
Maitri,-24.037947964327696,19.913154677161472,34.84033922577591,984.7222307617429,-2.706384032878057,641.1727538993746,74.11253984282732,-25.431868791729,1
Dakshin_Gangotri,-35.107775322708406,24.233793004531247,50.32937367199867,975.1099820824439,5.086307334934385,11835.461194029278,49.11859556522306,-36.80414083302559,0
Dakshin_Gangotri,-28.91896586561881,18.915451336359215,26.33824001108357,964.1445628812576,3.258753443000445,9250.57684962367,60.2527540787949,-30.243047459163954,0
Dakshin_Gangotri,-24.715132200398376,10.309218625596177,17.887051346398263,990.6455039065403,-1.780534307105705,3479.7817923844023,93.76305814491909,-25.436777504190108,1
Bharati,-25.520188750278848,30.733558953194347,46.644015986494075,959.5295140134872,-0.5127930198898492,5923.491558760137,78.11142008865603,-27.671537877002454,0
Dakshin_Gangotri,-53.28359356665206,54.89368147151552,74.71922813496448,973.228908200277,2.40267633264876,8543.155716049549,93.40470836642204,-57.126151269658145,0
Bharati,-30.96225002394147,19.511142709661332,32.7215702840018,973.4919661238554,4.298813966588809,6834.853091531935,90.23514481605943,-32.32803001361776,0
Dakshin_Gangotri,-24.156915203662724,68.24850056132806,86.17315506813591,952.6948108645811,-6.074671340399014,13519.406939980188,70.31319357102251,-28.93431024295569,0
Dakshin_Gangotri,-29.220549878585516,75.22355768704156,96.10841722154389,993.1694404623107,0.28179964572760147,5045.347550426006,70.53974198367146,-34.486198916678426,0
Dakshin_Gangotri,-28.702356932673787,23.18470423549221,23.979647437758537,975.4332391913842,-0.12449855394097763,10755.91757646721,89.49844405179245,-30.32528622915824,0
Maitri,-17.68012943793119,26.044065493958673,37.63469100206727,1005.9768662018878,-2.282535838516233,661.4502960476793,86.37974153023394,-19.503214022508295,1
Dakshin_Gangotri,-41.184357805729505,23.421001235885957,33.23417594528839,975.1069399425346,-2.303204744330224,1276.8010416495345,89.81122882550395,-42.823827892241525,1
Bharati,-49.42063320926817,15.76096183673082,26.059740260522133,971.8680964895168,4.217505639640783,12737.888182562774,74.7970783159596,-50.523900537839324,0
Dakshin_Gangotri,-30.22254686255012,26.108092053803563,45.176869338987046,961.9071457030494,2.138712454261754,4272.176048138108,77.13869835615192,-32.05011330631637,0
Dakshin_Gangotri,-13.538283917473155,24.62651448548672,34.57862012966408,980.7805841205859,8.426538334001387,1330.2095171315787,71.16658969679727,-15.262139931457225,0
Dakshin_Gangotri,0.3132955922995784,30.469354547017602,30.469354547017602,980.8935646441137,-2.2791712382999973,5809.102188967774,74.19797281254903,-1.8195592259916538,0
Dakshin_Gangotri,-13.2680764135789,31.30060844655954,43.935421928216286,994.83533470467,0.548537896886008,11055.906963358317,64.71534954992684,-15.459119004838067,0
Dakshin_Gangotri,-47.02395639803271,15.111488940743103,19.467428628159972,981.3403798066668,1.2388010055039056,2945.901239679552,73.87821635778604,-48.081760623884726,0
Dakshin_Gangotri,-28.485508590651566,39.13322842552941,59.09654823735487,1021.8783539110912,3.5843362881184264,5833.178128056948,72.59986269092931,-31.224834580438625,0
Maitri,-21.150484283777057,25.949689087125403,49.006659005662605,989.124345282415,5.433650977129131,20.0,68.11889679926342,-22.966962519875835,1
Dakshin_Gangotri,-22.33613324614612,16.736775929681233,16.736775929681233,960.2632603088784,0.3744464075077174,4124.641937821411,86.8672183744215,-23.507707561223803,0
Dakshin_Gangotri,-16.910431705856887,25.6502901406822,32.90796944027897,958.5704731406876,-4.379101725750188,9988.797877260946,53.84644168417958,-18.70595201570464,0
Bharati,-38.75573419691141,31.90590066768465,50.439630901876725,990.6959493769143,-2.8435130269332056,2862.6307112836016,80.06155779855628,-40.989147243649334,0
Maitri,-24.02585368673886,59.91572917098676,60.82697781897112,959.6334377086596,0.5709104691210728,912.3777673997483,61.17464408268257,-28.219954728707933,1
Dakshin_Gangotri,-18.695157553358065,55.21650496366715,78.04311373546925,991.8968876908132,4.491047255553842,2895.546511007713,62.28222729994125,-22.560312900814765,1
Maitri,-12.614935700445107,22.177485503955225,47.670650852577445,997.9127809001284,-5.785623870533006,3561.275400672904,63.56788331495712,-14.167359685721973,1
Bharati,-37.08577249919188,26.85795293979413,40.23779660086177,998.3948435235467,-4.680011246358184,9058.855419148029,82.0625814501796,-38.965829204977474,0
Maitri,-30.177353008643472,18.61822905391434,25.87911305873009,962.6162549954865,3.028613954723208,7519.109651558791,41.13547827647812,-31.480629042417476,0
Maitri,-65.55726520110011,34.490053824719425,34.490053824719425,998.4294234989507,-5.174508745723276,8291.763903358293,77.53050675905274,-67.97156896883047,0
Bharati,-34.32192951366661,22.811521490557464,45.95177443816847,986.4517847669971,-4.500091370546049,6113.728445567768,75.68180683719403,-35.91873601800563,0
Bharati,-32.866223394565644,26.394671155962335,61.42004094272588,967.8425787857084,4.546149812404403,3520.554188401754,60.44756285515092,-34.713850375483005,0
Bharati,-40.293767622511645,48.01531698264852,80.97182896600006,976.8119770833524,-0.8852872568413137,2894.5385692236855,77.73316513626268,-43.65483981129704,1
Maitri,-22.515817746510223,15.078040206243315,28.128305031338265,989.4255951902846,-1.1912479228245116,7729.3111643146585,56.801224547714995,-23.571280560947255,0
Dakshin_Gangotri,-25.839181480679024,55.27894044716236,59.35218226998339,966.5429780435122,5.473175286353024,12356.011458562833,74.34352517654244,-29.70870731198039,0
Bharati,-58.888208163664174,36.181260629006715,59.55750289228804,986.0371890484599,-4.251906621174077,2237.0596862269103,56.23516474790395,-61.42089640769464,1
Bharati,-21.767380460473653,54.00829020078486,67.7396024392646,1008.9120389707871,-5.055938151499774,1928.0668394291283,100.0,-25.547960774528594,1
Dakshin_Gangotri,-38.92486196183541,42.11349156260104,61.894808799035225,999.2811226071211,6.5168500647488194,1456.689226724271,87.92108737860215,-41.872806371217486,1
Maitri,-17.714665612142273,45.90499596424344,63.932512997212896,981.6397238702879,0.9332892225932138,9326.111959515018,78.69699589464426,-20.928015329639315,0
Dakshin_Gangotri,-44.22776871592998,29.708595685432705,45.63863032723077,984.6828521736236,2.718819000870681,5831.427964033438,60.67231131556478,-46.30737041391027,0
Bharati,-24.549901922035897,16.500993680556753,41.78613171538207,969.2387412398368,-1.244336301270232,8221.587346570403,70.86705857949168,-25.70497147967487,0
Bharati,-29.247449933297588,21.31019271235234,46.96687340265852,969.8020718553267,-0.42639370409623506,3968.127767563659,71.48712538473904,-30.739163423162253,0
Dakshin_Gangotri,-20.453471725745047,19.19899643069265,28.972119583577022,949.2560740899318,-2.815062933395918,8472.943403393921,78.62850911387802,-21.797401475893533,0
Bharati,-23.129540835229797,8.890692677378038,14.65956796351378,985.0221944024548,1.2724801372591814,4849.4586328695295,80.97825136241825,-23.75188932264626,0
Dakshin_Gangotri,-28.827462625321818,47.97337770223728,47.97337770223728,993.649968631935,3.325491725891717,20.0,78.37313647729377,-32.185599064478424,1
Bharati,-48.04408471066367,28.021836808184418,39.560223207186475,978.583130286339,0.78392764170758,9691.592949664155,80.13460406378152,-50.00561328723658,0
Dakshin_Gangotri,-47.158119451915475,18.38680342921596,22.45355184410262,962.4535160973152,4.243627037425492,5855.09893515724,72.45224477437219,-48.44519569196059,0
Maitri,-33.75830408638328,73.77877486744993,92.97074405742082,981.322569510557,2.649582655980205,4758.804182235068,80.13694124127623,-38.92281832710478,0
Bharati,-25.124198258943803,89.60787141483146,101.24920206637717,1006.8352913561907,-4.193769114517964,7125.163125221334,65.4309888353062,-31.396749257982005,0
Dakshin_Gangotri,-34.12371920798675,14.039121558512841,26.76483505553989,997.9596330847227,-0.5789760412099701,223.33427894291708,59.04751671197879,-35.10645771708265,1
Bharati,-15.621821041308017,26.097831529503384,49.2174924870222,979.4105127214739,-1.7935786330627879,7722.892408148494,100.0,-17.448669248373253,0
Dakshin_Gangotri,-29.188313788175257,25.23366550579092,44.206212306128364,1020.9486080349277,3.0137364902412593,3616.7575158801637,81.24009635672334,-30.954670373580623,1
Bharati,-39.475190871692654,17.61037648306869,31.44347588370212,1033.9743397977973,1.8463498613862448,5375.579376903895,100.0,-40.707917225507465,0
Maitri,-29.17144439481864,47.4166149175353,79.2808716768879,970.3971477092615,0.5095306669449656,10557.174935471241,70.87888126868678,-32.49060743904611,0
Bharati,-21.612102455251716,8.960084696382,31.34157385971234,975.0823046365939,4.054355062172957,8568.778585261682,100.0,-22.239308383998456,0
Dakshin_Gangotri,-20.126729217631233,64.39033635091347,75.23172781347205,993.8666259848324,-7.462721213912477,5294.4735591576555,76.19406688232614,-24.634052762195175,0
Bharati,3.175686979896941,30.347595844314398,41.6350631847931,961.740472657253,-2.4125208957590023,5595.665362458359,92.18939812500261,1.0513552707949332,0
Maitri,-35.03364010005129,70.72149176651885,93.6052887015592,996.9826846691743,-2.0731480145248247,20.0,75.49279861135395,-39.984144523707606,1
Bharati,-26.102179923856006,29.064976994027262,46.09343397782213,982.0293538692296,1.0069375544844001,2712.432520815304,77.47383830974996,-28.136728313437914,0
Dakshin_Gangotri,-18.608140797708604,25.18597325307,28.974376149730226,987.4327697897384,2.2112407953794535,6668.508686943087,73.27200022897625,-20.371158925423504,0
Maitri,-25.35134438801223,49.27682309293572,73.22395149071642,968.4912431120201,-0.005231109722815792,2943.3399367274615,67.60796045347195,-28.80072200451773,1
Maitri,-32.5092721898298,70.49136874916253,98.06369075113132,964.2459328610746,-5.259839459586394,694.2696169700566,89.70363410406804,-37.44366800227118,1
Dakshin_Gangotri,-48.23885764516365,64.80796602976801,91.62185470982647,940.2906906816896,1.6270871503678288,7920.598878872395,74.86708327688328,-52.77541526724741,0
Maitri,-32.66251838579523,11.287896632302775,41.71538664744741,1009.6956179291527,0.5122473340151735,11225.777780022134,87.4565499940263,-33.452671150056425,0
Maitri,-41.10553619076701,56.47518019586502,92.16716149143494,998.8289288609383,-5.874854839846946,3114.4105456650395,88.55691220560551,-45.05879880447756,1
Maitri,-50.899100216856674,24.540477995104236,56.84006834833325,993.467180125182,-1.1816075522900735,9500.041119560528,96.21508057858804,-52.61693367651397,0
Bharati,-36.9351826250588,27.525471846337677,45.932089663934896,986.9665230175896,1.49609819683334,8899.222936229125,81.31757133658593,-38.86196565430244,0
Bharati,-40.70637581149682,24.27309490298512,37.188816150075375,933.9154451845042,6.612835293670027,2092.727736718021,52.33543223534545,-42.40549245470578,0
Maitri,-16.243201820605776,21.30440012265817,21.30440012265817,964.9779764995984,-4.356283495079301,3089.250991611899,70.19691349519428,-17.734509829191847,0
Maitri,-15.983622438785595,26.248196095262326,41.35687454966278,974.8783809272893,3.160481757153328,13212.410686869232,74.62198087499543,-17.82099616545396,0
Bharati,-38.558189343713124,17.260400700789162,37.451761289908674,958.3730729498394,-4.305895011097801,1531.9091687835944,75.1862255206678,-39.76641739276837,1
Bharati,-28.903429458446816,56.64325610546553,72.07878515973908,946.1295609012857,-5.08243395785132,3563.919137732467,94.77593046445621,-32.8684573858294,1
Bharati,-52.87363993168803,41.81901808281947,41.81901808281947,960.4527430140271,-4.846364994138209,13862.995684999702,92.04340641165165,-55.800971197485396,0
Maitri,-32.41509925274041,33.245636828499755,45.37942334102902,980.9828589719481,2.420055757006479,3724.5228175144516,72.82628530959063,-34.74229383073539,1
Dakshin_Gangotri,-19.015271489464816,24.26777131805986,45.721091806626674,980.9879796303981,0.5195724884483228,11411.963627760917,100.0,-20.714015481729007,0
Maitri,-12.62593165578846,22.0583993425722,26.799248992933084,998.1504566787544,-1.258757189134765,1911.9337248499742,69.76747607173867,-14.170019609768513,1
Bharati,-35.695706225369705,36.91357796516511,53.570490417537115,1021.2635940178596,1.8313279398457263,6553.070064271936,70.98463414118802,-38.27965668293126,0
Maitri,-9.222177092087204,33.804583961077775,53.12085396987028,993.71523040196,0.16328562827914408,10343.681649459442,58.614026088229735,-11.588497969362649,0
Dakshin_Gangotri,-47.735378822702074,50.999815338658756,77.1794917489162,976.4890063228576,0.44207571866702394,4130.136614924677,51.612513895215294,-51.30536589640819,1
Bharati,-43.71441698715689,22.254053593442,54.38010752138223,1016.0065302412338,-1.2141047382395367,6398.945250275121,57.29888627025956,-45.272200738697826,0
Bharati,-14.355072015431857,21.142964228493486,32.364703602386825,948.361271441362,-4.110188244240961,8977.745128046114,90.20317630834901,-15.8350795114264,0
Dakshin_Gangotri,0.066818428448709,40.95497729816679,57.79255111607381,938.4231380276619,6.765228464803678,2392.0274127780776,86.12253015634509,-2.800029982422966,0
Dakshin_Gangotri,-17.59852017724457,45.29490110542556,62.445592831000766,962.2655317947061,5.601726466446892,14961.419993065969,61.746743155508746,-20.76916325462436,0
Bharati,-25.605135798010185,86.19284708373428,107.68659567761796,996.2437489579661,6.360634814126003,10150.89768307189,76.49818778525938,-31.638635093871585,0
Bharati,-57.927756197833126,10.958751429756887,31.332782286170342,983.3712050404415,-2.1572595456435577,4570.870948544332,87.09703825250621,-58.69486879791611,0
Bharati,-55.336705840652186,58.20282873131992,87.45288433431763,957.4335258892681,-2.7277108502047636,5060.708693838449,44.49942554719401,-59.41090385184458,0
Maitri,-23.058856946561967,31.83799612860126,31.83799612860126,965.4581092921023,-1.6577798488708606,13646.882974324943,100.0,-25.287516675564056,0
Bharati,-30.370940043567618,22.930608895399832,42.11081967762976,955.1703299901809,4.296427776077993,4580.741734046049,90.78805529925036,-31.976082666245606,0
Bharati,-41.58752773228177,37.15895262685831,57.03306271710065,955.1698318020551,-0.0007682854714597799,4111.3660301175105,87.15772061794725,-44.18865441616185,0
Bharati,-24.017011287549238,36.51445807381773,49.16216574851807,1011.0211554950257,-2.1727667945924387,10584.661597704506,93.03121734849603,-26.57302335271648,0
Bharati,-23.273029487382857,23.281076133955448,23.281076133955448,977.1313006249937,1.455446712315302,397.7692204425275,44.37692636971259,-24.902704816759737,1
Maitri,-10.83376197189591,11.453932193045611,25.843971085309274,1015.3916417663783,-2.9457957330500157,5686.671324504928,71.72141994892488,-11.635537225409102,0
Bharati,-22.950965754809488,58.30365048176437,66.19804285486462,962.1997124300908,-5.421562186688611,6336.636965491788,93.87553991758587,-27.032221288532995,0
Dakshin_Gangotri,-6.574084474984232,20.165223379778983,51.944777479016224,989.8225002645619,0.5169398307346202,3185.1449312088057,74.8945591929302,-7.985650111568761,1
Dakshin_Gangotri,-24.8800895567678,18.531893191820426,37.28480689009916,984.5416532063313,-2.064292848503723,20.0,86.140149136935,-26.17732208019523,1
Dakshin_Gangotri,-26.73002492211004,21.206839342598936,28.251991067656338,997.5936314599797,-0.05480038269588675,6276.401775058086,96.72262243478117,-28.214503676091965,0
Dakshin_Gangotri,-9.035317206292266,44.18946936132935,44.18946936132935,985.0909700962806,-10.739438567237995,8752.72293874467,85.55435028442238,-12.128580061585321,0
Maitri,-39.67661320062152,24.77018173023234,45.67635855241609,999.7016678654494,-3.568313580953776,3283.7780755028452,71.1343606545417,-41.41052592173778,0
Bharati,17.21671179899242,21.427270302989754,43.38876224042622,991.0839522501959,-0.18022903328220125,1280.7709428503722,83.63559544568133,15.716802877783138,1
Bharati,-19.371137827498963,35.9298254807726,48.77205696923719,958.1745622016991,-6.0655625590399405,11024.325323796704,49.93499643452643,-21.886225611153044,0
Maitri,-19.287561207434905,33.401324632570784,54.438079454126864,994.6542952885478,-5.9295541825417075,8112.511482305795,82.35526900477257,-21.625653931714858,0
Dakshin_Gangotri,-17.123560390411036,21.67669198258458,33.19398669795143,977.9380193851532,0.15507750642687046,4552.7882543038995,86.24453545928651,-18.640928829191957,0
Dakshin_Gangotri,3.157047129974636,11.327250590631902,36.999403342313514,964.4656084168101,2.8063276618306072,9683.418271053837,77.26424843726006,2.364139588630403,0
Dakshin_Gangotri,-13.1123888249109,43.69837879778707,68.62522715549238,993.8795555340163,-3.5668643014984767,6966.958804575061,92.4229461853408,-16.171275340755994,0
Dakshin_Gangotri,-49.07583968505885,33.71681750793456,33.71681750793456,998.4311709561445,-1.0485066300854409,13156.859802207593,79.1794201337269,-51.43601691061427,0
Bharati,-3.9479442284874366,9.234154173334167,10.282235733923047,970.3286967138266,-0.9560907073953041,8656.67776253129,77.20430301893558,-4.594335020620829,0
Dakshin_Gangotri,-30.11344869167526,62.46835524303653,97.78117247347181,972.9887016339329,-6.249256848897526,440.53808417135497,100.0,-34.486233558687815,1
Maitri,-23.39267390741015,8.99714742214068,33.319110922411575,952.25759397364,4.735544318193676,3365.0431406281236,60.63242683144321,-24.022474226959996,0
Dakshin_Gangotri,-44.188809582629,19.305148606861984,21.68133855657637,943.9054574432646,-0.7318298008328803,3556.3788079761675,95.88200772402689,-45.54016998510934,0
Dakshin_Gangotri,-17.106969728141564,19.981136272205617,19.981136272205617,975.1538340591794,-0.6889583819122214,7238.240161340723,94.694467454506,-18.505649267195956,0
Bharati,-34.77061435101328,21.845310121967863,38.92303077806908,995.8410896429509,1.4919336158520047,4786.042821346559,87.67942976492476,-36.29978605955103,0
Dakshin_Gangotri,-23.497455430097894,21.473166414360456,25.0500124956277,968.5346861118645,-6.239979936004803,1490.8519403087857,68.9323080024582,-25.000577079103124,0
Maitri,-29.261485080411745,14.758489204798597,26.591415325550106,1008.5558732776032,3.6797371811681283,8356.559670935905,80.14043372829478,-30.294579324747648,0
Maitri,3.8751920260377766,32.101264725008576,46.628472829001005,975.8985201633634,4.20244308381918,10000.468789209004,62.935610047723785,1.6281034952871765,0
Dakshin_Gangotri,4.733904502183844,47.32415199748351,61.41976810883636,975.9798134975296,0.5621267872853329,5589.062219898168,66.56829674105782,1.4212138623599984,0
Maitri,-24.302302446778878,31.881778417715626,58.14716123554055,974.218165789257,1.848833791314574,6837.833595596872,76.97163743867199,-26.53402693601897,0
Maitri,-24.04033432946718,34.65440860173665,68.00197099299169,999.6318514759537,-1.3043179898043982,2129.7732609488376,61.74570628360679,-26.466142931588745,0
Maitri,-30.601644495242727,25.065876725900967,35.27669819757938,960.8217885939265,3.4531761952463182,3909.850437426118,71.50002866887864,-32.3562558660558,1
Maitri,-8.409905627458208,31.25697709202038,34.95038545398798,977.4207966534882,-3.2917588285039168,4073.4678816271644,58.469969796076285,-10.597894023899634,0
Dakshin_Gangotri,-29.933798055000658,35.96108062944485,54.849542179280604,969.0525609442718,-0.12959330253678136,8234.346007082378,84.79386957938802,-32.451073699061794,0
Maitri,-31.32005911968549,41.83045370043438,73.14525484486158,968.7686392331665,0.10905394408673318,7024.105447781377,99.52291119043676,-34.248190878715896,0
Dakshin_Gangotri,-10.321107045025533,20.565661478965545,31.533509915569105,980.7030868895666,-0.15473787550066867,4681.2309997426555,100.0,-11.760703348553122,0
Dakshin_Gangotri,-33.07448642974974,19.162191153893733,42.665780074035865,977.7335341843585,4.27650422516055,4522.470632402595,59.497208266628576,-34.4158398105223,0
Maitri,-25.566325516727957,7.319132045028662,13.947776119687472,1001.0334259730804,8.7528193488869,20.0,62.13267109207182,-26.078664759879963,1
Maitri,-48.719661722664895,71.46999728937747,86.68271097037871,979.7845159960027,-0.43934818890780813,12423.49753657947,74.25040795257891,-53.72256153292132,0
Bharati,-14.437144823152495,69.22102955564478,72.6016067326432,991.1001148996468,1.8814305353086038,20.0,87.33508533867663,-19.282616892047628,1
Bharati,4.113004087728029,28.577681706196852,43.68600231098932,983.4551029312333,-3.2097097541578234,7687.521931722225,73.62004251294115,2.11256636829425,0
Dakshin_Gangotri,-14.18161940800312,29.4049135136487,43.2403637264927,1008.0751800041892,4.1276859206591645,6150.8388252361565,91.16319994252203,-16.23996335395853,0
Maitri,-3.073012486790425,60.24923957158617,81.33046856320695,973.9523006249393,-2.069938625272518,4937.2707838941915,84.69171840450976,-7.290459256801457,0
Dakshin_Gangotri,-37.691532042659965,15.021060584931325,47.80167667182656,974.0085721286498,12.580512461049636,5967.229366106824,50.19261948558279,-38.743006283605155,0
Maitri,-21.45513576957699,18.11515593145903,29.226201722365595,994.9007717555297,-6.682959198522734,3348.067797909333,77.54149763727885,-22.723196684779122,1
Dakshin_Gangotri,-39.14739886554084,62.10166354936985,62.10166354936985,973.6799431628177,8.589780668351686,8611.261529210104,58.12390332672506,-43.494515313996736,0
Dakshin_Gangotri,-28.416483183720143,24.931140651449663,37.9101017596539,989.9678336948709,3.9648887521978304,745.7282743163287,68.22954838916276,-30.16166302932162,0
Bharati,-13.416827839712427,16.7513434680714,34.74451970295569,1026.758288110736,-4.488967330706393,7311.258565155344,70.52569762233121,-14.589421882477424,0
Maitri,-23.472690803450522,37.01235378657702,54.031354669144406,960.4209467460017,9.277793551078414,3288.9461396885017,87.82116524928782,-26.063555568510914,1
Dakshin_Gangotri,-46.189615339018324,20.630443055589016,34.056214952736454,1010.6334093277673,-3.7136416397697687,4292.288024151224,76.25784026720089,-47.633746352909554,0
Dakshin_Gangotri,-44.7254365830663,56.82823925920225,86.70538866716576,970.1558674337904,-1.257323401450867,4400.372706102049,69.70691983083294,-48.703413331210456,0
Bharati,-45.717458972361605,31.12719461238408,47.489340011062225,1006.753573220215,-5.186370223480298,5338.577745685466,100.0,-47.89636259522849,0
Bharati,-17.628211150906147,21.070562793659086,35.02260014246441,993.7209171045151,-0.5858076207554676,8008.613410941854,63.28737031626022,-19.10315054646228,0
Dakshin_Gangotri,5.958418034850023,21.686119777768262,28.909058509458546,992.0065531863103,-0.21078911902434358,5856.818078934943,81.0057536620776,4.440389650406245,0
Maitri,-4.563126339996806,36.12986068163699,36.12986068163699,976.9807370567776,3.3201227624389227,9731.917865498528,86.69343725929497,-7.092216587711396,0
Dakshin_Gangotri,-53.439777987190965,26.523860571481986,44.81617993466136,974.9899346135365,9.753254808757356,10179.5866336391,79.19883052963267,-55.2964482271947,0
Maitri,-3.6838609289532407,24.732600536212754,42.18677953488631,965.5598483991686,-2.051842553853115,7235.071599158258,63.2001122161408,-5.415142966488133,0
Bharati,-10.953993744780293,42.626995382588966,47.03369003330724,980.1255208299295,-11.010521675528866,8730.36088743848,62.43448421505346,-13.93788342156152,1
Maitri,-48.179499182931366,60.66213798623803,75.21841439071986,976.3217710747195,2.593992579466424,14099.722685874083,85.97818802097854,-52.425848841968026,0
Bharati,-29.548024250657463,39.70554009529791,53.267025760026776,983.8203650622418,-2.2012428773302033,346.6840353176922,92.34601846538095,-32.32741205732832,0
Dakshin_Gangotri,-8.567163827562858,19.768691513920842,28.523686269829085,951.7868979692406,7.273813614225293,10304.54582598837,75.88072813319738,-9.950972233537318,0
Bharati,-16.74349733597822,16.191514233238763,23.258407101746425,980.4529023965109,-0.13833843321434633,12179.38480641217,56.90270352550786,-17.876903332304934,0
Dakshin_Gangotri,-44.63642578581978,41.40092659067742,60.451743301725976,1005.253059711955,-3.0363631026913396,7734.683450345179,76.81758730458634,-47.5344906471672,0
Bharati,-15.838867663057087,39.66645205770517,52.408335042201664,998.8809706936681,-4.051874463449006,13616.183213186858,99.38615848218717,-18.61551930709645,0
Bharati,-57.06250894120882,23.81445632723178,32.90452041295419,980.4600355281334,2.491546878657149,13095.021953267234,61.57163816579432,-58.72952088411505,0
Bharati,-28.342332636358172,26.79142908137236,33.17470882400333,1031.2483620444996,-1.100946652110699,4651.863723700415,71.89820271440756,-30.217732672054236,0
Bharati,-7.9306484589992685,20.377925332781587,34.07807467515623,968.4529339015868,5.870829012521009,4958.229609491332,77.53193184511817,-9.35710323229398,0
Dakshin_Gangotri,-24.7240867664302,16.403409961838562,40.64824565053625,978.2665591436272,-0.8423579956872111,8122.429047585192,92.98531144675746,-25.8723254637589,0
Bharati,-32.48406324942919,21.28307531377907,38.349476055913904,950.9897000605971,5.65848064078269,3503.5428463281723,68.71773683389874,-33.97387852139373,0
Bharati,-11.659806193414761,6.150410584154326,18.77919036440796,971.9272937678145,-5.520536824323873,16844.883355752176,83.92353725885215,-12.090334934305563,0
Bharati,-10.378722773701277,51.60086419433557,69.68576844001979,1015.7562825873396,-6.954478687349435,9155.341330599711,97.5264243399742,-13.990783267304767,0
Dakshin_Gangotri,-5.349404606995748,13.609059480984456,42.25290962766046,972.6903763556095,3.3167504816240605,6186.152310734268,54.434626314098544,-6.30203877066466,0
Dakshin_Gangotri,-11.884863573304191,28.888712621650072,48.792852973451396,949.4433761368795,-1.8577023820924996,359.19416445372735,56.99425090788728,-13.907073456819695,0
Bharati,-8.779378090942803,8.097504317520041,25.699514133248623,997.4399776658928,-1.0542034481746871,7007.674759142745,75.25412147328744,-9.346203393169207,0
Maitri,-14.006371638436981,39.00842805714733,60.39372309974617,987.7842048441756,-4.048775877207985,1257.401947290903,91.36516570396866,-16.736961602437294,1
Maitri,-21.017070263252922,44.887469145824085,58.30733178060072,996.6129213205063,-4.342005529765411,9039.66946423158,81.65204274120102,-24.15919310346061,0
Bharati,-23.65736500354279,30.229293449917186,47.06997165761241,974.0589784351425,2.5426684235075707,20.0,92.70531670426314,-25.773415545036993,1
Dakshin_Gangotri,-28.55889578646103,28.01739801155836,38.127843772764905,959.857522707953,-0.07538917922356901,11534.899073729737,51.126550562835206,-30.520113647270115,0
Bharati,-43.18552439589588,20.334639021937402,20.334639021937402,976.3275339379555,-4.240804597594686,4303.42005765941,81.84674897384562,-44.6089491274315,0
Bharati,-39.32967263229713,50.97346064585307,69.40181916972651,991.096899727691,3.162175517926956,20.0,33.956702122269576,-42.897814877506846,0
Dakshin_Gangotri,-29.230217229028145,11.964725898949109,30.431526743304474,978.5534611984658,4.699653889596782,5934.4386416199695,96.56296097671982,-30.067748041954584,0
Maitri,-21.37821760596356,23.000847827369075,35.12371824466652,987.7591034656433,-0.43532846829276195,6067.291799832533,94.49185140284008,-22.988276953879396,0
Dakshin_Gangotri,-3.387811029936053,19.066473986222242,44.424684672239906,969.2636342431485,4.012799672031808,5742.729117221071,71.73152851861943,-4.72246420897161,0
Dakshin_Gangotri,-25.626958418132688,18.707710749405738,26.49167754078941,988.5019305786201,-4.00721956404791,11518.90711744101,42.013903998499245,-26.93649817059109,0
Bharati,-9.94785563683504,50.31023757824427,50.31023757824427,979.9397212407947,2.3088355990706875,7523.516230152396,73.52470234243152,-13.469572267312138,0
Bharati,-8.810265153518191,27.131523392440318,35.16036493388835,965.8825216762025,0.6470008448109937,9184.353924828976,93.40442901579763,-10.709471790989014,0
Bharati,-28.471701965331864,20.249104650369464,20.249104650369464,982.7990031018036,-3.1662443665803974,5005.097704297679,82.86524261565559,-29.889139290857727,0
Maitri,-16.079646829447242,34.270187471226464,52.650551026133215,972.266157081105,8.212234325281068,7707.995945191288,100.0,-18.478559952433095,0
Dakshin_Gangotri,-28.652920625872923,32.852344745487585,40.33156604843138,992.3432893575706,0.9310999670263578,766.0481251970332,72.20946952916175,-30.952584758057053,1
Dakshin_Gangotri,-5.167961588822848,44.48660570136081,69.33349762631859,997.4631382246455,-2.363280909209699,7032.411339766354,100.0,-8.282023987918105,0
Maitri,-15.462349926011017,36.15302167208077,60.79100969767537,990.0307558310408,0.07849619737222852,2967.164944019693,46.316799385150745,-17.99306144305667,0
Bharati,-42.857256320325334,27.777773715555973,33.52803278317467,947.3002517691843,-3.4787775453141503,11278.546243943456,65.25959792196514,-44.801700480414254,0
Dakshin_Gangotri,-22.5771302176923,28.772237441132116,35.69116880857898,960.7045849247461,-4.627513580543017,6302.020688812892,57.2146201544481,-24.59118683857155,0
Bharati,-0.2783175726418037,11.494631872592151,31.83902839942867,967.2684626711945,-1.797678422250899,8651.473438675335,87.6866057778119,-1.0829418037232543,0
Maitri,-27.718465518200517,35.35777604019544,60.156173854675345,964.0737191133848,-1.5268497211502103,7049.290310851956,58.4703079520975,-30.193509841014198,0
Bharati,-18.28427454857398,17.49849535985988,17.49849535985988,969.1430605001004,-3.2166952408262754,13225.20587319522,91.7424940999272,-19.50916922376417,0
Dakshin_Gangotri,-16.81181743391282,32.507559714487535,50.32426841478312,998.50496948135,5.00445320727601,20.0,86.93450224450768,-19.08734661392695,1
Dakshin_Gangotri,-40.54934348746901,59.97762960193625,59.97762960193625,993.9730887707776,-3.063106287403073,5544.81263079334,79.34334084856285,-44.74777755960454,0
Dakshin_Gangotri,-17.33938076179729,30.242089043390408,39.75692794440279,971.5229734052674,-3.728916165379522,2159.651646383411,74.93411236723493,-19.45632699483462,0
Dakshin_Gangotri,-45.90752728051939,24.147524197990343,50.08409227695265,991.8358731998329,-4.7428809576483975,20.0,60.830120260729146,-47.597853974378715,1
Bharati,-34.38436159602094,23.98525931069708,69.0829606448907,986.5768410493096,-5.127932226997508,1899.88312254206,85.63468676509314,-36.063329747769735,1
Bharati,-8.86415548758712,34.631599909809424,47.24336156831975,979.3428237799228,4.109806738152665,10688.142616820318,68.96333030460696,-11.288367481273779,0
Maitri,-19.64865564537463,31.610609426597584,34.13945064289713,1002.9644940521007,1.032668673974402,5879.298714429836,88.05733610372803,-21.861398305236463,0
Maitri,-29.567167116197904,39.92309335732698,49.78817161317631,966.7740738515319,2.761310178177292,5120.915534540404,99.00326455763043,-32.36178365121079,0
Dakshin_Gangotri,-18.30308468132219,20.94941719568753,36.610114076090575,981.0551907452684,4.073620324513178,9094.004641016954,71.89629586409409,-19.769543885020315,0
Bharati,-25.901383716326972,26.33543427164553,34.63302187625677,958.982797953292,-1.33319904040218,6461.729740983191,96.33683637673404,-27.74486411534216,0
Maitri,-24.8113224647225,43.22361370486198,48.975376945063935,959.9414109042697,5.888959047501611,8453.332691994217,79.37824581436071,-27.83697542406284,0
Dakshin_Gangotri,-15.147722099197935,44.91736262011449,55.64886255539105,952.7846995022499,-2.507560713039633,7291.3763999263065,85.4798877057686,-18.29193748260595,0
Bharati,-35.91051610988698,45.094060292482624,64.04983295473505,960.2828569773753,-4.382904103192206,8170.808317334655,56.69686005052522,-39.06710033036076,0
Dakshin_Gangotri,-24.39495391667964,40.983909090833755,54.28981970027029,981.6620112231097,1.494466640207594,4201.250844879503,66.22666835692804,-27.263827553038002,0
Bharati,-29.684022919099792,41.67365825998178,47.85763025905145,973.9503164151614,0.5781915117939883,10188.349634907794,66.06361663799592,-32.60117899729852,0
Maitri,-48.784050619003835,32.47814650328087,40.77752150642293,974.6025741918684,0.5718390221428177,1151.4714607854785,96.71650022422938,-51.0575208742335,1
Bharati,-38.8068363437395,13.316696327644747,24.178110830940422,974.0167376361627,4.061285366743386,5656.081003485032,71.26240767579192,-39.73900508667463,0
Bharati,-1.4769032940425184,14.060319992662755,19.066056016820582,1015.4548525011749,0.4248438580090131,10387.685960198021,85.95194335586926,-2.461125693528911,0
Bharati,-19.22915028122149,29.946650407484864,37.87520044360721,957.2563970240574,1.2522072360573993,5383.743360345222,75.38596886439353,-21.32541580974543,0
Maitri,-44.85382452102084,30.616225766348524,52.052585772385925,955.1181336053519,5.438410314098853,4276.585809331975,71.17211607019149,-46.99696032466524,0
Maitri,-48.105315637726164,18.47759528214542,31.174385669890516,963.0915481485313,1.066723901558623,15153.76333372207,54.44413053001381,-49.39874730747634,0
Maitri,-26.682458501658758,19.115461521818816,19.115461521818816,978.5621033071002,1.9770361370374077,11674.367199787659,47.8881529025062,-28.020540808186073,0
Dakshin_Gangotri,-1.5822020023527656,27.688004036785685,52.93749102743543,990.2954262517411,-5.6708574011215624,6566.531628224526,71.44364595192926,-3.5203622849277636,0
Maitri,-27.80137202206529,76.72655044807549,95.89374864592621,992.3717522777093,14.876605922682801,2118.089426956058,72.31711470852876,-33.17223055343057,0
Dakshin_Gangotri,-5.39500669893976,16.690595138044127,17.85926550057215,998.8927663273957,-6.363369206120449,20.0,63.34328640345728,-6.563348358602848,1
Bharati,-19.72103843772014,23.501422293769476,34.84763223263051,977.8352226791561,-2.1573174064578904,8834.646732346824,78.70126013784669,-21.366137998284003,0
Dakshin_Gangotri,-17.931243132311597,44.451029222328486,51.530040931750605,972.0735776018639,-2.2782691312090653,11063.474192231497,100.0,-21.04281517787459,0
Bharati,-45.035807639568546,40.524678814160886,62.2937359049572,1012.6692138990461,8.432062075596598,7583.082713695704,98.91854436969078,-47.872535156559806,0
Dakshin_Gangotri,-10.937156173753635,33.74187449481073,45.02535223433418,924.3158324610696,-2.4023974931082175,20.0,76.27253288176604,-13.299087388390387,1
Bharati,-30.023980559104107,10.051025557016692,24.32329221815708,981.2551804488829,1.7675177515299936,6641.276674358238,76.79330881635748,-30.727552348095276,0
Maitri,-12.053613195836377,25.584577670586164,38.69263347216359,988.6001388898788,-2.2510631660453724,4052.597175893862,85.5270630573739,-13.844533632777408,0
Dakshin_Gangotri,-37.2125497297917,66.39688611616573,66.5955408189118,1017.4736800475383,-4.160388243079329,6646.625984508075,79.6103588620104,-41.8603317579233,1
Dakshin_Gangotri,-22.344259787351312,18.7724765508529,47.82643823042446,946.788676562895,2.2814214119424263,13773.71058849564,85.55315175346817,-23.658333145911016,0
Maitri,-19.719955690935528,18.38344170893855,40.00674228077374,971.5972472314129,-2.875865412487111,9157.606377519185,80.03622385848068,-21.006796610561228,0
Dakshin_Gangotri,-27.310499748637998,58.6562559751164,66.18241996461772,952.8477959777655,0.8303596111697443,8304.298530630855,77.3106749655638,-31.416437666896144,0
Bharati,-18.93182210370765,27.658248580471803,44.576867790425226,944.0344726484745,2.50677008787724,5818.622214146016,66.11882190792487,-20.867899504340674,0
Bharati,-28.99595612788763,10.517229751384527,35.25840889985841,975.9094861474715,7.627019591032362,7657.898350031492,81.14152223728645,-29.732162210484546,0
Dakshin_Gangotri,-34.73589629561919,15.534676862129226,31.092086989705145,996.6618751522482,-5.048699846280285,3107.927074088682,41.77511686925871,-35.82332367596824,0
Maitri,-0.9177492580905309,21.23588559561408,51.803427462294984,1004.119391766622,-0.6112607861071521,8219.743324273593,79.67789587363542,-2.4042612497835165,0
Dakshin_Gangotri,-9.265707004578367,32.92645883655331,77.10496725573137,969.3625438477152,-0.44587759028395596,5226.526094754758,44.69964288979857,-11.570559123137098,0
Maitri,-36.41297117572265,26.09315092356913,39.8319335644553,993.3305248106318,0.003712377501040465,2710.9774044675064,79.68997336687525,-38.23949174037249,0
Dakshin_Gangotri,-16.473335416080808,17.937740298883927,27.11244286847528,976.0456260333605,10.275205291663598,9260.007021590469,61.02581758815401,-17.72897723700268,0
Bharati,-36.140182820517296,26.286629634820112,31.39253711461287,991.1314755824503,-0.6933302544554383,20.0,94.87527518531004,-37.9802468949547,1
Maitri,-42.770269654934864,18.765255026163953,18.765255026163953,1003.0895049531845,-10.082358390178998,3821.5028831850027,77.04664346692073,-44.08383750676634,0
Bharati,-9.492858379015356,68.3336745116505,95.81512502614694,976.115391213015,-0.7937234476950864,8453.281568455506,75.73288027583939,-14.27621559483089,0
Maitri,-50.56149438471108,15.062916464281741,26.527978363648923,1001.5394876485001,-0.4735088512126291,10898.338700852571,81.79531389300402,-51.6158985372108,0
Bharati,-11.097161296351882,22.681586940406522,46.43514441510719,955.7394542429131,-0.9641665183740002,7886.811985461809,62.7473884766889,-12.684872382180338,0
Maitri,-28.79083468859588,20.999141451577664,46.76366316046587,993.1302103393807,-2.8745767913983995,3311.6524023493216,92.53747638665,-30.260774590206317,1
Dakshin_Gangotri,-28.17319904620793,21.182339367501196,25.372637068190983,1000.6734654557697,-5.28520654458947,5796.270495661074,86.11253900612448,-29.655962801933015,0
Bharati,-18.853731705650652,16.016997886794396,21.7088559393425,998.6041841324624,8.637964158682044,7165.098172085654,67.4487382905512,-19.97492155772626,0
Dakshin_Gangotri,-16.282017820086214,56.430862104240546,88.87773099874488,956.2995737535101,1.2731738877515695,12242.137603305539,59.83247899610151,-20.23217816738305,0
Dakshin_Gangotri,-37.39514765243362,79.70182754618226,94.00117604824624,975.8837800112263,-0.7689611030633563,9682.391974838974,69.39676375699979,-42.97427558066638,0
Bharati,-14.234115868749049,34.97028766342719,43.367412292240154,986.0435026044603,8.510503866403244,9711.718065544957,73.38501184584626,-16.68203600518895,0
Maitri,-23.29944192962165,33.449747356034905,37.998014406992745,988.8610488080278,-3.4746307393335782,6261.677139509209,58.7290951631246,-25.640924244544095,0
Dakshin_Gangotri,-43.840821893020575,11.716787293093793,25.30222948908267,982.3175189873579,2.409633640766711,1716.0547403336077,68.14708753706898,-44.66099700353714,0
Maitri,-27.548117253696088,55.745211404553565,85.82415561433633,1008.5837256416969,-4.996245540353513,375.83465629061266,66.12670009093857,-31.45028205201484,1
Bharati,-4.2808147666161105,18.75673353328105,40.61111335091231,954.0870797865982,3.0030338521040294,4794.936244202119,71.96634660376115,-5.593786113945784,0
Dakshin_Gangotri,0.14892197368545013,10.93770313962551,27.755326602733454,975.1949833203366,-4.537981170470772,8797.72266220591,72.08612113971536,-0.6167172460883356,0
Bharati,-14.239773135869841,38.16426193534573,69.04947137125622,946.244557999222,1.8818522243739564,3992.455700249059,82.32148036370725,-16.91127147134404,0
Maitri,-42.855152322525555,48.44053808141797,77.39828973112304,992.4249762040779,7.8129431156065925,8288.698612337566,75.46865394525416,-46.245989988224814,0
Dakshin_Gangotri,-17.640896463161678,55.46813118223828,73.80935328946353,991.0923889488057,0.3737983775464367,2821.258293366632,81.03099880051337,-21.523665645918356,0
Dakshin_Gangotri,-12.237086442112108,22.834966976388653,65.59616355175,1046.9720673143252,-8.770325857354754,3438.3164517758782,78.73273230884611,-13.835534130459314,0
Dakshin_Gangotri,-14.114380250219169,21.447228436933422,33.97299688099834,1000.5271931677166,0.14308592261862604,11632.039620595517,72.07632797841808,-15.615686240804507,0
Bharati,-13.225685669681228,32.096924577732885,58.07720954932482,986.6273028230671,1.9218080791196508,9067.488876207472,85.25584511021651,-15.472470390122531,0
Bharati,-19.551053811287037,26.0968386115123,37.166872561091026,985.0979015134767,3.603935923170288,4774.045112344325,33.83989876709002,-21.377832514092898,0
Dakshin_Gangotri,-26.086185082458154,38.545827650535635,62.57431201472985,973.6677817874711,5.894365973932219,2677.795650593101,69.61820698024205,-28.784393017995647,1
Bharati,-34.12551243856028,32.27023174852158,44.78635991287382,982.6097538792902,6.09828257163426,9795.659656781358,66.44012617156588,-36.384428660956786,0
Dakshin_Gangotri,-53.46903277752244,17.932522559626896,37.54620571879711,985.5249792318776,-0.5237593521069479,9505.840923964002,76.79058888399636,-54.724309356696324,0
Bharati,-19.90537349929974,56.369853641807644,95.27121274063316,940.7048132404489,-2.6377541910756594,8556.789242315677,65.48497096424563,-23.851263254226275,0
Maitri,-22.209207345217173,38.66274121852762,63.181259232340366,983.93827181014,-4.474042162584095,5288.686136468722,83.23350053441129,-24.915599230514108,1
Dakshin_Gangotri,-16.636362357627757,47.87674693113121,67.64515805802972,982.0201913674948,-2.159798984047991,1621.6352021611274,85.88000142333317,-19.98773464280694,1
Maitri,-45.06315539939341,18.103380584184634,25.35635266240072,1015.080265534523,1.9061220624190327,5940.656230195477,54.2399712104701,-46.330392040286334,0
Dakshin_Gangotri,-15.324749660274096,38.10525126275429,54.98753830778655,977.3665648039503,-5.394591256916675,11630.399488877101,78.35246149860126,-17.992117248666894,0
Bharati,5.818176419311655,4.37589693758339,9.295871921838218,964.6890929234095,-3.7074410617139377,2363.844500397712,55.78654356708151,5.511863633680818,0
Maitri,-23.82324803833133,43.38860532258057,67.25836880495089,985.3706416415993,2.249196352378261,6189.81370885043,82.19493799161927,-26.86045041091197,0
Dakshin_Gangotri,-25.924979788098113,31.631506854996083,55.25028325189449,981.4869614376261,-2.585948487885251,12543.168317810581,68.00189657693826,-28.139185267947838,0
Bharati,-20.364964658714484,15.918134725816,29.1217802666801,977.3879875375329,1.4799449344287634,4783.0683248803,62.93676676357448,-21.479234089521604,0
Bharati,5.485055370655068,30.13860273260526,61.77392260144235,954.4202237840678,-3.2572407832214867,5490.071823007985,49.34327511797951,3.3753531793727003,0
Bharati,-40.35471642549837,41.348814432765764,71.57777512646568,976.879610023813,1.1511932124100435,598.3899755501498,73.61725178901007,-43.24913343579197,1
Dakshin_Gangotri,-21.951895999091427,49.50602388793652,66.00248987239605,968.4161625553197,-3.0875079687590476,8492.802548196949,57.62998906806286,-25.417317671246984,0
Bharati,-36.99486133446466,12.30718982897156,32.962301045516284,975.6703700217533,-7.607905568474757,3037.608163325924,52.74676323260634,-37.85636462249267,0
Maitri,-33.205070812674926,31.312224493087236,40.42765231367622,994.643064463822,3.8238274864964286,20.0,77.78944149051038,-35.396926527191034,1
Bharati,-25.74385461822909,13.914157570616561,26.19235229765068,966.5097132150828,-2.783577967298541,2185.765558027076,89.53866280838258,-26.71784564817225,0
Dakshin_Gangotri,-4.7901513757966185,41.619070740140984,45.83899360050526,975.5753503400091,-0.9945208283946402,6833.784789087335,80.91708481734614,-7.7034863276064875,0
Maitri,2.014859010331051,47.06301397874751,57.27964408153753,990.8240993388298,-2.764568393233383,20.0,53.53521294452631,-1.2795519681812748,1
Maitri,-18.277867830599405,17.210144035796986,31.1662553932389,974.6119543175513,2.1779110809935824,456.7386595465523,72.94825656908297,-19.482577913105192,1
Maitri,-30.64892084535228,15.48561410104544,15.48561410104544,1032.1837197439897,1.3326756458344953,8237.1366104078,85.2084579936247,-31.73291383242546,0
Maitri,12.391082999577776,20.906791045518748,41.67493079547997,984.9773300182611,2.168373932010756,5710.462579769249,72.95413895201413,10.927607626391463,0
Bharati,-31.413317219942805,26.597186907778923,51.818469613041664,955.1620593544833,-2.1981721422738114,2344.042488847448,79.88297667090951,-33.27512030348733,1
Bharati,-33.56703871539606,19.45468224407919,34.375504894985944,963.2139451384713,-0.19891339709182576,4714.930811049195,68.44109600763281,-34.9288664724816,0
Bharati,-51.6241456686809,43.46878919599391,43.46878919599391,961.2013042282533,1.6681291869282762,12952.682320560842,69.22956361816766,-54.66696091240048,0
Dakshin_Gangotri,-4.058626461328846,49.63323989164717,62.1033122474962,963.4994742730194,6.180815890129467,11126.926931740654,65.10580336233735,-7.5329532537441475,0
Bharati,-10.47631611443059,30.651772974854133,31.717910851179333,990.7395623643883,1.226125086955463,5570.265948304655,84.18020884110196,-12.621940222670379,0
Maitri,11.267083041746687,19.801723665247735,28.70553333988022,957.8698108739848,-4.013398620773325,9264.72910701345,85.12625127036068,9.880962385179346,0
Dakshin_Gangotri,-45.842850283271886,26.102508459592848,55.621871465878094,973.3758848732955,1.0715756023181053,6484.0123538360085,66.67241089623671,-47.670025875443386,0
Maitri,-3.1274378878133575,30.64770087067748,30.64770087067748,1002.8549381652136,-0.6599910640996954,20.0,86.32295767421401,-5.2727769487607805,1
Dakshin_Gangotri,-23.94796722450809,25.518305399402003,32.354680150528424,969.6045569089548,-7.994935844854003,20.0,53.595382446979684,-25.73424860246623,1
Bharati,-12.908496747997955,27.78769300241828,51.08338912096721,993.4297312561927,-7.380627240196978,2362.6688650131555,72.43315219304503,-14.853635258167234,1
Maitri,-49.71665711656706,47.68410514411124,55.664843948624636,946.3405949237933,-0.26595847009190177,20.0,54.69491709380717,-53.05454447665485,1
Dakshin_Gangotri,-2.9787726600205424,19.127097116452173,26.34279534473292,972.5876989175201,0.07119573107855252,7086.267328723718,58.02212383811465,-4.317669458172194,0
Bharati,-13.202248730022545,71.14885418658976,106.47291587266503,962.2810922511841,-1.1789989609356395,3800.2418627886077,54.51505228670631,-18.182668523083827,0
Maitri,-25.583650521793263,31.112328993939773,49.896202928045014,985.995419131846,3.5367271449742685,7701.316179998518,65.16406109045012,-27.76151355136905,0
Dakshin_Gangotri,-15.32330968508318,24.818008825765535,49.16103293608529,959.304437445826,-3.7405830766841706,7762.7840453687195,84.29626680856272,-17.060570302886767,0
Maitri,-36.48242951563374,18.877644427586098,38.82434160632829,1021.3931376043679,-5.54478049092757,8760.109830612604,73.8245756470315,-37.80386462556476,0
Dakshin_Gangotri,-33.69160128372549,19.751814040280834,36.36878795626862,947.2123021183031,-3.302769182888092,2277.516268735269,66.24139251091064,-35.07422826654515,0
Maitri,-31.95166920438094,29.193755729170796,56.834004828892034,1002.7156228775748,-2.4391042498649593,8062.686833753005,72.39741953006596,-33.9952321054229,0
Bharati,-52.79091792535417,31.002501886166485,65.05596793083934,997.565541712085,-0.23261297941093229,2178.1504949493105,44.155600971308964,-54.961093057385824,0
Maitri,-12.073622586949494,24.36452898341916,24.36452898341916,986.1972231306,-3.1905604911991197,8845.359726108738,83.57722781146545,-13.779139615788834,0
Maitri,-7.126095787261505,13.851867563154467,28.498694001283997,981.0886650702398,-8.566905287081248,10890.616638665424,41.28548269491272,-8.095726516682317,0
Dakshin_Gangotri,-35.52016224645762,29.196407536267678,43.7644200522834,1017.0991734131316,-10.27722152106853,8892.61429515885,64.39141557570181,-37.56391077399636,0
Dakshin_Gangotri,-19.776954760827717,19.9463778966745,30.65360554355202,1029.4192777882245,0.4926366349961579,5291.68982818047,73.81684383687004,-21.173201213594933,0
Maitri,-28.983107119438543,10.492941571360243,35.303547866094625,975.8546662345443,-4.516086146884184,8267.073014225216,81.68312408811242,-29.71761302943376,0
Dakshin_Gangotri,-20.075890568784544,39.288166145961696,56.85704297115227,983.1553874756829,-8.0214186454881,20.0,78.58478949465554,-22.826062199001864,1
Dakshin_Gangotri,-34.41365861816544,11.4322703600695,45.68699900449729,968.951995644941,2.499765202716212,20.0,74.25757150374245,-35.21391754337031,1
Maitri,-38.25137734131454,23.82424143716032,49.82690553012135,956.6142520415062,6.180724140594206,7867.184330749664,96.86233902276314,-39.91907424191576,0
Bharati,-9.218876709643862,27.402815312371356,56.04983969025959,989.2622550852915,-0.37783415507835966,11230.937763391321,100.0,-11.137073781509857,0
Dakshin_Gangotri,-25.95805877686739,52.93382978735442,55.94218758749208,984.9924480597075,1.0737605256734575,1074.2051569139103,75.10582287496669,-29.6634268619822,1
Maitri,5.331634262802137,10.81865208898022,17.757792848809693,947.7955742722991,1.1076635883340313,6060.7384196071225,73.49871381598881,4.5743286165735215,0
Maitri,-24.3053505280879,41.38705920526998,49.150144656572245,989.1200397037933,-9.252600575985959,7755.45420671929,72.60407604593203,-27.2024446724568,0
Dakshin_Gangotri,-38.891170605257386,44.59414455852232,72.82533258102681,985.66279706112,3.554610428779684,3541.792625492959,65.83694083510986,-42.012760724353946,0
Dakshin_Gangotri,-6.595886853460918,60.784666663281534,66.11290380196345,967.9751062491681,4.959527073775553,4642.469069900249,80.6378650555658,-10.850813519890625,0
Dakshin_Gangotri,-15.537997537809703,48.77371081712957,54.394367325021946,966.6695467824234,7.347196718373433,8452.973139380802,94.0731373540346,-18.952157295008774,0
Bharati,-14.096907044553646,27.865533237810133,31.65197906380458,988.4755953482041,-1.7504792427821225,6432.745693964162,37.64731388826063,-16.047494371200354,0
Maitri,-7.140989816981222,11.78364039023222,54.31391257901976,1012.177633103613,-4.540482056329307,6450.228890628589,72.45508101625327,-7.965844644297477,0
Bharati,-34.79194440768692,42.29748561515664,55.875166518495405,987.967912593108,5.434230080246832,2070.8063828769505,97.32891630808516,-37.75276840074788,1
Dakshin_Gangotri,-26.908799634779314,54.20030325838238,74.49918342397302,995.6096850250552,1.995641570109009,5875.402598699268,80.89749459736092,-30.70282086286608,0
Dakshin_Gangotri,-27.571747472316897,9.224228221168893,12.81805504121687,963.3560721272029,3.4986548298384283,4408.346694865125,81.20692514688314,-28.21744344779872,0
Dakshin_Gangotri,-44.36119805373427,13.783114624709388,38.37569862390917,971.7145522084764,-2.588305433724502,4622.472361911748,50.98633969442737,-45.326016077463926,0
Bharati,-28.953852252373654,32.60555090585797,32.60555090585797,992.160335457721,1.0862496669032349,3834.383710658712,85.53190567880873,-31.236240815783713,0
Dakshin_Gangotri,-4.954308131847636,44.34376478097651,49.553737328972076,952.8331023070187,-4.213599677671311,5890.879280874299,90.13691465688035,-8.058371666515992,0
Maitri,-21.439928443092295,38.58912601827744,46.27538702355744,984.1440339660702,-0.020959282826086587,2526.8888567861195,77.99905156221827,-24.141167264371717,1
Dakshin_Gangotri,-45.19091991767482,34.07562147005878,51.26433685514152,989.8684606639491,-1.391550708495038,6048.359109706428,65.1667456359173,-47.57621342057893,0
Bharati,-48.33759117497402,60.36071814902579,67.42989500815386,979.2293180007684,9.37421577385076,4539.873685538968,81.64229242417596,-52.56284144540583,1
Maitri,-0.028359118775927783,24.339899984368145,54.57988099532482,986.3874406487654,2.194518840891374,2271.6251582702625,59.432188276581485,-1.7321521176816979,0
Dakshin_Gangotri,-26.35478515382695,19.509515595879495,39.54174764014374,981.1563969556754,-8.60802527143085,20.0,57.44708627922654,-27.720451245538513,1
Dakshin_Gangotri,-34.71115308552426,21.956061253481405,30.06002699263857,967.5567679454434,-0.006221702474481028,9789.863791494308,87.03200985425852,-36.24807737326796,0
Maitri,-29.109876473455046,32.94829071439646,57.924461485081466,956.4378646750895,1.4726839502393492,8985.239149425279,91.4372039020155,-31.4162568234628,0
Dakshin_Gangotri,-47.15961631475998,27.334229475264475,38.4013837625339,978.1937330140418,-1.895841208429301,2780.5835571705584,63.860677823832035,-49.073012378028494,1
Maitri,-3.653572757325705,45.57513618417211,54.67076981177098,1006.090120067872,-4.4110367337369345,8726.672226985127,57.52004761654296,-6.843832290217752,0
Maitri,-30.895794063790444,20.09318037170708,44.05133684666002,1000.4876146185425,2.642064305436276,1900.8508014014433,61.83231812376877,-32.30231668980994,1
Bharati,-4.488977083923672,35.086306075047375,35.086306075047375,973.0933540899446,-3.845549641024545,4771.48358106246,77.96474692400638,-6.945018509176988,0
Dakshin_Gangotri,-24.225224283290274,42.37063870924781,64.71880937653489,972.6779112273939,2.3017748751083125,3878.8808688990625,57.536979120251765,-27.19116899293762,0
Maitri,-3.5570203814734036,54.18264221202432,62.05169426988773,971.2057522112605,-4.183508510999893,4889.636344987431,94.25751106494228,-7.3498053363151055,1
Bharati,-21.149582514353717,15.185835127707616,23.0397620911839,971.2083226162171,-2.1356052410092703,8584.71977902613,68.02649652154045,-22.21259097329325,0
Bharati,-12.20151005696386,21.7332615851026,56.31463093432983,985.7549884620438,3.824600322896711,4392.503597865686,80.49437435915608,-13.722838367921042,0
Bharati,-14.213604308674949,26.318282807774242,36.00615509007615,1001.1496279073281,1.956696457262693,4641.442165538503,63.85200583071996,-16.055884105219146,0
Maitri,-15.65063400622044,12.739405973499194,37.29855230112311,1025.2561846993049,0.12568464118544745,8972.90886262728,83.76035156243812,-16.54239242436538,0
Bharati,-19.78098284225934,33.940261215860374,51.73270850751061,963.4030495896133,-0.11961540064387674,6246.831906817951,84.98828763929144,-22.15680112736957,0
Maitri,-28.492760741733772,33.67915546626019,52.509065719755924,993.0236069382821,0.3622126923189887,3632.848022163619,49.83285940234983,-30.850301624371987,0
Bharati,3.731520373592904,32.243120642372695,44.73769806410188,990.8466880601211,-3.1661668194447885,6962.566938556304,64.80505050631152,1.4745019286268155,0
Maitri,-38.60405477643851,25.500387669314772,37.473232645885794,973.4050716104591,-6.066789044379251,9970.647994474828,72.650677754456,-40.389081913290546,0
Maitri,-24.935385364852603,51.25602644402746,81.53591034564639,959.4798150189428,2.276691972931309,10223.666120279895,67.1224030050533,-28.523307215934526,0
Dakshin_Gangotri,-24.776711871886068,22.024153471614632,46.32875416949695,985.5074619368936,6.1204001756135415,701.4860777865151,88.07370714827975,-26.318402614899092,1
Dakshin_Gangotri,-18.96338869984718,48.93896525140033,58.94215566538985,1022.3975957375012,2.4169317154412995,901.8238430320898,66.04209964588416,-22.389116267445203,1
Bharati,-31.442089688417518,21.76629957679086,26.307538169896578,985.3809420903726,1.0166896623831072,9996.336812368168,85.72276576742476,-32.96573065879288,0
Bharati,-20.27880541615618,14.956448865254806,24.111711531448154,964.2553678576522,-4.834096308319599,4849.922203786658,82.26995260501896,-21.32575683672402,0
Maitri,-27.532638778044493,27.98591185920237,52.80086455971022,976.8546738270031,3.5086970835727773,20.0,73.38083961149171,-29.49165260818866,1
Bharati,-48.729287761568486,30.677567789543343,57.46448553620742,957.1965194578307,1.9255775498135503,3080.3933512840636,86.34524548828108,-50.87671750683652,1
Maitri,-24.856715706147302,35.366833074254764,55.916269094414076,980.3702057178652,3.0405860033313066,4243.832144682033,51.931081405302066,-27.332394021345134,0
Bharati,-41.50847999545228,7.554567437561753,7.554567437561753,993.6681605533356,4.135564042604814,4749.722330957822,74.07461725043976,-42.0372997160816,0
Maitri,-51.015786436733514,24.09841206235921,46.63620286764635,966.1479983083201,6.34402786817462,9059.713734049896,63.386483306666406,-52.70267528109866,0
Dakshin_Gangotri,-22.946900189659225,68.60027161943388,96.63605365546292,914.8877993080887,-4.458887402583783,2283.328714322313,73.39625505221852,-27.748919203019597,1
Bharati,-17.681749869706504,20.92665812754256,37.66222358432293,985.5376214552448,-5.1559077355556,9742.129549724317,67.95890873883891,-19.146615938634483,0
Maitri,-17.099529368431355,44.65041856000513,79.4484491160218,969.9689487941405,0.5926162022876493,7140.529898664388,75.89976492887492,-20.225058667631714,0
Dakshin_Gangotri,-16.492439394704586,101.99575234264444,103.78604578355552,964.9866033043107,-3.690072675536856,853.8370545557882,75.14229590270449,-23.632142058689695,1
Dakshin_Gangotri,-53.98883531410915,74.84668111938917,96.69475632385893,964.8139679327069,-4.382816721789517,4722.105251557059,77.08131493085772,-59.2281029924664,1
Bharati,-45.41525391861204,16.232831875699127,21.030618291069125,988.0050385139369,4.880383004310998,7978.668336910222,77.67575910839743,-46.551552149910975,0
Bharati,4.602821552205064,42.80774706127152,68.39316614590902,971.8418817534711,-4.03625038043632,6158.2487518778435,83.60040936558497,1.606279257916058,0
Maitri,-40.70813140115554,44.133877833449965,65.26248639086025,998.6089126484081,-0.044268532807920424,7515.893200755629,56.11903579546835,-43.797502849497036,0
Maitri,-15.837384532949663,39.44967736657074,72.46323553419802,999.0490333421591,-6.525702917991846,3650.335737921599,82.6404795241223,-18.598861948609613,1
Dakshin_Gangotri,-35.30406432498769,14.76493353777941,34.76201944486165,974.5873599025135,0.25215625003250536,8219.072308239924,52.31048526337423,-36.337609672632254,0
Dakshin_Gangotri,-23.804908910986533,32.11394653148096,43.07388635087685,969.5826804998046,4.7312702250518095,4406.1521831512455,33.08454994866261,-26.0528851681902,0
Bharati,-34.49881303410391,32.00294591558525,42.092243791374976,982.5541701073979,4.852373062582562,16184.662637540101,100.0,-36.73901924819488,0
Dakshin_Gangotri,-16.576882680705328,13.616524296546716,26.114751886419107,977.0921363639561,4.179968765546324,722.192158060655,60.91740842269169,-17.5300393814636,0
Dakshin_Gangotri,-22.948388240249514,24.810846794105036,34.70360638184651,944.9497261725475,-0.31348787572630166,16791.80367778519,68.27941875582059,-24.685147515836867,0
Dakshin_Gangotri,-31.724346604663502,32.836145527638436,61.307235236111296,1018.2820750411817,4.446018075630932,2195.407025285893,47.044046326830475,-34.02287679159819,0
Dakshin_Gangotri,-40.75258179521066,27.565301752516113,55.32168452013334,994.2867149482121,1.720324988938569,11084.898482216842,68.18317608694515,-42.68215291788679,0
Dakshin_Gangotri,-20.983387037612335,40.88530429872603,40.919629849302524,970.7302991694417,-1.7557852000611736,9309.762894886044,78.10193254894875,-23.845358338523155,0
Dakshin_Gangotri,-43.19078198563885,24.486821936943976,39.87042336777044,941.6723357625474,1.5268060781115071,2361.739265317745,78.64167531926248,-44.90485952122493,1
Bharati,-18.58778436818742,30.46223219564601,46.08714736364747,976.391362758623,3.5426940554226283,8397.8858801481,56.89830671907349,-20.720140621882642,0
Dakshin_Gangotri,14.397273635553503,46.06735964503212,53.25440682702565,968.2404635992929,-5.310871564701593,4016.7610396127598,68.34523758429592,11.172558460401255,1
Maitri,-4.747449231069819,64.56425332059037,83.9467532413288,978.788535938463,-4.241668806512917,7099.398317978636,80.53133337722196,-9.266946963511144,0
Maitri,-14.224781696587558,14.584597025357157,44.19310540363718,936.7225903144064,-0.5744503271911602,6591.469172393019,78.5782310593543,-15.245703488362558,0
Maitri,-26.284109466117215,40.11771428467203,64.0358041242047,970.555067162259,-4.88703249933711,4602.760569723083,76.9238198510444,-29.092349466044258,0
Bharati,-54.081289405052885,22.45967426549501,50.93035815491505,971.7735619511799,-4.944117678246123,4270.28008442468,86.4063986903507,-55.65346660363753,0
Dakshin_Gangotri,-44.83429593850276,35.59282845138588,43.40814997602928,976.1544944817233,-1.6823482869114978,7363.489528903217,73.36514824804695,-47.32579393009977,0
Bharati,-5.758107158459296,13.966286456901248,29.33136418456793,975.2758463785042,3.9679561181653638,2384.71100858768,95.88373257791417,-6.7357472104423834,1
Maitri,-36.846341201871695,51.795247057957695,59.13877026529624,981.0450166574547,3.8926039245626747,2535.620154634807,70.6027968209311,-40.47200849592873,1
Dakshin_Gangotri,-35.4887814724607,18.800524254677114,36.19482496048278,1010.4235475695812,1.2843206958182842,9819.904609293179,85.41777654518917,-36.8048181702881,0
Dakshin_Gangotri,-27.48475713526032,46.48124487199944,64.77575396307192,969.6997162550593,0.7211239586784955,7713.544836689929,85.95179569267452,-30.73844427630028,0
Dakshin_Gangotri,-40.93069388269832,15.033138306729604,39.631518360738674,961.7768408827014,8.349913713663126,773.331213354857,50.41271185772259,-41.9830135641694,1
Dakshin_Gangotri,-43.40153101827454,12.349510374523566,40.48442891299313,945.4533895735269,-2.157403889858775,1986.8807013434607,81.61356567826917,-44.26599674449119,0
Bharati,-25.757111091721328,25.82447074431974,47.71424238377736,969.7777768566594,0.9642965399323915,20.0,65.39790921885516,-27.56482404382371,1
Bharati,-38.37294182008054,32.27112150274872,38.66942287433991,951.9749815206762,-2.355951823495005,9638.75927850161,59.867248692706205,-40.63192032527295,0
Bharati,-36.11527869668342,78.23519574071587,79.71346859747369,999.2019258921666,-5.149685345311587,8754.304234231528,68.63359550102405,-41.591742398533526,0
Maitri,-36.71786539220509,31.877196368163702,52.077396675217,978.0778833873044,4.739524259173904,1644.9716453526253,77.42532523874378,-38.94926913797655,0
Maitri,-17.16459679248297,16.20916679198645,46.214377880598576,998.7892997001304,-1.2208217311298704,8598.60370880631,51.52653590557834,-18.299238467922024,0
Bharati,-28.481885357430357,42.77255313840105,57.524634367718626,1009.3139411290019,2.7792878788797397,13942.00485140347,75.40325461103701,-31.47596407711843,0
Bharati,-27.678579518407805,56.06360467716347,56.06360467716347,962.6988426538501,-0.9845159592887719,20.0,71.736345435631,-31.603031845809248,1
Bharati,-16.04581154036675,18.23047276299969,54.07803233007984,973.0528047970638,4.986548658126776,3539.5969415100485,90.57267146560808,-17.321944633776727,0
Maitri,-27.130594123494102,45.64001018157662,65.53405568319107,1006.6337360307429,-3.9889466720858984,20.0,65.49687960668487,-30.325394836204467,1
Maitri,-29.173806526857593,52.57048236064302,69.28189752113428,983.784351587542,4.655650851351567,9794.175546711238,92.84733759065634,-32.85374029210261,0
Bharati,-17.943244666447438,43.287078766917645,46.60736725685388,990.4301987399579,3.57682147862978,5615.769408563118,80.80198277805107,-20.97334018013167,0
Bharati,-14.977032346635536,20.3556205312478,35.51778276020232,1000.659551429395,-7.17855005941972,4407.580366172127,74.49762883409207,-16.401925783822882,0
Maitri,-27.206102492629064,32.44514956300324,54.31399118495877,997.9302930732807,-2.067431702827588,6909.672221420038,94.10492217609851,-29.47726296203929,0
Bharati,-23.790883365692174,35.570200777097455,55.60040798263292,988.2071910658208,4.083314569642302,3772.2643610016084,100.0,-26.280797420088994,0
Bharati,-36.72685344599992,51.043599541234094,59.24472825970977,1007.9272297035599,6.549310498082502,4393.470826646295,71.8417689939752,-40.29990541388631,0
Bharati,-37.91024564746788,21.094149814330965,35.52349698475597,978.6349138282377,2.8619852745599896,7099.049862381151,63.89869356176753,-39.38683613447105,0
Maitri,-13.462787470497885,46.206444428486336,55.04637740811868,990.388287965157,-1.5862323522337318,3559.6887016031096,81.4347685081766,-16.697238580491927,0
Bharati,-18.325869061830673,27.065283357365153,58.70689918632908,976.4648299129634,-3.8733577864046853,4124.05797820494,53.654507731057805,-20.220438896846233,1
Maitri,-18.17052342375136,24.09960003032391,48.048339816685036,1000.411033381482,2.266617917192017,5373.919603797308,55.48456241552955,-19.85749542587403,0
Maitri,-20.787184769117168,29.899522206410765,39.65617352041435,965.9847072415857,-1.7040841657661001,6365.360804350839,94.60309165158742,-22.880151323565922,0
Bharati,-24.306950862775697,6.701605091024278,10.016908502473918,946.3428732384085,-1.5342446263523217,8406.577381448364,83.57790088134303,-24.776063219147396,0
Maitri,-14.553821637658462,8.196911560846134,25.97506238315875,993.098495748403,-0.896627809938458,8332.911392803417,62.12747130117594,-15.127605446917691,0
Bharati,-10.973368584658242,9.703753110565788,19.77557921339301,959.5972293493858,3.5270284814535366,20.0,100.0,-11.652631302397847,1
Bharati,-11.331579922140286,36.36133301788244,47.178266380856385,957.6151467803392,7.22578030836484,11631.805244889743,54.267986393195514,-13.876873233392056,0
Dakshin_Gangotri,-26.5116687391898,25.550325427765326,29.1981840921609,1005.2985986896081,4.107517332707262,6236.467539196231,84.29584375958632,-28.300191519133374,0
Dakshin_Gangotri,-4.195109051367428,20.389873121858177,25.275785876640754,999.3255910238234,0.038205704214397895,4673.356330459791,63.052515699781104,-5.6224001698975,0
Bharati,-21.573089774015184,28.54263019871497,45.169331724320216,973.1499853830941,-3.5967764351032616,2385.8371922489196,100.0,-23.57107388792523,1
Bharati,-15.514357111513023,46.740247885118784,59.071463406698555,919.0907374543842,2.670442454529945,13956.668415478236,67.03607648858454,-18.786174463471337,0
Maitri,-20.768681637476803,9.124601332802586,49.08974519300952,990.6648027848224,6.661771394184121,15439.452729351493,70.73080571937996,-21.407403730772984,0
Bharati,-21.294899387737388,27.862151749487637,48.804686076165765,993.2500974512704,4.014153279157946,13464.722672343509,47.868642155275104,-23.245250010201524,0
Bharati,-36.03627985375479,15.962170040999904,19.44521822687977,990.3362266972728,0.8309242102005443,6485.662768757239,100.0,-37.15363175662478,0
Bharati,-14.47973742482761,84.53418994254439,84.53418994254439,989.4170698179443,-1.9560543423343026,7376.421010369145,65.73074738013959,-20.397130720805716,0
Dakshin_Gangotri,17.679415923614584,29.29037193629459,48.27208582287559,976.3722165570805,1.3806891754718031,11964.145088105077,82.2028257171156,15.629089888073963,0
Bharati,-30.62192612185125,52.8010341769681,63.83236322969793,971.7906171246482,4.618306395630668,5036.996529049431,75.07088248647993,-34.317998514239015,0
Maitri,-23.935079268625778,43.48840113622753,71.8031506312741,957.8767626077403,0.9292356228829944,8165.210309781608,66.72815319342985,-26.979267348161706,0
Dakshin_Gangotri,-31.693078965208937,23.261874750856176,41.080513135455575,966.052066486264,-0.4137311037927887,6908.876924327315,41.58459402276394,-33.32141019776887,0
Dakshin_Gangotri,-32.32029852342902,64.09671675437365,64.09671675437365,986.4296931988367,-2.748978560141474,13675.071268562231,71.57545584808385,-36.80706869623517,0
Dakshin_Gangotri,-1.8332578282199066,21.294267750744947,26.100024766569632,986.7585390179003,10.35770642641552,11745.311154060968,70.92473784944103,-3.323856570772053,0
Bharati,-35.09456526591197,36.04117777792631,44.28835721785502,995.7964909817397,-3.5637255294968866,5448.113436030791,79.78151805377716,-37.61744771036681,0
Bharati,-32.11120710049542,33.64722335612327,53.06759273980566,951.8713748925976,-3.9334294890431654,12100.202410870927,100.0,-34.46651273542405,0
Maitri,-48.81239235596952,35.26086433856293,39.733340040075475,946.8154871060652,0.6563897272337114,5984.629109685684,84.66739668627072,-51.280652859668926,0
Dakshin_Gangotri,-36.364175868133714,58.73558907483571,75.26376501442147,972.4058977517043,-0.8077105746992966,3816.8887598250994,87.89792197084113,-40.47566710337221,1
Maitri,-50.62599839430021,29.68551113836967,31.324012926245533,959.6010470910932,4.09318384179806,4858.653720008564,70.42242792776275,-52.703984173986086,0
Maitri,-15.522929511821067,78.84806637002582,93.90992055981036,983.7197491297572,4.228448448845752,6589.645108555837,55.30089149267202,-21.042294157722875,0
Dakshin_Gangotri,16.995458327559646,32.606916682961746,51.30717652744388,953.8024676492021,-4.857185078840235,2859.79955705631,70.81102678062574,14.712974159752324,1
Dakshin_Gangotri,-30.50018190475783,33.43304489323945,63.04814806681905,1003.6046428518013,-3.022256240040977,3929.5249175439317,63.98269733186581,-32.84049504728459,0
Dakshin_Gangotri,-50.001368994853564,76.57306969194809,94.02882392799975,963.5587928312082,-3.5016471173959802,226.46645018241452,74.24893696041438,-55.36148387328993,1
Maitri,-11.500005033554002,50.82032187991141,57.65297263740358,1011.8534848259899,3.1381093815339853,2710.0696585449386,67.58748871776099,-15.057427565147801,0
Dakshin_Gangotri,-35.903874383952356,11.997366740744118,41.927417610325705,990.4860370102373,1.7133587193001671,6938.187595283996,49.83458189712631,-36.74369005580444,0
Bharati,-5.5097960416968945,21.729308030665543,34.89752766858756,958.8953589997833,-1.4859687820194953,10168.553051514287,94.00468155329835,-7.030847603843482,0
Bharati,-29.230435716849172,30.754292640529165,53.489960321543634,1021.8949003070765,0.8655977299698748,9656.1282136857,72.88819275980005,-31.383236201686213,0
Maitri,-34.47723533624171,58.13029694574283,67.00133923404138,985.3090462923502,-4.505045158980112,7719.359375803114,70.04945154907085,-38.54635612244371,0
Dakshin_Gangotri,-27.6693633361853,60.955416926508654,76.86319952543279,983.3223881233752,-2.9702111202956623,20.0,58.42830570355025,-31.936242521040903,1
Maitri,-13.633348585957192,28.78934228105923,35.77666293527978,978.6957589525382,-5.200081861076787,2555.989769760896,67.86898592889521,-15.648602545631338,0
Bharati,-28.411309461334845,21.346564368177326,39.569163921669414,989.331066438739,0.5819585873342096,5210.229006337811,62.05038725579435,-29.905568967107257,0
Dakshin_Gangotri,-32.45087054190558,26.72361444155017,49.76189539318634,990.5084122294527,0.5667773703836677,9851.332421837036,57.09014084941042,-34.32152355281409,0
Maitri,-27.982474044683077,31.329443148420786,41.38145039317526,962.700520962698,-3.9374699989356183,3772.5829049603135,77.44082686218066,-30.17553506507253,1
Bharati,-44.07782776751327,25.772393167623694,35.26231397375695,975.7289709893943,1.6848364631602983,1120.9769393734077,67.96767295879427,-45.88189528924693,1
Bharati,-19.044525965590296,53.464156718207896,72.03233890284751,982.3140191550095,4.228461195805594,11793.15271699956,86.22903400103772,-22.787016935864848,0
Bharati,-51.800898907673655,24.47381224891213,31.22365254911424,991.6548092930792,-4.121933749829779,3060.268021792444,69.59463770348614,-53.514065765097506,0
Dakshin_Gangotri,-31.661821815482732,18.365267481969916,18.365267481969916,991.9937855412795,-1.3052829319894728,1488.5179709550148,76.7218293783498,-32.94739053922063,1
Maitri,-13.609221867538851,26.42568488249083,44.95764906650319,983.2908358834793,2.054484703497857,6909.341336386268,76.29429136995138,-15.45901980931321,0
Bharati,-20.45427575600925,34.521108288214215,48.44413652201487,968.9935408875501,-0.025473933548176193,5799.701435108935,80.77217534369751,-22.870753336184244,0
Maitri,-16.145191405204145,53.96002291634874,67.67142900194295,967.9681617902753,-5.488150318972212,3999.4949721743187,62.38259265522502,-19.922393009348557,0
Maitri,-25.975685090782136,17.58066634630657,37.79137049211897,956.1702319398415,-1.7631547653181312,6001.471584465209,88.48675274243158,-27.206331735023596,0
Maitri,-7.453807285217248,34.63209251385461,56.23959603815872,991.8520232876087,-1.8959176024671311,2296.2380733462396,57.29992073052426,-9.878053761187072,1
Dakshin_Gangotri,-11.12951204845312,35.167729966549935,48.557711050677945,967.6804581177205,-0.681670522743762,3953.676750602417,75.63654160227902,-13.591253146111615,0
Maitri,-18.307884936284882,38.50065716135935,42.273963108459824,976.1649100493215,-0.5113381836227883,5855.482120849727,56.926114949369676,-21.002930937580036,0
Bharati,-11.086813340296855,24.462032002377814,33.07616397066636,984.7548781395496,6.264026775358121,20.0,73.1890778343187,-12.799155580463301,1
Maitri,-13.743646683946348,38.172949982618576,59.02258928727247,980.0786833645539,-0.8340176667237196,9820.262155722576,88.36262028333087,-16.41575318272965,0
Dakshin_Gangotri,-31.591952700203354,42.93728896522408,59.3013155996739,979.8877736654246,-6.87232936107017,508.38328778024515,83.33218611422333,-34.59756292776904,1
Bharati,-45.15848367537001,24.323341815536796,33.825748157961996,961.9007616137545,0.364524706904869,2244.5750790433585,90.87834747715927,-46.86111760245758,1
Maitri,-18.694568112360642,32.584492288730694,39.740627430379455,985.3772511677419,6.991004338341228,10000.613913179914,70.45162349948797,-20.975482572571792,0
Dakshin_Gangotri,-16.80866153752857,27.26809654957467,48.44632465213394,973.7434268514419,-0.6684632134013179,8277.245997126092,88.63387554500345,-18.717428295998797,0
Dakshin_Gangotri,-8.642920132921518,19.707434481189804,32.490910425569254,978.2719910508631,-1.752347896218436,6349.292471327984,64.61660968008904,-10.022440546604804,0
Maitri,-39.0448191256794,14.168339221560123,36.695507009281485,1003.1593698213198,-1.2204956115250738,20.0,68.12332249941407,-40.03660287118861,1
Maitri,-38.59646588915745,21.288688454271757,45.082046428657364,990.1063638786628,2.336579614592959,3577.2768210448708,76.95051207842984,-40.08667408095647,0
Dakshin_Gangotri,-18.101496005383446,22.105688152072773,33.977290649220926,968.5838878911261,-1.2375011240270393,5135.372604289463,87.75000327007393,-19.64889417602854,0
Dakshin_Gangotri,-26.0675048327963,14.042117897877672,38.538592746238656,977.021721488204,-6.062438900770303,5425.929743911787,66.78987233683037,-27.050453085647735,0
Maitri,-53.28642415856692,36.918310292828465,53.3024078374478,1011.9887380902701,-2.687107753736754,10565.674991754775,85.42706313657861,-55.870705879064914,0
Maitri,-19.373377543687138,44.4596198955093,62.13720227134969,973.8523509607679,-0.2587642994581244,13977.173450844457,78.46781153096333,-22.48555093637279,0
Dakshin_Gangotri,-52.78634372483432,26.888849412831057,26.888849412831057,980.7976248635333,2.142498313634794,8459.414182715642,80.05319906082968,-54.66856318373249,0
Maitri,-39.178848278100645,28.963320064282527,34.25410708104798,993.2829113731492,-2.3307784396824096,3862.4337178353308,62.18057851370332,-41.20628068260042,0
Dakshin_Gangotri,-4.724779407098392,22.88494096412486,28.717997325350456,984.3038297580684,-1.184855695384307,10857.653289787213,69.22938649720152,-6.326725274587132,0
Maitri,2.3731852671067273,28.1261286815897,39.939581457554006,972.5436376270598,0.17970259135686054,3641.7216333692218,73.59550350378697,0.4043562593954484,0
Maitri,-43.23484552707943,38.315290619337155,54.458800695874935,965.1315887548375,-3.1096931691988514,20.0,80.0624674459264,-45.91691587043303,1
Maitri,-29.940873061190416,34.66569030816433,51.21819355857407,979.7980211653356,-0.3669869775037305,1001.8667211719849,62.888827229150955,-32.36747138276192,1
Dakshin_Gangotri,-24.360662153819412,28.04123936429227,45.89870883220479,993.1603868872776,1.8688471332359229,20.0,55.62035096390282,-26.32354890931987,1
Dakshin_Gangotri,1.7184039137235203,22.09958268856355,30.250136775901844,1006.4180041328357,-4.745986159737714,4464.681671578628,43.008465815685994,0.17143312552407197,0
Bharati,-32.39303421736602,42.62189811147872,64.5355277492271,950.6929182600992,1.2258222839272743,5286.865012270707,86.18716636618599,-35.37656708516953,1
Dakshin_Gangotri,-32.15326034549917,23.29997071488386,56.39285515039977,1015.2556865499314,-4.361228558834733,20.0,89.16134154009808,-33.784258295541036,1
Bharati,-1.769116623057073,14.677497438845082,26.144248564353816,974.231818945521,-4.281163500678418,2583.5402545303205,44.85473568334653,-2.7965414437762286,0
Dakshin_Gangotri,-30.62183729077387,31.607687325790376,39.97100565145389,998.4965333651122,-2.651183929916574,294.57293999301874,76.13506210109328,-32.834375403579195,1
Dakshin_Gangotri,-14.166974365503137,10.731751316848111,18.87843307773938,965.2492944558234,5.461673362950675,5491.988031748641,69.34299167010595,-14.918196957682504,0
Maitri,-47.15714447668641,33.95816048703554,49.81283875234046,947.7832115034911,-6.860717175139345,2586.057433649697,93.25545851786032,-49.5342157107789,1
Bharati,-27.568491161384895,35.216363411278614,44.95873231514857,953.7410765983092,-1.855792085522091,10039.75815287846,71.8460373438306,-30.033636600174397,0
Dakshin_Gangotri,-49.89395257489607,21.168252278689685,21.168252278689685,973.3808650058987,-0.10580251965692217,6678.738265140531,83.18266641705577,-51.375730234404344,0
Dakshin_Gangotri,-40.83150671433557,22.781429606041375,23.213910881524654,990.4818630514239,4.66870920617793,12419.149261695606,68.62144230489243,-42.42620678675846,0
Maitri,-12.41197967271605,45.636809613837,70.83871100851144,980.6238491395383,7.791768231571927,4180.9399245868235,64.6935835995187,-15.606556345684641,0
Bharati,-25.74858086630069,72.89086178546141,100.70880218669517,974.9953073868272,-1.6881002143330912,14577.465145187603,86.50854186850464,-30.850941191282985,0
Dakshin_Gangotri,-29.78658610829462,29.786872814023788,60.785768693603536,1002.3604663706311,2.157438948908767,6010.079802331616,91.17541778466135,-31.871667205276285,0
Bharati,-36.23124435971376,8.321361232628126,25.58440562042189,980.0397164212231,-0.37820412177412555,3886.1403918569663,55.96627040383586,-36.813739645997735,0
Maitri,-28.30984109861924,21.397930219363293,26.488875139825176,985.5956934058781,-0.40388564361794344,15634.943398659841,92.13662561202426,-29.807696213974673,0
Maitri,-20.483302493489596,35.37506860073643,45.99490710916461,1042.2205464367448,1.0930781686098308,20.0,60.37809040353578,-22.959557295541146,1
Maitri,-10.256256903073574,27.479678164539756,27.565801814741274,979.8392298666791,-6.341857428948032,3789.2855209886884,40.01908188742693,-12.179834374591357,0
Dakshin_Gangotri,-64.37720026145203,34.198369798666015,34.198369798666015,966.0830977426754,-0.1915352587902252,20.0,75.16227498988133,-66.77108614735866,1
Dakshin_Gangotri,-37.47641761394215,31.65734720770651,49.209974313333774,989.61919534867,1.8030335570968814,20.0,82.60755796091513,-39.6924319184816,0
Dakshin_Gangotri,-22.613556367164914,32.0588040714166,52.44891956548679,994.6817789977049,-3.439062171370483,20.0,52.26403550660538,-24.857672652164077,1
Dakshin_Gangotri,-26.482946739434286,8.731282875966112,43.315018433228545,986.019669165618,1.8296324950213256,8467.02858829586,45.258517991008375,-27.094136540751915,0
Dakshin_Gangotri,-18.949356362099124,22.74491439113869,36.91397862927873,983.1382492453878,-6.913819540414042,683.7904168972091,67.57812176256473,-20.541500369478833,1
Dakshin_Gangotri,-20.98689570810169,21.618559503420887,23.040211395364874,1009.6446192531578,0.37426610639264213,4980.8975032012495,65.57156115759959,-22.500194873341155,0
Dakshin_Gangotri,-29.57301794490111,21.45789198198417,35.238688144433844,1007.1449442455125,5.368715739665944,9567.664560575693,95.54424436522996,-31.075070383640004,0
Bharati,-32.902797939807655,39.754789681557625,51.93019769042361,977.6579769577606,-0.8743603817993502,7853.380658505805,75.18138456937878,-35.68563321751669,0
Dakshin_Gangotri,-28.682522346032513,15.43166509951622,25.519348331531752,967.1301087622028,-3.912707213698512,7655.6796467052345,86.01816703378897,-29.76273890299865,0
Bharati,-7.76886475265886,8.758590077684381,27.19608575243313,988.5840568629247,-5.700550603953516,10855.285434806401,78.14535446152509,-8.381966058096767,0
Bharati,-35.98011899358572,21.206934264074086,24.06220897301381,967.0153328403643,1.562097578021668,12437.719785738744,98.53040683779795,-37.4646043920709,0
Bharati,-25.94210084715933,18.94842140152198,35.255635729781595,997.7032333621938,3.71206563965691,993.0591464922036,61.62452507305583,-27.26849034526587,1
Dakshin_Gangotri,-22.249866790023685,29.889628454653757,51.405261111848546,988.4811255245381,-0.22437764816222697,7932.810936837835,73.68069786697986,-24.342140781849448,0
Dakshin_Gangotri,-1.5947360518831317,18.87496305866379,48.07234076098342,1033.4006207694895,-1.8547634220200966,4911.1337124529855,51.46394118266588,-2.915983465989597,0
Maitri,-29.5046238735447,25.453165095149622,43.55692358550901,1009.4659379110841,-7.723630083221646,5413.299192146347,87.17092545424205,-31.286345430205174,0
Dakshin_Gangotri,-10.617900159835585,23.598975014708536,49.0301795199013,958.4251900405325,0.49611744700673266,20.0,91.7103512120637,-12.269828410865182,1
Maitri,-6.520308951024667,52.60986826580676,63.170907862745814,969.6242263678123,-2.7570669475699248,3872.206656399655,88.09160335032274,-10.20299972963114,0
Dakshin_Gangotri,-25.956313974859725,19.13724153750174,31.094338796709486,941.7209933119235,-2.5270676410310635,4309.019558873271,73.12978415269127,-27.295920882484847,0
Dakshin_Gangotri,-28.160784686151437,38.585232442012206,67.06370285416862,937.245063867052,6.465663746807537,11721.015640380036,52.65843852908805,-30.86175095709229,0
Bharati,-29.93580508072324,27.948241483822205,29.23239723418405,982.2765373462951,-7.206434757517876,1378.7860973658371,73.703996590766,-31.892181984590795,1
Dakshin_Gangotri,-28.837347013638734,46.12899338750239,57.09759036504646,956.1523258741665,-6.671030649435637,20.0,64.8342622023526,-32.0663765507639,1
Dakshin_Gangotri,-12.186402091347508,60.44955594811012,86.73401901536977,1012.823714632584,0.925302915591497,5975.598271492039,88.8397950023613,-16.417871007715217,0
Maitri,-21.534850341167292,27.725818792349852,40.61470164482475,1003.1583091270423,-1.5412439891445697,972.9376235650634,68.59930451872715,-23.475657656631782,1
Bharati,-21.47065436245196,10.926522299598112,23.07050198088557,974.5701113286873,-2.0752026814216094,5441.694016364312,68.27912011510536,-22.235510923423828,0
Maitri,-41.878352655697526,15.492728125253311,27.83940695958819,973.4337511931524,1.0906049957781705,8643.022835380252,100.0,-42.96284362446526,0
Dakshin_Gangotri,-39.51235116062852,13.49387654694876,29.665394295421216,1009.707459135747,1.0236361954058104,5600.737655584699,86.98979911209116,-40.45692251891493,0
Maitri,7.1517023716547,22.80961430328542,48.67045272247783,1014.2921458464325,-3.8945492485689326,4275.020095803647,91.13902688701192,5.555029370424721,0
Bharati,-27.667385879330343,20.96755135800915,45.20986654124129,961.3480418407893,-2.36679341467048,5373.756391477048,67.31841106388019,-29.135114474390985,0
Bharati,-36.621579933675406,32.43461851711975,47.54919093210936,958.7763372099264,0.1982312646262209,9389.596916197157,58.49460504226748,-38.89200322987379,0
Dakshin_Gangotri,-3.533512516160542,44.38037724204175,70.30426291694971,973.9781770588048,0.6683027700648867,1381.332452001372,91.0019514282668,-6.640138923103464,1
Maitri,-20.77287176974672,10.26593044505263,28.683860078349994,988.6238341074575,1.9330147525790142,8913.927655513944,97.38154149217851,-21.4914869009004,0
Bharati,-16.327676247032176,29.02869684388343,52.619898522091745,969.7265668732817,-2.3326556653131907,1982.2361109042195,55.70260734282892,-18.359685026104017,1
Dakshin_Gangotri,-27.070706129223005,19.423399094278334,24.139704353348353,989.0442832832398,1.3881968096973474,8408.28200411968,67.23764117629807,-28.43034406582249,0
Bharati,-29.780096358652063,29.54246196496745,61.92798929929808,1019.0059727755671,3.801390961710243,20.0,61.2861332119637,-31.848068696199785,1
Maitri,-27.543795587459357,22.858856652501654,40.06098719395594,951.8793760567153,0.1874370829758307,8170.041460631215,82.2212553323929,-29.143915553134473,0
Bharati,-45.7410725544794,40.73326612345568,40.73326612345568,971.0864823987487,-0.41131381739476863,5592.514201280075,91.2951818356691,-48.5924011831213,0
Bharati,-26.31891114129846,16.095656885451874,47.690928620145435,952.2601616901081,-0.9421733825118894,6386.217057184838,69.47537939047284,-27.44560712328009,0
Dakshin_Gangotri,-20.55950384436074,20.08400883433899,35.13455814644561,963.268303761429,-2.469549584930431,9835.773800016992,69.43192279572035,-21.96538446276447,0
Maitri,2.7569485076563076,26.747750737415238,37.79281112590131,974.1064701573509,-3.7519169256673046,2715.6228811442875,45.64885950657505,0.884605956037241,0
Dakshin_Gangotri,-23.71001402492177,24.102202605218846,33.04537195334686,965.4557767047827,-1.1925532837590391,5899.795252142133,60.68637284868582,-25.397168207287088,0
Bharati,-60.01265563315457,26.663750980980282,46.05876966632397,990.3995513269601,1.8031956883949263,7213.202662845748,97.60971603151242,-61.87911820182319,0
Maitri,-26.409781491769323,11.723301261273082,17.839412071900192,983.0191256624786,-3.556618863443752,4803.954852824902,82.38992513883996,-27.230412580058438,0
Maitri,16.09256199662459,55.96056460366281,65.19149997695548,985.9803816126354,-0.3016019890432813,8867.15749021043,88.8943404400898,12.175322474368192,0
Bharati,-12.004506475224405,21.95457199124065,31.425790953123766,973.8660444073469,-0.7657464502403958,7319.284483697535,69.52257352373312,-13.54132651461125,0
Dakshin_Gangotri,-37.16333415712883,16.691856261192886,28.769385824170513,975.7078402558187,7.111223244459178,3680.285556100964,70.9040759010117,-38.33176409541233,0
Dakshin_Gangotri,-16.13340228354165,27.06616633027716,36.91408383295855,972.9861890479981,2.8911122098469875,11042.927302915235,75.27926434119232,-18.02803392666105,0
Bharati,-36.130201373346104,29.154917636561525,52.68305895311015,975.0268454009009,2.8262571933554343,8247.58449694579,79.86358401460286,-38.17104560790541,0
Dakshin_Gangotri,-45.30711279320286,67.8935699503427,85.60419299831969,988.3801862241415,3.6801792913716445,2629.7305338146507,95.64064041330974,-50.05966268972685,1
Dakshin_Gangotri,-30.225540448511083,47.88049528309713,66.81086266653998,941.5301862888286,-2.1827773347747446,2589.618168118052,64.90871015349886,-33.57717511832788,0
Maitri,-23.62710341141708,23.847181279293377,44.95320341446626,985.7588265306296,5.507034815470778,5121.949463520015,72.92868472673675,-25.29640610096762,0
Dakshin_Gangotri,-53.082332536500935,61.969709203988124,76.03876650233111,962.6253887283865,0.6366881057723194,7789.912862797983,63.10121888423341,-57.420212180780105,0
Maitri,-42.23738935807954,56.02369643890576,60.820603147667526,973.2228471980236,-0.17866106418782748,20.0,45.47752629872733,-46.15904810880294,1
Bharati,-24.84496655226468,16.778359360078895,49.83008415384771,948.76934202993,-4.858917730549615,2797.9626062243024,88.80209119427246,-26.019451707470203,1
Bharati,-31.12259763983431,75.63997812965707,99.91532467595118,972.8265659042679,-1.6064552342756522,3690.0880816200206,100.0,-36.4173961089103,1
Bharati,-19.077830932808638,22.159311254007203,53.28758139336304,985.5576806623674,-7.063755574406379,249.3832410451614,86.48190460736801,-20.628982720589143,1
Dakshin_Gangotri,-43.22002490962842,30.895337033539345,56.24072124315384,989.1416871393652,-0.992736278959163,1912.9310619227704,78.45433813174058,-45.38269850197617,0
Bharati,-14.28829377170049,51.81743807984851,62.213724041193686,956.2733696487837,-2.3052032992341926,6549.205006548294,100.0,-17.915514437289886,0
Maitri,-42.75638645590293,10.296794437045856,10.296794437045856,988.1767723588157,-1.5934053785047833,4044.3510107948277,81.88316435353224,-43.477162066496135,0
Dakshin_Gangotri,-0.35898547093555067,26.674509393084865,29.38354513780741,1002.7955221792714,-5.543822476963744,4358.694687527809,87.04122261270459,-2.2262011284514913,0
Maitri,-50.73637426567475,33.31449751559426,54.67971798267663,970.126199208944,2.8144139614113812,485.4408192991532,77.11458350960669,-53.06838909176635,1
Bharati,-41.38831405575119,47.00617963151745,60.98870043815244,980.0182623011284,2.370130530724336,5145.933174834007,79.40548416293677,-44.67874662995741,1
Maitri,-18.73943795452256,28.444596156849805,39.24609756769236,938.629068676486,6.7591163169752875,20.0,73.00571996755139,-20.730559685502048,1
Maitri,-0.03650122753542817,10.376242628931951,10.376242628931951,962.0593188871898,6.645871346676751,11836.11867136271,87.48870474348463,-0.7628382115606647,0
Bharati,-20.274354458257438,67.63922149994997,82.50794885750716,985.4104043439628,0.6248227782561289,12973.311028124212,58.63076403049061,-25.009099963253938,0
Dakshin_Gangotri,-16.557131197264134,28.96627648129076,33.14849097876775,999.1093480841186,4.093611068103768,4107.337211626831,81.28890151285758,-18.584770550954488,0
Maitri,-24.736946474904123,33.9655691836745,41.72174337601528,968.0144441844808,1.045223310567141,1510.2395135699062,62.20432006523974,-27.11453631776134,1
Bharati,-40.3959768117279,12.470287931929375,35.971328900900744,1033.3877214351355,-1.7094120269384083,9418.40970945445,82.6479017895309,-41.268896966962956,0
Dakshin_Gangotri,-32.35207522359069,54.81018292613705,59.51876338529695,986.27779280403,-1.1124799139919908,8369.45513517753,100.0,-36.188788028420284,0
Maitri,-43.17864579971915,22.32683167561415,27.98993862188223,954.5328624849167,2.555682135545871,13498.980748514,85.49777493565196,-44.74152401701214,0
Maitri,-44.18064951665308,19.461822956424683,36.31762623052588,1005.7436542248807,16.351692283285196,14564.310828840971,92.60885167639356,-45.5429771236028,0
Bharati,-18.973766210203802,48.833829561394495,72.5574504775276,954.9411373803852,4.667495339301617,20.0,88.53715383168526,-22.392134279501416,1
Maitri,-41.84766973131943,13.29805859036934,24.270999636301376,986.5685405079574,0.9856292579665795,10634.637843290511,40.11356628666167,-42.77853383264528,0
Dakshin_Gangotri,-20.20668989914958,34.21327148179943,63.885425532028506,961.4151787461024,1.93516623355827,5109.968207777445,73.02458722746091,-22.60161890287554,0
Bharati,-44.52734128331646,19.14594302112877,21.359251241877168,952.851311012846,1.8994737706483997,8196.353516526966,81.7181026217701,-45.867557294795475,0
Dakshin_Gangotri,-20.55425469824868,36.241600561005015,36.70104455492093,999.2430437908745,-0.36115632733034186,9111.393354656457,43.66668660625912,-23.091166737519032,0
Dakshin_Gangotri,-32.33023853444444,41.03672773907566,41.03672773907566,974.8044607310788,3.0258800869535616,8943.658665268358,70.74199910654208,-35.20280947617974,0
Dakshin_Gangotri,-3.900766995240332,21.91453895606611,21.91453895606611,1014.5134410912051,-0.6218537304839137,10001.478612166526,73.81134265797733,-5.4347847221649594,0
Maitri,-20.144216566314025,53.23085278171543,71.5963424333166,959.641328239751,-4.046046783476197,3758.921666988434,56.526145888715725,-23.870376261034103,1
Bharati,-6.463256605087878,28.993018850486862,34.215125656595134,948.807185967185,1.926647023326918,2188.4770791232645,60.45466113909029,-8.492767924621958,0
Dakshin_Gangotri,-36.33470074637789,68.1343264038243,69.03240276533211,970.4066903150848,2.4613485655045153,10747.652511936712,95.06031545566425,-41.10410359464559,0
Dakshin_Gangotri,-24.157849896337492,49.13446982882062,67.93243678017667,1037.8101759946596,-0.583221019085236,2513.088069684849,21.287553611312056,-27.597262784354935,1
Maitri,-39.71630737174418,30.65900917996437,53.89850165187154,996.6783121473411,1.2394320753483319,13445.594840614463,79.07203001763769,-41.862438014341684,0
Maitri,-31.204078641166273,30.545415959256562,56.05399992841055,991.0778602747314,3.843558741225928,2942.4988060272212,92.45356513876465,-33.34225775831423,0
Maitri,-28.931563341169436,14.058114990310072,37.81095963700781,991.7387842031183,-0.20724032194975553,4476.656545249797,74.59298427402425,-29.915631390491143,0
Dakshin_Gangotri,-35.887873310307086,48.80135181293556,54.620317152509664,970.3031311667653,-1.788016229899484,5238.358835907029,96.12938866813289,-39.303967937212576,0
Dakshin_Gangotri,-43.23254288268542,20.808318100546213,38.569227745043264,1034.5870054739714,-2.8372644142507197,20.0,68.58933825443785,-44.68912514972366,1
Maitri,-46.20275985478979,32.34164736395815,52.3103631378824,989.1617084783969,-1.0151418634936906,20.0,61.42399515427647,-48.46667517026686,1
Dakshin_Gangotri,-60.09622173561096,67.83203560456826,78.08320315367733,987.286325671706,6.139567616979628,9648.137956101684,74.85847174218014,-64.84446422793074,0
Maitri,-40.845196952551866,52.740116582070264,69.38763762111742,999.69725899027,-0.7934368427121775,20.0,69.27669674567946,-44.537005113296786,1
Bharati,-15.587591549922331,17.370700981544314,19.85451868192748,954.5351355270591,1.4378003582184113,16078.65131485377,66.42264989663349,-16.803540618630432,0
Maitri,-48.97747798019924,29.075368531408902,37.79936677046689,962.4130616168361,-1.2979134949907434,5623.496058836112,72.29302030082995,-51.01275377739786,0
Dakshin_Gangotri,-45.52184269379958,34.00610931350977,52.7239823693906,975.0897221968145,-1.640923943309094,1882.6229896332406,63.12012118511233,-47.90227034574526,0
Dakshin_Gangotri,1.8634785684937256,55.94523744164102,86.02066398511296,999.8265643686692,-3.5172087400124643,7680.872963448826,62.431697491116175,-2.0526880524211455,0
Bharati,-34.54744074772381,51.86728295301339,78.38167908623178,954.0389397452368,0.40109571562816704,20.0,58.17019578003746,-38.17815055443475,1
Dakshin_Gangotri,-20.184309862527464,38.41128170488956,60.01986648223275,978.6529116192635,-2.0683453342775793,4665.728441003541,81.24799315371453,-22.87309958186973,0
Dakshin_Gangotri,-15.365242802492581,36.606203989034555,52.40320437678231,975.823009592678,5.094658310159298,5178.634556033455,60.015298823304974,-17.927677081725,0
Bharati,-15.062108053280797,28.802503574709252,43.05019844495607,948.5122838474862,-0.4300089759959588,935.1809638367631,56.369262957580474,-17.078283303510446,1
Maitri,-47.83471345912089,33.50853757595727,34.032538037080755,969.8213672198623,-0.17812283010934965,3472.875756820277,58.89432992070557,-50.1803110894379,1
Dakshin_Gangotri,-28.465895198492355,25.41696982884496,32.0619044899499,990.8450423634607,-0.7207262530813363,12104.09244630421,78.08452806278011,-30.245083086511503,0
Maitri,-49.27340904277588,42.9569930492852,49.92844450334829,950.3346070861703,1.4842565756380903,6733.000921708146,85.04067713746397,-52.28039855622585,0
Dakshin_Gangotri,11.694767883654848,37.564928605940054,58.312521761346545,1008.2266918741792,5.963639055487995,7597.869349147992,86.26548614629706,9.065222881239045,0
Maitri,-48.923128960234,47.933011058048415,72.38248877290668,989.3609077086495,-4.159104267805323,2852.69560844278,78.21452745773477,-52.27843973429739,0
Bharati,-40.7176032830473,47.269253607432994,69.63498780269762,986.9201330266282,1.1112389618623648,706.4025203635128,83.03307845264774,-44.02645103556761,1
Maitri,-40.609012822622574,69.58732293326909,96.41398731396708,980.1637615590015,-6.275121286684722,5035.759333588939,74.17816576802818,-45.48012542795141,0
Maitri,-47.4499071508432,20.755539059511516,36.47811457477631,958.1535605385286,4.892832973469995,20.0,81.83393289045313,-48.90279488500901,1
Maitri,-4.71109135365182,7.478204685064825,12.648902859125965,967.0060629924864,-0.4325507237062062,1612.746641080811,81.60325706265535,-5.234565681606358,0
Bharati,11.33671851625244,19.908105189723134,34.408776226230565,987.2370942601424,-5.979650665843968,990.000207866552,64.05541259833136,9.94315115297182,0
Dakshin_Gangotri,-32.136236789689264,33.378956571080295,41.1305856667555,966.9668959104384,-5.103092557259565,20.0,58.86528207334876,-34.472763749664885,1
Maitri,-44.80634720266615,25.43740172489936,47.016001642460324,983.774981468189,3.255560228369927,8596.869802685289,95.2823303936086,-46.58696532340911,0
Maitri,-58.553882480890316,24.894094908092,36.303220877118065,962.022373615103,-6.65852778610882,5477.975205087229,76.88031078648615,-60.296469124456756,0
Maitri,-28.661630777831522,19.265547114636107,33.280230942291574,989.0285982600731,1.113154695364833,3521.3193483860023,90.77684368372961,-30.01021907585605,0
Maitri,-29.74548134742166,35.7438469688867,57.68006926559754,990.5216119599181,-1.71418595612575,8684.065335512303,58.50016540701514,-32.247550635243726,0
Dakshin_Gangotri,-34.76944189540217,10.557942692665984,18.146999796750325,947.4462268820066,-0.7790338642515763,20.0,68.91667940590433,-35.508497883888786,1
Maitri,-21.679371190356573,38.25952899717291,62.899294855395404,981.3461707300197,-2.6953840694543785,625.684179584001,54.350585749377004,-24.357538220158677,1
Bharati,-19.072402857767706,38.61270664835213,40.136743128755995,949.5666414421931,-3.81139978856197,10469.302232137179,84.69491915038819,-21.775292323152357,0
Maitri,-20.15375113093149,47.4116807348238,65.47719041421205,942.7791804588659,-1.949746533756636,15125.628026908818,65.782693746538,-23.472568782369155,0
Maitri,-29.74187307952731,107.08161911606048,121.17262914283441,968.1221549897525,2.2878806733566046,8736.906220740315,66.68582317965989,-37.23758641765154,0
Maitri,-41.52432744361393,6.907641864862233,30.181059829102026,1035.9383512435863,-1.1703345961383362,7886.287134023357,100.0,-42.007862374154286,0
Bharati,-15.012503532899263,37.75542431281533,39.01168469417548,995.5077590604982,1.6849308200776292,3672.5658087936295,84.99420861686279,-17.655383234796336,0
Maitri,-24.81229360867704,41.48532597828215,41.48532597828215,1007.84208087314,-0.9689593413262326,3764.5434434427184,84.81129811120685,-27.716266427156793,0
Bharati,-11.674637127480246,19.93528717659423,42.4357310352056,992.1683307704739,2.4449787224337087,6909.077028138803,56.96833996847289,-13.070107229841842,0
Maitri,-13.14886675791653,26.37259269223386,37.46337127674198,984.1088676860566,1.6597689944505003,11491.592738787116,47.136797968263565,-14.9949482463729,0
Dakshin_Gangotri,-46.32643103570673,22.490967241772896,36.582946204090845,997.9078323346869,-2.1628833970772807,7706.172277918478,89.55953348948516,-47.90079874263083,0
Dakshin_Gangotri,-46.51333311186405,38.96413836968169,47.366646760590314,967.2085726267496,-3.814710598869451,9831.832091327582,41.394291078667955,-49.24082279774177,0
Dakshin_Gangotri,-36.333110781107926,49.98096579911108,74.10906959738345,989.4102923346155,3.822610539842802,2335.086013573975,67.47634189084239,-39.8317783870457,1
Bharati,-40.84398112436002,15.14203175341294,33.13419385751333,1003.5419562484967,-3.253554157125883,8467.701173058293,62.82539690300079,-41.903923347098925,0
Dakshin_Gangotri,-13.67122336035849,35.972650520964784,53.37929140153522,993.9884344401955,2.003139899189898,3314.623265794133,61.1228831421291,-16.189308896826024,0
Bharati,-19.730354860181233,55.10495924863703,58.40875456688842,1004.8555993007334,0.12437143862068606,6560.607122883446,68.38580709842118,-23.587702007585825,0
Maitri,-8.512240093220338,20.728244284208248,40.743299816252275,983.6520031925733,-1.8522504176521417,8463.283482364586,59.16417890045501,-9.963217193114916,0
Dakshin_Gangotri,-19.052697738836226,5.882344386291429,10.960215198716636,1013.8416130366106,1.7178686411720223,3875.067664896913,56.759852241108135,-19.464461845876627,0
Bharati,-21.870256271899464,18.057772197645384,26.472241920832637,975.8353649236542,5.471512554314942,1931.6888390619438,78.82624595141513,-23.134300325734642,0
Bharati,-7.004053294837444,16.934396882588718,18.280920234737213,1022.3538486001764,2.5020476046702513,7450.383458882024,90.99478165223712,-8.189461076618654,0
Maitri,-17.95408990397427,18.59113852141781,32.025723775573695,991.4721484478831,0.5171587507047152,5460.911841698562,48.956054511939925,-19.255469600473518,0
Bharati,-23.978485548434218,67.24347138980633,92.88820399047944,972.3210748834649,6.4859225925119794,6544.5210039488575,77.93329554569557,-28.68552854572066,0
Maitri,-2.7932044910397202,74.99055409037724,92.25750398200904,956.4173963174104,-6.697069049895762,8628.57521533005,83.12121276272602,-8.042543277366127,0
Dakshin_Gangotri,-23.272286752708148,58.633405889454934,69.21519682448991,963.8401793385888,-4.44882328443001,11229.14422314987,81.69769378151418,-27.376625164969994,0
Maitri,-29.565109073768824,25.159609393380507,41.251072574392396,960.8127666748687,-1.8578012678101556,8653.061191432798,71.68163817678933,-31.32628173130546,0
Bharati,-37.56734888166474,59.7572392195535,75.79337894089566,978.2256158723764,5.6772934769619825,8127.7617856230245,66.04394178265264,-41.750355627033485,0
Bharati,-14.454618114318832,7.5644947897548285,23.22518162901975,954.520833285736,3.771350980265883,3998.491518584019,86.37878702649361,-14.98413274960167,0
Bharati,-6.444241872362966,16.394466591588913,33.16781089418714,1005.8551689738784,-6.8651446188604055,4612.638986307427,80.02944908657761,-7.591854533774189,0
Dakshin_Gangotri,-25.75881102150145,43.47392961157534,48.07398607212508,982.2144574880866,-1.7455004641628589,7818.012986064045,46.58549554605297,-28.801986094311726,0
Maitri,-5.38126564330242,21.707568866513963,37.77295246681607,981.4029935771539,-5.295306418089737,4547.005269959005,71.68406085386601,-6.9007954639583975,0
Dakshin_Gangotri,-54.55022547957364,15.209564899914538,15.209564899914538,956.6922634167211,-0.1618027237942171,7801.439173212735,75.8323219437519,-55.61489502256766,0
Dakshin_Gangotri,-25.83180062211872,35.417925945088214,56.174162029128,964.6192459281881,3.6073294841450747,2737.5310843116126,58.59413597157116,-28.311055438274895,0
Dakshin_Gangotri,-25.601423681566544,35.8567549448143,39.829263025710496,935.5926530984264,3.902615192609052,13717.398414689418,71.34834775815696,-28.111396527703544,0
Bharati,-35.90491558611021,37.63206697382938,64.40804527541854,1012.3561028095492,1.0720354091614168,6774.7124719158455,82.37307028216223,-38.53916027427826,0
Bharati,10.757915569728098,39.78965960324906,39.78965960324906,951.6456671248027,-1.7000813550550404,6512.0207803362055,62.589989781190766,7.9726393975006635,0
Bharati,-25.992889490331418,34.529743356189506,66.27399278145666,953.161925138683,-0.38159868162370486,4069.578271840273,78.49482225847473,-28.409971525264684,0
Maitri,-31.1159615740665,27.68151143675122,27.68151143675122,1008.2634678414408,2.733120004406823,13652.082972152773,60.15701992708302,-33.05366737463908,0
Maitri,-24.610568298497423,30.34423871921189,33.34489242784058,987.7512931763948,9.389213780834904,986.8388690728889,56.449785326846175,-26.734665008842256,0
Dakshin_Gangotri,-55.04220607788744,43.77748413348402,61.76805451289403,982.4147357492016,-4.740398059902831,3187.932623811495,84.23385155533487,-58.10662996723132,1
Bharati,-36.39801888017372,33.88192650455219,55.06907634879799,986.8053695078411,6.355397268598398,9414.366842884465,92.60997376840753,-38.76975373549237,0
Bharati,-10.251400458318937,22.99015581315069,35.15630154799018,999.0780074652233,0.9762245692030734,6958.625787762004,57.24411125163468,-11.860711365239485,0
Maitri,-34.43418032399162,19.754222903618576,43.68028342619729,981.9975063348728,3.2810130031922453,3692.9285601735182,89.2953845065106,-35.81697592724492,0
Maitri,-37.43312744200407,30.212022141504484,37.24647961394389,949.1293051196435,0.7406638217360557,3807.6495762996324,74.80465832148944,-39.547968991909386,0
Maitri,-5.357115452283995,54.9787440074824,65.98182453966199,994.6637974475111,5.616774774566517,4836.436439428414,41.79826493568808,-9.205627532807764,0
Dakshin_Gangotri,-4.8961839857225655,40.09639974324745,52.075620318423745,988.4468775328658,1.318725736620287,6408.558652668736,53.47580002330501,-7.702931967749887,0
Dakshin_Gangotri,-17.245142917582875,56.43519253176561,66.0512339499831,1003.4310669490758,-2.595046990576432,12214.52412565918,84.12397439568734,-21.195606394806468,0
Bharati,-31.82676001058001,24.936944734501544,24.936944734501544,955.0180227304903,1.8004564625596688,8420.647378681706,50.64076235489415,-33.57234614199512,0
Bharati,-28.592065976744852,32.61488291755073,47.36821225246579,965.4131620482866,4.507100150903021,10093.34083176474,65.72162783668195,-30.8751077809734,0
Bharati,-37.06224942362439,35.10267647488296,48.95260493785565,987.8417776942837,0.000856486996030977,4262.903133253161,73.77964410159444,-39.51943677686619,0
Bharati,-39.92159678542967,44.78227498045351,70.56410261755688,961.1097686691613,-8.296323002463392,8062.9184057410575,81.720293823539,-43.056356034061416,0
Bharati,-40.66624732462648,24.956690993308484,27.09724683626954,932.9431499418847,-0.4597352150145393,20.0,77.77022081063069,-42.413215694158076,1
Maitri,-34.27081610177811,40.042923477707895,48.64885023701098,983.9466115747374,0.3922012240637043,6728.548836548578,98.52837201053805,-37.07382074521766,0
Bharati,-40.52081486027117,53.436000955916164,80.47091321115161,997.9001526620046,-0.1797122447893873,6471.841548341567,62.762945729564805,-44.2613349271853,0
Maitri,-48.45557677814723,28.46512124916126,46.398009862004784,977.4213635811686,-1.9819110215146176,13285.667162786063,76.47905226483886,-50.44813526558852,0
Maitri,-21.708959953691412,18.41848689383212,38.91228375539584,990.9627025450891,5.292067456363371,12230.340177219,81.78931147802729,-22.99825403625966,0
Maitri,-21.481066286598445,54.33365491018522,73.86799114358053,988.0673502863576,-9.491871153029495,4966.240403042154,85.68649870547875,-25.28442213031141,1
Dakshin_Gangotri,0.5118913764247495,41.87417255786628,61.45288903221182,980.2099071519206,0.37590922570967017,2731.438944502922,90.76905367607391,-2.41930070262589,1
Bharati,-35.02507552532054,13.258538499225844,46.46903844770266,982.7192631339417,0.4319268951896176,2841.2323414922885,68.48897263985324,-35.95317322026635,1
Bharati,-20.55849115565094,28.812011657470567,44.72741823727374,1006.9827622399247,8.379412995813798,4821.419617394698,84.77223769980652,-22.57533197167388,0
Dakshin_Gangotri,-20.309311310877973,69.27162424091334,74.15819147248595,960.7149884721274,-0.057741913388467764,11206.963953600847,61.11221502385817,-25.158325007741908,0
Maitri,-28.807563416882996,38.451721501749994,59.83969636402891,995.4608962458199,1.7825156148018921,7659.629928832102,73.83454666529502,-31.499183922005496,0
Dakshin_Gangotri,-13.834996168754857,30.183312854623654,39.51779611235257,956.3824448269696,0.500050053768388,8072.033955481371,82.5187145730844,-15.947828068578513,0
Bharati,-13.371562197239284,17.15738614521671,31.058016381033802,964.1043957466956,0.3777128954646012,9244.827386627956,89.63086147963574,-14.572579227404454,0
Bharati,-20.0888335720369,17.131113637094305,35.832923654651495,1003.918346294529,7.051835867286722,2023.3712202177417,83.55336235772748,-21.2880115266335,1
Maitri,-28.834595575716932,43.41577746217377,50.202234309985215,955.8033720950498,-4.446614154197111,3163.763450329557,76.3582277815937,-31.873699998069096,1
Maitri,-30.362951628318026,17.990083722944103,27.887136244746422,975.168175045119,-2.6688191796640237,8080.931596520646,73.80774014750943,-31.622257488924113,0
Bharati,-45.51630848195589,35.230136674140134,54.98862238484425,1027.2269421105461,3.0166860025519986,2884.312097436025,83.23189310938204,-47.9824180491457,1
Maitri,-37.088766679265376,28.421529608711253,37.935079896620536,1000.5110132062193,1.0273614656651346,20.0,100.0,-39.078273751875166,1
Bharati,-34.33011285852532,34.17702263207675,58.910875791980324,965.2565607412507,-1.1329149678460555,1669.670920832753,87.81885311024192,-36.72250444277069,1
Maitri,-41.859576436441515,27.180156274280726,32.318580295654414,968.6834949994616,-0.28223091444470705,10217.444690751672,80.72324893070336,-43.76218737564116,0
Dakshin_Gangotri,-18.401140499685035,37.572183827373564,42.67694006325788,976.597677436329,3.6556985155997537,4503.676102786546,54.46544763938792,-21.031193367601183,1
Maitri,-7.050581965194851,47.266112566035694,81.32667122358892,1006.2388846207829,1.9403587631728876,6903.40273333059,62.33282639207691,-10.35920984481735,0
Dakshin_Gangotri,-38.62093648493725,27.412811703001452,27.412811703001452,959.9670571401524,-2.8518511917322766,1869.8952691865015,70.13885428392695,-40.53983330414736,1
Maitri,-20.74837846383044,45.235632085368195,59.9684667953853,958.7566211626339,0.9511053853074469,7517.613409721256,88.65031651110839,-23.914872709806215,0
Maitri,-40.51166709294566,57.65496267933778,91.16980115496679,994.2670611375886,-0.19921009796406716,4921.631567705989,60.94856347013192,-44.5475144804993,0
Bharati,-29.573832564087432,35.08502731170612,49.7991128327134,946.377260654446,1.8816868177719517,7784.792084871036,84.63677381049303,-32.02978447590686,0
Bharati,-35.35494368766663,42.870544399915886,71.33825109055587,961.7784569469785,-1.2843116319096584,4088.474634417358,76.79548337755216,-38.35588179566074,0
Maitri,-15.971565270903378,15.23478978043659,36.759538424486735,978.2982203684877,-4.833231675684782,8017.1360274636245,80.32396786694575,-17.03800055553394,0
Dakshin_Gangotri,-35.181822607632675,27.708332264594244,42.63631342224623,979.3235957604346,2.6894840786838614,3891.9495027702033,71.76068534555039,-37.12140586615427,0
Maitri,-9.8250937944003,12.379050645823833,26.072598031195092,952.7076020620415,2.1944767100346607,5678.708867257825,66.05056884095217,-10.691627339607967,0
Dakshin_Gangotri,-28.685811604932987,22.72137369462265,22.72137369462265,987.0748079826797,5.661196038873842,4913.2798950609495,60.393567326639435,-30.276307763556574,0
Bharati,-34.744055643922465,27.892809043519737,39.701692444666115,991.0753005586529,-5.264915818486996,6104.950438783705,84.17391372949565,-36.696552276968845,0
Maitri,-43.79957893517745,72.23752674239915,89.5597118007111,966.7502134792459,-0.2815288151830081,7116.25818505807,73.84916545139593,-48.85620580714539,0
Dakshin_Gangotri,-21.20193234556975,19.903572165007635,37.22020126193338,1013.215146227329,-0.9216007731489629,4020.3859884402846,58.84138624323352,-22.595182397120286,0
Dakshin_Gangotri,-11.571723966607298,29.476074178427357,69.13466174996631,986.7921213669546,-1.5848619734724834,5521.526789086834,78.34919936175714,-13.635049159097212,0
Maitri,-20.90018115194689,18.015255033738725,35.82483569523378,959.9028205365823,-6.164079585610575,6745.94621632622,100.0,-22.1612490043086,0
Maitri,8.582474996216355,26.69320517640726,47.99465838434571,1012.4156109256568,-4.265138440058553,8030.749126973173,71.97789849873195,6.713950633867847,0
Bharati,-3.553188212943727,37.87869153450962,64.52832320860864,969.5335122946597,1.0820851957179027,5695.658669977367,99.81156133752754,-6.2046966203594005,0
Dakshin_Gangotri,-29.612916470755234,40.92347301083399,61.328486126111905,983.5774692864521,-1.9989977591931458,2451.7888230717417,36.22076341196316,-32.47755958151361,1
Bharati,-29.77041150710604,24.887869778208206,39.02737911084131,970.2643755360114,-3.305638847248993,6345.816780837742,70.94294648092092,-31.512562391580616,0
Dakshin_Gangotri,-17.9545492077197,21.440666651418336,35.62879314602431,992.4830619907548,5.721583430232626,8681.375909544156,89.32181529322887,-19.455395873318984,0
Dakshin_Gangotri,-37.57028770638527,4.993083665498259,16.48653884313545,970.3694342439208,9.494884396400103,667.473237699357,75.23333038941738,-37.91980356297015,1
Dakshin_Gangotri,-7.505675402012699,61.35928162351262,80.80139191487842,971.5828737091259,-0.2257200502067871,714.1399231468449,65.36051867786318,-11.800825115658583,1
Bharati,-19.575992172346243,23.935221132354936,37.23201392255615,976.8004471596419,-6.008711988531009,3351.1542142919457,74.60359775986359,-21.25145765161109,0
Bharati,-21.153116337122007,8.43152636576264,29.680890271078685,969.9609948997996,1.585617650067852,5230.679397417852,89.77664163342367,-21.74332318272539,0
Bharati,-14.695694983437754,53.57758957762473,58.486716474327736,1001.4362917690262,-8.341482164826552,20.0,100.0,-18.446126253871483,1
Bharati,0.8424482505358846,9.700769975164784,26.169254559251222,954.8441344775216,-5.4006728742551084,8296.360489912538,90.98259362789292,0.16339435227434973,0
Bharati,-22.435669717187423,53.618108428156255,84.13878164222994,979.2570464742349,1.6545957032758785,5269.872184154563,67.42911760924528,-26.188937307158362,0
Maitri,-26.695605563070764,12.529279947763758,25.28304497431562,981.7893013846204,-5.534936808197688,20.0,71.50689641100517,-27.572655159414225,1
Bharati,-2.369205650161323,14.013555621164414,47.44357189083219,977.5073143614553,-1.1841354171643506,1547.3260272748557,71.61845315988094,-3.350154543642832,1
Dakshin_Gangotri,-10.48674376013297,16.138828132095938,32.775542605385226,999.3659724680006,-5.934510065302283,4797.663483696564,61.9912813784197,-11.616461729379687,0
Bharati,-29.814697605755835,22.93777712312399,37.37269520166399,949.9210401166017,0.22503805814183586,20.0,72.67403116310847,-31.420342004374515,1
Bharati,-24.9222032701147,53.87660717093357,70.04279219397223,991.3583448710992,4.492961967036869,9881.844781013577,70.89292236955077,-28.69356577208005,0
Dakshin_Gangotri,-22.06928626091802,16.420659861039923,28.306427419402063,955.1009550398277,-2.451394750302639,6747.332360112785,56.99166347335077,-23.218732451190814,0
Bharati,-19.572805830925258,37.82309587726674,37.82309587726674,969.8244696093318,-0.07766567372991712,8712.757992502864,87.57193692764537,-22.220422542333928,0
Maitri,-45.34899776408671,33.76334292393435,57.565091506165864,953.0461970831705,-3.2633838352514575,1883.9173495974264,81.3138746923685,-47.712431768762116,1
Maitri,-48.1372691170234,30.86272583773331,67.78985747720445,973.358176494602,-2.9831573322925387,7645.4911304471725,65.38580996177083,-50.29765992566473,0
Maitri,-38.31085033003681,48.97236416840329,68.77665686872999,968.4357744804004,-3.325482471422635,3357.42668072212,77.21699325641626,-41.73891582182504,1
Bharati,-39.471076645170136,32.172374650704064,52.58558426426866,1012.7654359494805,3.1437205323909416,5230.125004001335,60.53171932087296,-41.72314287071942,0
Maitri,-34.65736020958754,33.429996305511715,46.60406944993176,984.8273280550227,-5.654007805464435,7411.320187144298,66.71623845104783,-36.99745995097336,0
Dakshin_Gangotri,-15.479340368649936,42.68169040793727,69.25958139624369,988.795720402918,-1.3274162814916781,5719.739210367454,85.31514337820695,-18.467058697205545,0
Maitri,-27.533937344871074,23.352171381243274,37.95945519664552,957.8499286513398,1.6392675058550836,9233.678641484255,82.06568778687583,-29.168589341558103,0
Dakshin_Gangotri,-22.054080924847177,29.62519712683214,47.297398108801104,994.8015422568582,3.639193532250784,6556.310870450149,67.3021765076725,-24.127844723725428,0
Maitri,-43.36455115063393,35.055897814682346,35.055897814682346,1012.7645196075227,1.7624295024860293,4147.494236531115,79.6719595425832,-45.818463997661695,0
Bharati,-31.924633043814175,46.64263979905811,56.34922109661362,997.3981833713243,-0.2905338331479754,9371.52263097752,73.88435426254749,-35.189617829748244,0
Bharati,-16.191135073827393,27.691726074870846,46.365257556683225,953.7597484996265,-2.2755558325611966,10214.611855123498,60.04106221243221,-18.129555899068354,0
Bharati,-16.075713127347974,29.360053659783627,53.43217100562354,970.7171629441717,3.7012653873077634,6350.385521250098,72.49140774138462,-18.130916883532826,0
Bharati,-35.86860742281862,37.385452226240524,61.73484964753557,982.1698022218969,-3.468897304705505,11344.429503950529,81.48049146211376,-38.48558907865546,0
Dakshin_Gangotri,-22.575064204306695,27.964817802222907,27.964817802222907,968.4567364837103,-3.4088136276895686,5058.233590955975,79.59240606961453,-24.5326014504623,0
Dakshin_Gangotri,7.98271780223498,20.168861876798985,20.39106412431817,1030.659817065216,5.409996520897477,5488.259654495814,49.61072318832824,6.570897470859051,0
Maitri,-25.263968938834573,42.64417052213152,63.485541532683655,970.3544713847624,1.4410469613497334,6017.515533874324,77.49146575814757,-28.24906087538378,0
Bharati,-35.39780419213668,32.26330711127973,39.795223231231404,979.1329729855762,1.5824258488748724,5480.813005893318,75.38138658690202,-37.65623568992626,0
Maitri,-27.606435840432404,24.30029767444531,48.246223734863065,967.9954402498148,2.394196972649609,4757.8243405442745,46.52581423719225,-29.307456677643575,0
Maitri,-23.617343387097506,16.121575529942994,16.121575529942994,984.6336742769022,-0.37941983620409314,3140.5662105026704,62.8793982118715,-24.745853674193516,0
Maitri,-27.267525710358242,9.828599041580834,23.84449960424636,1007.6470003204433,-5.750772288509205,2023.513218064275,82.37446511999758,-27.9555276432689,1
Maitri,-25.470320510147527,38.34946569738418,53.00709752495302,982.2971090555418,1.0046663439738102,6443.044355066622,95.7720393454747,-28.15478310896442,0
Maitri,-46.6517019540526,19.91362985293445,39.718300822966896,975.6197349043529,-0.07293710844446068,10793.362393383646,50.392249495396385,-48.04565604375801,0
Bharati,-39.43945712628927,12.078624870753744,16.767024909290214,958.5217910750823,-3.436290341322366,9256.806187311,89.6895492870994,-40.284960867242035,0
Bharati,-27.240028556072463,18.631542077862747,18.631542077862747,1004.1767273673476,-4.356207725439735,7552.3386985978805,46.79440531273458,-28.544236501522857,0
Bharati,-27.479019550336552,34.972823480489225,51.68555109594604,977.1261212383903,-0.1861487015161375,10996.675715652682,95.96276727279874,-29.927117193970798,0
Maitri,-33.49283912290001,19.808823371174924,40.07312609662971,976.2660743065393,-5.4311987669477615,6076.989501067819,71.42000328352721,-34.879456758882256,0
Dakshin_Gangotri,-27.655203791146555,35.32954881990259,60.404098446232965,933.2212563870233,-0.5736319867781932,2044.7480699960438,64.27916031776563,-30.128272208539737,1
Dakshin_Gangotri,-24.08477716878692,22.099969524316087,33.51445299047458,977.4556679825976,-1.056159201106886,4602.215190338046,80.31805028088897,-25.631775035489046,0
Maitri,-11.658798152132121,29.52927429235668,52.286090702511146,971.9779004526868,-0.47659893628393973,5757.357163447294,60.56254744208291,-13.72584735259709,0
Dakshin_Gangotri,-26.488176028390765,30.856514742075984,50.71425249096028,943.4799117925394,1.6106236168365455,3950.3096030223946,82.73881816397035,-28.64813206033608,0
Maitri,-19.0134519205262,41.508376799852364,69.73242757699572,999.7922286042233,2.487818180861799,8440.268910543713,73.14046650161703,-21.919038296515865,0
Dakshin_Gangotri,-33.124004521508816,42.15865032523954,56.60477116479736,969.2951516154612,-2.8459879784160225,9742.158039565003,17.84971602840301,-36.07511004427558,0
Maitri,-16.41856414602277,30.03109426782394,30.03109426782394,1017.9113775541996,3.479166054168106,20.0,62.83930073855768,-18.520740744770446,1
Maitri,-19.36404553581465,17.614748253883796,31.938151517691324,1008.2888307937812,-0.8774828722896407,5418.159165598544,77.86645102689879,-20.597077913586517,0
Dakshin_Gangotri,-12.012744952302707,51.59329307864452,67.47780056327164,965.6019277849913,7.013205541962201,20.0,90.9970508945423,-15.624275467807824,1
Dakshin_Gangotri,-14.298093063332683,24.0352944994865,44.21723692347145,1007.3862730454188,-2.3416836491619253,5633.705837186949,79.97245957014347,-15.980563678296738,0
Maitri,-16.16896565678281,6.48874705609844,6.48874705609844,1012.2108438895847,-6.44532015994559,5588.993057706646,90.75761699673102,-16.6231779507097,0
Maitri,-26.476261129866703,34.31773040308671,46.19728225500797,968.8192888895622,3.3345682711533304,13104.839306015343,61.59055076958533,-28.878502258082772,0
Bharati,-21.32591159433298,35.01886241453768,58.699898130183826,959.3467978109845,1.7024836551223175,11905.02771654971,85.91468158061507,-23.777231963350616,0
Maitri,-9.047366073227103,24.54661244695921,38.50575791974788,936.8929064194315,4.80664599621965,9729.401959967454,86.16620837392387,-10.765628944514248,0
Maitri,-34.78111854104192,12.573089691801393,24.51574587048054,987.6088319817947,1.2385752327627024,2161.0448779545363,50.535379987890586,-35.66123481946802,0
Bharati,-34.426116680452985,11.034758849299209,45.09802282713421,960.5334825501345,9.360035633861619,1929.9689062744392,91.49273204134109,-35.19854979990393,0
Dakshin_Gangotri,-22.278529030744572,25.51823712203311,29.81819525371759,988.2098585504625,-0.755552034017156,1615.7844771923628,79.91058818236084,-24.06480562928689,1
Dakshin_Gangotri,-18.7708046460182,16.663889604717653,43.995436704560795,968.6429803068316,4.185207462822472,12106.469485068417,70.77786920933394,-19.937276918348434,0
Dakshin_Gangotri,-37.361597488960065,46.5639911915331,71.77648855027499,964.4053681788942,-2.1018295419448645,2358.2318075088756,70.51967826070049,-40.62107687236738,0
Dakshin_Gangotri,-26.121438451199626,24.993226577120815,37.74156196095119,968.7701752460262,1.9671061053360115,4457.7195917214285,59.42973698462232,-27.870964311598083,0
Maitri,-26.40998161343177,23.402865758018898,38.07396022719563,954.0036616106354,2.71208976158423,2400.92730655507,84.4621349400239,-28.048182216493093,0
Maitri,-58.22920173405206,68.4924803071381,83.12789297761645,968.7609343924481,3.330251158299877,967.3100348152602,79.53071953339973,-63.02367535555173,1
Dakshin_Gangotri,-28.293909838881397,7.177313989172671,23.99679155260804,965.2677466219174,3.105306306572614,7330.465174417542,83.74388400269423,-28.796321818123484,0
Bharati,-27.359767492726995,29.397092629051095,38.451679054673214,979.7168872329038,-12.946939981852843,6613.373131285328,76.1848224086237,-29.417563976760572,0
Bharati,-27.404394142345286,10.031744731545054,20.750262467258356,982.0851617237068,-0.27470902299440797,20.0,78.08679937193627,-28.10661627355344,1
Maitri,-3.761285881340978,54.251002234652454,65.69875692567433,958.5764982452224,-2.3004305595097194,792.2615436685619,70.56149196599732,-7.55885603776665,0
Maitri,-43.236974477633126,11.93848715278845,23.705510146799618,1002.0161038121989,-1.511540935225916,7020.75260640682,91.15191503767427,-44.07266857832832,0
Maitri,-37.36933856806919,35.730749646626485,47.62318734110579,976.8086273241688,-1.1336390990808,5711.144712751444,84.09552427572072,-39.87049104333304,0
Bharati,-64.18293697479001,33.19262706693777,33.19262706693777,1010.0487869991466,3.9098959998459124,4396.273127985052,77.59274688572083,-66.50642086947565,0
Bharati,-32.21374999261211,9.905777215075524,25.88226809437004,984.8216460197215,0.8103168518721623,8422.712269640735,72.98145576797421,-32.9071543976674,0
Dakshin_Gangotri,-30.934653311890013,35.86572150711527,45.59104370557594,981.3820807770772,-2.0300930503602594,227.8681292440233,48.48072373226981,-33.44525381738808,1
Maitri,-32.649657645013846,22.04959947838327,22.04959947838327,970.1804379894733,-5.873059121366622,3620.03320204895,45.23047189815374,-34.193129608500676,0
Maitri,-8.3848399077436,39.359998540958415,50.85948839184904,992.2967878414183,6.132230640810542,8072.148607464978,69.4754800295406,-11.140039805610689,0
Bharati,-12.090737164945551,21.26959685657537,32.46002207650146,980.6713350232336,-2.589271991143876,3402.8198941623436,94.03036612317116,-13.579608944905827,1
Bharati,-23.832149135990438,35.935989537181236,63.68843480800595,997.1693141824597,-0.5228257856368939,7250.186914177312,64.42705562752455,-26.347668403593126,0
Dakshin_Gangotri,-30.559195803097936,27.894094955516035,37.501795371221874,1012.0932479511692,8.555475538823973,1415.0813324603741,65.016920342422,-32.51178244998406,1
Maitri,-9.607154978397043,35.880950179871995,57.55885197860695,965.4629426363973,-2.480430310745012,2704.6021840656254,60.414765447111364,-12.118821490988083,0
Maitri,-25.296367897537774,38.996600276663145,67.82472031052032,992.2692715667584,-1.1027169107009873,20.0,55.64418511385432,-28.026129916904193,1
Maitri,-37.27405058377687,26.327808403347056,35.04712131313114,991.7023235283089,0.9287171353027965,20.0,61.29011352157261,-39.11699717201116,1
Maitri,-50.74373016226828,24.090501158480446,38.61552905986289,989.1622381651769,-6.423786006748438,4096.21140464361,79.17946137737346,-52.43006524336191,1
Dakshin_Gangotri,-31.61971740843524,38.47582541281925,70.76274316191626,971.3360164061099,-6.887195602294617,7800.096115178064,67.62238967255165,-34.313025187332585,0
Dakshin_Gangotri,-13.68034574241087,22.228541798843796,39.51830335033626,971.7406720916946,-1.9264528077532679,5540.80525309734,66.94180204211047,-15.236343668329935,0
Maitri,9.148080343146347,26.618723198179516,45.35622161886879,968.3223565940198,-1.788012449989219,10641.139555384283,65.60595733858625,7.284769719273781,0
Maitri,-24.07584480715786,59.447925677779146,70.37538643809586,967.9256587796186,0.536904861229814,4428.802260849245,78.55493805115633,-28.237199604602402,0
Maitri,-36.48033272680456,29.55756080981016,51.428069114132555,963.1975106809508,-3.9119773292172777,20.0,80.85446169661874,-38.54936198349127,1
Maitri,-42.77447812426321,42.17251695579263,56.77609081893679,977.9100542849687,1.735921729734645,7376.77726618349,46.964921373401815,-45.7265543111687,0
Bharati,-16.72067655541602,20.427181222826917,20.427181222826917,964.8436329204419,-8.626867664175716,1685.887509842838,63.59617385308041,-18.150579241013904,1
Bharati,-51.46924078576403,35.67570709728762,47.12338175745945,988.7128738769209,-0.2811655999520119,6503.522596995726,73.65916041662338,-53.966540282574165,0
Maitri,-16.744823478926676,26.982239200555288,30.150451298357456,981.1390817898709,1.4407052287072708,20.0,81.58365101462444,-18.633580222965545,1
Dakshin_Gangotri,-12.734325906056316,24.432591000738658,40.55500064346411,983.3824515577458,1.313776962087315,4899.80383551813,76.91540865831281,-14.444607276108023,0
Bharati,-18.45580820150704,9.427210648542241,15.258819677953454,974.5302175251485,-0.6511059588589098,8810.767520637124,87.34283218619557,-19.115712946904996,0
Maitri,-28.29492507907836,16.784108055294354,36.56539271221915,981.3779658726747,-2.6413543642635653,8321.91992115895,53.82225397885401,-29.469812642948966,0
Bharati,-16.525890196797782,8.63763698020093,24.085271189538894,975.0535504359829,-0.7674816167067225,4997.032399139853,81.22773956124176,-17.130524785411847,0
Maitri,-22.4359244330755,70.70973093736607,73.22964090157743,995.5908615953593,4.935836954682651,5794.6733934670565,100.0,-27.38560559869112,0
Bharati,-36.67185762790888,27.71714117591976,37.79176001978293,971.1522144143581,-2.3978697427976794,4011.2547462689317,75.71581634166049,-38.61205751022326,0
Maitri,2.756184835625387,29.660937031433356,50.8665640477442,987.5104893747209,3.912442950715073,4806.804230154779,76.32710907576217,0.6799192434250521,0
Dakshin_Gangotri,-30.275190694157743,45.94138290234714,72.4213132604868,953.8725811250039,4.548978663593646,8507.095503101234,82.78890588001966,-33.49108749732204,0
Dakshin_Gangotri,-13.363715493251359,33.98061004989771,39.956397737158376,994.2414966387704,-6.9435673050320315,3000.4476625763887,66.81994765680011,-15.742358196744199,1
Maitri,-61.27921424043572,24.34497472587659,28.37056977646612,968.8147821999945,-0.5126039761414383,3392.4069871465504,60.79721790140744,-62.983362471247084,0
Maitri,-5.852936758286063,24.47511011483884,58.98495951784938,961.7545720438203,-3.910966892788033,20.0,75.8703221986884,-7.566194466324782,0
Maitri,-2.9685438301812717,16.038644212675607,30.94096474772553,957.2240073288859,-6.007335416734713,8586.790623926454,50.189885994623324,-4.091248925068564,0
Maitri,-24.552493193100428,37.17490368099619,53.08959303421592,955.6415710680743,3.1681233519779433,4720.553164501049,80.93950613241782,-27.154736450770162,0
Dakshin_Gangotri,-16.618434478933622,37.84151984441786,45.44760929340137,970.3705733574963,1.8932916757335567,948.2319357206179,83.46788994299098,-19.267340868042872,0
Maitri,-16.62227227588656,29.848397745728754,47.00060003113262,1009.9725538948021,1.0538376259110336,9289.397124154963,50.94252600674619,-18.711660118087572,0
Bharati,-34.641753544610864,27.344019057256588,59.49497582265835,967.1335428630828,-4.3419876871410965,5595.824144617096,77.44506958661638,-36.555834878618825,0
Maitri,-16.793165418409895,38.01484279657376,55.558495485143084,935.8165763519729,0.8418570518965973,2812.808550096841,71.75288166805483,-19.454204414170057,0
Bharati,-37.12945704808833,15.825006906458661,41.4746393978521,987.3093257311069,-5.2418527517350055,9352.451160214052,97.16817209209673,-38.237207531540435,0
Dakshin_Gangotri,-34.13135385467989,34.91088731263668,50.20072587799994,957.7148691487473,0.30904776869400835,4416.223202052518,94.64761412880814,-36.575115966564454,0
Maitri,-8.095852851815518,61.08672342887636,65.82869152263693,996.2961515779533,-2.6462033563181095,20.0,87.6242841410599,-12.371923491836863,1
Maitri,-10.38013463949696,20.75593990240426,28.923573209474327,971.5784648234587,4.203163275329865,9616.019287589585,93.16022035937817,-11.833050432665258,0
Maitri,-35.59563253173689,25.9800680750174,29.802046321969108,974.519839648121,-1.4525799633146308,2421.90941795597,69.52164727914264,-37.414237296988105,0
Dakshin_Gangotri,-36.00364515251561,53.090725206413794,70.26859104228065,1003.9462170771052,0.9249686416514049,17862.80230409048,78.89917449944636,-39.71999591696458,0
Maitri,-34.68394903686508,29.87384370875275,57.112731645252765,992.3545902153678,0.9334720958231116,3999.3083960514464,71.21319784647997,-36.77511809647777,0
Maitri,-14.010406503017638,43.83270426289405,60.44281368440228,955.0724589932069,-0.3031984482150777,20.0,60.0426286267185,-17.07869580142022,1
Dakshin_Gangotri,-39.999771712155955,35.94335226412207,47.8655340778194,958.014828230878,0.421328358707963,12799.64921127672,76.23998482724731,-42.5158063706445,0
Dakshin_Gangotri,-19.64931041446071,37.454848192868404,44.55845066999467,944.3294011946872,1.215120960138075,5556.928181847988,73.75133173692785,-22.271149787961498,0
Bharati,-13.797297840485582,20.128221046019576,38.682679674471316,1032.0644192504278,-3.5855761107323127,6805.944847048912,71.96517857999892,-15.206273313706951,0
Maitri,-26.323681754396503,19.78512113199772,22.403800604061484,962.745854297915,1.6117573638454503,7309.490137471222,74.11139696798229,-27.708640233636345,0
Dakshin_Gangotri,-9.849044547026084,40.954348611792724,44.613337829162184,1003.3962596945456,3.455456652591399,339.8392550967337,75.91199478626375,-12.715848949851575,0
Maitri,-29.564652542346888,13.227757879553591,37.22939055595942,969.3545086873239,1.5893921737433738,20.0,88.31824670795709,-30.49059559391564,1
Bharati,-28.207834014908716,26.599884482071364,38.82253385866539,958.4028890551641,-1.4166936442772644,13597.497111005032,66.23286506857305,-30.06982592865371,0
Maitri,-39.65869346697785,38.03693178826879,50.06238985810196,980.4312155215332,0.6976066553122063,20.0,55.80550276928982,-42.32127869215667,1
Bharati,-9.74233978569692,25.911603936469938,39.22094377334244,973.4667162271313,-1.4550446892292197,12334.635367204708,85.17001289390097,-11.556152061249815,0
Maitri,-36.49780670468306,27.48500214601979,49.74371281347916,996.0374936552734,-0.4749596950840291,7888.482945588585,87.84869723986345,-38.421756854904444,0
Dakshin_Gangotri,-19.75342273427411,61.26814582948793,77.9231725597316,996.287678291625,-4.750749305441402,6483.487433958978,80.36929693296945,-24.042192942338264,0
Bharati,-26.06974100688902,44.91481885235635,52.484004435697216,968.1971796213145,5.520264068795258,3910.0823982244,57.91812572197146,-29.213778326553964,0
Maitri,-40.791745946674936,56.28207658231264,64.21115441282763,951.2009116465606,7.741950150540724,15018.440333338096,73.02766085034926,-44.73149130743682,0
Dakshin_Gangotri,-34.13654715734981,84.7233038039552,97.77219569548487,956.0567189969711,-2.815723202882143,3012.021621799972,79.27568338502896,-40.06717842362667,0
Bharati,-4.256916414388989,53.87319814108311,71.89539556801952,934.350840734047,3.1446837625258066,3123.7670330226965,58.97485351605572,-8.028040284264806,1
Maitri,-21.97513686048279,23.142022136845913,37.78692270186667,974.5108071682597,5.831472750872045,8475.377107200371,63.53319268930424,-23.595078410062005,0
Maitri,-40.13725512050263,18.287143012641152,32.0422411509103,979.763993030186,-3.830508276299299,3091.88696538127,72.80138536151833,-41.41735513138751,0
Maitri,-20.42007568976962,23.312746085581924,38.775581676183336,957.1434416331177,-8.633730929424756,1737.9422209717068,92.74416292279619,-22.051967915760358,1
Maitri,-27.191710473918178,38.35754835745929,52.995304306517454,954.7269778470301,6.067197344160695,5554.69233120477,78.37743810049186,-29.876738858940328,0
Bharati,26.810696033662722,24.576810455441787,31.7729814298024,979.6783224320887,-0.041298496876085986,8537.942144861034,66.41203553592372,25.090319301781797,0
Bharati,-20.723142379865912,20.551611140212536,46.62212026360029,967.3609070294722,-2.0779627692577214,13305.923646688854,71.97501414992837,-22.16175515968079,0
Maitri,-30.709372705995467,59.69024541805501,69.86713086613666,975.7414208937056,0.1893576138612712,14121.769768643224,65.00587085130589,-34.88768988525932,0
Bharati,-3.6995812331934346,24.161954938345225,40.45416044518582,972.6555030204171,-1.4763166981078424,20.0,68.8198763513479,-5.3909180788776005,1
Maitri,-52.61554250939268,36.860321862,36.860321862,984.9746048143271,11.837830872372336,9959.053398724034,85.83404141925075,-55.195765039732684,0
Dakshin_Gangotri,-23.585197654283537,36.37654145419111,49.22479857360797,968.6944196553862,-2.122830128717286,1853.1770115152258,46.20003699050616,-26.131555556076915,1
Maitri,4.916427420216088,9.57919057533845,13.583298941208145,970.2251159406817,1.3093016492338565,2052.6242557492933,94.72416894628503,4.245884079942397,0
Dakshin_Gangotri,-26.74298926539631,57.884260725236835,63.09404302824394,942.3640243234474,5.168983532619243,3631.901182544202,100.0,-30.794887516162888,0
Dakshin_Gangotri,-50.99951566972118,15.279836172503519,54.50169564217134,978.9933487188118,5.149708785350553,3377.1776959334284,77.4384484149596,-52.06910420179642,1
Bharati,-30.938769466158966,12.463769943278336,29.95902894958693,981.7738364479527,4.383951395647982,1511.5438497979294,62.53385953598922,-31.81123336218845,0
Bharati,-3.1822293856144483,22.72645843540428,49.98668021589296,976.4460110084495,-1.7027030349300085,20.0,92.4485013746966,-4.773081476092748,1
Maitri,-19.358956055188433,18.43011281911159,41.98314865231946,1018.2366808101701,-0.6083945697514429,11579.187591726692,79.16918199510144,-20.649063952526244,0
Bharati,-37.58284164268777,53.34263555379254,78.17506437377318,983.255574047168,-8.697858587599223,9387.43971737892,67.110554973452,-41.31682613145325,0
Dakshin_Gangotri,-35.27864210768536,33.70200228114564,46.71128566521466,976.8704579748603,-0.2979817454769071,5728.758685356508,60.42162037889617,-37.63778226736555,0
Maitri,-33.3955040672472,21.613235549883846,52.67725566899915,989.9828993771981,0.13122684372762344,1924.690898037416,68.91243895035542,-34.90843055573907,1
Bharati,-19.582031739190057,12.181535419393313,35.64840840515824,1022.2572707533545,2.966892814449844,10735.872029392049,77.88871948657393,-20.434739218547588,0
Bharati,-4.927058005920202,35.70112060725119,51.114470125274224,985.0544608788515,7.1819494519072995,5541.369045204838,88.43259436281447,-7.426136448427785,0
Dakshin_Gangotri,-9.213654808012436,25.332371272131528,42.96526751670763,935.5303329848805,2.8452385759986827,3494.928200308721,79.26293008770583,-10.986920797061643,0
Bharati,-18.15981726836307,38.1682114383838,51.80088727375881,988.6411710394907,4.282580617662364,20.0,81.81175309893891,-20.831592069049936,1
Maitri,-44.97467140086225,33.812157293633675,49.33454914229743,962.4152914724013,-0.06986415771711725,7948.761975171627,69.99387283880039,-47.341522411416605,0
Dakshin_Gangotri,-44.918987709901614,18.763967830233998,33.32796047936656,941.550496283857,5.137190254495094,4458.414800207626,87.82392868472299,-46.23246545801799,0
Dakshin_Gangotri,-17.00121968179355,40.618388204391465,59.43372451675637,1013.9512249416098,0.044529315250461894,6840.7238140888585,71.89918227685234,-19.844506856100953,0
Bharati,-45.18206646899341,14.267777168804107,46.66751518290875,1009.6289300065678,4.5624247957477735,6470.695415052226,100.0,-46.1808108708097,0
Dakshin_Gangotri,-28.383505316029066,24.76177141626138,27.709630246674024,961.8964495817976,3.217998438754059,8339.060712157472,65.20836659294235,-30.11682931516736,0
Maitri,-20.437743307207345,26.54278309051632,52.96633072560439,962.0273776220179,1.570902947984877,6666.509093324868,80.92491717897376,-22.295738123543487,0
Bharati,-42.06390993044033,28.444740293499304,39.76239545638663,983.2033442382616,-6.162916080542824,4577.834177291719,100.0,-44.05504175098528,0
Maitri,-40.36393501538295,13.764731850217228,41.46136333286528,962.2964231641369,4.373388001067367,8016.478163423153,90.62932298003156,-41.327466244898154,0
Bharati,-26.41181596851728,52.023177484423314,63.68872385428172,977.2985271268861,1.5125425287197645,9601.652050588176,86.18123015578678,-30.053438392426912,0
Bharati,-17.44524568713919,18.739036472918173,37.8665732383207,965.7363595473192,2.8103000475058026,11983.927140335965,79.45247341539641,-18.756978240243463,0
Dakshin_Gangotri,-9.07721844379365,10.553546696335776,23.965104208382147,971.9919537177478,1.2541652969257184,1316.4098180482124,75.79251673646044,-9.815966712537154,1
Bharati,-15.894198478441723,34.35632224709584,34.35632224709584,951.9128960930749,1.9437210069034705,10247.42878381577,72.39200973248064,-18.29914103573843,0
Maitri,-23.89515107511708,70.20970283022393,102.5994715931638,996.5379665490871,5.202615943778906,20.0,66.5729091005383,-28.809830273232755,1
Bharati,-36.19292130335574,9.54927794549225,15.121741810272578,1004.0757807919965,-1.895694158148154,9857.268555050088,51.96408617518688,-36.86137075954019,0
Maitri,-41.06360493766779,16.693939954287398,32.53276856585055,977.9959202165312,1.8705542655230745,3437.364331038071,84.60925818056548,-42.23218073446791,0
Bharati,-32.66315632493721,45.20728199358997,49.68306413183923,979.2751499225184,-3.1097400754792797,9166.040335077127,51.929566916483495,-35.82766606448851,0
Dakshin_Gangotri,-18.850966225291494,29.490005806704534,31.119989291829995,992.5831403726946,2.3067205382956772,11770.544642305242,84.77078666438442,-20.91526663176081,0
Maitri,-19.95064440058986,14.072607406955562,27.023209010064242,980.0380228967781,1.0051485228968333,6717.244640031438,70.36126430996183,-20.93572691907675,0
Dakshin_Gangotri,-56.49852978587684,26.429716245463176,35.49460362476046,1014.5912769766682,-2.523874946586213,5810.624754294851,60.667902178651175,-58.348609923059264,0
Dakshin_Gangotri,-36.785155424012544,61.75704592260406,65.06889570953979,953.6727428724574,0.37465575573452603,5606.404380482058,96.08527882076112,-41.10814863859483,0
Dakshin_Gangotri,-6.932386725907662,54.81129112277525,69.4569649755034,997.2188391936368,-2.2748372709407256,4117.66542134821,53.263565830825115,-10.76917710450193,0
Maitri,-23.811774282937908,92.7868811645552,92.96781393357689,977.7159526979628,-1.5120037193937599,10497.644673933659,65.00795607552934,-30.306855964456773,0
Dakshin_Gangotri,-46.25513369654479,41.5549177050513,57.80965568919652,957.5757501264465,1.4192277273686653,5568.883475016306,66.41021490751248,-49.16397793589838,0
Maitri,10.33731772397227,22.35500803400871,36.08173984403391,1024.9417748575813,1.0735954384874435,20.0,77.2436121767429,8.77246716159166,1
Bharati,-25.43412598472147,44.80139039138958,44.80139039138958,1027.7040074503159,-7.68191307437608,9536.659337524205,65.80980374862472,-28.57022331211874,0
Bharati,-19.23499061029888,19.848386509887163,29.61728747938872,975.8426012514441,1.4819551483823898,9326.563495954484,96.92572742957124,-20.62437766599098,0
Dakshin_Gangotri,-19.007128659322984,27.599432645367774,47.283532747635306,988.8945069608451,-1.2133323332226027,6172.477286746098,54.43057310642949,-20.939088944498728,0
Dakshin_Gangotri,-30.513931992402792,19.9312093344572,24.295750484892,970.5762747498611,-1.657231764223803,2847.1183808556593,100.0,-31.909116645814798,0
Maitri,-35.913605227320915,41.46772086541387,61.58564280977196,973.7941031487104,-4.508619638489653,1359.1486001349667,59.11840983942689,-38.81634568789988,1
Bharati,6.8251247759891065,39.631737734514275,58.958529833650054,957.3500162709696,-0.18156520597356218,2858.585965445096,100.0,4.050903134573107,0
Dakshin_Gangotri,-9.951911955733742,20.881059645944315,25.703845376422265,954.394756179071,-2.092070423883595,6795.2573124708715,91.39562359307634,-11.413586130949843,0
Bharati,-12.670941983369852,49.95157752560347,64.82875449254362,1016.8829994384552,5.094091177219372,20.0,73.34564672096317,-16.167552410162095,1
Dakshin_Gangotri,-16.35566212422684,57.82223482916317,81.07214566263974,979.2246423232743,-6.997724806593694,7697.661821432643,78.3994442737035,-20.40321856226826,0
Maitri,-40.04976085542527,22.470585482645433,28.706363178040277,981.0116985378285,-3.85569436023402,6290.24873171978,69.31857933351348,-41.62270183921045,0
Maitri,-5.837047123895893,36.0452411489728,48.98713557315991,963.7896356128863,-4.126527882476474,11149.091737317904,80.20585671954463,-8.36021400432399,0
Dakshin_Gangotri,-37.64698987017624,59.59944621651768,86.10183739632909,983.7994040454612,1.0346309672261342,8804.987143808505,63.94482336414886,-41.81895110533248,0
Dakshin_Gangotri,-20.750698027740313,34.447065130727395,40.87074448313529,949.9241165630173,4.692511857912377,3107.769476964722,85.6348658849374,-23.16199258689123,0
Maitri,-49.59084858196853,24.788923175860507,44.38050603388169,964.525228750439,2.0124871460367193,20.0,77.72996177006114,-51.326073204278764,1
Bharati,-55.61288275971279,28.183224096487496,32.39131301356476,956.0045057603224,-4.378588477292678,2715.095501278132,60.157326255465094,-57.58570844646692,1
Bharati,-20.22563196020328,22.323182033253726,35.71356300130366,1005.8576823744504,-1.7169241466335228,11524.942447401301,81.40720397946026,-21.78825470253104,0
Maitri,-37.13648900792362,50.72489726254642,70.19216440828538,946.96203272544,-3.236706882976247,7177.451672850313,80.48131982875452,-40.687231816301875,0
Bharati,-54.8375135694591,47.63968323302798,47.63968323302798,956.4156900555765,2.0309252956029797,8389.353020193077,64.24297004099293,-58.172291395771055,0
Bharati,-16.890857455793867,77.0013284135488,86.65809760236247,939.0482145703539,-1.7982809608560895,3483.2621735581183,68.58441037412653,-22.28095044474228,1
Dakshin_Gangotri,6.8012115657618395,19.580646733044436,38.87396600490821,962.1997533600423,-5.651192060979483,7939.053009373261,82.68728756983765,5.430566294448729,0
Bharati,-4.156596121299074,21.59522932316765,38.853670415151626,970.8095803817366,2.3388260775768863,20.0,91.36107335054643,-5.66826217392081,1
Dakshin_Gangotri,-28.859768278985086,12.579824208802764,22.356040362431536,999.5556075411822,5.053034134271177,9740.810637844022,72.86620346433,-29.74035597360128,0
Dakshin_Gangotri,-24.867320399545815,38.49984243792441,42.454022382112704,975.5600432106049,-0.7146897908014426,1378.2930417977695,88.95982848993847,-27.562309370200524,0
Bharati,-11.684406148241301,15.509655274590626,36.79430409653309,971.7882618233607,0.48160151335885276,20.0,92.50591922338914,-12.770082017462645,1
Bharati,-8.168079702476398,75.03479351146237,86.8107261362442,985.9981624728996,-6.025204835639221,15049.326422500106,94.54897826176422,-13.420515248278763,0
Bharati,-30.15303578238548,18.433868658852187,38.88734067514224,971.1419375423917,-8.236950602011419,6539.545943183275,81.2547601224139,-31.443406588505134,0
Bharati,-24.487334264131384,77.27265459578545,96.07488595096052,1028.1981572538177,-7.39633466628457,6428.832500015024,61.473765681685705,-29.896420085836365,0
Bharati,-20.490777898531952,4.002786872613872,14.528604016929002,968.1799315347606,-0.1788871978442457,20.0,88.3694587289477,-20.770972979614925,0
Maitri,-16.691855195817524,9.14573571612707,34.871353146073574,988.2742356513957,-1.231767985003282,8490.241240408875,72.12900215238211,-17.33205669594642,0
Bharati,-26.996146630169005,15.171223832302225,24.228447731940612,996.5291156671129,2.1849304311190725,9544.07888627979,82.59757711223652,-28.05813229843016,0
Dakshin_Gangotri,-26.801278676031163,33.9094214415777,60.81396118309672,967.6057199151172,-0.790612696523954,5202.820150877078,65.56493369780074,-29.174938176941602,0
Bharati,-4.3025150536841785,27.9724805284882,56.185405833963515,983.3074466528271,3.9510473469591267,9559.631373643253,65.99744117680788,-6.260588690678352,0
Dakshin_Gangotri,-6.857189463356708,18.219241749987056,43.720388494889306,969.9830909647529,3.4890663921409466,10682.035552878366,64.47910529789996,-8.1325363858558,0
Maitri,-17.838841398458676,27.250672430212635,40.445060896549656,985.4804161589338,-1.2898396994720436,8102.890379672881,55.12538549953218,-19.74638846857356,0
Maitri,0.7866360503439296,21.127297191418656,61.59808863509854,982.0184838211078,-4.013755495829157,20.0,66.19878484786102,-0.6922747530553761,1
Bharati,-30.796686433396253,38.02709750045198,54.545542091344416,977.1943401928238,-7.664645401629395,1393.5605810731095,59.50558755429927,-33.45858325842789,1
Dakshin_Gangotri,-0.6553982705592922,15.849889120491433,33.26045390895602,956.8887288706123,5.734276212638426,12747.583377787898,83.49399207402126,-1.7648905089936924,0
Dakshin_Gangotri,-16.862268346966744,31.47430513636344,46.25369168398235,1017.2738959441373,-3.7701040196209443,6329.537713503724,59.02682243165923,-19.065469706512186,0
Maitri,24.06539183321884,32.15622926017539,35.858564489611965,991.7279847635152,-5.985735735109877,6347.521906322296,64.95853451433926,21.81445578500656,0
Maitri,-42.88722890173717,28.426429841045767,56.3771622148934,948.2272529491731,0.5194296123450418,2673.375551289466,75.04771576384361,-44.87707899061037,1
Maitri,-35.34017878326012,35.75921677352611,45.03518247688673,971.5926081999122,-5.950165342684089,3450.102769613378,100.0,-37.84332395740695,1
Maitri,-18.718032576991785,27.092704464366623,51.28881472473975,948.6120794178712,0.515405162219254,10770.599305886051,64.61842750607047,-20.61452188949745,0
Dakshin_Gangotri,-19.041489205315123,41.2437026041192,67.83923368730463,995.2416273208986,-1.3452433701557798,11993.888229686007,54.26667036310499,-21.928548387603467,0
Dakshin_Gangotri,4.252084762625277,28.413566014142674,49.446779819635545,979.5643459505163,3.694715769995572,9188.8359637278,55.32210737977732,2.2631351416352894,0
Maitri,-35.02562024949301,51.835720606497844,59.916027847514805,980.0815555032543,3.3467853280722935,8206.28704395668,62.09040978293287,-38.65412069194786,0
Bharati,-11.426222219591736,31.389511572297025,42.9787290171752,963.1526554780971,4.413290414178112,8506.487092451503,65.14752437124334,-13.623488029652528,0
Dakshin_Gangotri,-7.563054929770065,50.2146334641487,50.2146334641487,973.688720274723,0.82504691136635,5718.506226799452,100.0,-11.078079272260473,0
Bharati,-14.430282516690287,21.35035717422758,35.18568061056163,995.743682012259,-3.433359958934101,1185.3596957440532,89.50116973930318,-15.924807518886217,1
Maitri,-39.4149451288648,16.882337630557306,39.90943950755714,1001.1166430369556,-4.147543351823245,320.8097776922041,70.27473237450226,-40.59670876300381,1
Maitri,-3.883617921187028,41.090079266533245,53.71502847571401,996.9284223988953,-2.122786292871858,11259.066812510067,100.0,-6.759923469844355,0
Maitri,-6.560126030268794,28.682777739897826,37.78197481732455,948.956662709678,7.97709939704709,5868.302165172348,65.81128866968317,-8.567920472061642,0
Maitri,-16.00623220314434,7.306873542997554,19.32940430190256,976.2776794691063,-0.9967522586386077,7908.27827031322,68.8311967083823,-16.517713351154168,0
Dakshin_Gangotri,-21.934784691865687,19.364220993663714,46.5178806968539,985.0662691455619,0.6440619856003702,6843.028326575388,67.93144222894067,-23.290280161422146,0
Maitri,-21.60837984933443,33.993028427078166,48.44937153814353,965.3044882129748,6.074382961533767,7045.963288960505,90.4027176370509,-23.987891839229903,0
Bharati,-26.181036883590664,27.409457460284152,60.98861922437028,946.8196854618132,1.0184525155275383,7379.787072842427,73.95039919356857,-28.099698905810556,0
Maitri,-15.388222986210373,18.900478687303174,28.193143638455943,954.2673890749583,-2.9946053595205364,8789.608364061585,97.60988871268482,-16.711256494321596,0
Dakshin_Gangotri,-24.532977205825336,28.559181214752037,45.73149906606467,1009.9954953740487,2.9206306993013937,2929.7819524146444,81.51005002431492,-26.532119890857977,0
Maitri,-37.72787463028962,30.98548250603947,41.6514632497692,956.1707723732131,-1.7139032343445921,10729.631087753361,88.63463398650433,-39.89685840571238,0
Maitri,-40.72887467241388,10.584517965203558,46.329382102783455,980.951213967952,1.156501027764914,3049.067508699074,47.75806694156742,-41.46979092997813,0
Maitri,-36.28054380478438,49.528695675424686,66.32574878851828,976.873300099788,2.0486274069735,6957.850317667279,49.5128324241965,-39.74755250206411,0
Maitri,-21.668016361758223,55.09090272133105,91.37166409334286,976.9243664453732,-1.977220795392335,1268.0347644409858,50.00648228772463,-25.524379552251396,1
Dakshin_Gangotri,-25.40433754652811,19.307646060260446,30.10637051123725,973.6027706636472,0.7454862644398297,5333.476539557566,68.5783534079891,-26.755872770746343,0
Dakshin_Gangotri,-21.769843100668762,69.01744980442311,99.29324156297373,995.7827402690206,6.4001848074486185,3360.676229635288,51.917285934213794,-26.60106458697838,0
Maitri,-17.487802996808334,27.541419279466904,43.721453002201855,980.7122583810398,-2.5061389349307226,6096.8588388830685,93.60478828282612,-19.415702346371017,0
Maitri,-34.409813888753185,20.506306371917777,43.872862317373745,967.4869068008809,5.267570331957348,8941.60417877257,72.01215197369484,-35.84525533478743,0
Maitri,-3.0150974748197825,20.173614285037516,22.976504505947013,981.026876484704,-2.3619871925037517,6304.211611630701,84.23012391080853,-4.427250474772409,0
Dakshin_Gangotri,-29.015662405712117,66.72295825462898,85.20709774672204,954.4491167237941,7.2082752330687425,13843.43490378423,67.61592820786491,-33.686269483536144,0
Dakshin_Gangotri,-31.501404771722633,16.029677928572617,20.338473548665615,989.5188919450778,-3.421943795906056,9183.677842398098,87.37202341582748,-32.623482226722714,0
Dakshin_Gangotri,-17.764206440013215,31.32403742686915,48.89500143391944,966.3806629932764,-1.5754228104703163,5086.186728386576,45.5236782775684,-19.956889059894056,0
Maitri,-52.54765303562609,33.27549467895648,33.27549467895648,967.5325769446061,6.033023099468572,5655.577467966087,74.26664207353558,-54.87693766315304,0
Dakshin_Gangotri,-36.85801674584379,41.228568405219,55.287738209504724,990.2609507416194,6.2089310034659775,7511.050242047318,82.5107989653587,-39.74401653420912,0
Bharati,-10.283908019622507,30.048284535226422,56.00440490649346,971.8536817078649,3.2737066404075224,8817.29430864234,83.77503796485848,-12.387287937088356,0
Dakshin_Gangotri,-51.061328935931655,64.3164972722861,84.79203606222815,972.9796769087626,-4.3273980074258676,1063.7917438994573,70.23480263206903,-55.563483744991686,1
Maitri,-8.236387046002662,70.36802925364711,73.02852875773826,1003.3526047062936,0.32963695188553727,8546.616161231097,49.33502504796448,-13.162149093757959,0
Maitri,-2.3329515046129785,57.03510733014402,57.03510733014402,960.5362453285553,0.004994610227921901,1167.6338779873213,90.16941947300265,-6.32540901772306,1
Maitri,-30.541830067356226,34.95074522921386,54.92019103382154,989.967700034255,-3.4232523706744518,8159.399262127305,69.11589916247254,-32.9883822334012,0
Dakshin_Gangotri,-20.62280848860535,45.4948152657561,76.30680321934022,998.9904805464196,2.7873486618089753,10400.38826188711,70.41923234835114,-23.80744555720828,0
Dakshin_Gangotri,-8.213693727234602,24.591073846362878,29.951613477661205,1003.3379439794329,-3.1067723882529825,7198.927394159594,100.0,-9.935068896480004,0
Bharati,-32.001837820652796,50.440226971266675,86.41426775303029,1023.5304003768453,-5.16235754989839,20.0,76.44901286518156,-35.53265370864146,1
Dakshin_Gangotri,-11.983367192107279,21.156420037560746,36.091487155870745,967.1571952304367,-6.483470193150944,20.0,67.21632006885595,-13.46431659473653,1
Dakshin_Gangotri,-35.067231926960076,17.548582111143677,17.548582111143677,962.6412833340974,6.849181138777712,8250.868243158777,66.3177485820804,-36.29563267474013,0
Dakshin_Gangotri,-32.16403439999769,17.274404781108764,17.274404781108764,996.3443090281835,-2.041933095463253,20.0,84.67756353540172,-33.3732427346753,1
Dakshin_Gangotri,-36.99004696487461,38.511891206628334,61.211382700342455,998.8048222773472,-1.9580208860826473,8439.507715905958,62.6868897814672,-39.68587934933859,0
Maitri,-19.86029201207795,60.40339504453481,76.69907545288515,964.1853070448514,-4.1226790618503175,9939.304748923036,82.6755812816041,-24.088529665195384,0
Bharati,-7.630464211516756,62.80677563922697,92.6289852971596,989.6960898245923,5.471698918937739,10540.712805177802,91.52014222120776,-12.026938506262644,0
Bharati,-27.761693981757464,7.655575345734213,10.674327678752352,1034.4841372139824,-5.521000940007692,5034.099066951868,73.67556591235298,-28.29758425595886,0
Maitri,-44.068737398686046,46.88921242924136,63.07416041087916,982.0932881261293,-4.816535136628641,7754.022043254327,89.8174106967083,-47.35098226873294,0
Maitri,-41.24060233430224,16.8978384152639,31.965449029147464,998.4699760982975,-1.287312403051759,6835.567254444461,73.96735452805669,-42.42345102337071,0
Bharati,-19.081008679441894,84.07413161682368,97.64398638625126,1011.5347477119985,-0.0862672619536572,108.67163180370517,64.68817723699951,-24.96619789261955,1
Bharati,2.661746200914042,13.922197944318938,25.096125657849015,1030.074922992077,2.634541001776237,8980.074929862387,50.03134628917812,1.687192344811716,0
Bharati,-19.09412501028404,10.716665228298055,22.089671472913246,984.9139926259136,-2.7023808144301302,11561.907028287473,79.12665532517386,-19.8442915762649,0
Dakshin_Gangotri,-30.80344825976879,47.36741625955628,64.11387450236002,1005.0606709170111,6.177335241561952,8757.602460459184,79.44126887958315,-34.11916739793773,0
Maitri,-13.50724049724574,23.80375597693444,41.82956625531659,964.2301176747818,-2.675150940773104,3988.7967547958647,89.7197568027281,-15.17350341563115,1
Bharati,-28.592479533801196,23.063877024852676,40.589605525885105,980.4976188894739,-4.034323779987876,8959.798616613374,88.27435743306529,-30.206950925540884,0
Maitri,-30.674278260463097,19.142476895012376,46.20235198408356,971.0709505020044,-4.415101049180337,11190.525803547906,100.0,-32.014251643113965,0
Maitri,-39.376886585428956,20.937691257245532,23.924906134358327,942.2931866570125,-3.095564990347174,10664.95023684654,66.28453403456169,-40.84252497343614,0
Maitri,-3.873267336304661,48.40686042304284,48.40686042304284,947.9393245435543,-4.6741697987674735,10107.485892208384,80.33861962965298,-7.26174756591766,0
Maitri,-63.08811876243495,17.243338172085327,42.41298871596396,988.6006514565856,3.003619077329573,20.0,64.68583448066754,-64.29515243448093,1
Maitri,-13.032111995810961,26.98939912021786,32.55414871112795,988.9937785196583,-4.003366943435766,7592.858638539901,88.9509713882783,-14.921369934226211,0
Dakshin_Gangotri,-31.956174066963055,16.23860657721182,27.443848391060044,959.1674283988058,-0.5313155594283585,8582.582229835916,61.09640267073128,-33.092876527367885,0
Dakshin_Gangotri,-31.155110971774192,30.713524822894296,39.59252842406653,1011.1477072426378,-4.118197369188686,10154.638498817729,88.70561651859104,-33.30505770937679,0
Maitri,0.3847273417671886,22.859089696670086,31.52396647575236,957.8003680577593,-4.697844304116958,8062.495756350863,63.951932987060715,-1.2154089369997174,0
Dakshin_Gangotri,-35.71196638300077,36.86038669495079,37.277746312701545,985.1453791901694,4.426146051024569,12207.805485804081,86.4976824880213,-38.29219345164733,0
Bharati,-35.20103731042615,39.31994275593597,48.62466687858882,971.695210853094,6.411102316574088,20.0,93.09698103702368,-37.95343330334167,1
Bharati,-26.955913583792956,60.91427354655288,82.40758466934818,982.1389604843524,5.076004834411751,8233.399509123605,51.688531064371304,-31.219912732051657,0
Dakshin_Gangotri,-18.792289212816428,81.30342623773203,96.26411184163227,997.9706653322571,-5.88534337600135,7915.988434113915,54.792097350433096,-24.48352904945767,0
Maitri,-31.627836734393043,20.226856522884862,40.271927807954,995.146840326213,-5.330349108749058,9610.86827712939,78.52362158244607,-33.043716690994984,0
Maitri,-48.607883958038286,41.61777026569583,51.65695029124735,994.1568452754291,7.913516303676644,12168.495774436768,76.92682576833059,-51.521127876636996,0
Dakshin_Gangotri,-37.985472713226486,22.643650095796406,46.6721100036157,991.6031125483344,-1.0173308801667997,2446.8751856617073,70.61753369127663,-39.570528219932235,0
Maitri,-5.779992153032211,38.737528481607335,48.65390972817198,954.5451111651446,-5.4991811093561935,12034.16096745784,67.85608689449737,-8.491619146744725,0
Maitri,-23.878348162967328,37.90630119296662,37.90630119296662,1002.6905926249934,4.328948021380014,9259.584154388114,62.17202598716968,-26.53178924647499,0
Bharati,-18.23369074444267,37.3083328913962,55.47457082065917,958.7942301247355,0.2695401687556974,5251.339505326827,79.96602100147085,-20.8452740468404,0
Dakshin_Gangotri,-28.921318107595564,43.23975588333127,65.91360357361808,977.8793181630003,2.2779882226629016,2364.82256025614,60.533657369885546,-31.94810101942875,0
Maitri,-34.89246544259905,31.727063385227403,41.13467326103513,972.9734615732908,-8.95156134963129,6785.2564001636665,80.49149506148248,-37.11335987956497,0
Maitri,0.1635417481311663,23.855591673043964,50.8476543471281,987.0024658524547,-1.3050994808152303,7142.708015222313,66.38430351909437,-1.5063496689819111,0
Maitri,-27.822877855766208,30.89633072991359,37.38940885286529,970.3056950724892,3.795213655982526,7364.749559962615,68.65970838718812,-29.98562100686016,0
Dakshin_Gangotri,-31.650548192906903,78.2296458061064,99.93691393477974,976.8297877436968,-2.5614483927778924,3492.201860945706,93.23668036103972,-37.12662339933435,1
Bharati,-8.557864504669908,21.473171073199882,53.92093049477138,1012.3773607661874,4.940001468263666,8437.355085431209,89.31725173001814,-10.0609864797939,0
Bharati,-35.83540538301078,24.86785257414485,40.23516241786035,954.0949325363226,-5.267020307986335,4377.840963441227,60.046509310656184,-37.57615506320092,0
Maitri,-33.92091015660995,19.38515284038681,32.12032198015655,979.9506713659704,-0.45032106606296546,10866.302098726734,61.906195940542815,-35.27787085543702,0
Dakshin_Gangotri,-24.84629973974653,9.497263495797508,23.440546741056856,957.7174567146483,6.579685931960842,12840.826593724274,86.66749160515911,-25.511108184452358,0
Dakshin_Gangotri,-24.995948438677303,28.270800487512393,59.553754357030364,993.4869927913319,-4.603436049257181,2749.604890623662,53.492154827113126,-26.97490447280317,0
Dakshin_Gangotri,-21.105829781451785,40.07000339711552,59.0978291350273,965.4654237504614,1.0859086737524097,6239.560153651459,96.80996271800055,-23.910730019249872,0
Bharati,6.3750363409323185,17.667660308356954,54.109687080543665,980.7707288050353,2.3403990580551555,9888.654667873856,77.02729382474455,5.138300119347331,0
Maitri,-19.956276304714443,56.223475797958784,74.01598967739899,953.5067013212769,0.36561538281167605,7103.51822594265,66.3267689918214,-23.89191961057156,0
Bharati,-60.67080944126201,36.29353684759072,44.75557024855328,1005.8307966238967,-1.0001920595602338,589.9018463022085,75.15743086907409,-63.21135702059336,1
Bharati,-20.105515848526586,48.63235884230893,57.79728949017684,981.4557983384466,-3.505273522190608,9459.192335884627,95.41626707945034,-23.50978096748821,0
Bharati,-24.431800082656018,34.563928127015245,50.18000078194471,982.7553102879568,0.7861850171199034,3576.9106895734517,43.03312918488245,-26.851275051547084,0
Dakshin_Gangotri,-24.348249634728134,26.921082825469167,26.921082825469167,996.5812324202675,-0.41062730404331954,6801.87656392869,90.39457336356645,-26.232725432510975,0
Maitri,-21.31079035905744,24.150882469855272,34.40098410264899,954.9718294747286,-5.745179589270072,2023.8249213713348,92.91820898245923,-23.001352131947307,1
Bharati,-25.43017431512199,33.82604205665942,44.298063716161735,967.6995538250693,4.3993898126692095,9178.385898253684,70.18647204052444,-27.797997259088152,0
Dakshin_Gangotri,-25.789181395830834,35.38987292904864,52.78777048323731,983.4010832315963,-3.640202602476091,4315.83240394658,73.9262563664726,-28.26647250086424,0
Dakshin_Gangotri,-15.804336853438208,22.31240643008689,56.730588634101395,944.7602331358356,-5.641262342024202,9601.709386988327,77.04671821490571,-17.36620530354429,0
Maitri,-33.131211957917515,26.568548870060244,42.11671375415204,946.9074662961478,-2.382727424076527,5140.474156504341,86.00297347789932,-34.991010378821734,0
Maitri,-39.21529503458763,70.62715097476472,70.62715097476472,963.5747534908833,-3.5708780095657917,4075.0676521988416,64.05403035129586,-44.159195602821164,0
Maitri,20.356721789335865,31.190528299253256,37.05145180048364,957.1800471396944,-1.0329637238193399,7648.942961092192,74.78231669749489,18.173384808388136,0
Bharati,-35.7378616567185,32.83432821126304,50.45720682997218,973.12273306159,-4.9698045374015,1702.5045010081876,73.5017443528268,-38.03626463150691,1
Dakshin_Gangotri,-23.497856313098854,62.07139659570931,78.00134419249628,990.4486428321109,1.7918856170802502,13192.932650326447,85.18268169218182,-27.842854074798506,0
Bharati,-47.43490376313051,35.62618825515398,66.87074347827982,994.9976065417246,5.524203097968523,6742.475831180185,100.0,-49.928736940991286,0
Maitri,-23.25297377422867,29.187813092433743,53.78858607614748,1016.1882129687066,0.4234596999402461,3734.9583489085544,63.99188026881384,-25.296120690699034,0
Bharati,-38.99838326034003,47.93898114315208,72.24013588092924,979.5475111208724,-5.777142319725265,4402.637547249853,76.18253958058165,-42.354111940360674,1
Dakshin_Gangotri,-31.637094142750165,42.607736757572525,55.43640583604742,983.0871759673682,-3.6528787017231155,6070.29178647687,63.587926284478115,-34.61963571578024,0
Maitri,-9.324030013433143,33.2577565486376,59.24896691414638,979.5023887572813,0.8851203820152573,9983.310592956945,67.66748331622549,-11.652072971837775,0
Dakshin_Gangotri,-17.919856474328896,34.72048440093813,40.761253138965216,986.4053652934632,-7.867814707866766,2421.9301560724666,58.860639742096126,-20.350290382394565,1
Bharati,-16.473857131377713,25.263006725267346,49.9459498182047,987.9673481664961,-4.931128513408611,4524.864989316937,52.04278912645616,-18.242267602146427,0
Bharati,-51.56807257587794,15.58514002217433,27.760950990600655,998.4423551896211,-6.590015316471049,5801.958034298995,92.74280139832922,-52.659032377430144,0
Maitri,2.5534275474351915,39.547751396146275,40.06781733654101,998.3641650320873,0.4617170385757525,12169.887075803947,80.34116105147073,-0.21491505029504765,0
Bharati,-42.878219664128125,12.229795899760312,33.16216290590906,990.387265456919,8.648717113079371,9996.575782745214,76.39314798513504,-43.73430537711135,0
Dakshin_Gangotri,-2.071587785592026,15.972383368223554,44.94781955436741,1010.2034564330762,-5.043951379499134,12360.685412869814,61.89068668626429,-3.1896546213676746,0
Dakshin_Gangotri,-9.676842010277708,26.38313033491483,37.3171116217552,980.5351411927771,3.265318831433165,6124.141483890332,73.87552638405653,-11.523661133721745,0
Dakshin_Gangotri,-16.3400088732298,25.00539557445183,55.63301307688643,967.7686460140484,-2.255505471564618,11731.018942061251,57.65464038148703,-18.090386563441427,0
Maitri,-37.82477171362572,41.69216677840402,41.69216677840402,971.0390989582435,-5.2806913455272655,11069.107033171349,74.59113232319615,-40.743223388114004,0
Bharati,-22.726152327707155,47.129228528015176,50.16129616025155,977.8833030611552,6.2565153397568,8787.047111088512,80.00596356813917,-26.025198324668217,0
Dakshin_Gangotri,-32.0638211596729,75.64316726829949,89.17590685077812,958.3272983793418,8.63937740353492,9107.99539444549,66.86249471472786,-37.35884286845386,0
Bharati,-24.56440642742062,11.135026599702702,22.42738774042576,967.7326487769375,1.6474500891713921,3621.7068221352556,63.64787506970745,-25.34385828939981,0
Bharati,-28.748083886283396,37.210823299408126,45.539489438815885,957.2032474319635,1.450042553945886,13313.216053656397,67.61546275363344,-31.352841517241966,0
Maitri,-55.57915759858612,36.44837612182912,52.78515331001135,986.8792052326994,0.24908238066547592,5019.411186951639,87.2222813544834,-58.13054392711416,0
Dakshin_Gangotri,-8.17323773523118,34.16922186201599,43.883317283712444,987.0764219825629,-0.592985719455906,8238.803875819134,78.02436712797859,-10.565083265572298,0
Dakshin_Gangotri,-26.216607348240416,39.538872193689734,50.94912555566239,944.6216994641527,1.3603149078481576,8706.792962028185,50.8962697654994,-28.9843284017987,0
Maitri,-32.27200599253356,43.73698025893809,61.5212309624418,966.9183571351542,2.704473670860057,514.6305734448442,85.85192152782639,-35.333594610659226,1
Bharati,-33.404908492446516,57.10733225413352,65.43196342941991,1016.5037769184053,6.653362534598094,5795.609197984218,83.14883230208505,-37.40242175023586,0
Maitri,-19.62310635449848,34.69266478998749,48.632483176797756,992.5956001561901,-2.090933167401588,6813.499861443125,77.80645345114179,-22.051592889797604,0
Dakshin_Gangotri,-38.40634507441708,65.72627067811631,74.27088021452042,989.0867300609038,0.5095462044556436,5546.461703748587,99.68423262967075,-43.00718402188522,0
Bharati,-58.82763337711065,34.821109882532,37.7649057149317,966.7149348553398,-0.353808623589482,5843.061766094732,75.35749359311905,-61.26511106888789,0
Maitri,-18.89305295187586,23.218800718471368,45.855822465208405,985.7456510807847,4.0962480195154765,11970.738824982618,81.46114135381413,-20.518369002168853,0
Bharati,-17.213455030647673,33.23979114648482,65.31773555490496,979.7098016322389,9.600323033390474,2691.444378589977,82.04123632379765,-19.54024041090161,1
Maitri,-27.994477370164493,18.52824475005523,44.17396470079439,964.0650728407102,4.234257801166481,924.9721151406839,88.1612306653353,-29.29145450266836,1
Dakshin_Gangotri,-42.21854312785013,19.05359845159695,37.370759270210115,970.1242102985321,3.192975642235559,3654.0348297810788,71.65702408547834,-43.55229501946192,0
Maitri,-23.66596688666072,27.551387273044924,36.13610284568526,970.574931625229,3.6314976272103814,8976.987669612656,65.32738659102162,-25.594563995773864,0
Maitri,-46.967985524703835,25.536523056418876,37.66733581459147,950.2265347798788,5.06969077983456,9366.7084864216,89.59606786151906,-48.755542138653155,0
Bharati,-40.408458950314895,56.31473412324801,81.88494672792129,953.528654684063,9.657789116312161,8424.030748551671,88.82010209688491,-44.35049033894226,0
Dakshin_Gangotri,-36.26046904756242,27.3718282844669,27.3718282844669,976.0106243385269,-6.7415409936660735,9647.246024406506,94.12251489747192,-38.1764970274751,0
Dakshin_Gangotri,-12.34091393662666,17.087269161457836,28.45466691751933,963.0400381723383,2.3983797601727477,7024.157130249915,81.23353152923504,-13.537022777928708,0
Bharati,-30.439164256553756,30.134725838399888,52.47588503584255,973.9816372707455,-10.324838579042183,3927.9443554829813,50.268659723029,-32.54859506524175,1
Dakshin_Gangotri,-31.71799617664691,34.645811757487124,38.26300793564209,947.8869431675362,3.8054140120658317,2219.373609132284,77.46122409513896,-34.14320299967101,0
Bharati,4.320387731168694,31.795580519610308,51.02946336206567,996.0265201415513,2.2041518174078454,951.5270935068684,75.50536365103002,2.0946970947959724,0
Dakshin_Gangotri,-19.71306254216929,16.619877258145664,35.38976996580256,1021.6095888304073,-2.1873078834163837,5091.314828616551,93.44175015854051,-20.876453950239487,0
Dakshin_Gangotri,-19.91508234287761,59.36305619925676,59.819731896631836,1000.547911990021,-10.680122626044323,9153.374613608734,90.87648425239385,-24.070496276825583,0
Dakshin_Gangotri,-30.545511178131623,10.400178507002309,26.26995960843165,1002.6106939032067,-0.05757908360143014,6947.642520733567,84.19213516902003,-31.273523673621785,0
Maitri,-33.945575014551665,31.547330164802485,40.37287748478729,992.5224499600135,0.8913690110548022,6091.787946164027,43.905072254889724,-36.153888126087836,0
Maitri,-57.79609660025726,16.314101817934265,35.47508857676959,985.3117168229222,-0.25243137020626455,1778.4982140811617,62.62773948173741,-58.938083727512655,1
Dakshin_Gangotri,-10.468892021146626,49.32656060768999,71.02444746660262,981.7304580132061,-2.4857118962030413,16317.07304385739,69.53575230474262,-13.921751263684925,0
Maitri,-18.275354413654313,37.29349660749472,56.28288594522623,961.7094677410225,-3.5871540397643016,2698.1644544773894,69.87946969891243,-20.885899176178942,0
Bharati,-27.6874898982012,34.64493319548588,50.37085643791685,993.8011152205513,-0.20714165233188273,6482.44987644789,77.50311999210214,-30.112635221885213,0
Maitri,-27.058400527543835,26.291893626089816,44.18060635031554,992.614168982939,-3.207506263320063,10012.0696106861,97.20307448154742,-28.89883308137012,0
Maitri,-13.957836066084173,56.777387523154,60.01673663399396,970.7398082743648,3.237201236796623,6169.325881296735,86.68885794042984,-17.93225319270495,0
Dakshin_Gangotri,-48.32065109619779,26.257311217263243,40.94979337863101,990.5200816582193,-0.3148109490915713,2772.243537715881,61.215009471654426,-50.15866288140622,1
Dakshin_Gangotri,-33.84821997330708,68.64211470289426,75.67728223567421,966.1210939943277,-6.898663717702782,9234.641759078937,62.569960148464716,-38.65316800250968,0
Dakshin_Gangotri,-42.04454294338795,18.753895323056792,44.06928285792729,967.3948926274309,0.7067978666220547,641.7782275064474,61.215102738631316,-43.35731561600193,0
Bharati,1.5726392373011926,30.24077286668263,52.07315442649703,995.5021069817,1.6567658553094544,12968.192334319658,73.24738192840846,-0.5442148633665913,0
Maitri,-11.86516702220049,43.14165858096723,64.94567208216594,988.6105486710377,6.47195149816187,7128.937589453407,87.08324332645645,-14.885083122868195,0
Bharati,-58.04038961703046,38.59062369628652,70.72553925392634,975.3611132652672,3.7125562579665026,4986.361311182136,89.46027182394424,-60.74173327577052,0
Bharati,-47.70642439959963,29.02566035743764,40.72588570943415,973.0466769040821,-3.5947635557990316,334.4708485467736,69.35676601683397,-49.73822062462027,1
Bharati,-26.985185100362294,11.243565250130052,20.75349172802155,983.4954549861226,5.703305845252215,1392.086557284335,74.54788628165765,-27.7722346678714,0
Maitri,-32.086603181086375,32.64872475640642,44.112697593831996,943.291989025369,-5.54412870314079,5791.62738131451,100.0,-34.372013914034824,0
Dakshin_Gangotri,-44.865733121153326,24.619616063945468,24.619616063945468,964.8446116430487,0.11266776099989737,13570.989709305286,52.72716698489613,-46.58910624562951,0
Maitri,4.17143356475734,21.58090580306519,21.58090580306519,954.6978177396834,3.0162723967540392,6931.9027458809815,84.56943922336296,2.660770158542777,0
Dakshin_Gangotri,-20.31190129026131,44.41865352291995,65.62968361260107,980.2370613532037,5.834781841753303,7388.238345056706,82.94925979825763,-23.421207036865706,0
Dakshin_Gangotri,-17.877755157053627,9.863253271451736,10.911851962213458,1001.7723692132445,7.555604067308431,7544.4271994375895,70.55032411383308,-18.56818288605525,0
Bharati,-35.38022423848321,29.577720595074343,33.82859494497375,989.5431743895593,5.09889519205395,15456.168381591335,74.72328460371484,-37.45066468013841,0
Dakshin_Gangotri,-14.165887792329963,5.484520220887928,19.467321449838327,969.7700406378669,-0.5464584327101769,4234.438414041215,81.30329787858771,-14.549804207792118,1
Dakshin_Gangotri,-30.706491414730177,38.74011870212461,49.61784267474795,965.868063124367,2.318687568677477,12261.870539009025,70.58169063932759,-33.4182997238789,0
Dakshin_Gangotri,-29.25014760561249,44.652126127431465,68.50864970539214,964.9226720364319,0.897616035622011,4405.683654154761,65.43591601521716,-32.375796434532695,0
Maitri,-15.834970602621102,32.413851688509084,48.01846473852403,1019.9923424710973,-2.837739535206372,3185.548246897317,64.30625883006891,-18.10394022081674,0
Maitri,-49.434963475904496,23.395997929486928,30.411311137764933,981.3612459301866,-0.4625009305458372,5681.556753569658,100.0,-51.07268333096858,0
Dakshin_Gangotri,-1.0445821022352604,56.360648582278905,81.0769786797097,983.995018805777,7.191281864562315,5661.825868090278,68.39559391290693,-4.989827502994784,0
Dakshin_Gangotri,-22.264161779141862,58.262587642131436,80.55050149051925,937.777407481839,2.5846463610905035,8248.053789186852,78.02026926857633,-26.342542914091062,0
Maitri,-5.785836868293636,35.56008034094052,36.45024596520153,956.3812283121263,8.237470350152922,20.0,86.77878696914314,-8.275042492159471,0
Dakshin_Gangotri,-41.13129634928228,62.632505874298104,80.15517232089843,979.1164623625976,-4.329994309034568,6591.439884674357,71.82755598537453,-45.51557176048315,0
Bharati,-38.847476860422894,18.732804628947246,26.582036733095762,970.0367586086427,-1.5262301963488123,3605.0112243168433,75.53684741801409,-40.1587731844492,0
Maitri,-42.428503323997184,28.091807543388843,35.67742961538716,982.6611616043932,1.6610339836454069,3104.188927291582,82.54117579046587,-44.3949298520344,1
Dakshin_Gangotri,-21.245534910027416,7.1313570851014525,40.826503698226546,982.3975774203043,2.9694314378719073,816.8902179695624,62.28102052546397,-21.744729905984517,1
Dakshin_Gangotri,-24.010250471226307,15.670618920207113,31.913332804724995,992.0090449404074,-0.46713634288952793,4540.784384519322,51.953204763577034,-25.107193795640804,0
Dakshin_Gangotri,-31.96617728846771,14.894961068234279,27.71957618309481,942.6167671705434,3.202003413795237,3933.5717322208384,64.04093697970326,-33.008824563244104,0
Bharati,-40.21103789327919,38.62005919216861,54.469571445124814,957.8954283352929,3.171832260325756,4293.476711447911,100.0,-42.914442036730996,1
Maitri,-43.99894404596263,16.287001836283828,40.029404464576764,978.0077534411074,-5.551691621640802,20.0,66.37261852887875,-45.1390341745025,1
Maitri,-25.72725850705984,9.477436108963094,17.461391349428652,967.0519358336663,3.013766299959471,6392.599112787001,76.95973522118504,-26.390679034687256,0
Maitri,-31.983801693829,20.68247347400906,30.37397377959904,973.7944482837883,4.293057512168306,2833.4849671593342,55.1128329715962,-33.431574837009634,0
Bharati,-35.284104885373935,22.111273129852545,43.67798771131582,982.1805484268672,1.1846202532381083,20.0,95.13216250265828,-36.831894004463614,1
Dakshin_Gangotri,-1.793657708025858,13.958583383773703,13.958583383773703,965.1013392569704,-7.359845225444454,3807.3518469793153,70.4837199493123,-2.7707585448900174,0
Dakshin_Gangotri,-26.23488517289101,31.14689499966629,56.0546134087592,983.8454024518666,-1.1073451630670657,2903.698044498974,68.17584065827823,-28.415167822867648,0
Bharati,-5.94935599109612,34.09436183905351,34.09436183905351,990.8796906268955,1.7517609372406873,6164.548959916038,72.99851466696349,-8.335961319829865,0
Maitri,-32.99878274024045,12.016303126789877,24.558635041035785,981.3015813619596,-3.4628185197349732,3753.9581683259203,100.0,-33.839923959115744,0
Dakshin_Gangotri,-21.328355743020147,41.62879121796917,41.62879121796917,994.4145555863237,3.673231404417825,201.8378569530032,81.62291780109486,-24.242371128277988,1
Bharati,-25.832140243845025,18.01997058534918,22.45745396600575,936.5411723264177,2.918360940587881,2446.585227292457,72.64809289788819,-27.09353818481947,0
Dakshin_Gangotri,-50.46433464277184,21.924314644612505,49.900983230662035,968.2793009457978,0.5379467075343913,20.0,31.757742923649907,-51.999036667894714,1
Bharati,-3.5749254060413094,37.44298652282831,62.887565261175524,997.8466181780722,0.06976053989939135,10548.511927542837,95.29492794269646,-6.195934462639292,0
Bharati,-27.027304105486238,22.029967692457003,48.54319069023805,962.7129385405896,0.7715454973734226,11191.445981108129,64.57664734844084,-28.56940184395823,0
Dakshin_Gangotri,-13.803726705505593,15.807751314953327,16.317868479569274,959.9988188071027,-0.016238010842119628,11675.658345339763,62.21023161979129,-14.910269297552325,0
Bharati,-36.28043083692339,30.212441071486637,34.70187948947,977.4746362018934,-5.141949922938584,3640.6095468910903,63.55128500007904,-38.39530171192745,1
Maitri,-27.47266572369647,49.61687550109887,68.01560118941019,979.6536193844682,-1.7204276563129588,11188.438260722498,96.97535591034726,-30.945847008773388,0
Bharati,-38.00278539885032,46.604583278890374,68.75775818068385,969.3060614085516,0.289902270117,7627.991516603513,74.36755164054829,-41.265106228372645,0
Bharati,-6.460022758549098,20.918511788069267,27.923374937083018,1016.8714766897731,5.674411317811728,2711.377964997137,52.169073239169634,-7.924318583713946,0
Dakshin_Gangotri,-20.328859788239864,17.302625413504252,26.513411588065033,985.7298150760579,2.7681757900326374,3485.9246323909438,71.93798151616039,-21.540043567185162,1
Maitri,-19.49419709978668,19.29534386734092,22.981867406754567,961.942342377699,5.889271884879103,5312.077131575213,62.52695531498537,-20.844871170500543,0
Dakshin_Gangotri,-4.627237793425316,46.85520886910066,78.43766177491607,951.2098512413445,-5.619820379225875,6409.806682043261,80.39311668896694,-7.907102414262361,0
Dakshin_Gangotri,-7.654880546514654,19.120474547724797,29.37091655718963,988.1115308400493,-1.4247090540822982,7451.618555271684,69.20373000568719,-8.99331376485539,0
Maitri,-13.51986195795572,61.08551740403236,76.39844044016002,961.4684251504887,8.295432490262257,5992.854372243103,51.460562637110215,-17.795848176237985,0
Dakshin_Gangotri,-46.32591020556194,37.20209475997275,53.03854078219902,1023.0523860482522,-2.9718727929395423,4605.917375221505,73.7626677147708,-48.93005683876003,0
Dakshin_Gangotri,-35.43518679275026,28.439904141782037,54.49610867652013,988.5588560847679,-3.0517108196633216,11408.362863136565,74.14806798182666,-37.425980082675004,0
Maitri,-40.05832204017029,20.734525627301302,26.20985998097721,991.1994394274498,-1.0870186716720647,5544.869762811988,56.19761172159717,-41.50973883408138,0
Dakshin_Gangotri,-14.086994595613012,30.426173792869612,57.10878213513115,984.9737433707762,8.072446974392044,5315.887777273591,45.59892173301798,-16.216826761113886,0
Bharati,-22.44022087374923,15.751497589988224,17.96429043377131,1002.431388718136,-2.686096740780198,5130.916420296104,79.23921519608182,-23.542825705048404,0
Dakshin_Gangotri,-45.857686504458925,12.244728682644006,38.90193126042124,932.0930261112001,2.2299379176294876,5547.198369543185,70.79035724137665,-46.714817512244004,0
Maitri,-27.831163195168415,37.38266000925444,37.38266000925444,955.9345993203634,1.568136201102773,550.3067042148632,71.7722874960698,-30.447949395816224,0
Maitri,-47.41168503578167,28.374143332981475,42.32858681430043,1000.6827601403094,-7.713955290163331,1987.6101452105008,86.18748232946237,-49.397875069090375,1
Bharati,-25.7973473210464,42.3943679300892,73.64874014711813,1010.0115982367599,-0.06270919281985718,15783.947550713963,45.91977396613012,-28.764953076152644,0
Dakshin_Gangotri,-49.83058755980777,33.53018841251127,55.50274949496782,955.2943594764376,-2.211700772189972,20.0,75.90454038069683,-52.177700748683556,1
Bharati,-17.067587599230805,20.551781229258022,39.76420411567051,943.6273766791556,2.711888053184224,7087.106638666779,84.93867007754899,-18.506212285278867,0
Bharati,-19.3305606094889,46.57797980154824,51.093828385306516,983.3504357403395,6.956280954775948,7370.098189089449,72.26028467118647,-22.591019195597276,0
Bharati,3.619227400203222,21.872809198386534,29.52479675670296,989.7082483750529,-1.3781933487799767,10050.895918885422,53.75773890169108,2.088130756316165,0
Bharati,-12.281900657539865,53.132050174967,81.57600838527858,982.9476475435617,-1.3783627466409247,7467.122680653879,65.08754746442598,-16.001144169787555,0
Maitri,-31.34371383733754,21.50704506818102,41.23043998075083,978.80741848111,10.071312946329234,13563.466594801403,68.22803152334959,-32.84920699211021,0
Maitri,-12.72894860088271,13.428309491974053,37.330801961979695,942.9628990278538,-2.846166052575235,6958.58339840997,51.31532119569975,-13.668930265320894,0
Bharati,-45.96495821417768,57.920505056257674,73.65844318106508,972.4997972183174,-5.372006601337699,11391.418726728938,80.57061375630582,-50.01939356811572,0
Bharati,-39.43708905521628,21.113758207868994,33.29644336773414,975.4819793802168,5.510287638759543,10159.889654402641,75.04804840774523,-40.91505212976711,0
Bharati,-20.00286201887335,21.91854170598179,44.58515801073611,969.035195969736,-0.2025341564810291,12167.960979465392,65.35604278323163,-21.537159938292078,0
Bharati,-57.37374494121891,13.769324316564402,31.362854661124096,941.6252314621263,1.1332777560462135,6099.350057714197,89.78285878909583,-58.337597643378416,0
Bharati,-25.557411774008244,27.170301718264888,40.47070170738445,991.6947306664957,8.9260243775648,7591.575359938488,67.1702384374698,-27.459332894286785,0
Bharati,-40.30394938177631,14.778208545149061,15.638137979735047,997.3152496317603,-5.611916228668183,4523.293849042219,97.19857058107019,-41.33842397993675,1
Bharati,-23.480394172701047,56.22613648388335,80.76521945707911,964.1071087861104,-0.7818498700760942,6639.014364704419,70.96607335307071,-27.41622372657288,0
Maitri,-41.16604537070895,23.688119120658317,43.08838223705216,976.2805678373941,-4.945075371570906,6859.94962743273,60.681877259538716,-42.82421370915503,0
Bharati,-18.63627793817217,17.486794570962278,26.42417407948375,970.0617691698799,1.3407338313237878,20.0,61.13469873663805,-19.86035355813953,1
Maitri,-24.710088644989156,29.65151524313098,56.44404258441149,970.2561546711946,-2.212014646206319,5427.426243109107,76.36621354556311,-26.785694712008326,0
Bharati,-3.9945112467800428,80.36103663762155,97.7991616282878,989.8633177121354,-4.691750351657623,9559.490899844786,58.94272035843608,-9.619783811413551,0
Dakshin_Gangotri,-24.89898198847567,30.349960527221768,47.98394891817254,990.3463790391427,2.929109821271686,599.2430034615036,77.16601458752409,-27.02347922538119,0
Bharati,-36.52964207442199,25.430230605033902,49.269186367482256,1001.4954247587509,0.04131646553027401,2054.6333944159323,68.992208240985,-38.30975821677437,1
Maitri,-28.703287837409242,29.288465523202852,50.97553172625584,1001.0785804004553,-5.0065272340235145,10622.589211365199,68.64823576518016,-30.75348042403344,0
Bharati,-45.16354595525097,43.47111924430247,61.40786403561092,976.5638781355699,-4.7614519876296475,11372.512323513905,74.37554321054019,-48.20652430235214,0
Maitri,-18.9079411794184,41.49888788332552,54.613037347875554,1036.8420887222558,0.8312327933429721,3516.925421135433,90.07025792987486,-21.812863331251187,0
Maitri,-16.152246305270914,33.02037368669567,67.85701522904097,1010.9990391565753,-6.683095326045168,6695.938899131939,66.85509010993982,-18.463672463339613,0
Dakshin_Gangotri,12.037940550392264,47.53930828535252,55.20130007671238,966.8372012698252,0.9099370734877753,5687.790239205651,77.76193677322124,8.710188970417589,0
Dakshin_Gangotri,-34.32753985906607,30.141192812861128,52.600911202801925,982.5319757318442,5.358227402817153,10707.903843595503,81.66448764688232,-36.43742335596635,0
Dakshin_Gangotri,-29.016918605127742,26.54790311595776,40.70931145223449,940.2837334150591,2.668241179681059,3866.6142235427155,56.852346798712354,-30.875271823244784,0
Maitri,-33.636377866573234,29.802174657441583,49.349310932073294,980.5451526565388,-2.4933003918904,4485.415088564878,82.84143200709894,-35.72253009259414,0
Bharati,-21.81829448303164,21.578335808189937,48.91256899189267,1013.4738952513172,1.0973610863503227,11363.06886011891,87.23069848359347,-23.328777989604934,0
Maitri,-19.274641982805797,43.934913373444616,55.819129103756694,1035.6260894073653,-5.006304756760514,1986.6776694747255,89.4921519209938,-22.35008591894692,1
Dakshin_Gangotri,-25.80062266642766,21.02404720759615,42.04241062893279,977.574429352708,0.5451354161420672,4008.164825805077,58.36874950400644,-27.27230597095939,0
Bharati,-8.705111246904519,8.730338924922487,26.38591173002021,986.6976477006601,-1.3073980973379147,6531.593452653436,59.41702843902763,-9.316234971649093,0
Dakshin_Gangotri,-34.254692556321665,12.19969357012504,20.786678627341868,992.1062405779876,-4.157405637467805,12095.079254837136,74.18476338319289,-35.10867110623042,0
Maitri,-10.207389281639319,34.72264168421908,62.30363167141115,1019.5940714304681,2.4948668105112723,1226.150667688922,73.3313173521009,-12.637974199534654,1
Dakshin_Gangotri,-16.922532195383763,19.18235738752053,41.294235344259434,960.3405132400491,-7.9098957238335785,3157.6510202394193,75.28970772727646,-18.265297212510198,0
Bharati,-25.180448798484196,41.99006582820247,52.644566513085785,1033.110260974387,-4.743251092490814,8370.203286651029,69.6508445929269,-28.11975340645837,0
Bharati,-29.72404961135718,28.511540062275948,54.547477834656746,973.658562264645,-4.262324624747533,8987.79987487122,77.78745399375927,-31.719857415716497,0
Maitri,11.400016380970541,43.77097495725833,50.456778456528,956.5969212215892,-2.0192302259372545,6846.222708071992,36.68888165295178,8.336048133962457,0
Dakshin_Gangotri,-37.25512976113119,9.244450972680818,23.955108343829494,973.6947759215503,5.197349872533722,5533.11519464797,84.87121134990427,-37.902241329218846,0
Bharati,-20.53100234547378,20.936739769052192,31.644501423491036,963.8078998860725,3.0170394786906396,6518.609617022027,97.07828789552393,-21.996574129307433,0
Dakshin_Gangotri,-36.25328605363199,17.173071545739965,39.686191435939875,988.3851138325026,0.4212482514840538,20.0,66.70423724638675,-37.45540106183378,1
Dakshin_Gangotri,1.784311229319588,88.34517889859005,98.54834534325872,946.9521172473214,0.2326563252448286,6405.688124226688,78.03533992044612,-4.399851293581715,0
Bharati,-11.697605068011946,22.837849337072893,45.422680506683335,982.8328007612181,-0.047027750369824164,11928.491617067128,100.0,-13.296254521607048,0
Dakshin_Gangotri,-35.17524818261716,12.093755978077546,33.03835740396789,993.2793787870622,5.487299799833811,719.4069194358399,75.50195754559743,-36.02181110108259,1
Dakshin_Gangotri,-17.311075098531575,34.39213275165062,45.6396412775189,1009.6566798501913,-7.262753978378712,2863.7961352587504,79.58138953170025,-19.718524391147117,1
Maitri,-21.13456418085167,16.35649503648435,49.653670951047374,993.6121217523925,3.086232153150712,4412.484219498194,100.0,-22.279518833405575,0
Bharati,-32.74937142962108,46.051989158828604,53.599642661593954,1008.4254895799668,-2.0327766595354846,4664.294612681193,100.0,-35.97301067073908,0
Maitri,-13.627536741577401,49.908857507544326,50.81871664697672,967.8866465458354,2.0119612731856598,13365.459762134102,59.08851911178124,-17.121156767105504,0
Bharati,-19.160419133433848,17.26613646141681,40.8271278281037,987.8838051248829,2.0311038519362863,2272.3699348529917,68.82760133545894,-20.369048685733024,0
Maitri,-21.764519291710716,65.09954698301473,65.09954698301473,935.415460110778,2.932979767917805,1473.1540986455693,88.40383698398557,-26.321487580521747,1
Bharati,-25.628795668634933,19.489368665274657,49.40753692858105,977.7202408229487,6.33458999243768,9084.286779660917,82.45672464035744,-26.993051475204158,0
Dakshin_Gangotri,-18.53418261100523,32.77571516041941,48.793253925683075,987.7350256481918,-5.484141764346347,3412.5737539423453,85.59062739030094,-20.82848267223459,0
Bharati,-21.559185077613108,46.734004241290194,47.464153493237816,989.544650852022,4.021778806434925,9150.698543555885,35.67653370346523,-24.830565374503422,0
Maitri,-24.11360000462474,34.70833595049954,40.223690925725826,948.5184565713536,-0.2554194809149875,5211.752756581299,45.691824723329326,-26.54318352115971,0
Bharati,-34.61523873981345,22.857860630174567,22.857860630174567,972.1966817819866,-1.8434238399060205,7836.079483580071,100.0,-36.21528898392567,0
Bharati,0.40649361143738716,13.476465559123534,32.30529508615896,974.9847899828503,8.135048484150824,20.0,86.6081055378957,-0.5368589777012602,1
Dakshin_Gangotri,-40.7562991502282,63.84761318424597,65.5784714743234,971.4184980735131,2.807644957802854,7822.6256316546605,80.30462776510063,-45.22563207312542,0
Bharati,-18.585456716803826,35.13358745016773,55.15447775712721,994.500116932791,-1.6688182450475548,6871.185825609802,56.36565262743628,-21.044807838315567,0
Bharati,-29.803611134521493,70.64534938743108,82.59710787289534,975.6634513080328,3.829249305785187,4978.477153152981,68.77517958140976,-34.74878559164167,0
Dakshin_Gangotri,1.393209041739496,37.69121861711643,47.937577214995486,981.9865392119715,-0.18423390012834964,1069.0463793149902,83.54478176267989,-1.2451762614586537,1
Bharati,-38.55223805835761,65.99533996244168,86.08879963105761,970.2076080146236,-1.7315394023639064,6867.340893746846,54.253770919580575,-43.171911855728524,0
Dakshin_Gangotri,-36.02894892640498,18.525494888469485,39.7606081847504,1001.2964888368017,-2.4243484392692736,8896.184163931739,64.42118968128877,-37.32573356859784,0
Dakshin_Gangotri,-39.54727094892738,19.284092460918565,45.742121181373115,1002.7846837262961,1.2182527031611559,3875.3852072348836,80.63101047522422,-40.89715742119168,1
Maitri,-20.148024235740845,26.01371925930971,34.67593589700353,973.833165111221,-2.4554879417971365,3954.0389568921773,83.84613832718308,-21.968984583892524,0
Maitri,-45.59575989352963,17.719555802879714,32.42146117627041,1037.0117846640449,0.6217155655337951,9175.555245117246,67.1542720169598,-46.83612879973121,0
Maitri,-32.17792742136649,10.979882383292393,19.626611057978288,964.6704440453392,3.548063509816134,12840.88448522458,89.73401820526777,-32.94651918819696,0
Maitri,-57.28548734281427,20.391766430144134,37.02164118561208,1000.1439382776051,0.44204447108292644,9758.476473430313,89.24666160245297,-58.71291099292436,0
Bharati,-21.39367968807864,37.42222726616651,44.639330413465196,960.9799865082526,7.906004236610531,6917.853948598741,48.10870057263555,-24.013235596710295,0
Dakshin_Gangotri,-32.50322288134394,14.417184727568454,25.176217422563276,995.4604849652578,0.05282492576518498,5027.096756844359,99.56948930670961,-33.512425812273726,0
Maitri,-47.320851158977796,15.34710049453689,26.157095396826264,993.9000798693286,5.39615432542946,5889.996173026648,92.4962364484685,-48.395148193595375,0
Maitri,-8.71585895538912,21.101954678217837,39.035564118489944,959.7652376529637,3.9051816699436066,698.0344219343615,78.09853067881374,-10.192995782864369,1
Dakshin_Gangotri,-44.61500347577409,16.63608708639309,31.66563675873887,977.3879407098888,6.101204968852651,5382.45764239558,72.94050479381497,-45.779529571821605,0
Dakshin_Gangotri,-13.04584464957677,21.751302586145677,41.81431864383288,1017.3547889272907,7.8884163152204145,10479.538163832676,86.84014804672336,-14.568435830606967,0
Maitri,-35.51561235981707,27.032858794527623,40.962892973068435,963.7139685950376,-7.045348007786382,6158.539430705516,83.00578236421684,-37.407912475434,0
Maitri,-0.9764293315686103,14.984793211462504,24.187266543367834,988.0373197423594,1.060657182066717,3498.000703158164,70.9267097233756,-2.0253648563709854,0
Maitri,-13.756741916107806,21.366202166178503,38.27903113875323,986.7096777256995,-0.44747463839312035,3128.00606154266,99.09406490502651,-15.252376067740302,0
Maitri,-40.120718063110424,28.311249285186754,34.13940985127837,979.1543409086305,0.44573225186476406,5872.935184484478,43.42947529448719,-42.102505513073496,0
Dakshin_Gangotri,-38.756238283154595,18.1116350195837,38.80321317737724,945.3773922491829,-1.5895997846925358,1061.452630669276,65.02660976622231,-40.024052734525455,1
Dakshin_Gangotri,-15.917121921635351,13.47370615716171,25.619054277513293,996.5725006862662,-2.1738263354073326,2365.781232791708,81.71667724545004,-16.86028135263667,0
Maitri,-28.935671960652503,18.850758282840985,35.89595237983634,980.2323256373684,-4.39835120840502,12131.270060283292,74.21844000323588,-30.25522504045137,0
Maitri,-27.54013760532048,23.54861087380628,40.7488509232589,1002.0769134540543,0.3895331210277279,1855.5981012213624,85.49385662969541,-29.188540366486922,1
Maitri,-5.916417073418533,10.635147346231518,41.650602190086914,984.6351621040563,3.7360617469012007,2793.8401389083624,54.080400194112855,-6.660877387654739,0
Bharati,-36.230333100549345,37.710598886366476,56.52643590199427,981.2893846319386,-1.9747815851986088,7165.351473037435,71.18336574712188,-38.870075022594996,0
Bharati,-23.630593417368182,24.22232683057547,39.95451636127319,987.4508206527474,-1.3140300566350345,4232.942971732415,92.25552623717465,-25.326156295508465,0
Maitri,-10.680583095215411,18.90768829851849,26.98398009991394,960.24938371113,-2.792290908968407,6354.535755517029,52.59440085860926,-12.004121276111706,0
Maitri,-12.863237674215997,11.657042323785172,34.68089387309021,1011.1621245453736,-3.977402369713295,9451.502942822259,71.39298015415295,-13.679230636880959,0
Maitri,-27.394190012810085,35.301375057823414,47.5993198536982,972.4917131443099,-0.9445749513794296,20.0,67.03772241348047,-29.865286266857723,1
Bharati,-29.333588212789873,50.15835203319089,50.15835203319089,972.7487693145483,1.3728659547735218,9016.98554578098,80.45045104947677,-32.84467285511324,0
Bharati,-51.08223193781397,20.84999147102525,33.89910924841194,1005.8459263450387,5.029384535081607,3670.441049255203,80.8964145116697,-52.54173134078574,0
Bharati,-40.84367488997793,67.5326325624815,84.44753050616363,984.9468439101346,-4.768412637809967,4855.694227063145,76.4564830845106,-45.57095916935164,1
Dakshin_Gangotri,-20.224611601378996,27.625191958587745,34.44013498206089,975.2709993640792,-0.12153852523536622,13688.367557535368,70.65218829588504,-22.158375038480138,0
Dakshin_Gangotri,-27.068232834133543,28.15245358063163,41.97065052953428,988.276401871066,4.712546553905486,389.50534596493253,75.94901478910485,-29.038904584777757,1
Dakshin_Gangotri,-23.876093821506604,42.98582985846294,57.271001491971916,992.5196815725324,-4.715351782507551,8362.81084893048,72.53024284209614,-26.88510191159901,0
Maitri,-9.411195855489092,36.23631360129519,50.677234658536996,977.6332074651256,5.068065797685658,10512.11762720074,74.51305760617953,-11.947737807579756,0
Bharati,-42.80984663593412,14.362225003619077,41.70864370077362,998.4466017002952,-1.7558153812339166,3265.877203010603,96.85450657265781,-43.81520238618746,1
Dakshin_Gangotri,-28.54270453348975,20.431157784908716,22.3155791730616,954.5889126067843,2.8453538233371454,3329.0847419860947,56.966130323235234,-29.97288557843336,0
Maitri,-22.169335548831736,46.66225998248275,82.0002845743384,985.2361957810984,-0.872266250348585,4525.328410676325,80.12484655193701,-25.43569374760553,1
Dakshin_Gangotri,-35.56239906361774,36.6050334567007,51.27668025478862,996.0053936831272,1.8349941481402483,3242.17627971559,60.86830874673483,-38.124751405586785,0
Bharati,-3.5278432910887467,67.84377093831719,88.64588327784182,992.4359020990163,6.436160502757938,6265.883983016185,100.0,-8.27690725677095,0
Bharati,-11.371197975802787,33.79398392820305,50.0723465935816,935.1790108465162,-0.48565643118861723,9570.424300536868,76.33617515337122,-13.736776850777,0
Maitri,-20.648000093668667,37.23454059296767,37.23454059296767,977.4681488892564,3.9860002609162004,4547.065124855925,55.98190211050529,-23.254417935176406,0
Dakshin_Gangotri,1.913476689928796,18.81661448607923,23.250837936220474,955.7192617494924,1.098548562950318,9714.217405078549,71.52129922786682,0.5963136759032499,0
Bharati,-47.48342919415214,49.77221641226377,59.529457615885875,1005.7154340867397,-3.144078884492874,11604.042345037004,53.11623503140741,-50.967484343010604,0
Maitri,-25.115894216585225,7.073041737259976,32.010239918429626,972.1865219600676,-0.5823488452201545,7724.237514761633,65.50152811014279,-25.611007138193422,0
Dakshin_Gangotri,-19.504945465989085,30.681959477201126,31.838748119703983,1003.494077050796,-0.8324176953615844,8101.934245775128,84.23628412113418,-21.652682629393162,0
Maitri,-38.71832570190883,37.79594564015278,44.238571369741955,955.6591231649478,-5.647236160925571,3624.1817147545735,95.4185632296298,-41.36404189671953,1
Bharati,-20.489281872734075,32.66508223803829,49.31359064082085,987.8128556813041,1.8361530670683675,20.0,91.21028955465272,-22.775837629396754,1
Maitri,-41.598737406818174,27.744113907360305,47.47267838518967,980.1588120410939,2.6318851376706567,8342.818685887323,73.42685328293288,-43.540825380333395,0
Dakshin_Gangotri,-14.641640225886203,26.147873784083917,45.575082552398925,1035.281385201113,3.249563303502328,9185.904494518672,83.55083390372306,-16.471991390772075,0
Dakshin_Gangotri,-9.1324784780664,28.33839180885226,33.498340671615104,1003.5585537525631,5.719159404728494,6969.777289880563,87.12759539070295,-11.116165904686058,0
Bharati,-20.914998983075076,15.64416448392564,15.64416448392564,1002.277685399416,3.8157017024391484,9639.076530008299,100.0,-22.01009049694987,0
Bharati,-52.79196722597419,32.58005597446276,52.97065240659309,1020.5561548394495,-2.4121061150823633,3806.94744233823,65.94037078489369,-55.07257114418658,0
Dakshin_Gangotri,-39.50190281749052,18.93273867419179,48.263978089589074,985.6753518253163,-1.5608029317239236,8074.062185811648,97.64086646506806,-40.82719452468394,0
Dakshin_Gangotri,-16.529349951802587,20.859524910315177,32.40650875655832,978.0098747790324,3.355031972216463,11888.575472370747,58.619417933209405,-17.98951669552465,0
Bharati,-24.682020347314513,14.656862939416769,18.20999809457644,975.7295224052848,1.5588318846790759,8662.67163876478,92.69905582515236,-25.708000753073687,0
Bharati,-65.41003926538733,98.19372525284695,108.89492202819851,986.5563331534231,-0.07130354143153027,11371.023088114609,65.69017543734785,-72.28360003308661,0
Dakshin_Gangotri,-6.357544241976395,31.426506403568034,50.36713213741534,924.5975476361845,-3.498882779859333,11396.626069178577,64.7440312096703,-8.557399690226157,0
Dakshin_Gangotri,-22.950152406192515,12.956535715533818,25.625104147767484,980.0465241541676,-2.122869805428659,1114.462364464167,70.73025635659057,-23.85710990627988,1
Dakshin_Gangotri,-37.286119960000676,29.77515476896981,58.84709118411793,984.5358307426989,2.3312376428694854,8876.724305700645,63.36009496894086,-39.37038079382856,0
Dakshin_Gangotri,-10.075666036500037,49.495078666918374,73.74478586096126,976.8829904522428,-7.803389276046305,3472.181803358311,81.3908256602688,-13.540321543184323,1
Dakshin_Gangotri,-35.16310019360348,32.39678402641872,49.240164688461235,949.3818495076116,-9.359877815660512,1570.066404423328,93.39812463266483,-37.430875075452796,1
Dakshin_Gangotri,-35.32678176406322,27.366216298038367,27.366216298038367,977.0032682810644,2.7735095633833504,4857.382766911052,43.32657562887818,-37.2424169049259,0
Dakshin_Gangotri,-19.624710234789458,18.091696290510203,26.169060002099002,949.3260158147716,-2.1339213662593863,13016.636167719695,72.38096412650917,-20.89112897512517,0
Dakshin_Gangotri,1.7155768886344198,32.423871762175956,41.9436484987193,1015.4751547899344,1.8741491364452716,3824.799550984679,58.701576708630974,-0.5540941347178969,0
Maitri,-0.6461923304067057,40.75989668559233,48.293736869112394,974.8529960106383,6.306689051519006,20.0,88.57623649558658,-3.499385098398169,1
Bharati,-19.6043275164384,40.98161075120286,57.889823469852104,938.7459189362751,-4.0522631902066415,221.56760149722868,96.30604087749022,-22.473040269022597,1
Maitri,-18.064215117245205,30.886421441282376,48.00084225163468,975.8697809685999,-6.678372726546506,7913.517460928089,72.38036515806185,-20.22626461813497,0
Bharati,-13.127516018727624,30.83743957518596,30.83743957518596,997.9079677297453,-1.1055905988688552,2964.698886832577,64.45043782684166,-15.28613678899064,1
Dakshin_Gangotri,-43.85475513054024,53.57006091577297,76.61604153638447,983.5215614802959,-2.7392004309749867,20.0,50.77194002655193,-47.60465939464435,1
Maitri,-15.337774942720262,50.777983288871845,65.93922035213517,961.7228785033044,-0.10143602812547702,379.54961661034395,100.0,-18.892233772941292,1
Dakshin_Gangotri,-36.011102022152926,25.380259887253118,43.95667402233923,966.4350363031615,2.1521303106552176,6667.673130063604,94.78395423620924,-37.787720214260645,0
Maitri,-20.22282899805129,64.92169259104331,87.36995593972856,974.2630551051927,1.3067770996403867,9117.942588002941,45.32237669902444,-24.767347479424323,0
Maitri,-28.41201441411006,13.091177983090475,20.421480789688818,971.2067314399501,0.18500736303676424,4217.137581315594,84.83211231766484,-29.328396872926394,0
Dakshin_Gangotri,-17.481875093286785,31.59139261875995,59.18044951191814,954.8086771709429,4.232634805299442,8595.915305410086,58.317972936327806,-19.69327257659998,0
Maitri,-23.2284480249031,33.21498959246875,46.79705402159701,978.648045046994,2.682798446038982,9659.718651587047,67.37210048896154,-25.55349729637591,0
Dakshin_Gangotri,-71.0954540623195,17.516163794238423,47.641636059907775,953.3253153093474,-0.7255976152509181,2865.158131014164,56.27286346123384,-72.3215855279162,0
Bharati,-22.316624324422293,11.514050858276338,17.57472650546459,998.9808969176472,2.5409945132191605,5515.123093040928,44.988059687406526,-23.122607884501637,0
Maitri,-15.36770571551106,17.73161852479414,47.11408459410305,1001.4221169779922,-6.1824573447518185,3598.0724890825736,74.31620865231406,-16.60891901224665,0
Maitri,-18.311074774923195,44.8455574408637,50.80571719718812,959.9362512653328,4.254994299375137,8155.519978719685,100.0,-21.450263795783655,0
Bharati,-26.538789193128693,45.50319207372288,85.99100493977878,965.6671217382312,0.08876008718640573,3551.0643566031263,61.109466581161286,-29.724012638289295,0
Maitri,-0.36757462104390726,39.65167054448388,45.13333291064289,971.539997297325,-4.802717988792518,1147.2911640242728,88.3697673724657,-3.1431915591577786,1
Bharati,-20.329403063175086,19.114406353874553,44.68027355842848,979.3696441137188,-1.6665535822165203,6210.346445552542,90.72440120808938,-21.667411507946305,0
Dakshin_Gangotri,-18.434900497103406,45.78706926127291,57.16312702434789,985.1369548686422,4.150161571463774,10441.379847021102,85.82624860323178,-21.63999534539251,0
Dakshin_Gangotri,-9.33262158924147,19.840877123418007,41.991100960083486,989.2610543168278,-3.070637162597824,8042.291021188979,100.0,-10.72148298788073,0
Bharati,-19.561105004551017,32.57334285499819,47.168092183741514,988.7944372293509,1.6423918853847592,10027.341038241944,89.3281065718902,-21.84123900440089,0
Maitri,-38.47026630121305,28.248018636079752,32.33571488245262,1011.0773110567468,3.5151078756433103,9676.08564045422,100.0,-40.44762760573863,0
Bharati,-61.575061206694336,23.038302930780237,23.038302930780237,981.2072813130304,0.09775220468662343,6168.594306965792,57.79400284934131,-63.18774241184895,0
Dakshin_Gangotri,-32.15681353027122,38.6740037627098,78.74983672463873,953.9503697119194,-3.4583725559924754,3610.0473598699996,86.18036966794969,-34.86399379366091,1
Bharati,-13.585817111783252,42.543936676854166,58.27417893300429,947.8163713032053,-0.25561254421179425,2521.0814864174163,97.66348965693105,-16.563892679163043,1
Bharati,-30.296444971267086,18.49540102006874,18.49540102006874,1012.7157374996412,-5.637569960107216,20.0,63.41996266590444,-31.591123042671896,1
Bharati,-12.982324415774057,29.112833466483576,47.13891953113264,990.1931173690003,-1.954622276444666,10758.198217125406,22.707573230675834,-15.020222758427908,0
Maitri,-22.769077361195905,41.43865948223258,63.334526047530844,984.129046629286,-4.428917042590148,4677.579663923039,55.98995881860684,-25.669783524952184,0
Dakshin_Gangotri,-5.679008946067231,5.108584807905492,12.95777697276551,988.9802289235242,-0.18763771240120386,20.0,64.1284621151431,-6.036609882620616,0
Dakshin_Gangotri,-29.428250606809918,34.778164805442024,42.69461942640597,983.205378497641,-5.077250864358161,10937.300874283992,83.41772670858468,-31.862722143190858,0
Bharati,-17.985777601484678,41.87154356616611,56.67312509576628,988.6637780623522,0.3336764702994486,6377.067808375598,66.50347745786138,-20.916785651116307,0
Maitri,-17.411724031969612,35.569456969523394,62.59539927714514,972.5482316288576,4.5314804682875165,9871.077216167549,75.04680393278167,-19.901586019836248,0
Dakshin_Gangotri,-2.4759719105321025,36.43067475974438,52.430275957974644,1001.1039317927491,4.782659483582564,4953.833275108035,65.93500283599556,-5.026119143714209,0
Dakshin_Gangotri,-50.59955959501417,27.19643566333152,56.82868870675638,969.5026951082125,-4.981771717098427,2826.9050335520665,73.07186860078198,-52.503310091447375,1
Bharati,-31.876124118297362,40.4419317888073,66.75412351410972,961.9342576335116,-2.664389441566728,7782.995342939081,74.00663048966203,-34.707059343513876,0
Bharati,-12.272258419172442,14.12955138145425,26.841703638819155,946.183107202532,3.4110610772851704,8114.5400649528365,65.51434081553128,-13.261327015874238,0
Dakshin_Gangotri,-1.8115528033202786,17.78636400364334,17.78636400364334,975.2455058202783,2.8161744351447378,4880.396885547861,87.3188127023836,-3.0565982835753123,0
Maitri,-21.398927310368794,36.1156108268581,48.84890243889457,1005.3500512280533,-2.460805185659513,11254.112242872503,95.70472682080617,-23.92702006824886,0
Bharati,-29.390562466322304,40.50778201287395,60.772606016824156,970.8529971502311,-1.945878322670152,9781.876803395495,57.76693725103689,-32.22610720722348,0
Bharati,-13.643224469883329,49.65493913211662,65.25387389591131,952.4290425003244,0.32905902107156565,8259.055977996743,78.25974000156523,-17.119070209131493,0
Maitri,-11.969459871524755,60.12662931091229,81.47087762782525,985.6965617793982,-7.333170202160442,1560.1114004593119,53.55705671458591,-16.178323923288616,1
Dakshin_Gangotri,-30.394925180009608,19.25760103978223,42.89180080127943,966.9786440745208,2.101322271061214,996.5638982180471,48.70912582967255,-31.742957252794366,1
Dakshin_Gangotri,-20.045390317336807,15.48551299322857,35.79409852738742,1010.9653419245427,4.332285642096509,10796.070339765884,90.5481289910538,-21.129376226862806,0
Bharati,-7.292091063820461,44.332684079464975,56.57939853894172,1001.491955308265,-1.556446862315936,20.0,100.0,-10.395378949383009,1
Bharati,3.3568848991167783,22.506159383439858,42.704994133359975,954.5821041025093,-5.676876051140806,5636.082472862205,70.07452446034267,1.7814537422759884,0
Maitri,-13.860925611470622,27.7660733167545,65.12091563204389,976.5221052956222,5.650454491997809,6586.577392060306,100.0,-15.804550743643437,0
Maitri,-24.337916550016104,42.10932603956359,42.210530432853474,964.8945731286627,0.8777168611637441,4041.147234731933,65.27699590577149,-27.285569372785556,0
Dakshin_Gangotri,-25.811127640568625,31.55997720567165,51.43285187458625,956.7899082783777,2.8358384824201592,5858.715029604482,71.48273960449849,-28.02032604496564,0
Dakshin_Gangotri,-16.63905164209566,39.80748140664491,73.12751425720224,978.8813101638038,-5.284530447906971,7681.18834324937,100.0,-19.4255753405608,0
Bharati,-26.73509263719175,18.272267453320637,21.526367492476236,996.3646552762469,-5.269925852615901,3651.117053513339,61.31004018372023,-28.014151358924195,0
Bharati,-22.155392514664175,33.4217195040743,58.43272042253345,978.3658542432809,1.656484830562475,9525.64124164905,88.75018668809048,-24.494912879949375,0
Bharati,-40.86814396796312,33.069750283111105,59.41692272877737,969.6769749670581,4.11025963414561,8329.902138492005,69.77583710614344,-43.1830264877809,0
Maitri,-5.5441420526326155,49.22156963814961,49.453108089060976,935.8752696761782,-4.516952988858025,5280.16557704974,64.18941840940091,-8.989651927303088,0
Bharati,-42.10277090723018,54.672038337956636,76.79565548213854,966.6836936054831,-0.40720888980939274,2694.27474593349,67.367932716527,-45.92981359088714,1
Maitri,-31.481676406795188,22.242767266698028,34.52960825508673,991.0360952289493,-6.348891407706542,5637.356504296549,42.47550876862057,-33.03867011546405,0
Maitri,-23.536101087222793,16.51214202702532,30.907684061926787,953.1611813672287,-2.806243291847588,14442.680912626343,93.916345202816,-24.691951029114566,0
Dakshin_Gangotri,4.864803198329582,40.982062264176975,52.732515011979984,1005.6512423584501,-1.0280957280601213,2970.2851268994073,78.39450296460835,1.9960588398371941,1
Maitri,-31.34024477278491,10.876202279577612,39.003093193923924,968.3273027630652,1.9552209573018329,12123.122900884646,72.7800097479168,-32.101578932355345,0
Maitri,-34.99023720940595,42.41874406925706,56.297533865262785,983.8743963995919,-8.423102633011904,20.0,64.60585205957165,-37.95954929425394,1
Dakshin_Gangotri,-33.26225376000691,44.062240856112204,54.42910550960588,972.0172168904385,5.2815941007833285,2556.8550937825953,79.67664082275675,-36.34661061993476,0
Maitri,-0.1165424858303119,21.307517110870023,31.843761977447926,956.4736651915663,-0.6821962914306136,3829.481194018762,88.25176358291986,-1.6080686835912135,0
Maitri,-67.18520490259033,5.882568752493355,17.472669193602464,988.8059210949663,5.177549668433534,9796.354923471024,70.8818264554998,-67.59698471526487,0
Dakshin_Gangotri,-40.04107018222881,46.389771084950155,50.59441588564479,968.0397459349638,2.7947894587650515,6221.428622189687,89.45384663808493,-43.288354158175316,0
Dakshin_Gangotri,15.969330637393277,56.577194901665266,66.8558543259705,963.3393767192357,3.409201284129877,11240.286082366389,79.12649397358861,12.00892699427671,0
Dakshin_Gangotri,-16.136768897625444,54.664413261600124,70.84110950863432,932.477014546318,8.081185116674975,4669.431068524363,73.5992989896692,-19.963277825937453,0
Bharati,-41.5897742400883,55.55050646148461,74.59432066130972,1006.0537354660638,-3.1264583809899156,5784.560885826211,88.68544108586846,-45.47830969239222,0
Bharati,-25.628769732621574,13.525350246760524,40.565740825188584,980.1229749661795,0.5417736232776205,4685.274560798125,67.38127210040942,-26.57554424989481,0
Maitri,-23.988181508982073,29.56074474665767,46.97053374207523,1002.1313877511016,-3.962832705444116,14105.605124547663,56.227017197589916,-26.05743364124811,0
Bharati,-12.308121311415912,32.963029671114334,43.21833237514565,992.4038481399198,-0.4088370979758619,1519.0342799989667,74.20366011346047,-14.615533388393915,1
Dakshin_Gangotri,2.5925300423384527,30.473658813426123,35.36325887527654,1002.1286483635051,2.8803785832003466,3967.2122359543155,75.52918122608673,0.4593739253986242,0
Maitri,-19.17172478081177,40.01417633694539,57.95904514501141,968.7171036939438,4.509345150899154,2088.150797491515,71.66516620998215,-21.972717124397946,0
Bharati,-33.09682454519441,15.931597119326883,29.7578893117485,952.550887761979,-1.5290385036527165,8293.249884187837,92.84842205894795,-34.21203634354729,0
Maitri,-13.193733368526935,10.692040626680752,24.848868186539008,995.2538575082774,-4.819145450469198,1435.9609717802932,82.50738647251715,-13.942176212394587,1
Dakshin_Gangotri,-35.473790452942914,8.71981750694817,26.345112678429146,982.6039748733143,0.2932240701182174,13288.58585503318,73.2740442698172,-36.084177678429285,0
Bharati,-40.50006243983544,46.88170415535335,67.07559496780064,970.6726723415914,-3.408671853034476,6322.719541201149,74.91735900777464,-43.78178173071017,0
Bharati,-51.39863307934668,13.435028812474105,31.13238105383881,994.8542681548398,-2.3115216397204184,7649.520288807147,76.20944278566856,-52.33908509621987,0
Maitri,-48.47692591750601,30.371780470174475,43.66659943772746,986.1626119011559,2.686930801270682,7852.409993992545,82.89079034407156,-50.60295055041822,0
Maitri,-38.446677341864074,20.776066720004714,27.762248679570394,992.7787694826931,1.942518608939505,5919.762997389499,75.78801552382359,-39.90100201226441,0
Dakshin_Gangotri,-42.666846515513065,21.291501755699286,30.163654066938932,959.5521113839144,3.336809299320828,6486.6574587118375,72.68306311327491,-44.15725163841201,0
Bharati,-20.30145208937924,25.808032923949682,49.29063117520398,999.5523292399245,-1.348874668911685,6338.925098752209,54.9869411380431,-22.10801439405572,0
Dakshin_Gangotri,-42.99102738736053,21.793831072961336,32.55796868899413,979.907386480036,4.035894970071911,8076.972539378113,64.35306248239232,-44.51659556246783,0
Bharati,-72.15499453037117,10.707481536367006,12.247053611992392,1001.6974034304172,0.05739496586409976,2710.523734370828,79.15502418477261,-72.90451823791686,0
Bharati,-40.65867661884199,25.818262413306496,52.414009228428824,999.3650664093152,-1.1366217361199635,2031.6880095600982,77.82006463171935,-42.46595498777344,1
Bharati,-32.07789471582129,18.490040348634725,24.066255426326535,993.7259598510979,-4.395210352309148,9283.872316471627,52.72003066107761,-33.37219754022572,0
Maitri,-34.08174231807948,17.98436909942368,33.33684013749391,977.7774757771562,-8.359741111420728,5992.328839702344,66.57124201948001,-35.34064815503913,0
Maitri,-2.207129810362236,64.59520159827612,84.50683245037064,994.1913844624278,-6.255710871444916,20.0,61.05370420881306,-6.7287939222415645,1
Dakshin_Gangotri,-34.203138389337255,12.225912513234215,27.258096268611993,1002.2157110725769,0.8618489760932754,4099.239762469059,95.46950663206303,-35.05895226526365,0
Dakshin_Gangotri,-11.786148052012031,25.17487012329499,25.17487012329499,992.1346573076694,-3.6300796462234786,12119.897240349761,78.76699769916664,-13.548388960642681,0
Bharati,-25.284738995212926,31.724173591928874,50.62905355799614,984.0519469151413,-6.581053708106405,5358.491561849221,81.45521818099847,-27.505431146647947,0
Maitri,-25.63457088508898,64.63085336816145,92.89548586941558,994.2369768862567,-1.6775013850119533,3876.0347198033123,73.9991913257165,-30.158730620860283,0
Bharati,-37.53070433272055,14.98651354359771,37.851835823596275,969.4859100915907,1.1191201465898646,20.82466930589726,65.60509647178357,-38.57976028077239,0
Maitri,-25.88173977371151,53.24711032725266,53.24711032725266,1010.2797909967211,1.660277738194347,3728.6759574791577,68.31840146350905,-29.609037496619194,0
Dakshin_Gangotri,-36.47644190346125,25.718437786403193,61.9908810164302,946.3634523119565,-0.11548068586474718,1344.986199714499,82.39085374822507,-38.27673254850947,1
Maitri,-22.449635286181444,26.217194039145447,27.95867851980236,980.688054416229,-0.24344488370371484,7716.818310950872,71.09854103880416,-24.284838868921625,0
Dakshin_Gangotri,-28.543744489355323,38.83946054010899,43.055265943663535,971.8808416281737,-2.153638105985128,6197.17096470444,82.54629044629745,-31.26250672716295,0
Bharati,-39.169418997874004,57.4101477223698,80.22892365774271,967.1821661334562,2.5356230833553814,4546.148307278941,77.14459769747958,-43.18812933843989,0
Dakshin_Gangotri,-10.12158490449107,21.702507888794113,41.23092239771728,986.1039200032992,-0.7072583137220061,2951.128732888907,79.4331844786861,-11.640760456706658,0
Maitri,-18.59739279967862,32.93611426526611,48.7394653176642,957.4904878843104,-0.30532925078173007,12105.76196621024,80.19835786229436,-20.902920798247248,0
Dakshin_Gangotri,-31.72094101213372,30.6608313682855,39.966768946321075,1023.0386439703462,4.1513810232649195,3178.733848538107,67.10766995302752,-33.86719920791371,0
Maitri,-22.81760429447035,29.90589925901991,58.214466541318075,952.957891233578,3.167600382857682,3193.605133893858,70.33619396471695,-24.911017242601744,1
Dakshin_Gangotri,-26.257337822529454,42.205534548374814,56.81227604655842,960.9746395349581,-0.7394609787132276,5028.127837714197,88.6327013267352,-29.21172524091569,0
Maitri,-38.01386405894911,19.205692734919886,19.205692734919886,959.0863272474027,-1.3082262353113128,5587.524374289081,100.0,-39.358262550393505,0
Dakshin_Gangotri,-23.942556564682544,23.324051186385706,50.64705068617034,983.9699623285267,-1.339352379703282,7928.185204870417,88.76988360024674,-25.575240147729545,0
Dakshin_Gangotri,-34.31517632211062,10.888730034047624,28.08157996371937,1000.2908821212966,-8.085065874387707,9721.779034990652,33.166044392490306,-35.07738742449395,0
Maitri,-39.17400753430149,37.30566369676947,63.455730769649165,990.5201381088236,4.38758549884964,9422.292757727168,63.63003250782466,-41.78540399307535,0
Bharati,-49.34150995399787,29.196322680436364,49.921808914994614,1009.4468858434798,-2.7392291877247845,15719.577404513147,76.72075194170502,-51.38525254162842,0
Bharati,-30.37911030307946,56.694857283006826,95.6110847450637,963.4546390914952,3.4184703570067487,20.0,58.52674126058383,-34.347750312889936,1
Maitri,-16.49544010624415,14.797216154032583,26.697513436110306,993.1744292505391,0.1663531829879486,6923.405317377885,57.823689978390696,-17.53124523702643,0
Bharati,-35.419890300682894,68.68212517515738,83.84305758836958,973.9292672838236,5.566668209093063,3917.972668970438,68.71924775682298,-40.22763906294391,1
Maitri,12.810630382369546,40.462311988349626,62.66061842794754,984.5614824201315,2.117939865678088,14039.039474537518,80.17984070575483,9.978268543185072,0
Maitri,-11.714715195209015,5.969886081283703,17.931963223216627,1002.1736218582545,3.648492467611172,6702.41389731276,84.26304872737774,-12.132607220898874,0
Maitri,-5.435048010092828,39.58182173157734,62.60819881988025,946.1545936346928,-2.36831107056439,20.0,69.48979914180008,-8.205775531303242,1
Bharati,-13.07135481889362,20.503203057757915,20.503203057757915,1019.8201712700466,-5.141636985322185,7736.8551112459645,68.33812523285478,-14.506579032936674,0
Maitri,2.7929746240785924,24.582444510832797,38.854611952576036,977.0951200376346,0.5901040205093118,7067.329757015936,62.34477325094329,1.0722035083202968,0
Dakshin_Gangotri,-36.80502975208813,22.43920912499288,36.40928443832831,947.8674498559484,-7.668739904796646,9030.983265081637,82.60645285909969,-38.375774390837634,0
Bharati,-63.411060784879325,51.61744417381371,65.22529203893232,966.1430497017112,-1.8718117383776858,3105.876648459714,81.59834696934335,-67.02428187704629,1
Maitri,-31.691884125293246,9.869730401450752,16.10046091636629,982.0461046413211,-4.757731268770888,7311.309072023816,88.60568270792658,-32.3827652533948,0
Dakshin_Gangotri,-16.626721366786935,26.489071886477852,50.55030027194084,966.138479051047,-3.358636763977398,4918.054437577344,76.94628844823673,-18.480956398840384,0
Dakshin_Gangotri,-22.727245423780325,27.662388504962326,37.61794026724296,939.0421409898496,2.3827714023178292,3314.552451881162,55.33192802601353,-24.663612619127687,0
Maitri,-20.867910835483244,22.015555993553136,39.018299994272994,981.9359812360544,2.119865844897824,7370.8954138548315,69.76666616153732,-22.408999755031964,0
Maitri,-5.186349959951915,16.923920514136583,31.552284116993036,965.5650087293703,-0.6478402548233603,6611.138772937875,87.85379376545261,-6.371024395941475,0
Maitri,-19.269136383062506,6.8055825988350565,26.809224677373027,993.0227990437037,1.2800342070634667,10200.212772149673,48.967804128358424,-19.74552716498096,0
Maitri,-13.016306086134678,26.717715347903226,56.027323336942096,958.6322527893329,-2.1627568888176136,6107.955812682847,73.72757606711966,-14.886546160487905,0
Dakshin_Gangotri,-39.09344112779138,37.2563111503838,54.207349702517476,1025.2305910304308,9.706645007206722,8415.61033684928,79.27725638011809,-41.701382908318244,0
Bharati,-41.43090533824055,29.214382454830375,52.6283527186453,990.2725815746467,1.2033499084529589,1170.265831027371,100.0,-43.475912110078674,1
Bharati,-0.7882911546326845,16.93430738341151,33.38300910180739,983.9358888685547,-2.361288416039204,11578.068667686406,65.98328209900778,-1.9736926714714902,0
Bharati,-23.486476972793984,27.811608182384397,37.7515262431195,992.4624683305954,3.501466503731675,2891.1973117870957,73.17484602916913,-25.433289545560893,0
Dakshin_Gangotri,-34.348437751692025,57.03649745148168,70.62092208588227,943.5697532837229,4.96074439077942,9611.722023369148,100.0,-38.34099257329574,0
Maitri,-34.32091740320677,19.669683420801732,31.83425960657361,970.060837870226,-3.0968756495232137,7052.475008237857,66.17515960389831,-35.69779524266289,0
Dakshin_Gangotri,-34.73684682457386,31.418378473594935,52.099999792790285,1015.6604154143116,-5.674240932206184,6545.2949247298575,91.12058582357113,-36.936133317725506,0
Bharati,-35.634385315687624,33.696193176711056,49.7627135994029,973.597346187094,-4.881815539161521,9041.38164661693,80.88990986711741,-37.9931188380574,0
Dakshin_Gangotri,-44.247217039054895,12.771079915674713,19.828434090054696,978.743483653494,-2.679824228433143,20.0,71.68481679295729,-45.14119263315212,0
Dakshin_Gangotri,-47.506306033307624,23.97423231976866,36.75460967863663,970.670010356423,-0.21707464586612002,3705.902709451951,81.77425675815387,-49.18450229569143,0
Bharati,-27.925065664816287,24.125063046093924,24.125063046093924,1009.290161252587,-6.516520309120835,8984.518310179315,72.7873217980108,-29.613820078042863,0
Bharati,-33.89388805480599,28.620930133869784,41.774898247365606,975.107314002016,-1.6729876453362293,13688.37248954543,100.0,-35.89735316417688,0
Maitri,-8.392610718350571,50.75400547320261,65.7670641522451,954.9632939752488,-0.8317497494013437,5902.567126718707,44.016650678431105,-11.945391101474755,0
Dakshin_Gangotri,-20.603850200996252,14.489708530808052,47.574190534667444,1031.5763024510297,1.2994396761925628,20.0,70.76300152899499,-21.618129798152815,1
Dakshin_Gangotri,-21.020234798830252,52.33482754274542,80.81934815119018,952.4995312000048,2.4471291016470835,4731.1240972908,71.20265640579734,-24.683672726822433,1
Maitri,-36.14680611331676,38.671348199237094,43.33060222277325,978.0523954107501,1.6061739319722175,5759.400570137192,72.99010947899104,-38.853800487263356,0
Dakshin_Gangotri,-26.815426236699636,69.638102508899,86.65579670221679,963.1641139347016,7.168693157983051,10437.837443005712,91.20636947922004,-31.690093412322568,0
Maitri,-19.584983445528394,8.160787775005655,25.353890916226465,965.9679783879984,4.37649351480791,6193.372127637676,68.29444746887944,-20.15623858977879,0
Maitri,-14.25706390430987,5.545982390599172,18.241608862951274,958.8033510676671,0.8878481519256696,893.0995220073646,82.38060199211864,-14.645282671651811,1
Dakshin_Gangotri,-26.40837739777548,88.57421427271109,101.90732902389892,969.2001567816185,-3.8819505583222917,9853.986193248838,78.47199794445713,-32.608572396865256,0
Bharati,-8.813143310136866,12.447120403335534,23.90762297041357,999.6806650426834,-2.7019897930464434,8273.267283709178,87.57714674484929,-9.684441738370353,0
Dakshin_Gangotri,-24.88016036638086,17.61751935946128,51.344604228294344,941.9602755553229,-5.714662124470986,3203.6253064203943,72.94226186715024,-26.11338672154315,1
Maitri,-13.107293222234802,17.70773463724381,28.545892102904368,1005.2161516510888,0.6133792207242958,8879.490415113549,79.83311030414728,-14.346834646841868,0
Bharati,-32.34778312883726,15.036845735728914,33.4462171717216,1001.7679613340596,1.3254486723052512,3813.5426482956923,73.14840405371703,-33.40036233033828,0
Maitri,-52.188825498529624,37.744391853036305,37.744391853036305,990.1811848601631,3.5716512181793534,4807.167826138951,60.20919658973712,-54.83093292824216,0
Bharati,-20.97461517972216,25.070529514273026,48.306213348271584,982.5234095514056,1.069273179547801,3881.246667107343,98.98554759558859,-22.729552245721273,0
Maitri,-14.120139052800617,19.152827309447503,45.99537538197187,985.5327838364707,4.2159551674076345,4760.235419422256,63.56724117464685,-15.460836964461942,0
Bharati,-16.369790022886455,63.28632026822027,67.76601997721406,1008.4682486055361,4.297996114317217,9627.04105104592,67.82268354934706,-20.799832441661874,0
Maitri,-18.6672000784384,7.310838947635392,17.191971446751197,945.0843053104131,-4.112384116217281,20.0,62.1476663225086,-19.178958804772876,0
Maitri,-30.22880448932481,45.96367187392764,65.47870707519144,994.5457937967043,-2.072253308066634,10416.517374812509,81.03032169364256,-33.446261520499746,0
Dakshin_Gangotri,-37.10119377168388,27.326927605954356,42.521534550078826,965.0765609344769,-0.044153845121499675,6705.299407687206,67.8275902486136,-39.01407870410068,0
Maitri,-16.724075964343292,18.96604918297109,38.62974508816332,996.5149504431208,-2.8242987211313584,4439.658603481017,97.7286321166759,-18.05169940715127,0
Dakshin_Gangotri,-18.603288757025876,20.245557770179865,32.37314712443218,967.727993099204,-0.973293231787061,6083.052346356856,83.00925951508013,-20.020477800938465,0
Dakshin_Gangotri,-33.413486362657395,23.74030306595081,57.372956936466025,994.1373992329052,1.2050343169389466,2364.0961466541703,70.84731340719549,-35.07530757727395,1
Maitri,-8.358637162119148,17.839818648820135,26.14241732743004,949.0302932987801,-0.4923052959200434,20.0,61.35374201635799,-9.607424467536557,1
Bharati,-38.24298271821401,42.34907534095274,84.2648224714349,946.148531570815,0.001237260678506488,2476.887033003094,73.33939873676253,-41.2074179920807,1
Dakshin_Gangotri,-33.75285068186561,22.68552025222468,50.10475942571604,977.7387431919285,-3.770555415683658,20.0,82.8004570825286,-35.34083709952134,1
Bharati,-0.4536218148750244,39.31902764108514,62.64018051492837,1008.7106005251575,2.0257684161685203,589.4313637204605,74.31172934995028,-3.2059537497509845,1
Maitri,-11.97127093399131,20.423124965666066,25.018348622093065,990.725688423405,1.733046768908252,20.0,72.89468024188508,-13.400889681587934,1
Bharati,-30.37013958836534,31.136878341345863,55.23370217829559,990.5822892544317,-3.0500014458958797,10895.275337226814,59.692953473587735,-32.54972107225955,0
Dakshin_Gangotri,-20.689289355346745,31.130105554112248,52.1694898609184,997.2038762701804,-5.172909642209384,863.1554110650713,100.0,-22.8683967441346,1
Dakshin_Gangotri,-22.678116332142423,28.47346327868844,28.47346327868844,972.0604716878508,4.920978929127995,5835.014585855312,71.98333152050701,-24.671258761650613,0
Bharati,-66.18420797466067,53.16312807820271,54.117125005990474,992.2149772127188,6.992701529392492,10466.946675041825,54.38223846429682,-69.90562694013485,0
Dakshin_Gangotri,-38.59710924210073,55.83403689301573,74.4103161571707,968.4065405313416,0.9388384532481178,9400.355358995392,58.87429828340899,-42.50549182461183,0
Dakshin_Gangotri,-25.762699256639223,41.23012286252145,54.897125645863355,973.7197015809217,-1.4467397557204658,4819.455767256863,69.83845955581873,-28.648807857015726,0
Maitri,-30.34917214838959,47.87672473416422,57.71194263865591,976.203009870124,4.185112050870819,4837.6948368881085,100.0,-33.70054287978109,0
Bharati,-21.29346152754369,40.10372582077602,65.89321776533063,969.0894458086525,1.881400146852532,6720.60300901326,72.44396192001602,-24.10072233499801,0
Maitri,-8.057765305781203,21.818223300419007,27.980430416225758,978.678989098707,-0.8428284668513792,14448.912951482913,69.37797374591693,-9.585040936810532,0
Dakshin_Gangotri,-29.823036769808912,26.168461653958172,36.61605222379758,974.9088380153788,3.8722981004644854,7652.188895120766,87.67038411722014,-31.654829085585984,0
Dakshin_Gangotri,-40.864821941842976,8.197749071277498,16.72745119110794,965.8467003698254,-3.23853267106686,8672.879663255182,88.76527195154371,-41.4386643768324,0
Dakshin_Gangotri,-20.127225122334323,16.25580616983441,36.357498748631684,977.1879658066525,-2.763220199689064,15065.587210166528,84.88631529599257,-21.265131554222734,0
Maitri,-29.899350003517053,12.49845234310821,12.49845234310821,983.1053217579065,1.454527027051201,7111.305465483863,77.99813906912183,-30.77424166753463,0
Maitri,-27.34095251232854,18.87194253848945,28.895224019985402,958.0027142091333,0.45696565170704284,10591.435798745417,58.43495536028045,-28.6619884900228,0
Dakshin_Gangotri,-29.376605787296178,32.412302699576976,32.412302699576976,988.349128208263,2.5491160899290843,7910.901034741212,63.73474851885719,-31.645466976266565,0
Maitri,8.627567000164788,21.38768755540275,33.2589328029838,970.1263976201265,4.773323685180704,7852.630315208609,51.136082104181185,7.130428871286596,0
Dakshin_Gangotri,-58.61056391496918,43.37408196594695,65.60457206352214,983.964075490483,-6.209796399571287,2146.6443312914753,71.64055744969066,-61.64674965258546,1
Dakshin_Gangotri,-30.825008546989693,16.618637608114806,39.02760256058592,966.6940551999668,0.15580711575356923,1483.3916523460084,68.63010012686954,-31.98831317955773,0
Dakshin_Gangotri,-25.05533538472588,38.3937671349401,46.1177838072654,1001.0099080667069,7.6043216457489216,3950.7341716125684,67.07329701774454,-27.742899084171686,1
Dakshin_Gangotri,-36.71713738424168,15.792206908532524,36.125426437691814,999.1223142103811,-2.3862147611501965,9527.740867703948,79.18894486983228,-37.82259186783896,0
Maitri,-11.502612518075754,51.28311967741223,64.43148545496284,959.0122245543249,-2.858991001236846,9337.864620657221,65.14214841116876,-15.09243089549461,0
Maitri,-12.801134819205409,16.598732801749176,45.20958253253326,990.4999833980291,-8.963949291013105,11332.74511885488,69.89302291419041,-13.96304611532785,0
Bharati,-25.716319277328108,35.567206345556656,49.267577730817166,1008.9254311509163,0.4069935944640389,5955.585260849962,67.70501596650608,-28.206023721517074,0
Bharati,-29.060106330155413,19.17222313577871,19.17222313577871,961.0364257571721,2.322433924089644,8150.967660756843,74.52225280144016,-30.402161949659924,0
Bharati,-26.679352513474704,60.046082212548974,83.9928922996587,962.6209128128381,2.314216893041307,8167.982368637799,80.46955969510138,-30.882578268353132,0
Dakshin_Gangotri,-26.57179980471716,58.79323958819257,69.20224759580168,994.7011890358862,-4.148205013527053,5570.023150093991,54.83200282273481,-30.687326575890637,0
Dakshin_Gangotri,-26.17559542188644,34.95571895017564,47.2137194286813,953.8564304928213,-0.034854717490204454,4713.861303210612,81.79823207600595,-28.622495748398737,0
Maitri,-27.819986522751993,34.60446685795042,52.96370158035543,964.4497411501577,0.8861845255813864,60.00698921276671,78.96378787117003,-30.24229920280852,1
Bharati,-21.21326028111411,41.76766642153838,42.52058729079101,959.7066953069093,0.20843071131494095,5389.861741909392,81.27939389138935,-24.136996930621795,0
Bharati,-13.701819027582024,38.06656892244425,53.81310467123074,994.9496858958162,-4.379218000189993,5583.9979244394935,76.99846998910819,-16.366478852153122,1
Bharati,-43.45390221397865,44.601566457524015,64.94653640637918,966.1514048243549,0.3092301003226259,10537.54935821693,80.42345943974387,-46.57601186600533,0
Bharati,-40.75995848849723,16.385535868028754,35.026177762659444,974.3079319034651,-3.2582589902724246,10931.96741397686,68.76500874254998,-41.90694599925924,0
Dakshin_Gangotri,-51.227770442252854,28.477363900927674,37.48805139059346,965.0335152256015,-7.487629978163878,6582.853322550202,81.65052180944264,-53.22118591531779,0
Dakshin_Gangotri,-12.004038994636007,19.960391673646757,44.8797113088592,1002.9702700141773,2.7252258452490614,14253.532716417958,92.1685042847827,-13.40126641179128,0
Bharati,-21.245150602143053,58.34005057516295,63.36509108270351,962.8122608293188,0.5601434522959242,6759.947937064407,67.56928744712825,-25.32895414240446,0
Bharati,-17.42098726100844,13.709311735090282,22.45409541130694,951.8479988870139,2.367581039910863,10131.681272728682,68.11357982275753,-18.38063908246476,0
Dakshin_Gangotri,-46.44247357545203,63.50378072341457,77.14376636814313,951.0641527863498,-2.1378184945379233,5599.703492556595,84.45757649181316,-50.887738226091045,0
Bharati,1.7742218432020742,28.744187559346056,46.69887115206454,993.8731926916967,2.5061679262561443,1439.3968408430828,66.68988237428141,-0.23787128595214968,0
Maitri,-34.13276362218036,44.94836006034712,56.7029268767872,995.3173025299436,4.088512673277436,4299.1228092454385,64.2114276222204,-37.279148826404665,0
Maitri,-22.47691289333116,21.286316680403978,48.57218567041991,1004.9710911490321,7.015955631028929,11896.203904224478,81.3325792408874,-23.96695506095944,0
Bharati,-12.184230089824421,13.035759212522203,30.988621348533727,954.7805336677549,3.2554207197707945,4943.191811231982,68.54298706250142,-13.096733234700976,0
Maitri,-39.80469633694108,57.17976824090498,72.93634787790366,975.375757118176,1.5391585893314914,4134.007359787867,93.32619672694685,-43.807280113804424,0
Bharati,-33.19486537769,36.558425908878476,54.1597875001102,1028.5459881527897,-5.519535121908319,5983.736534133004,68.00682762290496,-35.75395519131149,0
Bharati,-22.312423380986885,14.444669906569134,36.77372921618614,973.9536677002203,-0.4261009169549913,4442.011647821127,62.71326700962938,-23.323550274446724,0
Bharati,17.862096131970596,26.780936002771632,44.1886849341818,968.7318273412552,-5.690645756151351,10775.036261585541,74.92821377064843,15.987430611776581,0
Dakshin_Gangotri,-20.483128857219636,25.719569860883347,25.719569860883347,979.5798055904587,-3.275503478937419,13541.818794324001,81.53145472968232,-22.28349874748147,0
Bharati,-0.9045827405392259,35.91208851283732,61.807177153126034,990.5990154709784,7.820233301334753,6023.7395821893815,79.80475650018973,-3.4184289364378384,0
Bharati,-6.914902822120666,16.343659533258073,32.54041161401905,990.2646644200543,-4.09213404500575,8161.822722257777,83.08369106012917,-8.058958989448731,0
Bharati,-19.47984945258222,14.254695980731706,36.10322405294917,967.7113755525625,-9.370370417701157,9887.50046072253,66.70265918259264,-20.47767817123344,0
Dakshin_Gangotri,-39.83793657446018,30.49786551850757,41.43843025817598,968.2992942129829,3.252664777704596,6434.192633105683,92.03240123343882,-41.97278716075571,0
Dakshin_Gangotri,-9.103695837726475,16.891800387412438,16.891800387412438,974.070798836639,-2.692268273417015,2488.3516496297284,50.16977737630593,-10.286121864845345,0
Dakshin_Gangotri,-47.471655124720705,58.08163243907025,58.08163243907025,965.3982671245834,3.072029977679577,4362.229577924762,63.28715256166582,-51.53736939545562,0
Dakshin_Gangotri,-0.9868731448436208,42.788628636274474,48.344950742696774,955.3047384734992,-4.680520113439324,7648.091811183134,75.57551373769546,-3.982077149382834,0
Maitri,-21.99992037672617,42.155245798812395,62.3281881673879,1016.1590303726696,-1.7036549309699947,7575.24870452418,64.54322744517304,-24.950787582643038,0
Bharati,-64.75335320947264,8.077489841058325,36.056399390701095,971.8615077154861,4.783525910475925,20.0,70.3545013755975,-65.31877749834672,1
Maitri,-30.107591425477583,21.756773052476905,39.77648530523608,972.9951365424669,-5.2880809399132565,4253.515953175548,60.27510300509576,-31.630565539150965,0
Maitri,-15.190782686155893,24.225262557845465,28.702988464103825,973.6182679243476,-0.6770639273768505,3051.9716904012744,71.87764837910571,-16.886551065205076,0
Dakshin_Gangotri,-28.5553580955965,15.39090405978276,22.549662623346286,978.3897999931474,1.1652175313179183,9529.167126267737,81.94615880757048,-29.632721379781295,0
Maitri,-14.274912835096401,38.138170126834126,66.7460011133459,988.6951953905456,-2.8769403908553324,3207.0362661679696,66.96674759092987,-16.94458474397479,0
Bharati,-37.75036251568443,35.562232115735355,37.45442341031986,970.696163926832,0.9678808314326113,4155.413478088396,61.81548856259384,-40.2397187637859,0
Maitri,-44.58973559181411,41.29510649373542,77.31283530887904,1002.7870705876301,0.06259077681593513,4015.634140562306,68.08622558424833,-47.48039304637559,1
Maitri,-26.07168104571408,47.39842028950714,81.15879554775344,991.9563175847964,2.138171219704812,9165.326775048454,91.55801331687955,-29.38957046597958,0
Dakshin_Gangotri,-24.52651499065128,46.19485861069648,82.54207930939533,976.1820277875156,7.368780951833766,9875.37732668552,91.43360176262033,-27.760155093400034,0
Maitri,-30.22576526593482,92.40435193398204,111.21136680882648,966.6753075300714,10.700843851963414,7974.294202981899,67.8283506715911,-36.69406990131357,0
Bharati,-6.590632800367111,27.994769905896778,39.57952172991183,1001.6985307198777,1.8533164616457294,10425.637733288262,82.624304378673,-8.550266693779886,0
Maitri,-37.75311062708587,25.512064905727538,44.0755275672429,976.7591562451729,-0.4415767921575548,10941.660673327013,74.72498213434284,-39.538955170486794,0
Dakshin_Gangotri,-20.30251589001476,37.88590347714029,61.97175298765971,955.1449749929199,1.7636752917179,20.0,94.2607284777907,-22.95452913341458,1
Maitri,-23.98045043254562,51.648382343444084,60.1406232855409,1000.4212904658916,-0.9289689795631725,8367.6454009845,77.87349433046691,-27.595837196586707,0
Bharati,-48.350739282041246,10.758747389598565,14.746715011336953,965.4734310317357,-6.349529764892092,4520.8052744063625,71.97668724890761,-49.103851599313145,0
Bharati,-44.785452755027684,18.226840136068436,30.3874751957618,997.3700155166655,-0.18636189283318944,973.0063785141601,98.99816113287844,-46.061331564552475,1
Maitri,-24.821334756270527,20.616444498141092,27.893366722817426,929.7146465957417,4.328468234205605,4721.062073598577,61.142982710234094,-26.264485871140405,0
Bharati,4.717999980304459,29.48885350858973,56.89771829509333,972.6267497751846,-5.858988521090421,8923.442864975807,79.78806321564285,2.653780234703178,0
Dakshin_Gangotri,-16.310952821517837,21.825284380931482,30.660989243638333,1003.1993720147209,-3.938359533456076,11820.989147572465,95.49108723302527,-17.83872272818304,0
Bharati,-50.88452237716949,47.774935212360596,63.73134987833402,980.102614601925,-2.3278073774289045,619.6005892912517,84.9924034149073,-54.22876784203473,1
Maitri,-71.65732097679006,31.655686654125027,56.48609186020346,991.9627057528023,1.4893754269805657,8473.663180852796,63.55738145669956,-73.87321904257881,0
Maitri,-14.004196104934303,26.615657291111226,54.41408039456962,961.9613852656546,9.507997068067167,13862.515824971455,62.74995688068924,-15.86729211531209,0
Dakshin_Gangotri,-26.443202243922986,35.726289495886675,52.81188231443389,986.9541045362504,-3.237264641071236,13323.014600161418,53.87267958023425,-28.944042508635054,0
Maitri,-7.881010457344459,8.870612511016105,27.713574877148623,980.0750453398122,0.364860656754344,20.0,97.24382376062826,-8.501953333115587,1
Bharati,-38.210768810671624,34.84216428062689,39.672258005592134,984.8666813013735,0.023114661025121122,14715.520287344532,58.006599983217605,-40.64972031031551,0
Bharati,-19.746812532122107,17.170238351147106,42.40080482038614,1020.7855980831337,-1.2049836006361792,9844.164414442714,85.7010225303612,-20.948729216702404,0
Maitri,-12.30739805458206,43.500119356311835,71.1353517792845,1006.0917927351195,-0.1908108536681666,20.0,53.60232899672897,-15.352406409523889,1
Bharati,-31.711954573097227,9.826500284283734,9.826500284283734,995.8398669026055,-1.85894897473329,2937.3561120357385,100.0,-32.39980959299709,0
Bharati,-31.391283553465982,36.94115187696748,69.5706100823237,996.0923828181001,10.971910212295708,11031.056315045396,54.70654312123452,-33.977164184853706,0
Bharati,-24.621057533524144,17.435519085482284,25.428924416779132,961.8168827605975,2.9987008176951413,7441.1420715128515,75.63782571292988,-25.841543869507905,0
Maitri,-16.85985480159507,52.173065107726174,73.11937398907891,970.575418272176,-1.8245765489942605,3704.1770808278334,93.18090059914046,-20.5119693591359,0
Maitri,-25.215010067678666,11.305810212665074,27.081427460823953,949.3483652338267,4.734327707376173,6265.850975507273,64.4539059851778,-26.00641678256522,0
Bharati,-10.390054933607702,28.92707322833896,43.3233147672332,954.6082927523772,1.0267682316568334,8183.675674260855,83.45656801426794,-12.41495005959143,0
Dakshin_Gangotri,-31.92902783900545,40.3235362304501,53.258356447681464,962.2693235068433,0.23178970190521242,3682.9241636835495,70.7725199179308,-34.751675375136955,0
Maitri,-44.925928081946644,33.81433006389785,38.888696743662294,979.4175083480028,-0.7280620682441111,5491.530376712038,80.822876110625,-47.292931186419494,0
Maitri,4.6546305216976975,33.70213350398244,53.940413610462215,955.4998260537441,-1.0001346756003284,9587.668425244086,91.21154897959048,2.295481176418927,0
Maitri,-34.069506048136695,13.64471427211548,25.78426758455864,979.2165962682597,-4.87988272502941,3196.72372293929,68.57444865934885,-35.02463604718478,0
Dakshin_Gangotri,-33.52663125576621,13.123967683712902,15.029744470468987,976.9194098374714,-6.6946477845459205,572.0472207618741,97.45365551845047,-34.445308993626114,1
Bharati,-25.987049816082767,33.03737592770525,37.68732904321489,957.315424257378,1.4829592235836624,3450.7510941773694,80.28643462269743,-28.299666131022136,1
Bharati,-23.99228335519028,30.459517429991813,32.535054793077975,1010.5117372906088,-0.7683290563780419,2444.3505500702986,100.0,-26.12444957528971,1
Dakshin_Gangotri,-30.800254637324244,15.813812996461163,25.56790749344098,953.509485967157,3.50972699884187,3580.5313893049124,62.52080531744435,-31.907221547076524,0
Dakshin_Gangotri,-25.261508454235134,15.299183625948611,35.150176710272206,1002.346496275311,-3.559608851548507,20.0,65.3688496266093,-26.332451308051535,1
Bharati,-25.59643347142261,26.834235789346366,34.72305528335757,934.914475562422,-4.3917741818624885,6942.483960358159,71.51600541907133,-27.474829976676855,0
Maitri,-22.377710094687895,23.050492768658106,47.804908336024326,977.1553357285319,3.104716117447766,9470.40518765432,56.81020741239302,-23.991244588493963,0
Maitri,-60.36231188480974,68.40755294017549,82.21540814600186,956.0475033391809,-1.1813537699633199,2753.0896339705246,88.88825409896539,-65.15084059062202,1
Maitri,3.2131446051177406,53.73772455266839,65.84367533425468,966.9109056481002,3.422935221408484,3392.123101348348,73.86240214746407,-0.5484961135690463,0
Dakshin_Gangotri,-27.209324703018364,42.698198436886386,57.86585273984708,1016.2030891107315,0.13384552136420674,5250.453990729382,57.808136853724974,-30.19819859360041,0
Bharati,-16.29066070829522,57.070819139730105,86.02236845729333,973.0606477587329,7.5100915674792486,2354.778801984698,62.65811464437541,-20.285618048076326,1
Maitri,-45.67152012301037,19.79547550116797,21.082088581744895,957.9090240586282,3.022964949971484,9935.130292219566,61.95053082990562,-47.05720340809213,0
Maitri,-32.06500391873875,21.43693412301593,53.00060383720737,989.7527173472652,1.6389910262955034,2445.3551593110924,88.85489219822328,-33.56558930734987,1
Maitri,-35.08473799480622,49.83463096750491,74.43623205675127,972.8850616793234,3.199705415762808,3896.402137484507,81.85764382580689,-38.57316216253156,1
Dakshin_Gangotri,-2.9541435323718197,28.88151585805633,43.66495090768234,983.0142633504964,-1.0915917434491553,2946.9282467622374,73.01151466774796,-4.9758496424357626,0
Dakshin_Gangotri,-33.78720410253824,29.807853031392014,56.63810987909315,961.7109088732319,-6.571657419990125,10029.908472384197,69.52052220787547,-35.87375381473568,0
Bharati,-13.62880019589863,14.711242196118752,26.486513675375626,962.6956713587456,1.4437123416423936,5075.684359616569,71.419042896841,-14.658587149626943,0
Maitri,-34.75630679009792,48.68680801172389,66.54359176499364,964.2463839637396,7.766356885847737,13972.437146975228,100.0,-38.1643833509186,0
Bharati,-31.78928409480916,37.84409321041705,47.42994813499972,995.9686628492349,-9.161769356950789,7415.058697540374,71.49147939688336,-34.438370619538354,0
Dakshin_Gangotri,-28.68325247801029,24.486276855358657,49.15102849421159,975.463404952686,1.8765798347932519,10633.725129037415,87.8632185051534,-30.397291857885396,0
Bharati,-5.742323097560494,21.52425952707896,29.451703474722287,959.0347951288496,-6.1407582944519605,4702.911081010008,70.06034558797752,-7.249021264456021,0
Bharati,-53.347789885451775,52.63224451299051,67.1185666229731,983.2363893720524,-0.09321821732854396,2229.517928604549,100.0,-57.03204700136111,1
Dakshin_Gangotri,-44.73495332911649,19.929429472797256,41.72081765604922,981.5895904133738,0.3178376222133527,5867.356545668159,56.71212274098977,-46.1300133922123,0
Maitri,-54.20957748534725,12.111307400524705,37.593203815406525,991.4720559608265,2.9874148211855878,3283.8257041332904,87.10545896159309,-55.05736900338398,0
Maitri,-41.31253179642175,54.12784216299153,60.9162917453027,970.3639753374675,0.8406517835628052,20.0,63.60909824447824,-45.10148074783116,1
Dakshin_Gangotri,-37.17400076788161,54.6769512797212,77.20833363092486,978.4485697831982,5.494074619522067,10054.07924797739,100.0,-41.00138735746209,0
Bharati,-49.217218811355835,19.886268133538525,25.066417322276735,988.4335726824672,4.665601457796161,6130.972035844634,85.46019889422087,-50.609257580703535,0
Maitri,-36.012216199220035,75.09755104460385,75.09755104460385,959.8129395034877,-0.7866964563456376,3198.7902224422332,49.443108190293536,-41.269044772342305,0
Bharati,-55.220717214001226,27.18251805848653,34.70188158617866,997.7244572412174,4.377571526920477,7505.086546445426,61.02801195141946,-57.123493478095284,0
Bharati,-40.26983085651522,20.0093868649809,43.35598662574408,980.3288725641047,-1.2511231436229109,6187.730504253023,85.2772843998919,-41.67048793706388,0
Bharati,-6.9936940013469915,37.21971025278914,52.09754146301067,957.979743738083,-1.9394302718700824,11639.162800592021,84.86687845058356,-9.59907371904223,0
Maitri,-18.94617894578346,13.443108611982954,23.09312889442102,957.8315538832306,-4.81753337762627,7731.26704043738,83.74687514704895,-19.887196548622263,0
Maitri,-22.187984917412084,16.826639242709724,32.38142247761981,978.0120286812443,5.2478557262885595,5372.322874383704,77.34876661881006,-23.365849664401765,0
Dakshin_Gangotri,-40.04167834418672,33.14508307505143,48.36907980521899,968.9954837919189,-1.2001008507189945,8773.712435867728,70.2161651668054,-42.36183415944032,0
Bharati,-48.04127438567086,30.158140781731895,51.37712627037516,995.0921324391816,-9.686016924745259,5856.143362555252,91.30120893089118,-50.15234424039209,0
Dakshin_Gangotri,-42.087341133014206,44.853484248119436,44.853484248119436,974.2649617497226,2.1682641185078495,6735.331118785858,62.037650207076425,-45.22708503038257,0
Bharati,-25.648147403440223,14.616130956659259,28.592601388314076,986.0609312776422,-1.7360672777870523,10904.667144750929,75.80150122360337,-26.67127657040637,0
Maitri,-11.977348304099976,68.64837255772073,84.89114527313598,963.0275776717099,-1.1944556524236134,1325.7116684565208,65.6978716191933,-16.78273438314043,0
Maitri,-11.464488742970193,22.81188274450897,24.158181105966406,979.5400804778989,-0.9360660275021202,2546.9055461884373,64.50120958795169,-13.061320535085821,0
Dakshin_Gangotri,-15.540814562750006,29.59575772453816,30.804933512191806,1006.3107189118717,-1.3462098373983677,4322.573178368179,68.11500166379226,-17.612517603467676,0
Dakshin_Gangotri,-36.06335296101916,22.25378139948099,33.60669720965709,977.0374341583582,10.911071571453569,4907.884604635165,63.97105486266609,-37.62111765898283,0
Maitri,-24.631752513940178,13.378261304745918,28.463504137447167,968.9407167214366,6.650822878850884,10626.156431763313,83.24570151772876,-25.568230805272393,0
Bharati,-29.82013795055869,27.945431190674533,43.06589144122983,962.7239009996284,2.7966883437405095,341.2024700836955,52.85847062125235,-31.776318133905907,1
Dakshin_Gangotri,-28.017846452421253,40.04752296844771,49.484038155015256,979.6245894023563,0.965299441449301,5882.0004626208865,81.46526146475637,-30.821173060212594,0
Dakshin_Gangotri,5.556918454397195,25.77867984398794,34.805333914316705,1008.186295362824,4.515044895874585,3796.8875717939127,65.48600312595558,3.7524108653180392,0
Bharati,-51.430003555054185,17.882984183540124,28.93122096874743,952.7281114082197,0.9746400082534579,12801.929734252697,75.45582687440455,-52.68181244790199,0
Maitri,-28.520152238833912,45.60645759034672,63.59167520383416,979.001646273919,3.2634655180329193,9535.390014718652,72.49733267082088,-31.71260427015818,0
Dakshin_Gangotri,-6.8237663920576495,46.47760033151875,73.92381039945192,945.722561888044,2.2328875937809496,6954.769108842832,67.51167781595746,-10.077198415263961,0
Maitri,-46.98837242550307,25.072459585487113,25.072459585487113,971.7915557931716,0.513379833861751,9875.37079174507,93.1968521762769,-48.74344459648717,0
Dakshin_Gangotri,-34.65621137899376,34.20086094594254,55.43088215896079,985.2553872792545,3.7612497239614564,722.2403128337428,69.43676561087247,-37.05027164520974,0
Dakshin_Gangotri,-32.93557746351459,45.43785997633041,59.32634336439561,948.392498398141,-1.6806980190484941,14110.017937866309,85.55253508312606,-36.11622766185772,0
Dakshin_Gangotri,-28.349345830809767,39.81981030711712,60.077033118105476,971.1038090640113,0.2338132179314874,2632.5845968946956,85.7458112826559,-31.136732552307965,1
Bharati,-48.93935739409326,33.70980298613452,60.56523635874441,985.8103891986689,-3.9177493717715386,11027.799753406332,70.9112377046751,-51.299043603122676,0
Dakshin_Gangotri,-16.07070909492941,38.995122801893366,46.44386204372762,982.6227618268287,-3.455888925912458,8206.604208385035,56.13165376372878,-18.800367691061943,0
Bharati,-15.005690762302839,35.40129545427449,59.844342233246955,986.7791653444215,-10.116602822735858,7057.299265595531,61.767819370323004,-17.483781444102053,0
Dakshin_Gangotri,-17.374370124730785,28.78112869829242,31.240700055013136,960.5080672666718,1.8262708826423717,10860.898430645713,94.18197367581865,-19.389049133611255,0
Maitri,-38.05560511436622,14.445107825760573,30.721100153433127,985.8021540753659,2.9260796747897047,9986.32810474131,82.38826081286527,-39.06676266216947,0
Bharati,-23.702338138190573,16.439231412007086,29.014063718647254,967.9998354691899,4.341678457439336,6429.528676407077,77.08283184768533,-24.85308433703107,0
Dakshin_Gangotri,-38.49160359353631,36.17888344452279,51.64167812459667,994.2805869730967,-4.4097062529436455,4313.605454571421,66.49458869304631,-41.02412543465291,0
Dakshin_Gangotri,-29.98894991157269,22.133921305329853,27.243578456834854,933.7869732065192,1.7596356912337117,6492.115832689592,100.0,-31.53832440294578,0
Dakshin_Gangotri,7.302018907563166,35.519704587199875,54.88853914770189,974.2078124321574,-0.0028434973674964868,5588.773423530634,61.97838517940042,4.8156395864591754,0
Bharati,-23.56456933605616,14.227898292628435,45.090770947776235,981.9775418966492,2.950326439281242,7415.964887698978,77.095636563601,-24.56052221654015,0
Dakshin_Gangotri,-42.8128986398076,18.803388836514863,24.084820128351076,1006.9886410112653,-2.6056816755973102,10082.35829643174,82.52710390334107,-44.12913585836364,0
Dakshin_Gangotri,-22.294969890041294,25.778245026410858,42.67470024304309,981.7359407745251,-1.3451792577086665,7874.273959093533,55.41440630093533,-24.099447041890055,0
Dakshin_Gangotri,-45.276938890949644,7.086776539033494,30.64550774982363,983.7657150336009,-6.213999444434748,6739.478831442964,63.622801106621615,-45.77301324868199,1
Maitri,-42.98515588772518,17.468874492884133,29.50146721122963,987.5098045696574,-2.867680580223467,3384.1323488972275,68.13681938183457,-44.20797710222707,0
Dakshin_Gangotri,-40.616847039231864,20.14852108262275,48.75245029818932,1005.0617440109733,0.01239291309243341,7298.626921357691,87.92865312369037,-42.027243515015456,0
Bharati,-31.664641782935252,31.284080966194843,41.98719755200769,972.3621117564774,0.6965031043845789,20.0,68.43241242485686,-33.85452745056889,1
Maitri,-10.945465066161976,24.95849110548546,38.79554407349751,951.9379801124466,-6.743531337681206,2809.970135920143,53.457158932821216,-12.692559443545958,0
Bharati,-16.324027029747413,32.14018360597153,37.20864164170582,948.1090544775105,-2.045803193887778,8424.969293787339,52.01575945840382,-18.57383988216542,0
Maitri,-17.155070076290073,29.31182164249886,45.57772521319675,993.283905204202,0.6412622729725604,9540.748578284174,63.49501044757196,-19.206897591264994,0
Bharati,-41.48386848385813,24.423485588517188,39.45371504350689,984.4641398849126,5.632173643713913,5917.346335057782,52.64837211053698,-43.193512475054334,0
Maitri,-33.11971533153473,20.221643584443996,41.58065603289266,974.8731506178608,-3.3800505110228327,6803.962043925671,86.5296523660689,-34.53523038244581,0
Dakshin_Gangotri,-20.919983396752173,29.821905848946184,38.45984544472324,968.278110768367,1.9602560669908276,7481.044611996169,87.11760520544466,-23.007516806178405,0
Dakshin_Gangotri,-34.42479978082619,51.69232521754952,59.87236897204377,983.6166541007524,-2.2462604055655024,8725.743835003053,75.10582454428629,-38.043262546054656,0
Dakshin_Gangotri,-29.175496604516475,20.15670390791306,39.781625086912875,984.1944645346881,-1.7831056515588628,5194.363413787418,71.05327543728404,-30.58646587807039,0
Bharati,-18.379619612050757,67.24680412993348,96.21870903067912,989.5965961610028,-3.5102849467515096,2068.1581042765483,86.12394794457319,-23.0868959011461,1
Maitri,-30.23159021801953,30.111502899004964,51.4016053753148,957.8266613912995,-4.177359759700708,7548.6974626416095,85.50269567815529,-32.33939542094988,0
Maitri,-21.609106163469622,43.72172560725589,77.19584809336735,944.7138886724794,-1.8991718317107233,13833.220922044246,60.19980554358082,-24.669626955977535,0
Maitri,-1.1090731597064725,34.39568982330296,54.948764535522486,961.7294624258491,4.192044517411184,2310.1886242261876,62.27230018776338,-3.516771447337679,1
Bharati,-27.577881984804964,36.95528273896767,57.14821129751135,952.977422813417,-3.0198795409279833,5492.346726336818,85.59816311847902,-30.1647517765327,0
Bharati,-7.309932854211908,17.394208614820545,39.187137421519736,951.9414813098883,-3.6429489444661134,4455.014247702645,79.05832888936534,-8.527527457249347,0
Maitri,-16.609448990389627,22.031779412116393,51.91348696990802,1011.3947269876919,0.8365111098925184,15652.793515464256,84.12352834248217,-18.151673549237774,0
Maitri,-47.0086299023015,10.609677627228072,37.985378288399936,934.6599605308171,0.02085338789407193,2157.0982675299983,61.59114228895733,-47.75130733620747,1
Dakshin_Gangotri,-41.53205543895287,25.473810912754793,29.625028581667095,989.3940941961027,-0.27297672641860654,5358.16806412071,63.725097868017656,-43.3152222028457,0
Maitri,-37.50393824604845,38.6967326807748,61.70255155687551,998.1399642900333,1.0159506889357544,4541.255191703444,81.95833262286104,-40.212709533702686,0
Bharati,-37.822523753991746,25.57113881154761,43.22470386953269,999.749292681795,-4.038310702215763,982.6132923788628,64.7706126931492,-39.61250347080008,1
Maitri,-26.354346191602215,44.92474081555974,57.98439065667046,985.5446403461735,-3.5956088336621628,765.3639643358447,52.200900897777544,-29.499078048691395,1
Maitri,-15.780339278772665,23.17734509099568,23.17734509099568,1006.3981939150744,3.9450023171404633,8273.533609238892,64.9978278673026,-17.402753435142362,0
Bharati,-6.17262374942916,19.479439667002143,19.479439667002143,1015.6679946184237,-0.5837220045759197,8834.611623425499,71.92292308970194,-7.53618452611931,0
Dakshin_Gangotri,-20.377373669123767,21.533219393049926,32.88854719191893,973.9553790181483,2.3857651820394343,3761.999427687712,100.0,-21.88469902663726,0
Dakshin_Gangotri,-31.685193340798147,40.569073001027206,40.92315791667976,988.9494340056269,4.896166391798404,11635.985610063897,62.4233047761631,-34.52502845087005,0
Dakshin_Gangotri,-56.233618654448115,59.97985618156588,71.54228799402674,1005.515881647093,3.3829722657740904,20.0,74.07470861324578,-60.432208587157724,1
Dakshin_Gangotri,-23.941156368739932,70.66904816225659,92.81246068987616,962.7608142614306,-5.479151394207899,966.1109065799601,100.0,-28.887989740097893,1
Bharati,-24.61344709457513,38.46442873769371,47.65486550313214,975.1018418657816,-0.46599520887950674,2701.1175414176496,58.59888841815754,-27.30595710621369,0
Dakshin_Gangotri,-22.256068696915634,43.89359405987,59.72822008738237,967.483568544414,4.163325919383106,5964.186896974872,84.90734408118165,-25.328620281106534,0
Dakshin_Gangotri,6.593604465549991,12.081662949209864,16.382143366419193,989.2195595257509,2.0909822601884867,4196.3715751106165,64.33535521563876,5.7478880591053,0
Bharati,-6.391051807103917,14.056915678365431,32.044588528073746,942.0380149333068,0.7357649735579787,5195.8115690171,81.02539724763635,-7.375035904589497,0
Maitri,-13.224086226250213,17.8087384030358,37.89009231773146,1008.7325395892839,-6.5582006000564075,7940.2231441743315,100.0,-14.470697914462718,0
Dakshin_Gangotri,-39.431156951073994,53.2454100072909,54.01606743714948,990.6759312870137,-2.466076087837508,11828.277845410375,86.87324997633499,-43.15833565158436,0
Bharati,-32.69492123795115,52.86824276648996,60.34937980051008,991.7988234300001,0.27730891618606335,9209.722785167647,77.27788267196618,-36.395698231605444,0
Bharati,-26.422669103927532,78.59465475615264,80.92295208207908,932.7337169777428,-5.703596074971313,6224.613676526538,60.733150947492966,-31.924294936858217,0
Bharati,-36.631106860155306,17.58757219005031,37.679720158228825,959.1972181260127,3.1745428117086147,5679.433769194823,72.36868792923877,-37.86223691345883,0
Bharati,-17.49303212522323,27.05864966171914,43.69871526720095,1009.8093834040476,-0.47042287342711603,10405.646242202783,66.5196353172511,-19.38713760154357,0
Bharati,-19.646367261764432,10.566700406459296,25.069582464103497,976.4518825916423,-7.918605790091989,13536.939295035805,53.24167944988516,-20.386036290216584,0
Bharati,-41.324616895820384,12.814280432280373,26.53146505086718,945.5187217446432,-2.2664443100823397,8553.171772181875,43.066203783665294,-42.22161652608001,0
Bharati,-7.047749363558136,24.372733594581614,42.60108794890752,984.4324431575536,-1.1453038209330653,4039.5816993738076,62.54300697371646,-8.75384071517885,0
Maitri,-23.465344992867095,18.015964611480754,36.44447953159481,993.5831620777378,-0.5194948162974709,7036.912545828116,74.52679847962604,-24.726462515670747,0
Dakshin_Gangotri,-50.93606720113377,18.13459235965073,28.1788174215153,990.6298476021158,5.678484674931025,8321.248846365455,91.78977535945765,-52.20548866630932,0
Dakshin_Gangotri,-25.770142875174542,20.65177623097383,29.29580819226968,976.9918957078771,2.3138414480534215,3779.4167821779815,63.92716212278226,-27.215767211342712,0
Bharati,-20.78190316115643,56.257232071523376,70.66728012115469,1002.7112718712676,-5.461825111852184,9463.018022765431,77.8742203664254,-24.719909406163065,0
Dakshin_Gangotri,-10.408114578463891,48.03310520358146,61.13575622358414,965.9597602825999,-5.958033206284748,7056.166260106208,49.48210774518194,-13.770431942714593,0
Dakshin_Gangotri,-30.062146046899244,16.33012352269584,51.936945773189024,990.8017806465765,-1.067266003631867,10658.632375224664,62.993967540345125,-31.20525469348795,0
Maitri,-12.580925988291892,47.37138368537819,58.532436961667386,982.7003528693208,0.5048411128977394,2093.0326900916407,38.29005748487985,-15.896922846268364,0
Maitri,-22.192870198446766,18.812290719198447,36.708943840342236,977.3382730910065,3.969537956571133,20.0,100.0,-23.509730548790657,1
Maitri,-44.72581913556369,11.987158980956124,31.646423863787618,972.4200651031684,6.919573257649784,4428.984557535949,77.96988281693461,-45.564920264230615,0
Dakshin_Gangotri,-46.22750160223771,20.259041664295506,49.264284570437425,973.1281521325001,7.13689006987993,6094.947559140477,77.49617146904697,-47.6456345187384,0
Bharati,-8.16160194775977,32.81623500994376,39.704389092482415,980.6450683246686,-1.7694001386844522,20.0,83.02829526008077,-10.458738398455832,1
Maitri,-7.060237324273466,17.356383904768368,45.75286219618508,974.1455840328723,3.7382053926074197,3566.1667646112905,100.0,-8.27518419760725,0
Dakshin_Gangotri,-20.156361543929155,38.113262154392125,51.63930641118372,994.6613982375462,1.7025147956943572,11134.222000784925,68.47088781997974,-22.8242898947366,0
Dakshin_Gangotri,-2.564399182299571,21.02559057798865,61.039042874452676,969.2802936751209,-4.363146128091045,8133.134174213884,60.2883840978212,-4.036190522758776,0
Bharati,-9.1508522643759,34.01813889877162,52.64416109103311,1011.365819946796,-7.551579315239986,6552.91058732074,100.0,-11.532121987289912,0
Dakshin_Gangotri,-14.745569057804184,16.22225544568851,18.932964152179835,968.3866296301051,0.5764326383984884,1776.862253533005,56.536709796974904,-15.88112693900238,0
Bharati,-38.669672331005074,28.432792430271714,41.461205703842865,998.4016156208722,-5.980676014440499,11001.127861705569,94.47190699730805,-40.6599678011241,0
Bharati,0.9714312654851511,17.65109328768465,46.01378686096719,999.2643373219239,-3.405837809624455,4330.61700228252,73.89270641393087,-0.2641452646527742,0
Dakshin_Gangotri,-16.955478516875907,24.746762614474964,40.56217415858723,983.3172433067856,-2.7393311595505416,6379.977308088107,81.50020809947205,-18.687751899889154,0
Dakshin_Gangotri,-30.787581619174325,67.75073464552983,82.15448056955879,981.5351996047256,0.8750053296770585,7629.607589961929,53.449304350654415,-35.53013304436141,0
Bharati,-35.02405007957947,22.516171404843266,44.70614304352011,965.4206596858162,5.122484817599822,6685.0049722414615,100.0,-36.6001820779185,0
Dakshin_Gangotri,-21.148243277292146,13.881311015650523,25.43133410897498,969.6585710071412,0.05097383322582297,11967.112578930413,69.26654140480598,-22.11993504838768,0
Bharati,-50.06588627257682,29.356010913736498,42.248679155907126,984.3956719225919,-2.1555300536101685,8300.455290220578,64.4797039449413,-52.12080703653837,0
Bharati,-14.504900869707061,29.61225768928872,35.165512589973225,979.0972880266452,-8.273867719988965,7353.3692891911505,83.22556285694921,-16.57775890795727,0
Dakshin_Gangotri,-39.3035622204104,29.514893505302126,61.80310131496603,1003.6616835198145,1.8334941986642412,5654.281698855169,65.32553885237672,-41.369604765781546,0
Maitri,-19.440878367635698,37.01417765163657,39.78806485916125,970.9082041250269,0.11424605155009543,7727.624252711502,81.36689770085434,-22.031870803250257,0
Bharati,-32.824305060372396,21.955964532782566,38.65063113041745,972.1187107809973,-2.198747655039055,5160.014979813804,56.08527550217029,-34.36122257766718,0
Dakshin_Gangotri,-28.966280690870555,38.83539584845924,58.634241329278574,946.7053878567223,4.664367058158683,6757.51615895799,77.18412506852692,-31.6847584002627,0
Bharati,-36.353648091475975,27.83951808567796,42.70300688649334,992.8705572743132,-4.763215773366201,4633.142502926916,65.95251737434532,-38.30241435747343,0
Dakshin_Gangotri,-27.41844146771202,13.434254996686086,15.895627041787852,991.0643764388786,-2.7395250167692327,4002.266477279029,63.250251949348026,-28.358839317480047,0
Maitri,3.3406931902603105,41.56217820785803,46.5745379307467,999.5416379198643,-0.9801111793320717,2335.763272199561,60.88012287802794,0.43134071571024846,0
Bharati,-4.224105594270391,30.790643321303275,51.01581250486946,1000.6687253920541,-2.2487337087305606,4915.234218967436,88.28795796055476,-6.37945062676162,0
Bharati,-19.68281567506815,37.82410921193385,45.02531612597231,995.7789307890349,2.2030176778020656,4652.821248221128,69.74403640723015,-22.330503319903517,0
Bharati,-25.379413983474286,14.33479609500339,14.33479609500339,996.622318999362,1.8556553219632994,13317.50437556467,72.2417164785188,-26.382849710124525,0
Dakshin_Gangotri,-12.336982139606725,42.78679836030036,61.65658158819135,992.2013752572086,4.20388010233657,9968.42183588363,81.4059882710785,-15.33205802482775,0
Dakshin_Gangotri,-8.050444088386651,76.6217735308559,82.8968197312981,995.2818663203628,2.0092814815149165,5463.896799961844,92.1023600166312,-13.413968235546564,1
Dakshin_Gangotri,-37.44727573311294,13.729728535964686,35.0419212716672,943.1607657571229,-0.4614945261400578,4306.753889728679,61.15119491256458,-38.408356730630466,0
Bharati,-26.161583014483032,45.770456030479785,58.75424304823694,958.0041857648621,-1.3592715349361564,8460.22056138618,78.30963825526317,-29.365514936616616,0
Maitri,-52.329373443521206,30.856833518557846,43.358710233419814,954.7361195074157,1.8211106228546057,13769.117503233329,61.35519346338549,-54.489351789820255,0
Dakshin_Gangotri,-8.153468346086576,27.990470506796527,43.51285233696727,1005.403460219056,-0.7612244168609714,9186.240894329,71.87228702411394,-10.112801281562334,0
Bharati,5.975363865512833,43.031738880318365,46.64680557971455,964.3408088521556,0.1889089400673862,20.0,90.97630382049199,2.9631421438905474,1
Maitri,-23.798760630653717,40.72227307171852,47.4677421957424,967.5427563731539,2.0387331527854458,9452.658128149797,39.80919967088866,-26.649319745674013,0
Bharati,-56.87515187354525,51.409851329858164,63.81061084231153,980.1331453317972,0.5542234321838863,10161.279107302886,61.1568157346723,-60.47384146663532,0
Dakshin_Gangotri,-15.866642251344533,14.648986601821113,18.205557354115413,955.1264110575828,1.2343806704394011,14796.95582869192,71.53011470085237,-16.892071313472012,0
Dakshin_Gangotri,-38.561337492236206,52.397904809411344,74.53608140402778,987.6108955868141,-3.163686754177521,5006.614388815689,80.70935134141523,-42.229190828895,0
Maitri,-34.9502416249669,33.84716393750152,45.77337413262062,937.3921959458138,5.398822444882639,6554.275014516819,93.29628535384292,-37.31954310059201,1
Bharati,-15.601354153134942,10.752565516869792,11.258199500360723,956.4502064615199,-4.426691539140569,7800.960800754836,49.54078736257593,-16.354033739315827,0
Maitri,-21.181688117309136,22.626419597474843,32.03612980958456,983.9763237604077,1.756790927136414,2944.089179981007,96.23219574888242,-22.765537489132374,1
Bharati,-32.321631630079025,31.21626174293609,47.22828739215517,955.1672753446576,-1.943362727871099,2581.7000713263683,82.81186659397578,-34.506769952084554,1
Bharati,-34.744084489024964,22.36570649647849,32.904801961359624,1005.9822620727406,4.329384175104154,7597.430723667663,71.39057810081893,-36.30968394377846,0
Bharati,-23.112459171687508,26.229589427088758,45.22774829104565,980.9255887726729,3.5349633799594575,20.0,52.96446985874935,-24.94853043158372,1
Bharati,-31.141983287685512,20.724381669000742,41.46474516412712,1002.6414026512326,-0.008199251103757686,731.906238199781,66.41345363720026,-32.59269000451557,0
Dakshin_Gangotri,-41.63855700404511,65.15380468084865,104.1708074403798,987.1583330170619,6.218881578466913,9262.708783438324,90.37789384809759,-46.19932333170452,0
Maitri,-29.9884477221754,96.55269122614675,123.059133239754,979.7614046011531,-0.7495968785551388,7991.3567500083445,75.39636121541113,-36.74713610800567,0
Dakshin_Gangotri,-19.906110651172238,39.14967631560248,39.14967631560248,960.0687569009135,3.5267675572799106,10998.965821774673,72.28789660027255,-22.64658799326441,0
Bharati,-27.6715520022945,29.279518663018834,40.67719381303209,998.5829249659838,-2.904923358230658,7852.932646296447,60.427788936039605,-29.72111830870582,0
Bharati,-46.20262897372278,16.01868235682466,28.352269432344997,988.8250931801058,1.619895230390235,6041.690177362855,86.0195586139816,-47.32393673870051,0
Maitri,-10.16403067936691,51.4785933084935,72.2293025327399,1021.6929580511115,-3.7298412971498163,11156.276877983013,72.75435442887473,-13.767532210961456,0
Bharati,-66.08217155415,36.62152060870049,42.28565990168338,996.5680073584239,0.07788505347845148,4308.518068604875,71.450667515246,-68.64567799675903,0
Dakshin_Gangotri,-31.695477325426527,16.94043920182781,26.627917559844427,972.0519404742896,-0.20564861495923342,4666.647355008305,73.57148133940265,-32.88130806955447,0
Dakshin_Gangotri,-34.302976818308736,17.0064392090297,19.56232044993648,985.7884314570213,3.514235216043857,5741.927132218819,65.32126330605405,-35.493427562940816,0
Dakshin_Gangotri,-22.77731683192878,26.561341617040846,35.538684382125766,988.4427595471539,-2.682999761708326,7801.861761067414,62.77051936107419,-24.636610745121637,0
Bharati,-16.57507288295897,29.431186164502858,38.781530691982084,1003.25916592469,12.29340135071063,5733.510626773415,52.207112164862814,-18.635255914474172,0
Dakshin_Gangotri,-8.098527876084471,38.687847004619144,50.55778887605523,1006.4373992071902,-5.528347044848618,59.809206475193605,65.70793874932441,-10.806677166407813,1
Maitri,-35.6860731002824,27.476106312173247,30.610978942975677,976.7604940347917,0.9317966725613556,4933.631871029349,47.99759242354719,-37.60940054213453,0
Dakshin_Gangotri,-16.201264939997774,40.334644361600375,65.1549017556093,955.6895784305156,1.1511627809571916,5873.771779300553,82.28551811434247,-19.0246900453098,0
Maitri,-22.062724181778083,22.377247070915264,42.09938569924911,942.9232276184363,2.1523754850691335,6459.281607993886,64.98549481073343,-23.629131476742153,0
Maitri,-50.67309062774835,27.513943578558766,28.02564585141426,957.2090108056195,-2.0615705382959764,4202.39830227821,69.11547860515634,-52.59906667824747,0
Maitri,3.5081038315116473,52.4264822725841,67.68621166425838,968.1644710845554,0.9670819489903768,8022.464026220834,74.44298022387122,-0.16174992756923956,0
Dakshin_Gangotri,-46.58162690860299,41.24601756524585,41.24601756524585,1010.0867073898081,-2.2577929413403344,20.0,62.9671258350416,-49.4688481381702,1
Bharati,-18.707540915354276,28.363185582194692,56.78574284246102,1010.3901097771572,7.492561065111516,7663.038225025316,57.37494230006258,-20.692963906107906,0
Dakshin_Gangotri,-19.150600837033785,33.23989050122892,64.3809742327952,999.2032010830985,-2.5404301501240685,13171.439346492138,78.32739502075792,-21.47739317211981,0
Dakshin_Gangotri,-20.865448265063844,27.577263152438974,42.01989021355352,1004.6079774762395,-0.5920832175674973,3572.76787007297,100.0,-22.79585668573457,0
Bharati,-32.41865323242411,12.887143560887779,19.3606918873411,965.8521452873431,-2.6533346697469127,6230.441524122858,88.65205260410822,-33.32075328168626,0
Bharati,-12.591210232892466,5.402273890102335,13.759580614146572,949.6936845589682,-3.201059294826833,5011.898996533319,94.19805201468806,-12.96936940519963,0
Bharati,-48.40551210914643,61.29211486435814,71.75469404160009,959.8694290727717,-5.604346315989746,5079.318558605179,55.52344874314896,-52.6959601496515,0
Maitri,-25.987431830108843,17.556761381398353,31.488489022152358,939.303628648124,2.688266744738838,1886.1247465407732,72.12805521589122,-27.216405126806727,0
Maitri,-33.45812014828688,23.285955409885677,51.990651883948956,957.7208949652902,-2.69127283017138,13966.234254891937,72.02994150596898,-35.08813702697888,0
Maitri,-35.15946913100547,88.1350599688557,112.69107807194635,969.8810604724916,-3.1886005704128997,7543.141057314607,96.42636781863767,-41.32892332882537,1
Bharati,-18.568783188196814,15.672544423771033,40.38258946111199,983.334073654846,-3.85267616939395,3316.813671492825,88.75239817065028,-19.665861297860786,1
Dakshin_Gangotri,-8.837821859204752,26.76012444891599,43.46590715564447,982.7091450197016,1.2175349679637688,2861.4140264838798,72.53794624453698,-10.711030570628871,1
Bharati,-30.148836427552993,54.14431113974707,57.6081939003299,966.2072674498261,0.08669803658799227,6246.004868987074,40.67456184084009,-33.93893820733529,0
Maitri,-13.28978365111334,67.91911132026051,75.21854422394422,991.3789587683484,0.10503307963945663,20.0,57.6178903370771,-18.044121443531573,1
Dakshin_Gangotri,-24.253890018331024,36.36276251635547,51.96997514787977,966.5912063119097,-3.0454419306507123,10211.28807286745,84.49421754664102,-26.799283394475907,0
Maitri,-38.39098313857013,51.714866052390676,54.70386508394975,980.2008940128114,1.740931125338988,3944.5976238744247,70.18891196090162,-42.01102376223748,0
Maitri,-28.869281398615957,25.360624153037154,43.40045365855822,957.8003551577376,-2.649394911787952,7555.174049711347,73.34684590360375,-30.644525089328557,0
Bharati,-29.492288361874223,5.386367257944354,28.437602472047836,1001.7733462408877,0.28072486694961774,7742.390985964392,84.20447993050242,-29.86933406993033,0
Bharati,-35.4498986875817,49.42671616865031,69.88017008823356,980.4166925087171,-0.5589330555284897,9861.196800173315,91.97711588659033,-38.909768819387224,0
Maitri,-18.572756070162495,28.028298130427114,48.080192859610435,993.5765003193478,-6.753939120536942,7970.50218478054,63.31761533042142,-20.534736939292394,0
Bharati,-21.48030718442861,23.835285078668342,23.835285078668342,955.6761322576048,8.11513607888911,8972.700367977668,83.87481366532357,-23.148777139935394,0
Maitri,-48.859745474041276,22.7302319578277,51.06378992453867,983.4884834243016,2.299150746133452,10076.261929656777,99.171757610403,-50.45086171108922,0
Dakshin_Gangotri,-49.77288992859037,39.93800774325075,39.93800774325075,991.4466744937772,0.720824342779777,4679.014050603484,96.41960375294147,-52.56855047061792,0
Maitri,-18.629733201913684,39.70482535989812,53.177333221439895,939.1226537566262,1.352143574862112,14605.549106519004,67.03773448388061,-21.409070977106552,0
Dakshin_Gangotri,-37.229296431918016,28.452685969885476,49.63812140774621,1003.361940032067,8.209320624428178,7411.495446915374,79.4231424406797,-39.22098444981,0
Maitri,-20.46938267349514,35.48236525929763,54.06834051914586,955.0115083177752,4.547465746574941,5888.070454392205,86.26127217957558,-22.953148241645973,0
Dakshin_Gangotri,-13.286026328362174,15.498046367736062,17.719683097276448,984.2180043091366,1.3950560543711765,2635.5821938153777,75.30225602260602,-14.3708895741037,0
Dakshin_Gangotri,-44.06429256108339,25.55802674772054,29.57477051868358,1015.7540583615989,-2.83323406248124,5171.804299415309,71.26210422080882,-45.85335443342383,0
Dakshin_Gangotri,-46.17305881864277,15.89586580817902,33.76658203224684,999.0980602467137,-2.2021651351626645,7607.424205620127,49.04311385662147,-47.28576942521531,0
Bharati,0.11647523592942832,15.595957962988528,35.70440810068344,950.2012416099149,-7.213025510073512,6381.108018245597,62.023851642471676,-0.9752418214797687,0
Dakshin_Gangotri,-19.726438255563114,33.781502442710035,37.70946399658176,976.4392979483879,-1.4731296141012327,13309.791113634066,64.57008361404199,-22.091143426552815,0
Dakshin_Gangotri,-31.288609850099064,29.24165607748432,48.16758246713408,1004.6685951346543,2.6473534819010713,4440.059431982735,56.07935354963648,-33.33552577552297,1
Maitri,-39.00910678969395,22.401911098879758,22.401911098879758,963.6644996834665,2.5345155930900396,8717.238596548608,76.64247736234614,-40.57724056661554,0
Maitri,-32.656612733609194,24.898176596222935,46.142069169260836,972.8024051577644,2.4645839827891187,1497.8067520010718,87.99836981823599,-34.3994850953448,1
Dakshin_Gangotri,-42.858585041699655,35.22362142791535,41.385203210245045,972.2423522725107,-2.061456328033897,14732.833004274156,68.71162104194028,-45.32423854165373,0
Bharati,-11.748817388641147,40.350271690278,56.155406269460045,991.400778514449,2.204174329529278,1225.45077272066,41.94444844889921,-14.573336406960607,0
Bharati,-36.651267304094816,37.12094134279718,51.24696441984213,949.2601714333852,3.296736159153657,14297.137722525009,73.22440599977757,-39.24973319809062,0
Dakshin_Gangotri,-8.596981176755996,10.461799902407556,37.068373181520236,992.5222043511508,-8.90781495662652,5456.642586054496,79.10979862859142,-9.329307169924524,0
Bharati,-31.00943379655017,6.816710390616729,24.238010677620103,967.5440164218761,1.217689861005803,20.0,78.09550875012414,-31.48660352389334,0
Dakshin_Gangotri,-40.65025275425972,18.469858751798405,27.478840205393247,979.773259905702,8.324203052574497,11408.15110398862,64.18283640254373,-41.94314286688561,0
Maitri,-31.39452382020702,6.876136638556932,25.472063693998674,975.5025742581827,-1.1658581067961082,6329.299368732438,56.92508641483131,-31.875853384906005,0
Dakshin_Gangotri,-64.36250166252125,57.720793115623195,94.14492550783298,991.9953368161398,-10.08727856347579,4186.237059079209,88.2959956335911,-68.40295718061488,1
Bharati,-26.811528650110105,24.464211629067222,46.86544084193557,979.579196916826,-3.25063540789725,8566.726436117464,80.27592728364893,-28.52402346414481,0
Maitri,-27.551787866952377,13.380383525934345,27.78871338859739,1008.8086888457923,-7.258157164545835,8657.63281855336,64.78151084132921,-28.48841471376778,0
Maitri,-12.628858801780485,24.315541320217587,30.979411606837825,999.7885812442883,-2.5374394725068505,7658.333577872206,52.48223771697151,-14.330946694195715,0
Maitri,-53.29457391975069,9.016720838496179,17.851805832419018,964.093546051108,-4.896263924607684,10540.154343489547,78.33910130305951,-53.92574437844542,0
Dakshin_Gangotri,-7.572004587046784,13.559545600773674,35.35947481712598,1007.3059553232422,3.723421789683417,7010.197620634273,61.53681861265474,-8.521172779100942,0
Maitri,-12.69101057503516,23.36342002775582,29.505394304539085,986.3881251025822,3.1140592197470065,8598.897107281358,80.74038275820512,-14.326449976978067,0
Dakshin_Gangotri,-6.219346544520061,21.33942759656079,36.366315207352145,983.3976669265679,1.3719500039139603,3912.942553944183,77.36754658042896,-7.713106476279316,1
Maitri,-25.790820640062062,23.26146557062643,52.63765469402054,996.964181041545,4.9049255465151145,9062.255852703136,100.0,-27.419123230005912,0
Dakshin_Gangotri,-9.791547488458669,35.7934316862508,52.29735561648734,959.1770276989066,-2.2615186706530985,3930.392202890396,73.83146595536797,-12.297087706496225,0
Bharati,-47.068660523603576,45.354809393354614,49.5634914803803,952.4112345598965,0.2942021729812951,1501.8361446826912,100.0,-50.2434971811384,1
Maitri,-14.304286521932005,30.203893804685553,66.98237233141165,980.4988293369304,8.777647289980099,5174.950898742529,76.228692221379,-16.418559088259993,0
Dakshin_Gangotri,-36.56744143149918,46.56337805528158,79.18786103474068,967.8739632590759,2.341124943598414,4896.877822770178,64.9960991473698,-39.82687789536889,1
Dakshin_Gangotri,-49.77102748634404,21.601857242369935,41.613622826160864,1021.4743714314664,2.331184295668039,9711.001762412212,59.16777060887622,-51.283157493309936,0
Bharati,-41.86210777246541,49.724642323702845,77.48219643709372,964.7135437157037,-3.070173503511422,187.19723498348685,61.84456046147126,-45.3428327351246,1
Bharati,-24.917032920560942,30.451181798742887,42.781384987399825,980.8049469579287,-1.6662968901421658,10374.533132317523,81.43619869417888,-27.048615646472943,0
Maitri,-37.36448812326405,43.404312181833205,65.6488569584877,983.8392894591495,-4.011826395810935,3508.1013891497055,76.93739522476864,-40.40278997599238,0
Bharati,-19.358897024563,21.837985293019887,32.60258724121237,1004.625483192264,6.723650453142091,20.0,47.42040479870556,-20.88755599507439,1
Maitri,-52.12356332506026,29.743770764127984,31.18962046457844,960.1087795591093,-6.232842592386606,1170.442625120846,90.30245711804231,-54.205627278549215,1
Dakshin_Gangotri,-56.906463154237926,72.45739784850329,113.37662395691005,947.7586920206294,3.6565558877152515,4769.859459957973,97.15359823515037,-61.978481003633156,0
Dakshin_Gangotri,-4.41418848784636,29.629278836163056,30.56389816993002,1007.8886961433936,2.3244846740518303,7776.903565979691,47.26816182354533,-6.488238006377774,0
Maitri,-11.442998058978484,45.15716080301894,63.13274211359801,981.6103776828268,-6.413453955445414,5466.802030017834,90.18036921589828,-14.60399931518981,1
Maitri,-40.73945253870711,47.954747656834925,65.81351450861663,996.194850452671,4.569629250314446,1161.8454870920714,100.0,-44.09628487468556,1
Maitri,-25.044994652058094,38.5660587328501,58.72611457474528,997.1339447400934,-1.034795793605897,2885.861407033882,48.05906352057699,-27.7446187633576,0
Bharati,-9.707394096980142,42.00741726430552,56.11057460238705,1000.6001715153136,-5.283549918639827,1228.5597867776278,67.99107912118671,-12.647913305481529,1
Dakshin_Gangotri,-18.711990875640918,21.873059726246584,36.080561293965516,972.4427306330994,1.4579293904728412,7035.025106549646,62.25680959798444,-20.24310505647818,0
Bharati,-22.776653557247823,18.139646376651367,34.52376371055463,967.021296872608,-3.2899345219548626,5637.626033358853,89.60844946768852,-24.046428803613416,0
Dakshin_Gangotri,-8.572688780311044,16.023376824897174,35.82206163830502,940.0748592810526,-0.8197425308990489,8455.087791841523,68.77967327775514,-9.694325158053847,0
Maitri,-35.96068712801831,34.94620928452097,49.928045670218665,960.1019712838587,-2.0230002804333838,20.0,68.18156427869869,-38.40692177793478,0
Dakshin_Gangotri,-24.53232327003057,29.19112005860773,43.507508600358776,981.2430218353674,-3.51648372017887,3864.067627972068,81.31899139901627,-26.57570167413311,1
Maitri,-25.267729574385875,33.72794010401651,35.516840674622756,965.9720751260144,-4.753612521010909,14115.192261905822,98.39428888204895,-27.62868538166703,0
Dakshin_Gangotri,-29.091430715065638,14.536337517384032,49.673162214357816,957.1819827563787,3.1873383064827236,8564.137420363553,74.07532153893766,-30.10897434128252,0
Maitri,-30.84708267131128,19.710931504454184,40.06792299747785,981.0084311910764,1.299504483879506,4815.570872216758,67.93899173394027,-32.226847876623076,0
Dakshin_Gangotri,-23.906976432572637,44.53325298568103,61.62232059872258,1006.8588408672344,1.0426482394932985,2050.583601975646,70.73470656391305,-27.02430414157031,1
Dakshin_Gangotri,-24.483887560217088,31.53492525197288,40.29025230857678,978.8796832166864,-1.4569088097738234,10430.99042106034,84.87216722031317,-26.69133232785519,0
Dakshin_Gangotri,-40.726414638017886,30.56642704031638,35.53028511181793,957.3436081828384,0.20518610511911603,12130.684495469186,55.02925777845688,-42.866064530840035,0
Maitri,-12.973061351493287,25.45967832837543,49.05954280885079,1005.4484942782753,-2.944214952509446,1405.3290634465575,74.75342587398193,-14.755238834479567,1
Bharati,-39.64577811649387,18.750454591805607,32.15183074096023,964.5176510227916,-3.0132077866764875,1783.724907328722,60.93395945940631,-40.95830993792026,0
Dakshin_Gangotri,-28.273501668207608,50.54663898109818,71.75728482682712,1009.5874344579629,6.840956799265033,7115.203712826931,56.95503650276854,-31.81176639688448,0
Maitri,-29.429207090800773,54.7324848382093,56.2109835011978,974.7373280559315,3.538169506661531,7489.134034618242,45.82981971753428,-33.26048102947542,0
Bharati,-19.628445810111764,29.820292319283357,60.28884075904968,982.0626021516114,-2.245809458112007,7931.113930023261,67.27513803896917,-21.7158662724616,0
Bharati,-56.78655910325999,9.443055193944343,33.45682954803871,1011.2178615119763,-5.984653654428306,13373.47937528965,91.18092262521503,-57.44757296683609,0
Dakshin_Gangotri,-11.636352776058127,26.833506004042913,41.02287907639649,952.9700517008496,-6.804344669166363,2114.0484764187377,45.2492834277096,-13.514698196341131,0
Maitri,-35.15485521418246,56.7210866428429,76.39734082707197,958.9978945645756,-2.5367026030034325,6159.433327560476,83.14077789198831,-39.12533127918147,0
Bharati,-6.700550578344185,20.023808782578946,42.4338523779271,973.4690407680694,0.4308174119701972,8884.775871988008,65.26747124692587,-8.10221719312471,0
Dakshin_Gangotri,-32.17247386774231,22.61531298038373,24.24550747623903,977.2006419330955,0.4734726722350519,8841.67795604294,59.04907611083783,-33.755545776369175,0
Dakshin_Gangotri,-25.732653786010157,43.494049743115625,75.27231865699483,1032.841395609018,0.5932782836710684,3408.7403931306644,80.15813489220656,-28.77723726802825,1
Maitri,3.7067906010263556,22.41530425287194,42.24791423370161,962.2387735600921,1.3368881890605222,3566.7032786555033,94.65850479741428,2.1377193033253197,0
Bharati,-29.160073131905026,28.951772790675836,36.9107499153488,953.9150501068859,-4.1534466245762935,4163.111520825965,97.46989806051141,-31.186697227252335,0
Bharati,-6.417251729898119,7.88320098385707,11.917284417211455,961.2833020173007,6.031006031782684,12813.828987838368,79.25548820693346,-6.969075798768114,0
Maitri,-24.414323716531598,55.38259095499967,80.25356836884015,984.6426609202803,-0.7895455227467055,2086.1153973385235,73.94573205332598,-28.291105083381574,0
Bharati,-18.768717545597656,41.67635757554372,58.78794954781377,989.8407152706542,1.1793709221242363,4702.761365292356,80.8732994301058,-21.686062575885718,0
Maitri,-23.95062115882938,48.80924876139764,68.63525779071858,965.858258172438,-2.6248154379315194,9101.807962234732,100.0,-27.367268572127216,0
Bharati,-12.282225605498137,17.249269898605714,32.51591544416851,980.4207228696026,1.245957193567946,1644.7503412340784,70.60980066859071,-13.489674498400538,1
Maitri,-35.28297419279577,61.33440833342215,66.30697144166163,1018.9040467809849,8.307890671007971,7032.072608401959,92.02405898273301,-39.57638277613532,0
Maitri,-39.76072784528778,27.585426702535703,47.671604601816874,980.7033696372159,-3.9573404737244404,20.0,66.11441012315554,-41.69170771446528,1
Dakshin_Gangotri,-34.578642855655325,50.91561880743323,63.94026741592867,986.4198004650534,-4.462376918282781,6770.405312784221,62.54056518379134,-38.14273617217565,0
Dakshin_Gangotri,-23.504344355138635,34.46814486603373,49.251233601102335,1017.7797642724723,-3.458141260413153,6209.498950639499,100.0,-25.917114495760995,0
Maitri,-28.312281783254942,42.637520145512894,81.40754720256867,966.0394857030232,-1.3326179640265452,6654.43850656433,75.03985995705268,-31.296908193440846,0
Maitri,-14.345876852932353,35.80875953076991,59.499450908417,964.7318256284549,-2.085604105777082,2524.270147619824,78.36849741537787,-16.852490020086247,1
Bharati,-5.429024502677201,22.324097891587012,46.59174698916627,970.6063579930501,-4.162642963396975,6910.8973273782685,83.20421924762783,-6.991711355088292,0
Dakshin_Gangotri,-39.63757505852513,11.371889211317658,53.577120485693236,969.4417896478386,-0.1986492574931035,5843.806592705633,61.610266678172934,-40.433607303317366,0
Maitri,-36.009231874208986,52.87136703951561,71.7171057613168,943.5797377531015,6.244563420852548,11196.481842069097,68.42590275738853,-39.71022756697508,0
Bharati,-46.54359127469281,5.721761054915214,21.918836419408343,982.7598828599208,-0.5992752353184134,8551.364681724346,65.36929711144296,-46.944114548536874,0
Bharati,5.455594861386558,44.99566237544068,53.20358888152826,984.3388260450251,-0.38575616678461516,204.07030966710317,79.98266877869438,2.3058984951057107,0
Maitri,-20.429957513172596,52.83739968597087,63.31188110369741,976.2828290033608,1.3717713610018656,2669.6596410860416,80.4995279210295,-24.128575491190556,0
Maitri,-17.802965199226335,13.072126814755276,13.072126814755276,984.94941685668,2.590659096525957,3534.5713979076845,65.99232290749003,-18.718014076259205,1
Bharati,-45.10312577546573,22.990628841016168,45.894862229081916,985.162176800999,5.492911895731592,6721.543075294685,100.0,-46.71246979433686,0
Bharati,-25.017549835103118,12.219401790237672,14.550191817133669,953.6769606114341,0.9601655504356948,5323.530982000893,74.58932119389384,-25.872907960419756,0
Dakshin_Gangotri,-17.361280233803722,20.569791991940864,44.59715181149841,985.7727989423346,-0.010625675326931032,5306.978665584612,76.541725810065,-18.80116567323958,0
Maitri,-28.791365358016375,48.413331364226224,62.983071194620486,991.1702415746347,-3.9661302921628105,17270.93242294235,95.1523890079661,-32.18029855351221,0
Bharati,-8.864415627604082,42.39502661130696,58.67561375895062,948.0579707059884,2.959845175069072,3948.4138206559455,61.87607970723734,-11.83206749039557,0
Dakshin_Gangotri,9.677466884642442,39.574144510828845,54.150465209384855,1009.2623204473758,-3.3780656241706994,11563.46388988191,67.18692291013868,6.907276768884423,0
Dakshin_Gangotri,-39.20594240640928,23.076905168495703,51.937649457325364,955.2840739419029,-3.5019965568007954,5410.555483300536,79.2825680947422,-40.82132576820398,0
Bharati,-40.331308689650456,6.157637820206629,33.252061419570914,957.2352376382219,0.7725368352788239,20.0,52.865188311895295,-40.76234333706492,0
Maitri,-38.16634098292865,14.171529578686718,28.882615522140494,984.0391062372099,6.166100194437891,6765.301718358639,71.43820738093777,-39.158348053436725,0
Dakshin_Gangotri,-0.9070125997526404,25.458475518570893,31.46843475443793,990.693975815666,2.905827966502913,10476.923210064939,100.0,-2.6891058860526025,0
Maitri,-9.364670244554734,15.962305434047877,40.20119648736827,995.5534260919146,-0.15013174629574486,8533.788421369278,100.0,-10.482031624938084,0
Dakshin_Gangotri,-27.032917266904725,45.2362056257025,50.49045591154989,991.2198467041696,-3.9263588830235157,7024.60154941716,88.45824439357861,-30.1994516607039,0
Maitri,-24.451605033986887,62.29994520764846,62.29994520764846,969.6059397128602,6.088453084261015,6094.903592657665,92.74128674080521,-28.81260119852228,0
Maitri,-37.24815439295082,34.332729371606796,54.31622805648407,982.1712258697203,-0.22631927611106797,4021.3659665035075,82.40071443236991,-39.6514454489633,0
Dakshin_Gangotri,-11.649592633852238,12.97928743105592,40.16418664908818,973.6665925330718,-1.1608248203953073,9584.942097370676,68.52727273113985,-12.558142754026154,0
Dakshin_Gangotri,-30.698527361628305,53.83814642891095,64.7872947509722,983.485180738493,2.2206677842128006,4263.186572186011,99.65365157621846,-34.46719761165207,0
Bharati,-28.90114809182499,30.579123384770245,49.62430026711785,981.3691331921204,-1.7922028989563317,3438.6505468288556,60.767633400392896,-31.041686728758908,0
Dakshin_Gangotri,-15.868153427061147,28.472124751188076,39.31538663381107,969.901827808478,-3.012015263159344,7642.5280883741925,89.52692641988413,-17.86120215964431,0
Bharati,-27.819924071248316,37.91771012045367,60.13764360731185,973.0556416767408,-2.6283756415498907,4799.702318239896,67.36216316987586,-30.474163779680072,0
Maitri,-28.524489902467696,14.520267359348557,40.47056422347071,942.955913493943,-2.639050415664804,11123.458419742325,68.2653875718963,-29.540908617622094,0
Bharati,-24.841371917063874,23.2822724153709,35.653620270550675,996.6026003932116,-4.509468285058945,7869.1211394744205,83.07991358521097,-26.471130986139837,0
Dakshin_Gangotri,-13.069668793103851,27.460149050758044,32.18411747353275,985.9511501397717,-4.955690285564513,2888.1207626892074,100.0,-14.991879226656915,0
Maitri,-0.30260386774250136,32.83688257836868,33.26657655225329,933.8663970123475,3.888119248549308,1421.0910433459958,96.42991898142836,-2.601185648228309,1
Maitri,-16.21770651630877,34.54770957534294,58.804593899945424,995.8632053746859,2.6753645221805553,3705.6325160768965,80.08141254086064,-18.636046186582774,0
Dakshin_Gangotri,-12.950286645635995,37.884275777081655,41.51861086000339,978.9394438288705,-3.291191438736178,15351.826080400646,75.9430890973717,-15.60218595003171,0
Bharati,-27.997810931516867,20.87285593481699,39.593098346840655,961.2635576727723,3.5536094347122615,5049.709103091365,86.72214239090842,-29.458910846954055,0
Bharati,-35.61696794753075,10.050464898346391,32.824535582771546,959.4914964126939,1.2372510916773263,9033.113376361425,95.47745447978713,-36.320500490415,0
Dakshin_Gangotri,-15.190206516473273,25.3238262731285,35.310807487623066,966.235556625047,-1.2951745688403362,777.4132451783898,48.5916370051522,-16.96287435559227,0
Dakshin_Gangotri,-22.43138763099143,27.003041030057545,40.34093252825799,961.3694933204359,-4.903322645285247,1667.6748277050938,73.0948501674472,-24.32160050309546,1
Maitri,-46.33942973124624,9.775765532835521,34.76620000790325,964.0562399912546,1.3657883896986762,5246.273320206263,59.21349198958444,-47.02373331854473,0
Dakshin_Gangotri,-29.92104435138397,20.258557999530066,27.176620126182467,1014.0126843271291,7.461522186277821,12804.392556665334,71.71980032003916,-31.339143411351074,0
Bharati,-26.243455352223304,31.315364617649593,37.21824856730862,987.4225198876538,0.05828615853866153,837.0620987370876,56.131430795195115,-28.435530875458774,1
Bharati,-32.65686800542718,21.99046287692561,34.646550664834905,1020.7202063574695,3.994611906382828,3481.0619089448724,47.90897524706695,-34.19620040681197,0
Bharati,-2.773966081868089,30.666191573603317,58.44531819436705,984.514772312404,-0.8468714387844056,9606.776738334878,55.211231257184295,-4.920599492020321,0
Maitri,-17.80241444646675,21.4767591951637,52.584070141199724,991.5853144016767,3.6873397372501535,12370.35448254168,66.69738006788378,-19.305787590128208,0
Maitri,-4.4023762316702815,39.29839895026747,53.31056874586013,962.3858961386456,-0.6008463393509645,7749.613202822946,83.79817658717661,-7.153264158189004,0
Bharati,-21.048621075217607,16.67686586890461,24.55564958845661,976.6394323510859,-9.62131141107886,8703.47369970955,62.791505073955776,-22.21600168604093,0
Bharati,-23.779182453623836,28.658329306278446,54.2994754654743,978.3663965772347,-2.8869407845559496,2412.3113124630718,62.01443036338786,-25.78526550506333,1
Bharati,-39.04896726415374,29.383982533290403,29.383982533290403,992.401848907195,0.529043104025162,708.3179752137876,80.93574858596713,-41.105846041484064,1
Bharati,-24.8210570020515,44.3609890406504,61.83709758213131,979.0103283849562,4.330497677827127,1416.70503069817,79.30183369773279,-27.92632623489703,1
Maitri,-24.8041911148684,23.939157307728614,38.50002137933656,987.0265498346422,-0.613998626534702,2506.5664175197417,100.0,-26.479932126409402,1
Bharati,-45.5067082605135,61.86150064709531,89.79977908233913,986.3105575411812,0.11926141434643187,6902.4093555992295,89.0202937703215,-49.83701330581017,0
Bharati,-33.092912046555924,60.68093612742983,89.63112152381359,973.9428465495955,-2.3490744984578193,1121.4471363847788,59.61150658364726,-37.34057757547601,1
Maitri,-29.849238977745436,17.29302895659387,22.86774337712113,971.8861787115117,6.243706050897852,7001.6050731392825,64.94149378858731,-31.059751004707007,0
Dakshin_Gangotri,-18.797806839164178,28.22421077492208,44.90099112967184,966.6201373061012,6.002758084049294,4739.253583475613,86.19720465138968,-20.773501593408724,0
Bharati,-18.079748320214406,13.754749664354984,23.048706241939577,1001.6460737805743,-2.704977298164221,3749.928027989433,61.70173668448763,-19.042580796719257,0
Maitri,-33.71977722947807,36.40272463503204,48.46945078596464,973.9513677736318,-6.065642643016912,9540.150806355472,70.1348921042428,-36.26796795393031,0
Dakshin_Gangotri,-17.966955961871726,21.825871344684632,42.99974909026437,986.5779500892135,-7.228792328071444,2163.877988754758,49.343235539308665,-19.49476695599965,1
Bharati,-27.731183940227755,30.362946037863292,42.01400481694397,976.8688973068932,2.413634105682386,11742.81777224261,55.400651346893646,-29.856590162878184,0
Dakshin_Gangotri,-68.04430037282435,24.974150276765172,41.91340484204542,1001.2523478575464,0.5408837001376177,9323.372327156618,93.8907119542077,-69.79249089219792,0
Maitri,-32.270530479273134,94.72329401449427,119.2960156672919,940.2382467995536,-3.127178160593551,2039.5932363012907,77.5078928471998,-38.901161060287734,1
Dakshin_Gangotri,-8.815170397864321,26.508535022934524,56.66015226089378,986.0593969119351,1.0873668340226037,10808.944882024036,65.56485994887781,-10.670767849469737,0
Dakshin_Gangotri,-50.227086349415195,25.29454266293649,43.18134411103104,954.9017900058429,-4.921299507971527,1567.0510211919327,67.67248587423754,-51.99770433582075,0
Bharati,-23.309631993766896,45.82064191488065,61.99829598528204,987.8140299893602,3.179692836829999,11172.319125038255,100.0,-26.517076927808542,0
Bharati,-1.2210817872206938,49.120228139521124,53.047326544702656,977.0690689729158,-1.529239521195945,7331.735158518481,65.14777627433463,-4.6594977569871725,0
Maitri,-36.40919429515721,32.64549588130067,63.50348042240787,950.43277783051,-4.325836280845178,20.0,82.10049278305065,-38.69437900684825,1
Dakshin_Gangotri,-24.967763793584712,49.8069110971682,69.76392177544969,986.752795736334,-1.4680587978497468,818.4866826814505,88.07189908338647,-28.454247570386485,1
Bharati,-44.560243858418815,86.65839901620039,103.02065026106732,984.4836363931679,-1.6059014807720404,4380.101412614217,96.67456113060115,-50.62633178955284,1
Maitri,-0.5915328750464184,24.278741078363662,40.129233300330604,975.375576851665,1.4602334736116598,9471.182414111223,62.23405477508938,-2.2910447505318747,0
Dakshin_Gangotri,-26.249989404949215,14.69514799048636,33.301682726038905,977.9086884500404,4.663990316411721,5317.240847875178,54.00835832630963,-27.27864976428326,0
Maitri,-24.30059735808973,34.98197706249708,57.69988196130441,983.2302216499627,4.456535765651025,5217.517642384337,58.44489096282167,-26.749335752464525,0
Bharati,-4.685493017415666,47.47873387703935,71.43423917834528,1003.5644040638122,0.6385260706874256,6160.6775546715,85.96545978989207,-8.009004388808421,0
Bharati,-15.077824080317784,59.346279302884305,90.45429826095037,973.7134626293453,-0.7487626094732012,20.0,100.0,-19.232063631519686,1
Bharati,-38.1344309874511,38.201900321200064,55.62878540632623,1000.2606391279306,-2.274574270903661,9296.901135079715,86.48689059725662,-40.808564009935104,0
Maitri,-34.709168861309735,29.026643396168975,61.56865558882302,979.2509945882963,-7.072079569867669,11358.632804521547,65.10755249990713,-36.74103389904156,0
Bharati,-17.57603043215052,18.719600796327768,44.29683359115338,1005.9146924903613,-0.07685458546803711,9157.444999181276,92.81738451135774,-18.886402487893463,0
Dakshin_Gangotri,-34.3618158259441,52.980471526037775,67.37915771434304,975.2971666307907,-3.4040458512436507,4306.054807216134,67.96355457916111,-38.07044883276674,1
Dakshin_Gangotri,-56.7586496818079,33.51688351229887,33.51688351229887,966.6735156704943,4.873354904776713,2459.834217436639,62.524405041955404,-59.10483152766882,0
Maitri,-25.798611979586166,10.205383763396517,26.061006406366346,958.0464699084174,-0.8028831905036655,1672.2519387324219,70.02853362408054,-26.512988843023923,1
Bharati,-47.20318991687214,72.374282982294,102.95906103119722,979.3236902490183,2.9883439741103053,1467.436430960447,66.28315007936814,-52.26938972563272,1
Maitri,-0.7557736965441109,15.212600473858052,22.459969172535946,964.1365385207432,-1.9300516403397276,15058.251482895665,64.47154948856782,-1.8206557297141743,0
Bharati,-22.348185433552707,47.927651516897484,63.752277991523,1008.0897668210592,-2.701929859128951,5684.708173887708,93.32636346414762,-25.70312103973553,0
Maitri,-38.577625851153634,32.11754532724838,48.769734420466136,962.5757491648004,2.419161069887635,9618.74390149227,67.26338492624579,-40.82585402406102,0
Bharati,-35.4794862199368,10.684563072311525,35.10582899062353,966.1995326106362,1.1105358786040427,9398.551874061353,51.19064511882183,-36.22740563499861,0
Maitri,-53.340963818108804,27.291893597467215,38.413778119634244,991.6216621804743,1.2888290547927224,6570.441804425978,83.78805567072591,-55.25139636993151,0
Dakshin_Gangotri,-41.49192830170756,24.31527881829777,30.621441333744876,1003.7158390401753,-0.37511702139304054,2273.3796165815797,60.68050904455274,-43.19399781898841,0
Maitri,-9.755151961889512,12.2148865236556,32.91490803589295,994.620907463182,3.1575603515916777,8074.774548564448,61.16406338436292,-10.610194018545403,0
Maitri,8.476792182385871,36.35532881606537,43.92145862568934,1001.173693528941,2.5790914762669845,1669.905074277015,85.51860218690427,5.931919165261296,1
Maitri,-14.104052302015623,44.56307547081398,44.56307547081398,978.3956780012568,-8.707280565330112,8409.219930713041,64.11858395562177,-17.2234675849726,0
Dakshin_Gangotri,-26.38063807931544,28.286387250644886,61.69010649492353,978.6774972307267,-1.029813364893189,1852.4953725728747,68.20728998865656,-28.360685186860582,0
Dakshin_Gangotri,-31.479390634808748,23.97013639269509,48.240443014070614,1020.235157345172,4.058963104270438,4255.359682289106,75.63263988843192,-33.157300182297405,0
Dakshin_Gangotri,-39.347437203645434,37.76541870349105,71.59929655766292,1013.8053742774874,-4.078139964887131,4248.663750319014,70.70486852166925,-41.99101651288981,0
Bharati,5.896488490096107,4.759249070149557,28.499376600304917,994.2840472287859,-6.769583283443402,11595.80668852121,68.56173759662431,5.563341055185639,0
Dakshin_Gangotri,-27.831230527965623,22.542931266473605,44.34658048339813,1002.1321307534731,-0.5551273734017147,20.0,39.85587913622633,-29.409235716618774,1
Dakshin_Gangotri,6.734447450937566,23.44828587348913,42.14364220769271,997.1706530868599,2.082943435589353,15323.143643619185,72.40705793455479,5.093067439793327,0
Bharati,-4.097207355849086,28.765696545332432,41.90541372970965,955.8805108773881,-1.8419253932438944,2776.379230850537,99.2018196021895,-6.110806114022356,1
Maitri,-51.111946470194106,11.762969533319874,31.884035352370837,979.2069578007596,5.171785038815084,5506.552700561782,84.44466073185419,-51.9353543375265,0
Dakshin_Gangotri,-34.98928593638938,8.52785023090763,17.99552538716661,1009.9354857802942,7.374488207483429,7653.227771488393,69.36748083042757,-35.58623545255291,0
Maitri,-35.03567686260733,16.053900056845226,20.361608332053045,994.4067835665721,-7.700310153459554,7310.461955688474,82.05269955060322,-36.1594498665865,0
Maitri,-26.197695461586093,36.067922647689635,47.74566447847889,978.7282067886474,-1.535977250926533,9374.519761288971,84.41041577819932,-28.72245004692437,0
Maitri,-25.904713796706304,23.235550856711612,51.150473770225545,1010.1751560046164,-9.127365687777584,8441.49127084265,62.36908609771784,-27.53120235667612,0
Maitri,19.94358643097214,15.993446931896912,18.669380062644404,987.3860381585745,2.644036333455128,14147.980320887247,93.8576211662751,18.824045145739355,0
Maitri,-41.158418117121386,66.7185101805858,69.5533436725848,995.1115927658129,-2.7194231334576813,8926.382719706799,77.44611753699233,-45.82871382976239,0
Maitri,-21.565450965034152,23.958719668574304,44.87181129570253,987.4906289154404,-1.903221945793649,5530.553175134666,70.31505428203558,-23.242561341834353,0
Bharati,-15.752383862982953,28.856456572753565,39.7056695283869,990.8232452975701,4.592367757190318,3787.9466597646115,98.85655533023859,-17.772335823075704,0
Dakshin_Gangotri,-25.023580067037944,52.579369031707074,72.43431948330172,992.2533833380293,-5.313585931532442,3684.585581488868,43.975038967100716,-28.704135899257437,0
Dakshin_Gangotri,-23.347291333279628,31.04661316642596,55.945187485220416,1005.9934815386624,-6.318246282078843,11172.975073123314,57.36285992289595,-25.520554254929444,0
Dakshin_Gangotri,-40.672133414598804,37.57523451053003,57.19055935310881,1008.5991304409026,-9.10990240730405,13020.808020273798,84.6240369605894,-43.30239983033591,0
Dakshin_Gangotri,-23.40270708095977,18.209891340317455,26.887435553532978,970.9781776196874,5.082110105529883,10016.404121213323,85.11125923383226,-24.677399474781993,0
Dakshin_Gangotri,-17.32901505738442,29.67137341269837,57.50071149798442,987.1102217189685,4.1528758296888695,20.0,99.70184795194692,-19.406011196273305,1
Maitri,-20.085991235933072,62.46705061104363,84.88827743707874,1005.4201783709473,-1.1755522914470975,20.0,41.16027595048281,-24.458684778706125,1
Maitri,-16.44698644131863,35.17582894800621,50.444107489901995,977.3688119597429,-5.100981869472439,5969.751721578475,87.88048752720229,-18.909294467679064,0
Dakshin_Gangotri,-3.81088149045652,32.62029934494235,47.40447120595804,953.8220766757677,3.336389219802504,5333.230873270726,56.319764987743184,-6.0943024446024845,0
Bharati,-10.945501871284874,25.232749568299376,43.97267496306927,961.8270361440384,11.01870231951616,6079.634559042645,81.28349719893694,-12.71179434106583,0
Maitri,-23.930580797538447,13.639117517182424,25.51928051459938,963.2084192236149,-0.9427504964032758,11006.969988553577,74.02474595429217,-24.885319023741218,0
Dakshin_Gangotri,-42.576375278249174,49.756566557654054,49.756566557654054,970.8364199263641,-4.811615572523265,10807.559909017793,87.74849984651422,-46.05933493728496,0
Bharati,-34.00007912066679,27.67670013978892,50.17827760240566,965.0754338203765,4.966770982322832,6699.653380845462,71.46938672630326,-35.93744813045201,0
Bharati,-28.294467278761232,19.665696001810403,41.573126200522154,1000.5821216644407,-4.52995314455788,20.0,90.16523887199932,-29.67106599888796,1
Maitri,-21.21481252987829,12.786668636533694,12.786668636533694,974.4635183271923,-1.4666980533090912,1083.1829927144,62.57873664163938,-22.10987933443565,0
Maitri,-32.174991422490926,33.48469246024596,53.59145388681849,1005.2220342530286,-10.55483915989092,6269.715794099015,73.77833766634764,-34.51891989470814,0
Dakshin_Gangotri,-39.03599798776527,14.922019580816663,47.486854969713775,957.3941330285406,-1.2130932898214701,7667.290164136024,77.89177591368421,-40.080539358422435,0
Bharati,-42.82298033680506,49.97674241282991,53.70035888109451,972.9335444482309,-5.113148884360811,1130.7653895943504,100.0,-46.32135230570315,1
Maitri,-49.76766638583297,20.3078231217017,34.57491021279459,982.0855470774308,5.0353314106997145,8642.086866511354,87.49423123266251,-51.18921400435209,0
Maitri,-28.524260556618533,30.00966151159851,43.189838370257924,996.2132320059119,-3.9045745600691926,20.0,78.06540061226649,-30.624936862430427,1
Dakshin_Gangotri,-47.044981631054576,34.82308148218403,66.42720082589285,1002.8725353041223,3.119238512699352,20.0,84.59709372764135,-49.48259733480746,1
Maitri,-40.00788526236089,32.79756716508713,59.00703760665675,969.233654161774,-0.41975507224005704,2499.4904414920834,91.29232451523153,-42.30371496391699,1
Bharati,-30.90852809266454,44.63770684182347,50.85354537669917,999.8683701681722,0.5014578397406914,11492.253682424227,80.61804979868012,-34.03316757159218,0
Dakshin_Gangotri,-45.038759640871504,21.344261769829327,39.765447003414586,946.3621435200691,2.0888843199393734,12089.140579467823,59.62134907263799,-46.53285796475956,0
Maitri,-19.303717172519548,28.96139203167611,66.98811335445137,997.426623680219,-0.21381325316553157,20.0,84.42562695963574,-21.331014614736876,1
Dakshin_Gangotri,-13.89665404591469,38.615912026553296,47.36883303514192,953.1786993505834,-2.591217471544786,20.0,74.57528442633257,-16.59976788777342,1
Maitri,-33.24140529663098,59.45475969997039,74.34322186337707,988.9328788102553,-3.2481050269232314,9043.740248056041,69.7051619351562,-37.40323847562891,0
Dakshin_Gangotri,-31.555409614150026,43.04472591483051,63.1797989497067,1002.5837305649125,2.035919520116463,4237.240267722966,63.22143060957797,-34.568540428188165,0
Bharati,-16.93855344791384,47.1096796725177,56.00913417532513,997.7446067881747,-7.606954106131002,11465.497055366941,83.68998362198745,-20.23623102499008,0
Maitri,-35.70992645852019,24.286163275950297,56.91819412587775,947.216441789017,6.712657525133363,8978.644946303808,82.6800123808237,-37.409957887836704,0
Bharati,-36.74100867395943,35.16622959750218,45.439546594666965,971.0553517596774,0.5272869112522924,9665.573988371794,60.666509348344526,-39.20264474578458,0
Bharati,-7.052522827205642,55.152011810235614,56.26166051899367,994.3386624247215,-1.3495796407553022,2712.479020356486,58.40831355565824,-10.913163653922135,0
Maitri,-11.737183919308194,28.211231819422885,37.96141143025999,993.7658982826473,1.0643392489096415,7775.245890926319,100.0,-13.711970146667795,0
Maitri,-15.976749964841208,35.27244155418804,56.80264241604974,985.518623841571,-2.377191115994286,14065.534637605164,87.90941638689277,-18.44582087363437,0
Dakshin_Gangotri,-11.115330679088608,11.063380802524302,18.08163954498177,935.9678549552822,-0.7121925841927045,6568.993434454465,76.30085419582119,-11.889767335265308,0
Maitri,-54.65918088051045,40.50824799711072,58.53024188578175,1003.9609772210788,-4.526891596218976,5819.9924501762425,84.09367758197763,-57.4947582403082,0
Maitri,-4.692466798103389,32.44253958667099,53.06804398808765,1007.5252077965617,1.5003437352396753,4257.227444911725,67.98400214489358,-6.963444569170358,0
Maitri,-19.119068251243867,39.1618254415867,42.07248502079016,983.2747970158866,-0.3138233244447532,20.0,72.41404024012671,-21.860396032154934,1
Dakshin_Gangotri,-9.838279239913977,24.596089541681174,33.95906736573893,984.5715587350264,0.7498758688202868,1604.216802196418,75.32202140172893,-11.560005507831658,0
Dakshin_Gangotri,-19.19257331325456,9.498860838230138,27.988569433610813,990.0612076063858,5.932559385655483,2432.7091560597482,89.46454189284412,-19.857493571930668,0
Bharati,-24.26612762979766,41.475387648971605,63.49950924900675,1009.2088560684949,-3.2168335507377357,20.0,53.80010512638803,-27.16940476522567,1
Maitri,-29.12963818543082,19.56822585188413,29.180385654207743,985.0110836727318,-0.5155350015975634,20.0,59.69612805542032,-30.49941399506271,0
Maitri,-19.492834346706918,11.810442333684884,28.328165436165172,976.1765070937531,-6.605662249376304,20.0,56.62887650629281,-20.31956531006486,0
Bharati,-29.676218633568283,31.30578741861018,43.466424921152566,987.6304022696576,2.2001288092413542,2869.956610976231,87.79676410647279,-31.867623752870994,1
Dakshin_Gangotri,-11.981858499023314,63.30380658760852,85.58230829561447,979.7778024404618,-0.06993856598006527,8700.991571307211,73.48629504752147,-16.413124960155912,0
Dakshin_Gangotri,-48.796849668283,17.969376348708877,38.16351214036496,980.0049895139198,0.06938556334876346,4733.924412998096,61.2543377176935,-50.05470601269263,0
Dakshin_Gangotri,-33.123637926914164,20.00766363732059,31.272833485363865,944.6828125783359,-0.6294445779500688,4752.056355985105,71.67718685947692,-34.524174381526606,0
Bharati,5.672348727149696,42.52246461264057,62.306903124602144,990.4566319203091,-2.312759372110874,9067.112807820593,65.52291923521693,2.695776204264857,0
Maitri,-34.391206953585886,25.822545099530544,36.69656138160356,1003.4291009754521,9.984111789167102,12755.860659949147,53.48198157122782,-36.198785110553025,0
Bharati,-28.58025584595217,41.402079516326744,60.975699059891525,1000.4074552753873,0.15286636666656025,15093.320984611566,93.90526432157408,-31.478401412095042,0
Maitri,-38.23871400025114,25.093305210392263,44.80625066383814,999.0198293859762,1.186067344690073,6578.043205509826,72.75985375654858,-39.9952453649786,0
Dakshin_Gangotri,-19.962314906712642,22.998400406727946,61.708865692413035,978.9399537753695,-4.55768299645083,4872.795103425368,94.25173765957014,-21.572202935183597,1
Dakshin_Gangotri,-36.04397335213292,18.460394747624917,30.097772326583808,982.91352386352,3.540427191245937,4347.683957625404,53.26832071909128,-37.336200984466664,0
Bharati,-27.784164022105752,33.912324742764326,47.4996398731294,1003.8280539436314,-0.4938618150497206,8364.80576075968,82.56413440298644,-30.158026754099254,0
Bharati,-12.26700195947394,18.395786869434982,26.92347086551374,997.3470858632355,1.783253804506314,5374.776253561805,53.36242983001482,-13.554707040334389,0
Maitri,-35.48145128222224,22.258677187674024,26.930440209782077,1009.7271250654446,3.6093357179401497,5389.08287363683,100.0,-37.03955868535942,0
Bharati,-13.170833211021687,49.57595912129181,60.01135418536761,966.545671088378,-0.4156314168725559,5654.122079102198,49.058129279985394,-16.641150349512113,0
Dakshin_Gangotri,-12.666560266594653,76.8148275535037,98.46583450571609,966.4208807849772,-2.7079763957260656,2231.4538169007633,100.0,-18.04359819533991,1
Bharati,-9.175658579210594,36.10533696614818,58.47995227964124,973.3486335025763,-9.310947103622679,20.0,74.70263561871472,-11.703032166840966,1
Bharati,-22.891885076229396,50.540325922910725,68.49712436978402,961.1393468972053,-1.548721024112745,3323.0538110058396,72.25885506655013,-26.429707890833146,0
Bharati,23.618886154651783,23.70063916526586,35.742990359966754,953.5708978389744,-2.7296277143165244,11829.91724497842,83.84011330346978,21.959841413083172,0
Maitri,-9.18199455186877,25.409588298868393,35.4758384395603,989.3727445212197,-4.5722131303911775,11641.904419444345,60.929650615405244,-10.960665732789558,0
Dakshin_Gangotri,-20.126835633897603,32.06102621202834,37.89272110740809,988.0110078892116,5.812343733217848,9759.130257516055,86.77662104259312,-22.371107468739588,0
Maitri,-38.13886621122603,19.7291265195985,29.160250509968435,984.9245178446957,3.9310658914732994,4025.085685792509,87.87508383509962,-39.519905067597925,1
Bharati,-26.455886888112115,22.82454304803807,24.87326245671531,987.0749048596766,-7.319357028141912,2837.945602497895,75.17867922066377,-28.05360490147478,0
Maitri,-3.605095346499489,40.69289505981081,69.27147817856743,950.7257660910832,0.6148418724478367,12498.385818979445,78.75078280745142,-6.453598000686245,0
Maitri,0.643019234394032,29.310867972704038,62.682382835924486,970.3989502965693,-3.268975041120394,1667.4805204619624,100.0,-1.4087415236952507,1
Dakshin_Gangotri,-2.825063493396563,26.82779374718084,26.82779374718084,974.1306311222693,1.4671757793843538,6157.591693907812,84.76766635708513,-4.703009055699222,0
Dakshin_Gangotri,-13.222115399055706,26.148360629414178,44.04099700792028,980.9701208600885,-3.1985877393604842,12757.974283871252,63.26691521626888,-15.0525006431147,0
Dakshin_Gangotri,-43.83490309443358,16.12176811775609,33.848687671316355,950.80473964126,-2.1559876079202183,6495.785642355544,86.25799475733221,-44.963426862676506,0
Bharati,-17.69257273261495,31.4518235687224,48.53991146462372,961.4441763135187,3.8521575655131786,4826.087845633241,66.9309905842669,-19.894200382425517,0
Bharati,-43.62103567079497,19.736605897438636,28.809162685308554,971.2704309582813,3.2773637748972475,10639.355264905545,64.02673190358344,-45.00259808361567,0
Bharati,-47.31206790071138,10.994502834124289,36.21964242168119,1001.1657080353484,6.037920793258428,6288.048149703155,82.68971649674329,-48.081683099100076,0
Maitri,-21.412619731341422,14.848751988318329,33.95352500410393,985.237405769812,-0.8681920047081965,6784.684096522293,59.85959792920268,-22.452032370523707,0
Dakshin_Gangotri,-17.152008290953745,26.407299946995085,51.74851748663342,1000.4313239195297,-5.822647590587209,12058.85136068434,75.69591485148561,-19.0005192872434,0
Bharati,-11.44934352278793,39.03292415296834,46.657804358840295,977.5513772628855,3.6851748517228584,20.0,85.10628433401396,-14.181648213495713,1
Dakshin_Gangotri,-17.54295639420859,44.20824953695672,45.376421490377425,980.0197778675008,3.708349276023907,7435.360108346757,100.0,-20.63753386179556,0
Bharati,-17.026210213858775,12.867423746250754,32.21647904207095,989.9815183491427,2.5130817458745596,2934.719385218745,84.5750137264701,-17.926929876096327,0
Maitri,-39.76978877488565,37.09210094116312,42.46266368298058,976.455783659765,-2.9750037036614008,5171.106735982522,52.95047088488792,-42.36623584076707,0
Maitri,-26.574650270269995,65.22471001010635,90.77070606844508,967.5054903280121,-4.283209109032088,6451.825621681114,55.2931833112286,-31.14037997097744,1
Dakshin_Gangotri,-47.606751784517314,45.32115892884831,45.32115892884831,950.2042915336733,2.143857081710236,3298.1175408608715,100.0,-50.779232909536695,0
Bharati,-55.05053694100293,30.833548871922872,41.14814992290094,968.0416565072584,-3.544611933165858,6914.088703471833,65.48618890200886,-57.208885362037535,0
Bharati,-13.890359352353888,32.13499503285915,40.97577655632848,996.7237451326475,-1.2318930677716806,7541.45881752026,52.2530188938876,-16.13980900465403,0
Maitri,-36.29686590686438,30.381650134251075,42.05788371592945,1005.2134828539041,11.626040279754033,6813.822387588267,59.92846102765874,-38.42358141626196,0
Bharati,-11.912522467854197,21.94645309139676,39.55744381102881,964.5368619688534,8.515794564402384,6445.657618126876,86.91195614908622,-13.44877418425197,0
Maitri,-8.37478633179942,46.41797139482634,65.38032875484029,945.325250332034,3.1707605482016037,5529.597251697637,76.69259625572221,-11.624044329437265,0
Bharati,-34.28975986934796,16.90954449961978,38.306920522766745,998.5322174691895,-2.649067805908151,5608.268364398294,84.71001826253656,-35.47342798432135,0
Maitri,-16.145333581670513,31.665453244278314,54.21531688717462,981.3859733529777,-2.889298923047431,6317.570632540392,74.50491476576515,-18.361915308769994,0
Maitri,-34.91735092920462,10.875584528647689,24.160328521930055,953.0590635708904,2.863162358202892,2230.336997385741,58.45719768145383,-35.67864184620996,1
Dakshin_Gangotri,-52.68818311940236,48.533458921073674,84.62050253813825,917.7842116715062,5.987961988098878,11080.466694820236,48.19125391220422,-56.08552524387752,0
Dakshin_Gangotri,-23.150358933363123,31.016120492633156,59.88702383220304,960.7317871791153,-2.0465411381749075,5635.547542684478,62.48119101827342,-25.321487367847443,0
Dakshin_Gangotri,-32.06310819573641,12.31423342210215,24.19435126548854,970.7410826595192,-1.8272031531079593,4386.4952784348625,76.82651548427212,-32.92510453528356,0
Dakshin_Gangotri,-31.601335158806975,56.62858285322549,70.2598459318057,956.966981622597,0.35084609134157524,7583.375610837044,57.246725606276044,-35.565335958532756,0
Dakshin_Gangotri,4.630146767682881,27.456919964301,39.12644203729848,993.8381273285022,-5.5558643956254326,5541.240799613152,89.74353102050011,2.7081623701818107,0
Maitri,-47.88785474099008,13.96409113244694,32.59707727105272,963.7486434840949,-5.433560937797299,10970.496716747411,59.99897390967047,-48.86534112026136,0
Maitri,-19.256932969427936,68.14495430493692,73.42557600350843,980.2480388963769,-4.704025900343505,9578.73267180265,50.220445134358,-24.02707977077352,0
Dakshin_Gangotri,-39.92210855717127,25.12673465447515,32.23136004523563,1027.4697857750596,2.1842326255769624,6371.76037371573,75.00992609731337,-41.68097998298453,0
Bharati,-11.376078860990134,18.63055100412462,18.63055100412462,982.3492259890473,1.0879788168546247,9755.660208223748,86.4108359228044,-12.680217431278857,0
Dakshin_Gangotri,-20.523531457374013,32.46218334199703,43.47558205426527,977.6896323891802,4.547800298902144,6941.073538452682,97.38840845660363,-22.795884291313804,0
Bharati,-19.309834762290798,14.912605240847457,40.560197080587486,978.1414456017305,-6.948782739973187,1383.55203938232,50.82304133123283,-20.35371712915012,1
Dakshin_Gangotri,-39.1733442640339,21.946549093051395,35.425538891556734,993.3802894567597,-6.067651167503057,9559.470530584298,96.35534811461153,-40.7096027005475,0
Bharati,-36.48381869932485,53.33190696094294,67.37028754614629,990.9017008450834,1.8228860707992225,20.0,77.77999931225199,-40.217052186590855,1
Dakshin_Gangotri,-11.091242389811708,70.28977115608271,88.07136259463782,959.9289104426572,-3.488119316031918,20.0,65.68493505613606,-16.0115263707375,1
Dakshin_Gangotri,1.5619658259134432,25.45007547025238,30.42770114230111,971.7769414652967,-3.197724465433397,8791.9841164778,85.21219084881544,-0.21953945700422328,0
Dakshin_Gangotri,-17.79538274163719,35.99571385878326,51.248575985225635,966.6534210941393,4.051005884650852,7774.24944933752,95.33077428133984,-20.31508271175202,0
Maitri,-38.461310811571494,54.52891750528572,78.43221246027397,974.3471372094872,-2.2117898121830137,7507.009953077353,49.81397043290218,-42.27833503694149,0
Bharati,-19.915922163068977,25.032370537010856,43.09800220313067,1016.5324200280675,-1.7436562291982727,11558.227002697346,68.53602153551743,-21.668188100659737,0
Maitri,11.412080665064138,18.197846556916716,42.979493869533805,992.3489504239183,-1.0003621613195008,5901.135707717057,66.82987410341227,10.138231406079969,0
Maitri,-23.463657839216324,39.39939664656357,67.04071570925015,978.4047478364324,-0.7576818551534066,4486.998971687279,84.38982169706364,-26.221615604475772,0
Maitri,-3.0723871090960095,13.641223699350387,35.26712131572846,1004.8906436132894,2.739743040881649,9186.559329228754,96.90044141990775,-4.027272768050537,0
Dakshin_Gangotri,-36.10494048758068,17.096838849145048,24.96316860734446,983.769425428356,-4.840017589038819,3144.8252249216184,76.10100010013248,-37.30171920702083,1
Maitri,-25.631290774545803,12.11627001937741,23.67491638317481,947.2389927194882,-0.7524639726972198,5047.563176978871,70.61717108925156,-26.47942967590222,0
Bharati,-15.706521908116862,52.5767691588797,86.89165768854605,1013.2792939622194,4.649487796835935,7010.291849765648,81.68041240127286,-19.38689574923844,0
Dakshin_Gangotri,-19.04007537605704,29.81659320615268,47.95827833943766,976.872021208001,8.531006695166173,7330.166314413342,71.4828455987372,-21.127236900487727,0
Bharati,-36.49583020166741,40.14804692482661,56.95761282255059,934.8794651209868,-5.426554753534808,4667.900707016246,42.456746187104564,-39.30619348640527,0
Bharati,-37.142761856959,17.72869552886452,24.12910212512497,948.007475753249,1.324024992526896,4038.0827821332787,82.75541249631657,-38.383770543979516,0
Bharati,-10.175733953460123,35.277525689828416,49.3629141336752,1002.5537084249827,-0.760446468770343,1520.3245444723061,89.78513725485665,-12.645160751748111,1
Dakshin_Gangotri,-7.126737810247825,35.89960695764977,58.06334281917764,948.3320088415181,-0.3951765956124304,2851.300323574558,91.10544778715891,-9.639710297283308,1
Dakshin_Gangotri,-2.3178466281712,67.96996425989813,83.1184213648628,1006.9844909457073,-3.1583270382079713,13276.353933666902,57.66008354834581,-7.075744126364069,0
Maitri,2.0589572487930177,38.42777151532999,48.23398916682351,981.620951777214,3.0232177488605516,4937.692878537148,84.10737193832668,-0.6309867572800814,0
Maitri,-22.980708455161054,44.155894828995876,56.282033199521685,994.2778830999628,2.817976367657929,6757.005929444357,97.99151191480173,-26.071621093190764,0
Bharati,-29.6679886634739,31.035032720167152,57.953285900328126,974.8638716878482,10.091502278388681,34.88798804306316,100.0,-31.8404409538856,1
Dakshin_Gangotri,-4.7351359183229675,5.264721620905949,26.942529747548317,990.4672971184459,-5.284317249926677,16252.843732725707,82.18398496819015,-5.103666431786384,0
Maitri,-14.3039607722262,33.69412463787807,54.034526906500425,986.3313440555322,-6.9916392656481,2554.140043654706,89.7579143311553,-16.662549496877663,1
Bharati,-39.736828880013874,26.3105547438029,45.71937613328953,979.229397123986,8.218925412033574,1299.7027445330978,60.11062991614394,-41.57856771208008,1
Maitri,-40.50453498278367,25.639809127705604,28.809509535353367,958.691225355367,-0.20756792008837424,5755.269701640504,58.149006838576696,-42.29932162172306,0
Bharati,-17.621046979655365,22.479804382009256,40.20329524950192,987.1705675141916,-1.8271915818737394,2430.0831223017512,89.8099750672651,-19.194633286396012,1
Bharati,-27.659119922259993,25.639662533355406,51.319737305656645,943.6595180490261,0.7529655252327278,7459.925200310032,44.46172759002376,-29.45389629959487,0
Bharati,-25.396449321110463,20.231767171691665,32.62255175948921,998.6300264339137,-5.579409754674126,20.0,77.33022937624659,-26.81267302312888,1
Bharati,-8.911999529347082,42.06486114095243,66.83914176456067,983.9399007609316,1.503440863552959,10548.196527526616,96.4589837973,-11.856539809213752,0
Dakshin_Gangotri,-13.614442825224465,16.242426670582077,36.694693855794355,989.2839301617217,-0.3210478794672362,9759.436877349717,85.68879432119381,-14.75141269216521,0
Maitri,-5.051901273723523,63.48716568315864,86.76389410872571,927.6618685320968,4.29511511746469,5525.277313959778,85.59104011486185,-9.496002871544627,0
Maitri,-53.9730415956005,40.28729017066717,55.79665503623798,957.4853259157215,3.4280522336559316,20.0,74.25793624438836,-56.7931519075472,1
Dakshin_Gangotri,-21.199031241681986,47.650813082465746,71.51666869464069,969.8846761396134,3.7613317428263637,2750.9869433911804,68.85169773290522,-24.53458815745459,1
Maitri,-14.579672164041899,16.914098730060072,17.26728259585368,993.4735647486118,0.7633438553941343,6250.102424356958,100.0,-15.763659075146103,0
Maitri,-47.89878785031526,21.641301126551465,36.97275832828525,961.1437812626036,6.4173852828063405,1157.9556887716262,93.50466233029849,-49.41367892917386,1
Maitri,-34.82343461964958,30.409100072110864,52.53924868288607,1030.960075086014,2.3050122863080365,1808.7075214687966,87.69385403950218,-36.95207162469734,1
Maitri,-37.607277434933785,28.907297059900714,46.87029232236025,974.7337474796454,-2.1324827681294187,10197.19638621751,75.41768551487976,-39.630788229126836,0
Bharati,-24.674527434101257,40.33756768021493,66.2938042402553,959.6800899006803,-3.236897757594143,6619.668135100863,66.23820952337344,-27.4981571717163,0
Maitri,-0.5821904695890439,28.968015177674165,42.39702692571271,976.2630025814889,-2.7861257152250265,6493.322945883202,91.19452919363061,-2.609951532026235,0
Dakshin_Gangotri,5.338841069973512,65.19264496580738,74.7180922357568,960.981050798535,2.3553202839463725,8109.837703671203,70.39675295672065,0.7753559223669964,0
Dakshin_Gangotri,-37.214313296099235,17.115788927778627,17.115788927778627,956.3131702821429,-5.326478683063667,5344.708585023065,76.18058946294629,-38.41241852104374,0
Bharati,-17.101641242596386,15.178633061786087,27.448968058057105,1000.2195925472881,0.6204238371383751,5761.976780263898,84.23538784372016,-18.16414555692141,0
Dakshin_Gangotri,-16.618032217865274,21.08102086658702,41.24977033478664,990.2648122270142,-3.3314953460899717,7823.942377980683,78.14199917648034,-18.093703678526364,0
Bharati,-19.185613427278785,25.666646232995852,48.27673137048696,990.3228885640904,-5.012483577657026,9235.932331331296,98.2499183382489,-20.982278663588495,0
Bharati,-19.01530547891149,49.74005265872745,50.748196842167246,1005.5350617916748,-4.36665807750035,7992.41211995837,55.200662524815584,-22.49710916502241,0
Dakshin_Gangotri,-20.44386246323008,34.793464733283265,61.546715996549594,989.7334397797537,-0.09516620692928168,11841.552470160092,76.0100485865082,-22.87940499455991,0
Bharati,0.31355181209629635,6.010840105236011,11.266631893938875,958.6518585980706,3.055099447490153,6098.521466393439,100.0,-0.10720699527022443,0
Maitri,-8.463002284479135,6.438534854390841,20.227053441444216,994.1728716792005,-2.70374565819358,611.3136285398768,88.45580107863495,-8.913699724286493,0
Maitri,-40.90230846397401,26.925816722304724,36.23765290572933,957.4676255332187,-8.303908463070142,10353.082247806818,72.04433785215434,-42.78711563453534,0
Bharati,-13.06418378679176,22.951643084761937,42.12414192308581,970.4392263539153,12.61733579444492,5019.655234233849,86.98231184671437,-14.670798802725097,0
Bharati,-11.614399382328218,27.34067258722846,43.28141976264691,979.0856377064277,4.471186977025877,2925.2398970969352,74.28392981544403,-13.52824646343421,0
Maitri,-20.275490692723167,25.676172616077842,47.455858169776235,977.056395863218,3.729116907372922,8849.397693617095,96.99557266097507,-22.072822775848614,0
Dakshin_Gangotri,-8.028634442459058,60.43449377924081,93.87253992448466,944.1763369856534,6.511514443679493,7483.086787175865,87.31879584728821,-12.259049007005915,0
Dakshin_Gangotri,-22.178889485514443,46.014077153941564,64.99260188400903,960.6479090732721,0.3694793863880352,885.0087787191733,62.00225000750041,-25.399874886290352,0
Bharati,-21.99298418385624,21.685510078806786,30.918713692464316,979.5498269437388,-0.5400045390178362,8682.521136063184,78.57542558674963,-23.510969889372717,0
Maitri,-23.18139182984435,28.688342240261743,48.2990325158173,967.786265791268,5.423165631820776,13497.267493319636,81.27938509238658,-25.189575786662672,0
Bharati,-55.273661286995036,24.57555144255721,59.02694390993098,1002.5251569675203,5.396170599820032,7294.47189608213,82.02162770593999,-56.99394988797404,0
Maitri,-26.20597590858811,8.230949388165106,29.79435202645469,1005.9497153289234,2.4607470904543134,4975.2650477184525,79.78124138870271,-26.782142365759665,0
Dakshin_Gangotri,-35.02375861681856,22.233917834719094,46.69085392531899,957.5922803439195,3.5299914426217276,20.0,83.47117104620206,-36.5801328652489,1
Bharati,-42.79671967288836,22.399335680829125,22.399335680829125,981.1950949416002,-4.955088921453448,14204.873136296546,81.28538064660911,-44.364673170546396,0
Bharati,-3.4897257289071604,19.790742545891188,38.65952853546494,1011.654349690031,-1.029878434303688,3932.159150635478,64.18218286692601,-4.8750777071195435,0
Bharati,-17.436887221983135,21.880469171087245,34.20029167183071,977.3156418956733,6.8152591304784265,368.0460167065294,68.15287678792363,-18.968520063959243,1
Bharati,-25.447466214168216,24.830803834747265,33.0295552140231,971.8604104936056,3.2173770069871335,6443.379669262914,71.18750644749882,-27.185622482600525,0
Dakshin_Gangotri,-33.47205026653639,36.22961047963588,51.0064372070466,997.2044192056044,-5.848083395504779,10032.99587309739,76.43295940428115,-36.008123000110906,0
Dakshin_Gangotri,-20.557456230568896,20.659088748385635,36.74542856135712,974.5159640356204,-2.1244109400913103,10943.659098480462,71.23649101179801,-22.003592442955892,0
Bharati,-10.128458600237304,53.44274750244315,62.198828482523425,1005.4174036631908,6.163826925440417,3311.1215433276593,91.54320460557997,-13.869450925408323,1
Bharati,-37.404487653204114,17.00473733051351,33.889374932600795,968.1050694319491,1.8208686015947322,5605.897062846652,60.59807731488016,-38.59481926634006,0
Maitri,-25.07242558414915,48.92389520580692,62.18902422781805,970.5082413171602,0.7275572704037854,6001.651184756363,48.9805680093691,-28.497098248555634,0
Maitri,-11.979002517232413,33.342307339106284,55.36669608426745,995.803129341914,0.847843992153922,9906.231904035922,100.0,-14.312964030969852,0
Bharati,-54.04001693626195,14.431486083885842,31.707234492091573,982.0108744696396,-0.33424557259314186,8371.33651932197,62.737454196751315,-55.050220962133956,0
Maitri,-25.863546436081062,24.494801525558362,43.254035114051334,982.1681211423913,-2.096971613486591,7082.49855037745,91.50566143802922,-27.57818254287015,0
Dakshin_Gangotri,-31.439370558213078,61.5846609474105,86.37854063427713,941.8133704482501,-3.3343551121440695,9659.30580665372,84.12884521747317,-35.750296824531816,0
Bharati,-27.00744786632551,17.186132487648205,37.73569108604033,972.9317334488704,4.041298289671005,551.7287782968979,63.266063932517525,-28.210477140460885,1
Dakshin_Gangotri,-32.52442834557854,62.45744903673193,77.39660511064064,997.2807491231343,0.9501815720934195,7683.498261066518,73.00543902911154,-36.89644977814978,0
Bharati,-22.935630921890567,36.746742732795404,36.746742732795404,964.3258003573196,2.828212399928334,6886.385331879359,70.7706892099645,-25.507902913186246,0
Maitri,3.8544083063407726,33.630970511020514,53.76825044897062,994.0133613127962,2.186755914778561,5799.9732556504205,80.34569890646564,1.5002403705693368,0
Bharati,-29.858837108928263,35.67353644535359,41.554303422783164,985.3597964396486,5.634865861121221,5001.302372056241,63.488590586737814,-32.35598466010301,0
Dakshin_Gangotri,-20.624334863588402,24.16651192450078,38.30413367749785,976.0056978497088,1.8185700485213734,6536.598455499983,72.35225538016833,-22.315990698303455,0
Maitri,4.9211962761366905,2.380784122560754,21.091253975158548,1007.1550932587135,3.294438410919519,3719.2476215312527,74.44122065585339,4.754541387557437,0
Maitri,-33.25023367558833,17.605933676365137,45.936223914277264,973.2031194850684,0.6691321579850673,16909.167007141834,91.52731215831784,-34.48264903293389,0
Dakshin_Gangotri,2.220130233934537,29.359732543023213,62.782960557525435,974.5970593091356,-3.789775434279658,11435.89692040475,68.83330246499486,0.16494895592291225,0
Dakshin_Gangotri,-24.920154900593392,34.253091026365055,40.040908157650904,975.7772723130115,-0.9024679622079176,10371.639864986819,60.36520677813526,-27.317871272438946,0
Dakshin_Gangotri,1.7284433879738934,37.59941818802016,39.44078942439552,981.6104981599686,2.3596771969531103,3881.290694315562,66.82928620451104,-0.9035158851875176,0
Maitri,-13.746983125805214,36.85719068186955,55.11436237373779,995.3391513742955,2.7106909378557957,2171.2288571973086,80.50543956813577,-16.32698647353608,1
Dakshin_Gangotri,-20.393374561263673,41.63347300055174,59.057750540930684,950.5488961138792,5.804111852940561,5152.191273175603,48.426158346742355,-23.307717671302296,0
Maitri,-25.984460228298797,74.38357538431768,77.36481660507667,997.3609053654259,-1.839681562059669,6456.638586083664,92.95972750831814,-31.191310505201034,0
Dakshin_Gangotri,-34.36062159818816,32.786911744603366,47.62088172530253,981.3619613540766,0.9039929283365167,206.43986328439132,75.29477246737385,-36.6557054203104,1
Dakshin_Gangotri,-23.863126750534708,52.05538076842035,73.03079022588791,991.0806915960267,-0.5166196824326827,7919.907245767953,81.49824110956966,-27.50700340432413,0
Dakshin_Gangotri,-11.539578114699637,38.294659460758155,40.99314223896889,1027.837008331857,6.497250167674934,10328.598446575998,78.2877653127574,-14.220204276952707,0
Dakshin_Gangotri,-25.196671464950057,78.36532825888338,83.41947433757427,969.7667919769169,1.505794367668152,20.0,64.98957286494624,-30.682244443071895,1
Maitri,-29.749342075927864,30.402861149473406,38.96126179585088,955.5065885748899,1.5823768520865593,2398.5275320563023,58.76701716958634,-31.877542356391,1
Bharati,-28.761738012666594,28.70637404487613,41.58377155484197,983.8759805698356,-0.14263892415203228,10911.336273407349,64.49281773402852,-30.771184195807923,0
Dakshin_Gangotri,-10.1128507962542,50.42970557077148,72.36942062852614,987.0433367277695,-0.9002749995631083,7495.861252145894,52.40955743675518,-13.642930186208204,0
Bharati,-6.622578173502163,50.461373480749096,62.196566744996524,997.4321865878452,-5.794678937334087,2534.708503929408,80.22379466982395,-10.154874317154599,1
Maitri,-35.00725770652556,25.22254802509539,40.77571628534044,969.2324651203555,-5.044808415532203,8941.447449334539,72.5587011476718,-36.77283606828223,0
Bharati,-35.02881786171235,37.59895580993338,75.06073411233297,963.3978625789485,0.7153778475356624,3623.141222452987,51.985166044078866,-37.66074476840768,0
Maitri,-19.309616204993315,41.8462301086379,47.28312728185042,949.3405829375544,0.21659662224134044,5055.513788791597,65.75241162848288,-22.238852312597967,0
Maitri,-2.08701902864118,40.67489029362798,49.1449563206151,952.6501294224418,0.7376936844981207,1444.4906206034739,84.7820343578399,-4.934261349195138,1
Bharati,-7.810145375311599,35.70147474553938,57.48236348844851,971.6807555740357,3.7655570114190198,6067.6589166925905,94.39534231265425,-10.309248607499356,0
Dakshin_Gangotri,-43.77778318269867,10.390448424851902,35.27088033617951,977.6683012816177,0.37175643374896095,10072.761065103823,55.7417445349061,-44.5051145724383,0
Dakshin_Gangotri,-28.96113954987793,40.970191770324334,60.118200506784284,1021.3026833279368,-1.393245624059169,4089.9815021200257,100.0,-31.829052973800636,0
Maitri,-38.95905332034268,41.92046551965955,75.0101412073129,946.1483336856364,-0.839904868980293,8581.82888406171,60.60879996870875,-41.89348590671885,0
Maitri,-29.012687828728872,36.427096501616965,54.601655850336854,986.7080265436607,0.9756272216991038,5800.360484021799,49.428556356866125,-31.56258458384206,0
Maitri,-0.9338500594696839,23.782463496336316,23.782463496336316,965.4812829339417,-1.520007957441202,10316.028461720609,100.0,-2.5986225042132256,0
Dakshin_Gangotri,-46.33900973174526,58.51837848637688,74.48833536085047,984.4573344725773,4.257574202460724,4147.850144453449,59.387459052935455,-50.43529622579164,0
Dakshin_Gangotri,-49.28297939920285,17.41862114745501,26.708784906479913,968.9352825364685,-0.04509581156968896,12220.079329705673,97.85749239575196,-50.5022828795247,0
Dakshin_Gangotri,-37.428312301504036,50.918539542278175,79.75665703083428,1000.7076917409148,1.0066492643814795,8726.355350626347,65.02655890450899,-40.99261006946351,0
Bharati,-20.690340961360107,17.294176988781448,41.94041763093172,1000.5838078861117,-3.266267727459664,6976.052003827732,70.60343177948243,-21.900933350574807,0
Bharati,-15.688677690388648,47.81633435992738,47.81633435992738,977.7379792762049,4.259503851493173,7122.029571728629,55.4233020004189,-19.035821095583564,0
Bharati,-18.438273477077004,17.737022012047266,46.240202647922686,1008.7822389437392,5.7558626994968245,4140.054192003517,94.16158241804568,-19.679865017920314,0
Maitri,-7.364718951534755,46.431184060787416,70.82486174877488,995.2021734077052,-5.452588521966588,3882.6460447949794,92.10109182423682,-10.614901835789874,0
Bharati,-51.446283913508935,65.00020632101926,76.75558503001099,1007.851179270773,1.6035563243307103,7048.769653855303,65.0926564270673,-55.99629835598029,0
Dakshin_Gangotri,-7.174951924615943,65.12548258773569,79.34106364407843,979.1372557402407,-0.4316442787557462,1205.0662436098492,73.8767025321331,-11.733735705757441,1
Maitri,-29.681429800694374,58.01459755988068,86.93636797124589,999.035974963695,1.1361433418361055,3593.232405816724,84.93139193305801,-33.74245162988602,1
Bharati,-14.027585352926986,30.30830567703811,30.30830567703811,964.6347382602803,1.8083746157092275,2250.979347324818,67.9287893423831,-16.149166750319655,0
Dakshin_Gangotri,-44.851381401448066,21.68545497049931,41.13943502089627,962.6068193111622,-8.939823193268001,8287.284598653365,95.46331654971982,-46.36936324938302,0
Dakshin_Gangotri,-24.925649544863948,5.558711371747572,31.492807722997902,1023.5965128032915,3.037947151202885,8348.109262052587,73.41222789175018,-25.314759340886276,0
Bharati,-21.455938441164797,27.85146881072369,41.964338503603344,958.2825622323287,4.449590971074778,11071.288886835282,67.2077984310567,-23.405541257915456,0
Bharati,-7.663734437523729,49.01076882766115,70.48986695907905,971.2778873461921,4.899219754701205,4661.387337363058,51.2574740473698,-11.094488255460009,0
Dakshin_Gangotri,-48.77881933911648,40.64924377126667,56.68078913684491,942.0398634216905,-3.7784885618278854,2768.9276466344973,55.59430898463188,-51.624266403105146,0
Maitri,-24.538711771976438,81.94311026671049,89.1027175695913,963.0827375709691,-0.12389100978084054,122.81429011330965,83.82824059543509,-30.274729490646173,1
Dakshin_Gangotri,-41.278529367132144,22.842280053117722,29.751979878975195,960.1152887172187,-2.155663276955603,7083.800740008055,78.53171739920408,-42.877488970850386,0
Dakshin_Gangotri,-17.417559336875875,67.2242514425772,89.3435441163683,966.5941858794266,-7.6609830019412115,11587.176970535642,87.23564928438725,-22.12325693785628,0
Dakshin_Gangotri,-13.341751953158107,28.997978454039064,37.64091119865755,985.9976755878722,-2.482148863975844,5701.55033650786,66.55727661484545,-15.371610444940842,0
Maitri,-5.692446362378682,17.256018665580417,17.256018665580417,990.8207076453587,-4.33643255852307,6106.524887047549,50.38044012239836,-6.900367668969311,0
Dakshin_Gangotri,-33.025441814625616,35.09435807489855,51.318344992113545,959.863809494684,1.3381053311517943,5975.143511014215,67.55531442079601,-35.48204687986851,0
Maitri,-11.091602714668143,40.130590831516884,49.99977662183176,964.2066690540851,-6.525791621497273,7016.0414087708805,100.0,-13.900744072874325,0
Dakshin_Gangotri,-4.586476187844202,55.34819092822478,58.35710967582767,1001.6702045887754,-3.918194005829459,9988.19671529939,60.52763536815979,-8.460849552819937,0
Dakshin_Gangotri,-49.648704547832,22.791549118113224,38.50902344879209,1014.1058613755298,-2.077856547454137,13676.754630153937,74.4535809932736,-51.24411298609992,0
Maitri,-15.814826198523242,35.088596757094486,57.761364157964444,1005.1183371716075,3.080640898728005,7993.22384985946,38.79646225351318,-18.271027971519857,0
Bharati,-10.62233119329841,30.583476718065505,45.78497735997969,947.0733776117168,11.111099781361819,8257.08363159398,67.20188888416513,-12.763174563562995,0
Dakshin_Gangotri,-28.88089579581156,25.17701876458812,29.51461020393063,1003.7881428478004,1.2123598193448801,5042.940504504518,68.79097040266242,-30.64328710933273,0
Bharati,-43.16160366287663,63.789530469504825,83.60756609354034,1017.0737771302868,-4.128443224613692,5568.751150993364,79.97769613328038,-47.626870795741965,0
Bharati,-10.855663658355052,40.42093402699078,65.77249784775532,946.081014251827,-2.7163992105180923,5514.765618974346,70.23079250481264,-13.685129040244407,0
Maitri,-42.99263241336635,7.6977827128829235,44.828124345852146,1001.654011136742,2.632232323026981,4535.412055037419,52.22125046644904,-43.53147720326815,0
Maitri,-27.675271517663536,35.381243186595086,64.79968348925192,984.504332301391,-5.384017908470133,6510.104378641894,65.0413851056109,-30.15195854072519,0
Dakshin_Gangotri,-25.601860867049936,11.866460444949226,16.81287654296231,973.4572458080435,4.386877205227453,8499.497856464175,71.94041142544701,-26.43251309819638,0
Bharati,-14.266929224440009,33.6049980934088,57.185825474354765,982.1236569549839,1.0936386185084024,6254.226507973872,60.05748740386409,-16.619279090978626,0
Dakshin_Gangotri,-34.39947339268799,13.100923416790668,30.666162623366642,988.8652113920784,-0.5002860530672397,4877.919231803793,62.237049182022126,-35.31653803186333,0
Bharati,-35.268755332417825,40.515363557211124,43.99437194851832,1003.1517010466769,-6.739544692430959,6503.994927140735,90.07773616988516,-38.104830781422606,0
Maitri,-23.516267818553338,11.75844810985972,29.596400228079425,1002.1202905890917,3.681548488172757,2160.574316247924,65.62683091820621,-24.33935918624352,0
Maitri,-9.904142835703762,17.803185455266732,51.98995243433764,949.8614536219364,-3.0464979621850077,9213.36112531299,81.59932628596115,-11.150365817572434,0
Bharati,9.311750009797208,45.129754581801876,72.08839668899358,967.0265549565064,0.6147689212891067,4347.363644920208,72.34559648220376,6.152667189071077,0
Maitri,-47.61221799668162,30.311475161363873,35.17697709899749,981.8713104181643,-0.6286410238524597,1380.1249784201136,56.55053106016072,-49.73402125797709,0
Bharati,-20.26986973320133,13.816733178455673,28.953905347305053,1011.4443747384894,-6.335199977853498,7846.979935052477,70.0055223913891,-21.237041055693226,0
Dakshin_Gangotri,-41.29802539351438,61.785651766689504,81.70239606975797,925.4501695614385,-0.9227422323471411,8045.531231136352,79.3647866436022,-45.623021017182644,0
Bharati,-9.71783135189886,24.386343152489438,24.386343152489438,967.783291875524,-4.841135903432742,2560.2719110916773,100.0,-11.424875372573121,0
Bharati,-39.07816820963849,26.573420647444816,26.573420647444816,949.4421865282579,-2.6080773462547358,8494.275846361099,63.416340090256185,-40.93830765495963,0
Dakshin_Gangotri,-35.11972327273486,27.84579381565429,44.3920722567409,952.612448838062,1.7311177947323708,8535.598659024476,73.72129182584051,-37.06892883983066,0
Maitri,-33.83906288595995,42.19387639073009,58.87062689007028,999.7147019088551,2.8098399233280524,13899.522847715216,88.63624136291598,-36.792634233311055,0
Maitri,-26.14298408079706,25.39136962570316,25.39136962570316,969.3622881411409,-0.07298743794190359,5059.899532869605,93.90785684714939,-27.92037995459628,0
Maitri,-20.15203604711939,28.423790566478267,47.30352582355452,933.3260405062307,-3.535772101778151,5782.4937046783525,65.26629803923935,-22.141701386772866,0
Dakshin_Gangotri,-17.744479095872297,52.67050521951823,78.5401322545024,976.8312189953444,-2.589645499501261,3572.812483252745,72.66310900474977,-21.431414461238575,0
Maitri,-25.086513192741748,49.42594827196575,62.24293158342063,1020.7171897692139,-2.659090563553772,7974.701354085917,91.69043930776648,-28.54632957177935,0
Bharati,-44.94836533660872,27.51871754544725,43.116835407359034,943.866176063524,-8.548257696352193,5981.582496078802,82.67176630366711,-46.874675564790024,0
Dakshin_Gangotri,-14.083207745347162,28.01852455803617,48.73264172487864,990.6587475094294,0.29304071341463156,9951.716064072814,90.50166208165699,-16.044504464409695,0
Maitri,-25.79437995494542,5.857862925664595,25.24815568860515,1011.354076236275,-6.664300867829904,4264.198459431037,92.57134460570876,-26.20443035974194,0
Bharati,-7.573978149779517,33.2994117775851,33.2994117775851,979.0115464064526,0.3047828363019186,7887.423305824441,83.30583517826074,-9.904936974210475,0
Bharati,-35.616081692199046,45.983193463625526,51.93198154248934,1018.5600063946424,-5.837741053351226,5048.621030898645,77.15320066475373,-38.83490523465283,0
Maitri,-49.03412091026492,24.68103945980263,35.72250509791654,966.8037836207703,-4.825017690720068,20.0,64.93537771240698,-50.7617936724511,1
Dakshin_Gangotri,-25.51039004024613,57.205452581582776,63.597182073720916,1008.9188007655946,2.6744625224320835,8512.162740617247,71.3367973780076,-29.514771720956922,0
Dakshin_Gangotri,-5.560709675736028,10.96107204268359,40.63075702245493,1004.1987444307156,0.09827757274454324,20.0,72.3320856984791,-6.327984718723879,1
Bharati,-22.585867950759237,18.493795208296135,39.83855459096996,979.3493464248824,-7.539369418433802,5362.062925154756,92.9849362274198,-23.880433615339967,0
Bharati,-27.995046987592847,54.95922713260193,58.86197307463594,950.2559168917503,-2.235190757328096,5424.530242328321,77.6451306166524,-31.842192886874983,0
Bharati,-38.0552052648615,45.074857115155964,57.93149953721092,959.9654015014626,1.047794167567233,5966.522344251432,77.78715499284685,-41.21044526292242,0
Bharati,1.366497000212334,10.549629062315734,36.85355043281902,933.1162582456564,-2.4771624907203433,6189.243091459796,60.08946256188915,0.6280229658502327,0
Bharati,-40.44403892327169,11.836461369204159,20.374067455320677,991.8829985302604,-1.3726070179145429,6149.870428357718,93.0672265304568,-41.27259121911598,0
Maitri,-35.8809138644236,40.83319951729239,64.34903806073497,989.4860101835077,0.9762898140958646,7452.290673773834,63.48999869467758,-38.73923783063407,0
Bharati,-16.449487058739656,36.63943727791928,65.47123418352584,981.5843490390744,0.17881292497676693,5565.076469184802,70.7291455664571,-19.014247668194006,0
Maitri,-52.84031034830184,26.34061230372031,53.50202195018598,977.5457230687773,-3.9690251717994274,16462.789725293005,94.64110850100596,-54.68415320956226,0
Bharati,-5.881140019279904,56.22744751788317,73.03148896372146,1007.1518349357308,0.08920916777318454,4630.429076746028,88.29912567072084,-9.817061345531727,0
Dakshin_Gangotri,-15.637103286739666,21.068679153713944,48.57892912686684,985.9559633588586,-1.1493779027341722,1109.563426839969,62.25333612780989,-17.111910827499642,1
Dakshin_Gangotri,-11.511533922833355,7.978484530986608,17.756104365133503,968.9070968559088,6.896473539903222,359.9478402180539,58.81763517801254,-12.070027840002417,0
Dakshin_Gangotri,-16.62824482075519,42.18394635582495,82.04275973528591,982.9445651742691,-0.4123311300059817,8633.02737883533,71.94404597780104,-19.581121065662934,0
Dakshin_Gangotri,-27.41685276184555,46.9221627141486,64.33065812849398,1020.9501022019729,0.5398907078693216,20.0,66.35385902386109,-30.701404151835952,1
Maitri,-40.94723065233134,21.742801837827578,48.21074345892653,992.443337796832,1.0391450109936944,1161.0098314720035,52.98885975645564,-42.46922678097927,0
Maitri,-27.10113161837441,15.647126090445695,27.027037500294554,972.2016357126829,-1.2892187361302436,584.9637891487182,63.700587256524855,-28.19643044470561,0
Maitri,-39.62854467628952,8.239897999612232,28.23404333212715,979.1105511305869,-2.879691397557463,7828.568466932382,33.77929209351844,-40.20533753626238,0
Dakshin_Gangotri,-17.707670348854247,30.01011076296331,50.44474556957706,989.2675746825137,1.8390707802307171,11322.829532092077,88.55962339767088,-19.808378102261678,0
Bharati,-12.898302541778476,35.715904305346065,41.42756756269589,971.5782792754096,1.8717829717553998,2224.2140827743638,87.61555676806258,-15.3984158431527,1
Maitri,-2.847870532026885,48.63793442576454,54.05350072664696,969.8091093042192,8.330306080760085,7688.16575985082,96.1453728616494,-6.2525259418304024,0
Maitri,-19.423485391707054,36.82892160312856,49.783896038903144,979.773560590599,2.9696616026418328,20.0,80.2985922889012,-22.001509903926053,1
Dakshin_Gangotri,-11.131369651072207,22.678515357286173,48.73184079574608,1010.381802303639,3.0371171958749867,3021.019629450567,68.27549099497938,-12.718865726082239,0
Bharati,-29.457171058452133,33.3023731429659,33.3023731429659,995.8195302632773,2.870941593461114,8409.899647860166,90.35104590845975,-31.788337178459745,0
Bharati,-32.174157070122924,49.86615418559942,61.23766198867246,971.8094227707818,-2.761289675572753,4750.781387176064,64.47806875155413,-35.66478786311488,0
Maitri,-17.894921637747977,35.47786214383765,63.57658837249948,997.3802585456269,-5.031895338858022,9976.115432505125,55.102120432134,-20.378371987816614,0
Maitri,-30.79709309075363,46.284860479429,48.963566545052146,980.1714682368071,-4.014370560467503,20.0,72.7915935690452,-34.03703332431366,1
Dakshin_Gangotri,-20.962213167585134,16.084708112975584,43.62371474553308,986.8917669531224,2.751888532232261,3060.095492136398,81.16572486308556,-22.088142735493424,1
Bharati,-40.91788284003132,41.370418707944395,45.09248894226767,985.0724764290468,5.686506218644567,7810.985995449837,62.820593953920394,-43.81381214958743,0
Bharati,-38.22441523714451,36.86105671193602,42.695640571092014,937.7948604905798,2.9360110895244436,7760.7801234544095,59.28739205092,-40.804689206980036,0
Dakshin_Gangotri,-15.468860484725647,25.255219395518147,38.7830016167583,919.0512801051113,-0.6677402175934803,8067.741006779275,68.74734601529914,-17.236725842411918,0
Maitri,-11.699648868908557,50.32723339911576,84.06182408292511,984.5324284161685,6.706698109874214,6830.04650105531,81.17862833830773,-15.22255520684666,0
Maitri,-39.78484253450021,73.91429335309181,82.51422138896865,962.9427746432603,-1.7746177211847185,1423.5020080606173,72.818559881146,-44.958843069216634,1
Dakshin_Gangotri,-14.94078534240369,12.741608557831837,12.741608557831837,947.2147482045126,-4.592613110692786,2883.540660216897,100.0,-15.832697941451919,1
Bharati,-32.99103509552912,10.330877566016868,11.311517091225616,963.5598135566507,1.0119676879915174,15265.539319213998,72.95895093660955,-33.7141965251503,0
Maitri,-24.75242235699535,25.92070815165778,50.24019005438289,998.4928505738919,5.167442029816907,962.4909457751874,86.25967944633308,-26.566871927611395,0
Bharati,-3.7458337631402934,28.897270427704992,30.349867576782174,987.1565137364738,-3.3752005124689606,337.71599033475195,53.26873230191428,-5.768642693079642,0
Dakshin_Gangotri,-12.887691489655772,30.026427481932522,56.90607323674419,995.4352240563983,-6.819175159221143,8719.565495039009,83.80339268832394,-14.989541413391049,0
Maitri,-13.061920179667107,21.34607044200537,37.04397865301142,989.0619111539793,0.15081779494017683,1762.9215543005457,68.06475171563635,-14.556145110607483,0
Bharati,3.6318553768544994,11.571485480248695,26.24877321409926,961.6233602920305,3.085747596523731,13168.854427651866,74.86169665542558,2.821851393237091,0
Maitri,-35.55819011574697,26.63772435090215,44.61076681049673,995.5308968388225,-11.858265539267872,16937.785881772816,100.0,-37.42283082031012,0
Maitri,-39.788124624888184,29.015406772628296,36.006203413660586,991.7147933064342,3.909473151428779,5036.241614676728,69.41603020477032,-41.81920309897217,0
Dakshin_Gangotri,-35.831834053428864,25.435383108821704,41.814102323773625,977.6503337213264,-5.467188530378037,7237.808582457521,55.37976183892642,-37.61231087104638,0
Dakshin_Gangotri,-28.817515801099226,29.370204124107183,32.43947415673664,981.1768037715725,2.8993190473918573,20.0,57.71845954830468,-30.87343008978673,0
Dakshin_Gangotri,-60.3182592143784,33.70461271130269,62.193522007843335,995.8493171336904,-7.986804063281131,10126.420925822646,77.59339676437241,-62.67758210416959,0
Bharati,-28.111423550452155,27.162938670968963,31.889986371862264,965.0110136857676,-5.899407477637608,20.0,76.77994528131369,-30.012829257419984,0
Dakshin_Gangotri,-33.16856097842368,21.211530566687053,40.60033691592402,1001.7576592996415,2.4748736675489376,641.854320109007,76.15646517930028,-34.65336811809177,1
Maitri,-13.243603489033015,29.458159545489963,34.11065652288384,991.3018792929676,4.863078084611802,6474.369035085232,55.71711487688283,-15.305674657217313,0
Maitri,-19.7137093148494,35.02874899542277,44.69670313050868,980.045157934112,-0.036565175482076696,8190.628931542067,100.0,-22.165721744528994,0
Bharati,-34.010449416540055,30.811314056366136,42.07299371476803,1010.6247280912226,9.58137773642248,64.4081846034851,96.96765837626273,-36.167241400485686,1
Maitri,-16.150587319556443,76.39347723397188,121.20695704318538,954.1133686336598,-4.090383607748946,3829.865519262619,76.95485559948152,-21.498130725934473,1
Maitri,-14.151054102643457,36.29444220821524,51.149981340863064,970.796304552632,-4.1414705157058425,20.0,52.183078070310785,-16.691665057218522,0
Dakshin_Gangotri,-36.528186846871165,30.103645043259586,36.888347072857535,966.3549840213014,-1.2088655445075545,4731.891725438947,98.76683030747888,-38.635441999899335,0
Maitri,-32.39536383073628,19.55761001149991,30.11205389376114,987.1618209281532,-1.3992306756239885,2796.9829991013394,92.05234625054297,-33.76439653154127,1
Maitri,-58.38044780646974,19.81317903167085,19.81317903167085,1003.6482613020169,1.1339286982645345,3457.210794805034,76.54221947418151,-59.767370338686696,0
Bharati,-41.35989961553928,25.466214045963614,38.838354831413035,960.3395612194614,-2.971420996390719,8604.865129424203,92.98153013790116,-43.14253459875673,0
Bharati,-36.137043406353676,25.881537294531316,59.39240393861999,1046.1099613447532,2.2700422046070696,7126.276754882572,67.58516575555817,-37.94875101697087,0
Dakshin_Gangotri,-23.887507350909672,25.366455998249588,43.72685130804985,966.7448740662309,2.1744360869284165,8244.747810302983,60.596103913284644,-25.663159270787144,0
Maitri,-39.18074019039723,37.089507195645574,61.123516692914116,987.2136694548324,6.453524419238638,5483.197265792704,77.36053091656031,-41.77700569409242,0
Dakshin_Gangotri,-32.701779805736635,49.51632475054564,55.4168883524946,980.0537260501851,-1.9617746580470217,8867.729849228557,51.708867586280604,-36.16792253827483,0
Dakshin_Gangotri,-43.37996022373899,42.2578458437118,55.22442415129473,980.9231302709935,1.347883703504765,5859.6151752977485,58.34803251074118,-46.33800943279881,0
Maitri,-22.43329152203094,39.82361719084085,56.86264354340254,964.1517703115993,2.4233683279282547,4034.457746626565,83.15811773262908,-25.2209447253898,0
Dakshin_Gangotri,-18.614281081226387,18.38253425961478,26.129465955352266,1001.3509294905126,-0.02891773498112314,8282.280993467159,78.5997445056804,-19.90105847939942,0
Bharati,-18.964519773702666,53.168824260352444,72.1688916276633,962.9215749070705,-0.846665563555496,4306.3132732385475,54.27507183248189,-22.686337471927338,0
Maitri,-24.81458302142111,19.328144064899682,40.48242821678735,944.6214183186934,-8.255041589316841,4682.043541968134,68.86505560558113,-26.16755310596409,0
Dakshin_Gangotri,-48.116094947520914,34.594367539873026,55.02284804823843,957.560051355451,0.3335738540634364,10273.079157209828,54.92896561588469,-50.537700675312024,0
Maitri,-34.29930495839277,38.616894685803665,52.10606191242021,1008.9063123860484,2.3819941914879608,9896.350839294271,67.6714690026145,-37.00248758639902,0
Maitri,-31.109600084777266,53.9409479523673,79.85006095889291,1005.0094037561988,-0.23126385337136457,4811.447821506101,66.03182514555176,-34.88546644144298,0
Maitri,-31.04942969380938,69.48418710663044,81.90801272144566,939.8552863409419,-3.1291003238125663,9491.428353750009,89.88344492196624,-35.91332279127351,0
Dakshin_Gangotri,-23.875281730152455,24.908055888901007,36.419848011128224,996.2745919664115,-6.716860363157938,887.3113535285893,72.64804863245062,-25.618845642375526,1
Dakshin_Gangotri,-3.6168794144347167,33.14715911566048,62.562549186665066,940.3613415278693,1.8122317329580124,4834.645258884471,71.35116275765255,-5.9371805525309505,0
Maitri,-12.818556809731003,51.51362655783808,55.44396356083231,979.4554429703975,0.13252111213524298,2992.796534227917,69.11348354176774,-16.424510668779668,0
Bharati,-39.81276669773042,72.4590854503551,72.4590854503551,955.8449688073999,5.559804881077713,5992.997984500217,49.19065502132739,-44.884902679255276,0
Dakshin_Gangotri,-14.823956870550496,26.324742524555937,32.646579362175004,997.8156307234325,-5.797588161340111,8938.343953559348,73.52037630208551,-16.666688847269413,0
Dakshin_Gangotri,-15.395464485013957,18.897846100518503,37.770265367298904,991.0932180663849,-1.8812343966643394,8222.708593443967,82.24243648432633,-16.71831371205025,0
Dakshin_Gangotri,-37.091012094273474,13.802466764655254,41.63837690930713,999.5915851563641,-5.285227516522855,7678.519557618237,78.47392197360918,-38.05718476779934,0
Bharati,-12.267011160468414,10.642516077191058,19.037330995374905,974.0952037782375,4.101276195684537,6549.966629927519,85.38919331361805,-13.011987285871788,0
Dakshin_Gangotri,-27.40564953917895,20.644997989807152,53.79337319271136,976.1734212071625,4.956146370417567,5362.524753177564,86.119370415548,-28.85079939846545,0
Bharati,-46.14930235021667,46.52642669425039,61.798400237013524,950.015084220448,7.690334282208757,10804.74926694185,100.0,-49.4061522188142,0
Dakshin_Gangotri,-18.171959130442872,47.874344906936535,61.719049434954634,959.3903080220695,2.085698468251267,20.0,58.06895495481909,-21.52316327392843,1
Dakshin_Gangotri,-21.745572645782136,36.29196985312348,42.7925884449279,998.9706686969998,3.157076871559904,3332.9201956980432,78.52082865939236,-24.28601053550078,0
Maitri,-28.415164437787418,25.71528783497206,60.228839521328396,987.3452992760849,1.7443350294706694,7645.12827969072,80.20177764868191,-30.21523458623546,0
Bharati,-25.561796274749494,37.14498148362742,50.64209270343755,982.0866999045446,2.2924230898159235,12111.52601900297,70.2030398432072,-28.16194497860341,0
Maitri,-35.78628218332693,31.058002205929807,32.73812194401269,1005.2422752033028,0.19630622348685492,4616.6516401609915,65.51256485533683,-37.96034233774202,0
Bharati,-15.848042443043358,26.35703064997544,65.93371733828005,953.9971562900735,2.47531177429384,4956.282607999876,82.48157486845366,-17.69303458854164,0
Dakshin_Gangotri,-25.651759517633888,35.45366609388882,54.39036703241229,994.4029579757752,8.559972203311167,840.3254915173984,81.04193053734006,-28.133516144206105,1
Dakshin_Gangotri,-22.50326734077658,25.133538010105248,48.12184251614805,956.4168676194408,0.8747175779017488,3833.9259376980845,59.20383897069945,-24.262615001483947,0
Dakshin_Gangotri,-19.642871133566913,35.3665052645308,67.18210747293803,1009.5574774115871,0.0960271095951566,8832.922665486045,48.036042846154274,-22.11852650208407,0
Maitri,-42.318784216394874,38.18754410942673,59.332169933971144,990.8894834554713,0.7922987854287454,12317.174597981037,67.62599065299644,-44.99191230405474,0
Dakshin_Gangotri,-38.41424532823078,42.86403946390364,67.61293303434819,999.29002721397,-0.5963675160489392,4826.857428150031,64.89850214289812,-41.41472809070403,0
Dakshin_Gangotri,-58.14916689424314,11.849164505723092,27.39241522900364,965.9670647244794,0.9856886181307101,2804.102850279097,84.040933997703,-58.978608409643755,0
Dakshin_Gangotri,-16.528866122643894,53.52661379464431,75.86393666899653,1023.6419645054243,-0.7319916888174238,6279.004991162434,61.1402911483194,-20.275729088268996,0
Bharati,-43.183150356201494,29.004032481269167,43.662454335702904,1019.971157821371,4.575931021143199,20.0,72.33576459764704,-45.213432629890335,1
Dakshin_Gangotri,-23.011454351565217,69.8706287558739,84.66852789746325,988.6075804101401,4.1762398831551275,10942.327866695337,49.39634473457534,-27.90239836447639,0
Bharati,-19.435176625906706,46.680265204628846,62.87743276996831,1003.505234261887,8.663739756216001,1077.0681612499084,51.72767014991558,-22.702795190230724,1
Maitri,-15.964707416612196,19.2003986287161,30.232247168254275,973.9622641588427,-0.09415996063158757,7255.169033523451,63.45770866923145,-17.308735320622322,0
Bharati,-43.06025370754089,40.14760124140818,60.19137959476737,954.6303753548111,1.1545486727760443,7195.976555379833,71.2420292913261,-45.870585794439464,0
Dakshin_Gangotri,-25.977424272110365,51.60374098232709,71.62219273447815,995.9158103512889,0.98789236473562,8510.96177010924,62.70275229577506,-29.589686140873262,0
Bharati,0.054206311816237474,27.035940469255593,50.22510646820149,961.6137982400007,0.798371876928799,7022.368445084048,77.14102522643797,-1.838309521031654,0
Dakshin_Gangotri,0.714720199764745,18.419310899290725,39.81537604964545,1006.2044028836849,4.51997420709231,6010.851160185448,49.48103839641211,-0.5746315631856056,0
Maitri,-10.190153589595738,16.759224323408695,51.75965483956895,1000.9571627677375,-6.499937225551189,7714.394548395472,71.77454441088527,-11.363299292234347,0
Bharati,-19.937602917717406,13.563826274270136,39.090123670635805,984.7044530107564,1.8428348516192699,9338.758132504498,71.94809171269596,-20.887070756916316,0
Dakshin_Gangotri,-40.07659583268067,8.546712569272517,21.474193665126577,983.5859176540673,7.9830771434015215,13185.82588625819,53.282287760463404,-40.674865712529744,0
Bharati,-14.220675619134205,29.296832830014086,48.827547868273214,999.7857696709924,5.451784252687345,1589.9208848543412,78.42581915355782,-16.271453917235192,1
Maitri,-27.370318431202612,17.238823690020393,46.36580483162055,985.4912804619266,4.9942671623368184,20.0,42.4646091525045,-28.57703608950404,1
Bharati,-16.592075870907333,21.75835377677353,27.258621886618222,971.9107654540156,3.3682440042585604,20.0,64.72193272186091,-18.11516063528148,1
Dakshin_Gangotri,-34.49265182278175,70.69680820675718,105.8392261379189,949.7098555201347,-2.3831256485021353,20.0,86.81233225048693,-39.441428397254754,1
Bharati,-27.59399669259893,38.27684320349946,45.53044886600125,999.1779945883452,-2.9993711191595356,1201.2711394377966,41.62412903488086,-30.273375716843894,0
Maitri,-22.537789598853628,18.882910414204755,42.8856643465825,987.3287800074904,-2.968118702244469,693.5475508140908,85.06519129793779,-23.85959332784796,1
Bharati,-21.305828627592124,86.83876757384434,101.90477197608924,1035.113201538777,-4.553819128059314,4334.53236907658,57.51084387508729,-27.384542357761227,1
Bharati,-17.59415928309628,35.22581123439699,49.716487235252586,978.0817768700263,3.7864343293431504,9420.490111206713,66.14329180347222,-20.059966069504068,0
Bharati,-33.68792476787349,4.133280894129631,6.104152157651378,986.0407210616808,5.873453010880058,8505.941503237487,96.09839854251261,-33.977254430462565,0
Bharati,-45.14926678165304,83.0050012122052,107.08000216141171,986.5100711435813,1.7377066886210935,3511.0743239664616,65.59600806770325,-50.9596168665074,1
Maitri,-0.6282244015030791,62.33441597229893,64.4508341212422,993.0151271603,3.2191412171103173,3856.5642353227145,99.20650939553393,-4.991633519564004,0
Maitri,12.338812535350371,35.84531647151214,36.41761414289495,960.6624214721068,1.1738753828670618,14043.105302520155,70.42099894645214,9.829640382344522,0
Maitri,-18.28868933196432,29.173942499617052,55.770972683682814,978.4556949444337,2.2750376867972038,8379.139918375295,73.73078729156065,-20.330865306937515,0
Bharati,-44.85988142095166,46.21192762218109,79.10798358011189,996.5531883775678,-8.468199226985899,6690.828724647363,87.63389603325379,-48.094716354504335,0
Maitri,-36.597926752643154,34.30591174487952,42.63345408256959,973.3447314316115,1.2587075411535904,6486.0070985572465,83.16101109936629,-38.99934057478472,0
Maitri,-17.363236464235463,24.04268010310296,49.07377233965532,995.8037748757245,-1.7021593873790672,4843.011806119875,77.31139688374479,-19.04622407145267,0
Maitri,-4.883265824780711,23.2620226371435,46.227286171120284,981.9343193594749,-0.16064059054326954,14012.551989924967,68.05013828843863,-6.511607409380756,0
Dakshin_Gangotri,-43.19335951812784,49.887868982974624,63.97268203185983,988.0374213510986,0.9030588500242951,5240.6127655785895,51.7370066823878,-46.68551034693606,0
Maitri,-26.86499231273352,18.859756205621785,47.21792502166403,1003.0227282716562,-2.862403320193406,6597.182983332218,52.46724299064296,-28.185175247127045,0
Maitri,-22.061019033340465,49.54046839004862,62.904246587282984,975.4528880989707,-4.3024395358936856,20.0,94.69744718201476,-25.52885182064387,1
Bharati,-12.03132323071188,31.486460390166798,51.66180184335705,950.962975784935,-2.983801395333922,3454.53671124684,100.0,-14.235375458023556,0
Bharati,-30.15401641600569,12.13696013211113,14.59926129868454,974.6732013927805,-5.793338030884761,3797.1289822351423,76.94366823236955,-31.00360362525347,0
Dakshin_Gangotri,-48.457220369828875,51.51353915165092,54.403242850140195,963.4888963782479,-4.620827457633038,7945.174550377367,48.39463041875646,-52.06316811044444,0
Dakshin_Gangotri,-15.682036608206465,19.13339392410346,45.82384357199126,937.4852789695759,-4.071565267886221,2899.1236757103297,63.41586184374661,-17.021374182893705,0
Maitri,-8.12806052243143,20.558439747692702,41.07049186342682,977.8663674565486,-5.740333820999137,6193.248279724895,62.67159335065192,-9.567151304769919,0
Maitri,-26.23887192617741,27.69429967684634,41.26973091746715,983.9806131809895,2.1151018470325345,3574.5805293325525,66.66331469832183,-28.177472903556655,0
Bharati,-18.92139863040353,30.029775457001048,64.1082274666458,1000.4152268561729,-3.6019864041930783,1597.4346675219313,61.72951485885432,-21.023482912393604,0
Maitri,-32.11736844140606,35.96475576186316,69.93791248018388,957.2137908748803,-7.452699230491281,1434.8289006931454,82.80892355021541,-34.63490134473648,1
Dakshin_Gangotri,-37.68659192088842,50.1889019484352,69.58058194603655,981.7705204904369,-1.6050121655393002,5306.411443483863,78.71090256846975,-41.19981505727888,0
Bharati,-9.603614791791719,49.358464783288944,49.801913600956816,1002.5618266410085,-4.4528903638593755,6412.252327012783,98.70094110542232,-13.058707326621946,0
Maitri,-19.187562282783084,22.88316702950331,36.76717714949995,968.5070559324039,5.8363306159036945,5225.099793735551,69.16269883651992,-20.789383974848317,0
Dakshin_Gangotri,-17.644471008971763,23.283465419715878,29.957647119758207,990.7244351856065,0.5316575559472906,2668.5480184809308,78.00273451065115,-19.274313588351873,0
Bharati,-2.4682727800808024,47.52159840857883,63.41673431670843,1011.954360167059,-5.881919467345015,5448.975054388291,86.11692359803692,-5.794784668681321,0
Maitri,-40.8226350147786,17.306713625133614,22.943741959358274,942.7517144683436,2.2747872469772985,4709.153294862033,90.32507380458767,-42.03410496853795,0
Maitri,-33.280394022391334,31.477390153949496,34.51513090968345,985.4530864206283,0.33990283946676136,1832.5307037779876,56.47642336560921,-35.4838113331678,0
Dakshin_Gangotri,-22.630999767479565,60.05183097776448,60.05183097776448,1003.2577975605784,-0.9544364945017986,6332.337034674188,81.07265913683236,-26.83462793592308,0
Maitri,-33.464698566418626,24.713963936877843,41.386537071887545,972.985743189655,6.298477070763639,13241.307717306045,77.1998750220683,-35.194676042000076,0
Dakshin_Gangotri,-13.252951970913248,13.434188084027944,13.434188084027944,1007.7351994244258,-3.9020835000233154,5401.667758201433,79.54194563767803,-14.193345136795203,0
Bharati,-27.81098831355976,19.136330423724548,30.933923836213474,992.6844356959117,4.140584624413717,155.67763802601166,75.89454857906063,-29.15053144322048,1
Maitri,-39.887992112457844,19.811391957323192,41.755361689966136,1015.3871433022571,-1.6380872080469775,11874.179024665118,100.0,-41.27478954947047,0
Bharati,-24.013424872185077,18.267524728670722,26.04656785663013,991.6492964977044,-0.07342585315613255,11028.486033377341,61.63742162474594,-25.29215160319203,0
Maitri,-22.44491843789818,27.013803659170236,31.16551852917552,1017.0507740461323,-2.999304828234117,11730.10951737102,60.74994780526094,-24.335884694040097,0
Maitri,-10.979769056555044,82.18267086549086,96.50420128990383,986.0000005726384,-2.7442987401342114,5831.130570799111,62.68540634444878,-16.732556017139405,0
Bharati,-19.102886452788635,39.610579604892955,46.32452432013745,952.6440873192366,-1.744158072931375,2865.781979410224,70.64702108069324,-21.87562702513114,0
Dakshin_Gangotri,-18.082804129602465,28.380940609206505,45.237519839130215,967.3799923955945,-7.603058394507177,2427.896753639006,79.399755201834,-20.06946997224692,0
Maitri,-20.195624739891628,29.65154928067285,34.32325062555515,1000.3672693031502,1.3865967514369288,10564.896971469028,68.15786595329399,-22.271233189538727,0
Bharati,-27.823337819378956,21.234698753906102,35.18975949207586,999.9737927460933,0.4595756065542516,12423.515850370437,90.09468118262998,-29.309766732152383,0
Dakshin_Gangotri,-35.74328672666897,29.59332690119764,41.12911968279804,973.7879710057645,-5.9908273644408,2318.507618984212,74.94747188088357,-37.8148196097528,1
Maitri,-20.66742472510936,58.73818894533799,73.62297279022204,1016.0860163011882,2.639812074752164,20.0,73.55435867820714,-24.77909795128302,1
Maitri,-29.99687148825461,32.02105012788992,63.37256606806177,972.9206472422514,5.82825405443753,5928.856103019734,55.046369888746966,-32.2383449972069,0
Bharati,0.3473393066152326,49.20586683806674,66.20397558723835,989.2395398372724,-2.658075605948568,2382.965754568143,100.0,-3.097071372049439,1
Dakshin_Gangotri,-4.867265578401721,45.97510796923349,66.01954919182376,988.6856650027737,-3.139080282439722,3170.935158008173,74.28822645520711,-8.085523136248066,1
Maitri,-15.507413014725875,80.27765307783456,89.02972223934808,953.3905961360897,4.4536507845429245,5047.123686615855,99.55657411902166,-21.126848730174295,1
Maitri,-19.322995910605215,45.560985957903775,62.793550146837234,977.7901615426874,1.6130058577842106,7639.494228350824,65.6660343002791,-22.512264927658478,0
Bharati,-26.319385764717655,77.49220149848999,89.74416709641065,1027.6065915213348,-0.5436949260591589,2876.1454315343517,87.45934846418908,-31.743839869611953,1
Bharati,-43.916855970207024,51.04567202912208,66.34223243620565,961.5546622116274,3.258248558070048,6544.306133753545,66.56065611492419,-47.49005301224557,0
Dakshin_Gangotri,-28.242583349829484,35.973027856374394,57.462483565029835,992.5031515456831,1.0964413761385574,5495.383297196978,100.0,-30.76069529977569,0
Bharati,-23.478999498921148,20.255975675432282,30.253637272962955,956.9123487474438,5.714001999219292,20.0,91.8115744510825,-24.896917796201407,1
Dakshin_Gangotri,-21.558152883330067,49.061851555317375,60.08139719523345,961.3462164972256,-0.06701760279893751,8179.900559346146,87.74307000998688,-24.99248249220228,0
Bharati,-17.95695449476261,51.14572147728711,61.28157478446829,951.7142452578834,1.7058890102647715,4195.980331866311,64.12926616853562,-21.537154998172706,0
Bharati,-11.180047031834723,51.82906592602379,61.771869491953986,998.8214194765991,4.392245902983741,944.5496483552652,100.0,-14.808081646656388,1
Dakshin_Gangotri,-35.382311075393005,5.45958199034546,22.191934296081605,962.5722478274181,-9.791315703080533,3096.008127051038,100.0,-35.764481814717186,0
Maitri,-35.246134108135166,24.377312179198512,35.73749292597228,1005.3498829133019,4.536992297840897,6811.862810893293,69.30535799626473,-36.95254596067906,0
Bharati,-3.237149803852617,39.353987768724664,69.33355140451042,969.3735974111987,-2.020423170930448,6184.93245973786,77.42494330606476,-5.991928947663343,0
Bharati,-13.43527616210277,25.357412060161938,67.1490391721036,982.5599852190514,1.9997899990938746,8577.730288093726,88.90217285360488,-15.210295006314105,0
Dakshin_Gangotri,-30.861564131999817,23.18916760750452,32.509744755631395,988.2276165393778,6.656507718128042,7746.334334106248,45.417313092926335,-32.484805864525136,0
Maitri,-26.608167534283552,21.187469384796582,39.12749796684352,947.6624735413047,-1.2235959314894331,1313.5862406766282,92.18805251676677,-28.091290391219314,1
Maitri,-26.540709200123477,12.36121694526964,37.74129270582201,984.0729850052015,-1.822072899779465,20.0,90.35510958071715,-27.405994386292353,1
Dakshin_Gangotri,-24.526388165779256,38.29846421840738,50.6409735981676,986.9979556837377,-0.21897192793727258,6483.621435548207,66.55283955414541,-27.207280661067774,0
Dakshin_Gangotri,-17.9097536164208,22.33668793262098,27.39277653956365,1002.8003397461054,-5.809161319103432,8523.804831943418,42.1152815908211,-19.47332177170427,0
Dakshin_Gangotri,13.024891191497467,24.737665560912813,57.11939867556039,960.8099322120032,8.796495221379763,5190.222765681673,79.99773643492686,11.29325460223357,0
Maitri,-22.153651582560215,28.381328467577056,50.242901405629084,963.6595630506704,-0.1700663631414749,8642.417895284632,57.99506714105696,-24.14034457529061,0
Maitri,-15.061027743621239,41.44166556216716,59.62857009189774,993.1909592489992,6.582361867729697,1993.4287281351785,51.176936859318175,-17.96194433297294,0
Dakshin_Gangotri,-50.29715059285214,35.48291045444784,64.98813445575722,1008.2478395043283,-1.332829970858032,4615.923749114265,80.56063142496588,-52.78095432466349,0
Bharati,-32.273499891682526,34.64805149526513,57.350383233502484,968.1499498801173,0.1360223523291863,2317.693514686105,94.76934566087418,-34.69886349635109,1
Dakshin_Gangotri,-6.567774959250922,7.698365769363526,22.219015409757564,955.2959268829417,3.777056653195363,8789.191677735118,71.7160236968231,-7.106660563106369,0
Maitri,-18.965269129650764,49.68360924604324,54.917300588508006,973.6654373503027,-4.4088584071654155,2358.396818160339,92.77708993080266,-22.44312177687379,1
Bharati,-90.83671877297255,67.73843419326914,77.80511674902598,959.7335398473468,-0.41020087346676015,14239.396944362426,84.96201987833365,-95.57840916650139,0
Bharati,-14.889651965257048,34.16624413159615,61.214476184981294,987.9556219870622,3.6272093751471775,3992.023524722787,54.40215065216846,-17.28128905446878,0
Maitri,3.7724659194315358,16.964549378729487,38.78540592682897,958.4033044677925,-0.8521358127526524,9192.723001563252,66.68816274048335,2.584947462920472,0
Bharati,-54.9386137917969,23.513379935732004,36.64671374195527,999.4580942200655,-1.9322962867209745,4043.417373146246,91.18902326948972,-56.58455038729814,0
Bharati,-2.209184865317315,17.39454908972193,50.06018103467639,984.2523338662951,4.46091234763697,11350.48601190537,66.56605744350753,-3.4268033015978503,0
Maitri,-66.57933445938892,63.75582161468614,77.18360875077802,1000.0819988321878,5.604461982103557,11198.03657245902,87.28660011720885,-71.04224197241695,0
Bharati,-10.9300158241988,24.66626030023497,49.54143990754655,931.5338276300441,6.240532962235702,4704.936117712683,68.84776096429769,-12.656654045215248,1
Bharati,-25.129729390183602,34.97051084515828,52.17090131802563,944.8369857906243,-2.6999652399523595,7098.797622682145,85.81882894659233,-27.577665149344682,0
Bharati,-60.24956822866925,27.78180188109721,62.11133225532471,1005.8534524896143,-2.3172640013151287,11095.830581081667,81.43656716249887,-62.19429436034605,0
Bharati,-18.3079325914032,40.4799763298824,63.010431200495674,965.6095803790959,-1.8863199629235585,7217.319581500547,71.27561773503098,-21.14153093449497,0
Bharati,-7.737403762719122,19.529872845872433,34.99146765800305,950.6723449622019,2.874082341256948,2317.0973258018503,85.39582510755605,-9.104494861930192,0
Maitri,-19.541694942676404,34.27339429030442,47.48537950263602,975.946031868949,-4.787191235608195,6280.263912711353,42.601896553437896,-21.940832542997715,0
Maitri,-16.227585444105806,24.793227666396014,39.63950265577421,984.8469149426144,-4.561345218220332,3007.1099224348072,58.71494008112346,-17.963111380753528,0
Maitri,-31.175141685085926,52.97268193653727,60.718709225113855,976.8397096115223,-2.857352408065884,6603.9791624319205,68.04557690689192,-34.88322942064353,0
Maitri,-52.92084632831533,8.20689060181581,9.539859226429646,989.3602829298562,-3.752890148873113,2850.1093624432615,92.59053532107178,-53.49532867044243,0
Bharati,-14.622039664944037,26.24711138959109,44.33446529068287,986.6500037209996,3.5374412204985326,7491.22254402418,53.30738974812556,-16.459337462215412,0
Dakshin_Gangotri,1.2463087916944353,50.452565167163776,60.11738003352002,985.6030268685864,3.2678878951684696,20.0,74.47966496680773,-2.2853707700070287,0
Bharati,-8.056287186588115,47.53409955699344,57.17234738053956,1006.967419763557,-1.9267249253863434,1512.0775158765227,79.76148806446905,-11.383674155577655,1
Maitri,-54.818137444020195,12.903673607062236,27.0152712415887,979.7163934677505,-0.7754668491725429,2827.1053984938485,78.713136042589,-55.72139459651455,1
Dakshin_Gangotri,-47.723416108164,44.94692669451055,60.46916107848323,979.1283949495074,-10.158932684387777,5359.143644217856,73.52118976529555,-50.86970097677974,1
Dakshin_Gangotri,-37.68951612696011,18.539991809650825,33.613751925499884,996.0562297893658,-1.8297106917806047,20.0,65.69124169564026,-38.98731555363567,1
Maitri,-48.89463176920215,21.598012585455376,53.98096610353987,991.0531941541291,4.975814038252984,2466.174105570749,71.29994158201958,-50.40649265018403,1
Maitri,-24.337151206659414,49.074135941447786,70.6979306205618,961.9428351480242,-2.0472798206956617,9112.484110402513,89.62147958178514,-27.77234072256076,0
Dakshin_Gangotri,-19.09876292229216,25.960786853646514,62.03894263694943,978.1577250582914,-4.370041339096128,9588.660196092032,64.67544169561735,-20.916018002047416,0
Maitri,-46.45379924863551,12.38982484217553,22.999921143530372,988.7645819669239,5.504900342717645,20.0,42.60988499068399,-47.3210869875878,1
Bharati,-13.343073110867078,16.019887068362724,38.857093499645174,968.2634371952936,-4.457920764953492,3653.017460519741,81.99260857478424,-14.464465205652468,0
Maitri,-15.98344083969979,31.669723821560435,42.835598415261884,969.2164908801099,6.184240856865475,11099.344652910033,97.43761367265196,-18.200321507209022,0
Bharati,-33.22238687265555,25.51148370415678,34.90016512490787,952.1708300290236,11.551649981587618,7544.154237556974,59.23174493995077,-35.00819073194652,0
Dakshin_Gangotri,-27.587829789759763,25.26241420007287,61.71784046413656,922.3444127402729,-0.4375091208330215,7629.395292099321,95.41126215702671,-29.356198783764864,0
Bharati,-54.24701763479547,40.12487554088697,47.443392846933804,972.5184271656987,4.975112878878639,8256.588548558644,82.81000998087343,-57.05575892265756,0
Bharati,-29.983932344306112,36.517352806081654,36.517352806081654,982.5457159560779,-6.675735113504452,2164.2783607916326,57.65452056595428,-32.540147040731824,0
Maitri,-24.889225388045112,26.476762728329906,34.39726963668136,958.0917162573033,-6.85176568690316,6856.12209940628,64.44405029310732,-26.742598779028206,0
Bharati,-22.468786071577156,47.93510834353178,47.93510834353178,1007.5574428990219,-3.1869098853501763,7886.9352923815095,63.786953850294054,-25.824243655624382,0
Dakshin_Gangotri,-19.31684631969739,40.297679245405334,45.784434234686984,959.0659965120725,3.2896795810944366,6428.320248890051,77.53545692388137,-22.137683866875765,0
Dakshin_Gangotri,-21.336373851541417,35.419252242577194,41.83259403407699,998.2506111457218,0.0069762283015808715,4425.468246573244,72.2807665913586,-23.815721508521822,0
Maitri,-28.96515545898506,23.409952331597257,38.76276998011276,988.3734007676478,-0.7456071352261571,5807.655207080196,91.58352265933657,-30.603852122196866,0
Bharati,-20.707075861685247,51.71371358367473,51.71371358367473,1023.5267078411478,-5.163342937125992,1439.421575762639,87.74057960981769,-24.32703581254248,1
Bharati,-9.96952010034628,25.10514422173948,52.0646664825508,990.7967864551417,-0.5093997072977565,8456.62665989486,51.82065329016683,-11.726880195868043,0
Bharati,-26.432471099644665,26.31846365866303,26.31846365866303,951.0744787177114,-2.574447283363469,258.6613913262572,53.71559388611629,-28.27476355575108,1
Dakshin_Gangotri,-20.23607663752485,64.47471355419887,78.19720532766006,1001.0873321149991,-3.689983033026091,2734.963015974444,84.21416229635244,-24.74930658631877,1
Bharati,-27.792565939961776,19.095133449948307,30.85358534007184,1013.9516366992946,-4.029446501942591,8727.14010723067,67.2685031232288,-29.129225281458158,0
Maitri,-34.70138374719357,18.952917721427802,42.206421320440725,944.5557546118246,0.7677568719251247,7161.025606125669,72.37686330001561,-36.02808798769351,0
Bharati,-17.156804996235937,26.85306497184912,45.3684977208562,992.782578155648,-2.8813088743273725,4063.3989799446244,83.19837581135413,-19.036519544265374,1
Maitri,-33.32838916255308,16.87879429925304,43.74752351186066,997.2062969616206,-0.026069657880333733,20.0,87.87709268269145,-34.50990476350079,1
Bharati,-19.207796485117143,17.12603533233362,28.51150241255336,975.7434363990574,-7.076055188412683,5815.469253793473,56.49923217028625,-20.406618958380495,0
Maitri,-24.576169427349317,63.54182377859715,73.89435648191647,931.5609067692556,2.0125541636498263,3479.295023779935,41.67585960265913,-29.024097091851118,0
Bharati,-29.559020147802148,26.627693769971728,45.75560362050355,974.0808421902315,0.9628533615057135,7921.6691303467005,73.30280141746658,-31.42295871170017,0
Dakshin_Gangotri,-29.92214248219991,36.012692979346475,61.30471177462453,968.3786157083521,-0.9254770252971187,3933.5033713739376,62.17737259189795,-32.44303099075416,0
Dakshin_Gangotri,-32.6218148862353,13.61787008454442,36.86856104536497,1010.5955172612713,0.6460678341410684,20.0,75.9937565004408,-33.57506579215341,1
Maitri,-49.687017581335205,18.202677039328197,36.42081917400414,978.228174139636,3.7366731234294,465.0728257890614,73.67083166187575,-50.961204974088176,1
Dakshin_Gangotri,-19.25657357257462,67.92461659136272,85.25124161404071,971.7537766653335,-5.795240102997609,4292.021871053189,60.368840099716245,-24.01129673397001,0
Maitri,-21.526797620825192,16.9695954137317,31.606704175727003,968.2697506207105,0.26678326757395476,6435.067530503369,100.0,-22.71466929978641,0
Bharati,-12.254946213272595,36.58498157138059,55.68428321619996,986.5149523358313,-5.220557974956203,1344.4518721419317,75.2550197306338,-14.815894923269235,0
Maitri,-32.97185353460192,5.154184106556768,40.50352855134885,981.1373638499626,0.3504332445264565,2966.0593085305372,66.39367267961147,-33.33264642206089,0
Bharati,3.4307543821500097,13.02773014771193,25.601996332143145,964.2011014506071,-1.0354161118877987,9169.89396062374,76.52150655215682,2.5188132718101746,0
Bharati,-30.6960392177445,26.405493636000614,37.760592021846406,985.2804124871125,-0.09964648026969525,10438.57779332386,82.94817774440283,-32.544423772264544,0
Dakshin_Gangotri,-38.12664463292044,47.20601591440139,57.79545725486964,968.8549013303519,3.3936521187798396,7107.659061473908,65.51191690684806,-41.43106574692854,0
Maitri,-39.90527379763997,30.767689544009237,49.66141712523338,928.1548043258965,3.2740393147146043,4859.852258489803,100.0,-42.059012065720616,0
Dakshin_Gangotri,-51.008836048444934,27.64026074015258,27.64026074015258,993.3604580659858,4.346836285920523,3514.342367012284,52.16124826036926,-52.943654300255616,0
Maitri,-2.0105816141030814,41.92660592820124,55.57598889685788,991.463682025044,-1.5855112239406328,8156.897279173141,53.20411387020971,-4.945444029077168,0
Maitri,-4.433989138470071,34.019422277009,57.82589078950876,983.9947825235445,2.8126828258804304,4734.52530356018,51.009987310580634,-6.815348697860701,0
Bharati,-15.98882255672863,11.039152197953387,20.77684425933119,971.1506455481681,2.0265531301648423,9680.509960775722,75.05836793693693,-16.76156321058537,0
Maitri,-38.4413321166367,29.74209621831567,46.60914251645414,978.5587966987175,-1.4848368502562304,9890.736717255075,82.0943227878338,-40.523278851918796,0
Maitri,2.169015223386797,23.675210132498677,59.768564765563255,996.3856529480344,0.46881116354081476,7640.308838843934,70.04313159739446,0.5117505141118897,0
Bharati,-30.27578742282484,27.109939797737862,45.42593854752529,967.3637667680057,-0.5287449926590279,4009.516870316358,82.0496287791041,-32.17348320866649,0
Maitri,-29.035387468399787,23.31440714358464,23.31440714358464,997.1929162929795,5.579545114933735,4318.460365327377,81.84835721262411,-30.667395968450712,0
Bharati,-3.4411137934588574,29.94554104652569,30.8466973809526,950.5030471697446,3.24086550275861,20.0,69.58854733081093,-5.537301666715655,0
Maitri,-15.116341232786915,37.21705110844309,49.707018594218255,983.3632520789428,-1.3434618028385945,5789.377719462061,81.41102969978509,-17.721534810377932,0
Maitri,8.016547081318905,14.590181706973185,21.551922624849947,980.5151490007675,-1.62177114837919,5665.232344369962,72.05330908899481,6.995234361830782,0
Bharati,-21.269166095214707,20.790015664386637,36.82384772239304,1000.0536997554084,3.8304610347448773,489.89616651048254,68.86464334846214,-22.72446719172177,0
Maitri,-30.95546199368087,41.24622381386653,53.30046359104887,961.6214114119814,5.359877290811254,15456.61627286493,67.52236496794765,-33.842697660651524,0
Bharati,-34.177073251896935,43.85334036939583,70.51405569770883,963.8037970380299,1.2621402918749922,8224.98728030709,78.4956746116806,-37.246807077754646,0
Dakshin_Gangotri,-52.704942657859405,59.03774796123289,63.12443348946744,952.1101135388011,2.6342890782051613,2638.217347212837,93.26686701241002,-56.837585015145706,1
Maitri,-29.178936592093066,31.086447521299842,44.01145369953147,968.6653108764801,5.212525939219674,14216.767856887127,56.924527801237616,-31.354987918584055,0
Bharati,-7.831099917589292,20.151461447438916,37.32404632019079,985.1083594296857,-0.6991429276039206,4015.8038299399504,67.79551224788248,-9.241702218910016,0
Bharati,-16.017487410158964,20.98644598600294,39.39779042102259,944.0431311345158,0.33388252218821507,9321.356151937178,77.43999830670417,-17.48653862917917,0
Bharati,-24.695379901593913,30.579388343644872,47.047440929424916,971.1417498053455,1.946913250853386,6350.530357933593,100.0,-26.835937085649054,0
Bharati,-39.924016657244934,18.16799521316016,18.16799521316016,992.2158070593374,-1.7159933602964377,4152.965808017729,81.4753769701392,-41.19577632216615,0
Dakshin_Gangotri,-21.59690472980894,57.02173724691627,72.85465802699692,977.9424121861986,6.796179946741045,4652.233773668089,62.80942570152345,-25.58842633709308,0
Dakshin_Gangotri,-9.807794422069403,23.233057127299627,36.725513398547065,981.5041105811094,-1.7520105788201585,11746.606820112514,61.141535418447866,-11.434108420980376,0
Dakshin_Gangotri,-18.539211152950234,53.05353592410013,76.6946334532287,949.8780163768067,0.24514523013544703,9504.920283676329,89.776426441924,-22.25295866763724,0
Maitri,-22.49897245549961,16.871137833645754,39.10084091933979,977.9990881973293,7.665504367339754,5510.380480247001,70.29552440397583,-23.679952103854813,0
Bharati,-36.95436479921809,27.16667242605708,44.57511753599023,980.5737107153378,-7.447102760749965,20.0,56.53635137757755,-38.856031869042084,1
Maitri,-11.99227278831981,25.061505984037524,43.193147268095096,976.7253998950541,0.8638338783863171,7217.711564878597,90.20704146749907,-13.746578207202436,0
Bharati,-71.97857228116271,13.395016433721375,41.91884742601805,983.0560358783495,-2.6422641664661657,1014.1002283984908,79.62276897241665,-72.9162234315232,1
Dakshin_Gangotri,-19.257314367022826,26.080623808891282,52.58358487984819,973.8174909523344,0.000677265510098274,8154.371868754008,57.087789277109145,-21.082958033645216,0
Maitri,13.554829714168982,33.95675002298139,51.710070045593,970.8792512821591,-4.823519933516719,3143.7842916788804,54.89508816226059,11.177857212560284,0
Dakshin_Gangotri,-47.625600809977705,7.828780078178036,44.282962954438084,959.2045827693278,-1.483514068756646,3562.2877648340586,42.48542113679829,-48.173615415450165,1
Bharati,-28.62054182052049,38.9483675482126,47.66640430264267,999.4892322789683,0.09910870042154686,3447.661687246828,65.66434521059574,-31.346927548895373,0
Dakshin_Gangotri,-25.118664851870896,35.42742970298393,38.57299862205166,955.4668330784167,0.9532802421464717,10082.059613310508,79.56869134576982,-27.59858493107977,0
Dakshin_Gangotri,-31.938742210848655,29.585957749202247,44.4775776803193,983.1589400055483,3.582578472852843,20.0,89.40830444409939,-34.00975925329281,1
Maitri,-9.454386361615308,42.87123355104633,54.13313492978649,1016.2639414934321,-9.29535810713773,8951.047589418089,81.37414623387218,-12.45537271018855,0
Bharati,-17.913234784670486,44.34316647474798,44.34316647474798,1002.028700571806,-0.5034776123039691,7369.203093830012,55.42758541951759,-21.017256437902844,0
Maitri,-22.71549441179021,96.42839565754146,104.9045875576276,990.1872947538754,-0.6987677565147283,5709.458466084429,70.74441086904199,-29.46548210781811,1
Bharati,-13.040911582460797,13.003351220391528,31.439202758439265,984.9948433113224,-0.2571132682818763,4207.806290811215,96.44062887888927,-13.951146167888204,0
Bharati,-24.748739363923868,61.204664161859164,75.62438670430566,977.4445750348767,0.1291023398133336,7945.928025096466,67.31840884817412,-29.03306585525401,0
Maitri,22.69796733235271,48.38970430969632,55.62509019275407,961.9730095796724,-3.3204722401507194,4239.912860374864,86.53305358272446,19.31068803067397,0
Dakshin_Gangotri,-22.729795995148883,35.41506442098827,50.838319616549,974.9233725408327,-6.1879866717799,4203.715953297381,84.68021184000179,-25.208850504618063,0
Dakshin_Gangotri,-22.070768522654433,17.05086279884715,33.28158759127852,991.4975128866092,0.8684244223509194,6255.014345354281,86.39725398235908,-23.26432891857373,0
Bharati,-50.65702074359913,24.111783782393328,46.26252762100674,987.7942989562974,-3.9770066512514792,12879.022241871764,81.46792277288299,-52.34484560836667,0
Dakshin_Gangotri,-33.15175490955136,22.32563120203229,30.910624746746358,995.7744498660709,1.6109652821008484,20.0,86.35101053234987,-34.71454909369362,0
Maitri,-7.789334773002857,28.03215525136611,51.77072315653068,1004.3934373008913,-3.7488062054934552,8002.816745825241,52.77671387819528,-9.751585640598485,0
Maitri,-45.03185275539809,42.0356670936698,46.129237351076355,976.8308565424348,2.770887932059703,5427.830094442614,97.72995766627618,-47.97434945195498,0
Dakshin_Gangotri,-57.36335761452932,55.469184095486966,65.4354149034902,983.8370297066433,-0.21782298481121978,5117.616782861877,47.90132170125618,-61.24620050121341,1
Bharati,-24.51526793218638,69.8895542455916,101.8794862615987,942.0185727374541,0.059831840237597224,20.0,79.67709439899484,-29.40753672937779,1
Bharati,-4.43883238787533,24.210839743179417,28.972062067207574,1025.1239555007094,-0.9853793952703965,20.0,74.27320335656671,-6.133591169897889,1
Maitri,-24.364281569558116,32.615620978916596,41.02794785260854,971.7230217960855,-1.6267554792353345,7359.7277974622075,65.61551225477753,-26.647375038082277,0
Maitri,-30.041869039395152,18.843950969652894,21.31284036370971,993.0338505402415,-0.9319333557197254,922.6310072840815,60.372596246547936,-31.360945607270853,1
Bharati,-52.8773190661147,49.49820501416486,56.2255411810458,971.7094552214678,4.726601292185923,10065.482970718465,83.2462448457328,-56.342193417106245,0
Bharati,-18.2161881594671,36.55767942392652,52.941311004214214,971.2450927187479,-6.137491071486302,1936.5648226403305,87.02007068844719,-20.775225719141957,1
Bharati,-15.080873366754327,26.700262148114493,48.76568507654399,975.2599617007157,-2.592545352427568,8203.907745566914,73.45388294289356,-16.94989171712234,0
Maitri,-51.7259874865165,12.535371986523765,27.34899065133704,955.0976265980513,4.226642093388292,3695.7892314573846,70.66126121321207,-52.60346352557317,0
Bharati,-7.982013269541717,32.847323574005166,44.600425081798505,930.3957470633417,3.279093241167522,3503.9972105238444,94.2214171366572,-10.281325919722079,0
Dakshin_Gangotri,-13.514567111618364,34.60569587488213,37.1779570136824,1003.1938013921937,5.3741214839091604,2344.5802340230625,68.67437239058067,-15.936965822860113,0
Bharati,-8.01526086178982,10.366419582517228,18.09511503069778,990.9140511400075,-0.23696927691057396,7747.266082138955,74.36727239520421,-8.740910232566025,0
Maitri,-16.24712362249987,14.723268940918562,14.723268940918562,961.682902835694,-5.273164543010149,8862.287528917146,71.94589901010593,-17.27775244836417,0
Maitri,-15.194759367830223,32.43935244350839,54.80494869235378,989.0382091103123,-4.431367148553704,4737.870971864016,100.0,-17.46551403887581,0
Bharati,-17.189186519473918,66.84026621417321,89.90099820064533,996.4786799397796,-1.194844564440434,8364.824066981095,62.400341679351804,-21.86800515446604,0
Dakshin_Gangotri,-11.972915177482065,52.08323881117318,66.67876281785772,966.1395943455389,3.0427867547206398,6050.433186239491,87.47144610467761,-15.618741894264188,0
Dakshin_Gangotri,-52.281366536858776,27.09391725375563,46.508427092601664,988.2369591323913,-1.0187140890174073,663.087539025033,49.50974354925388,-54.17794074462167,0
Bharati,-47.515891504322724,25.006269420867145,48.76859515433944,1000.136065711741,-1.326726101967033,7514.1326053616385,60.63110580145127,-49.266330363783425,0
Maitri,-36.040118502846575,20.45586434014681,36.467953216972205,951.2329533336651,1.5877400385708742,4797.851201374597,70.36184102875315,-37.472029006656854,0
Maitri,-26.947302575088298,19.326801747930716,48.26290858785497,990.6682236726082,0.11088586303460053,20.0,73.03561729927308,-28.300178697443446,1
Bharati,-19.17794615037731,25.962163659555966,30.72423669713898,987.287743384301,-1.7623524336863838,4436.911283941094,70.88366354205053,-20.995297606546227,0
Bharati,-20.12977520156725,76.78166911847508,88.29496683797392,1017.6090133913453,-4.006051789464151,20.0,73.50887108592553,-25.5044920398605,1
Maitri,-8.243412828159531,24.908595329261075,35.231173648784974,991.1407050748599,3.7878124009576637,1073.8409904160335,64.66458649808857,-9.987014501207806,1
Maitri,-7.772570521294735,29.966529949633603,51.43891088992869,971.782381011335,4.191252905281403,5004.193431647528,94.31357419120454,-9.870227617769087,0
Maitri,-38.08577662440689,15.311329687507916,15.96991639424714,974.096220212958,-4.230747471714926,5699.124612629279,59.99366763406209,-39.15756970253244,0
Maitri,-21.42135834924293,39.699335200432756,69.17908127157827,1020.4678736507714,-1.6104387144701684,2659.785831428061,86.16683051854713,-24.200311813273224,1
Dakshin_Gangotri,-37.717473215827575,29.70253295031876,50.32027675526928,972.9029898316406,2.6678912092122795,8109.201676221481,85.16431929010315,-39.796650522349886,0
Bharati,-27.8237055753035,24.143543653056952,56.646488379236665,991.7229226970736,-4.550648464410729,5541.913137974486,60.782426053252735,-29.513753631017487,0
Bharati,-20.173129464272577,17.38119599672765,31.975483862880466,975.2323889773718,1.4607098350583565,4304.084066335459,69.49508891412692,-21.38981318404351,0
Dakshin_Gangotri,-76.13068114707536,19.834853597898352,29.331660608060787,1001.6252401924191,-1.3059679442943235,6173.618371781991,74.96271960056794,-77.51912089892825,0
Bharati,11.168660594595266,23.300277173655346,44.87133807126497,1002.6134012576708,-4.8670290270769945,10820.235572278012,100.0,9.537641192439393,0
Maitri,-16.503869839037876,24.083183748311285,49.38883452745402,979.5466446132947,7.1093690128400855,20.0,69.46238349556887,-18.189692701419666,0
Bharati,-33.935549131201086,17.2861651476823,25.14195674296687,971.8647763418367,-1.3657372452625351,11198.096026430554,100.0,-35.14558069153885,0
Dakshin_Gangotri,3.910546328453421,28.296962653348476,28.296962653348476,971.3878389015972,2.097229521006494,3533.4300360732695,86.5181462486255,1.9297589427190278,0
Dakshin_Gangotri,-30.211467557292917,33.23797309105491,33.23797309105491,945.4547963751784,-4.484686159275708,2884.316353766863,80.15249169266757,-32.53812567366676,0
Dakshin_Gangotri,-23.012209212579133,43.23569654917682,60.84954580764663,982.0111786491796,6.209359058555141,4391.299690332737,88.26319437551905,-26.03870797102151,0
Dakshin_Gangotri,-32.306737155964406,64.99072682467889,95.39262070340311,981.6079251151936,7.789545503984167,2453.184743196723,49.2212906476459,-36.856088033691925,1
Bharati,-0.22012243834991096,10.211462208526779,12.203075547946648,963.6773610767253,-6.0087161728419165,1838.4999502990158,92.57815634642814,-0.9349247929467854,1
Maitri,-26.574770594588205,35.75909978689464,48.035436354630406,943.3037774599046,-0.6582415439526185,9387.302579713,55.15775955007323,-29.07790757967083,0
Dakshin_Gangotri,-22.75773848890736,25.533970019726933,37.04947449740752,984.1257099195967,5.3115563186950885,6638.741687555214,88.04488972935775,-24.545116390288246,0
Maitri,-6.943267704618307,8.475373518209121,42.68069419045763,986.6524601542742,-1.8737287500710285,20.0,66.11206055830368,-7.536543850892945,1
Dakshin_Gangotri,-16.222908138083852,21.247226855510828,58.83418438638495,987.8929048002436,1.6371956658716158,8696.44048165883,63.0109871766541,-17.71021401796961,0
Maitri,-25.81522097701108,10.991899407310223,30.236426290136208,960.2012307962576,-6.721382300520826,8113.770100337395,100.0,-26.584653935522795,0
Maitri,-8.344135414638057,41.005826632969644,64.98583030218447,987.9354617086195,-3.153209722278869,61.64764250131793,73.50515195072289,-11.214543278945932,1
Maitri,13.077248441419279,38.36471419297167,62.06670413613697,976.4283497851435,1.2201749373804167,6721.034632352217,52.03415296559192,10.391718447911263,0
Dakshin_Gangotri,-20.23884326800868,31.66499832941479,33.861782633058034,997.2897580659225,-2.357847473858561,8481.836253833573,89.62179055984222,-22.455393151067714,0
Maitri,-23.248598681911503,20.100417364301688,42.085647518660345,960.5035804621864,-1.4421411286455255,20.0,56.69020981945242,-24.65562789741262,0
Maitri,-22.440593745713777,56.49499415802515,61.29892944502424,1003.0040642418267,-6.062296755317541,7141.142425420091,95.41122127686299,-26.395243336775536,0
Maitri,-5.343557487527235,16.12528616106757,29.409927871301406,1010.1997276424637,2.6162653844498034,3299.6124985103256,74.75688220480622,-6.472327518801965,0
Maitri,-33.98796602549383,24.321869014646257,50.71923946547757,982.3215740103383,-5.358313047487019,8168.765732187814,55.892583448641716,-35.69049685651907,0
Bharati,-29.174763395674916,26.635314690810638,42.444647948879194,988.073480200436,6.162773449502128,2265.4082182184634,87.32000598407706,-31.03923542403166,1
Maitri,-48.06164423689962,28.58534630065093,54.610310711254655,995.677851450982,-2.730766900881889,10168.973130892671,82.8178643179374,-50.06261847794518,0
Maitri,-42.758017939599604,84.00097674589227,111.99361116577793,959.4859589541105,3.20281245836182,5025.860556570075,43.14957421278844,-48.63808631181206,0
Dakshin_Gangotri,-32.767000040469554,62.30967344230996,62.30967344230996,970.2747063441769,2.808817613260572,3540.425245200974,74.048762643863,-37.12867718143125,1
Maitri,-25.83905491090634,37.75290623150407,37.75290623150407,983.6844904430652,-3.9403131341209128,3109.918604868492,79.48283328985302,-28.481758347111626,1
Dakshin_Gangotri,1.5362498865517935,29.811674680070425,56.43259922838159,1020.5378903273185,-2.303028673863879,9496.075436983592,78.60791939194254,-0.550567341053136,0
Dakshin_Gangotri,-16.960107926121633,29.642176912067544,56.66625061172955,956.0778740676949,-1.8297538305892034,3107.346098039374,72.22898714510447,-19.03506030996636,0
Bharati,-38.681177652846905,42.51038618235499,60.076332345385595,1012.7544910998373,-1.558612563609114,10241.78349692365,86.17472172657224,-41.65690468561176,0
Bharati,-35.91970728046173,51.15513485883842,70.07729502820973,976.13547234801,-5.190673136545024,6853.678019161307,83.5341182548362,-39.500566720580416,0
Maitri,-4.378769751540183,15.913200817098865,39.84367779792643,979.3112603727174,2.135476957276089,457.55687950053925,75.4671738128247,-5.492693808737103,1
Bharati,-8.100844770562116,65.29575469838062,89.03984381189919,1004.3608870436482,-2.754991025065116,6103.916682638367,71.45460154250891,-12.67154759944876,0
Bharati,-24.577751346636955,36.821841591787106,48.78000176586652,1020.4289896348295,-0.4566962098778375,6187.438356156563,77.22175984065363,-27.155280258062053,0
Dakshin_Gangotri,-31.637896983082484,22.276962139264597,46.83546449266003,988.4569158328151,4.025413977957853,327.37831257908783,65.94452130917257,-33.197284332831,1
Dakshin_Gangotri,-8.126007464430359,27.738329944018794,39.273598463146584,1003.2949397276552,2.2871883897097502,6033.128941399291,59.66248100808497,-10.067690560511673,0
Bharati,-39.8999069008703,37.81480801197579,55.25031902029174,961.5938471066902,-2.485223413856201,8168.719820183542,58.14297251777214,-42.5469434617086,0
Bharati,-19.119544029137153,38.73576274469674,55.735987299843245,969.4106341009422,4.1637289275715474,10512.61112816292,73.4998105378318,-21.831047421265925,0
Dakshin_Gangotri,9.089884863399966,17.441175251118178,23.846784264880846,952.9510470289202,2.6621590922283507,10337.342195854893,62.13399783144154,7.869002595821694,0
Bharati,-21.919664766228138,29.0499132920081,36.62004042991818,969.6882383082842,-2.8233790058685844,15556.13203623276,72.6179972441371,-23.953158696668705,0
Bharati,-36.634142188924066,33.18222577334808,70.52331454116305,991.3046958420405,-2.0561912649198226,6002.338007893598,94.95142965739478,-38.95689799305843,0
Dakshin_Gangotri,-18.844469459926934,51.54424421052551,57.625386682783045,984.2429091909955,4.002016495988296,8215.20644499813,71.89403299695138,-22.45256655466372,0
Bharati,-32.050130785230216,54.30208017048687,73.00167283704224,1014.5420541245609,3.114704623261704,3575.060508697125,77.07252409103121,-35.8512763971643,0
Maitri,-45.91173765630121,14.880989188957491,35.678980953623565,1021.09422071162,-6.010261005856681,13536.918266002125,71.56936134581359,-46.95340689952824,0
Maitri,-14.484459596918398,30.580498727440506,45.03833581462151,977.2699116934866,-4.022370513057219,2436.258771379232,94.5976015890783,-16.625094507839233,1
Maitri,-8.232483991754165,21.655854048690983,43.370753402322535,966.4063117975795,2.781516641396021,13356.945177232596,99.86687953648537,-9.748393775162533,0
Dakshin_Gangotri,-29.66360008108859,37.37751949162737,55.66735215235419,1003.200717987926,-4.697498204327486,12843.749716419312,67.9570473783738,-32.28002644550251,0
Maitri,-30.6585351114441,81.86551893122532,88.16300345005158,1005.2844727951722,3.2197513508634046,2860.4298982167543,85.91698268526817,-36.38912143662987,1
Bharati,-39.42348086682745,48.555397102016,68.92357004340184,988.8249626357183,7.7431482392481,10145.308333951325,100.0,-42.822358663968565,0
Dakshin_Gangotri,-27.2490340070135,39.040689447989436,48.59362522054593,994.1112212429733,1.4931584030762826,7826.922026021987,57.59047219043724,-29.98188226837276,0
Bharati,-33.43552574384786,44.513622511532695,76.92031434488095,990.983053897423,-3.6919533975132266,4352.061007598281,89.70486704587353,-36.55147931965515,1
Bharati,-40.16549030054883,60.09903822663196,79.39029099880281,960.2248662067466,0.7060229218429842,5456.764167087683,48.88918765305486,-44.37242297641307,0
Maitri,3.3825324559940917,46.41253265550254,54.41099739465001,955.6285681727184,4.138452086910041,7061.910251520685,75.44436646718532,0.13365517010891415,0
Bharati,-18.00260774875739,16.335660727730993,34.75855626721743,978.9819620221091,0.3956416993429379,7442.557860816236,72.89877868333777,-19.14610399969856,0
Dakshin_Gangotri,-16.414073379559717,67.74470936447726,73.49616497538105,975.981691095747,1.9353459522115586,11976.767500370344,49.39478928782038,-21.156203035073126,0
Maitri,-11.749006466013594,32.12565946733583,49.70345026727175,985.5388761369152,-3.1976520154089614,8284.902349924465,91.33844222505665,-13.9978026287271,0
Maitri,-13.43445674860292,36.633345692663354,49.37636779599825,977.3755034530792,-2.8946805579191865,2920.524212445874,77.21453183335218,-15.998790947089354,0
Maitri,-31.19664929195072,54.27046096042109,61.001749276486514,945.9347059823822,3.6242278653118145,8974.477983863038,61.091228341546895,-34.995581559180195,0
Maitri,-20.911710655427992,79.87010866009857,86.47569471472879,937.7561349850255,-2.8482489348595705,20.0,79.92871645039902,-26.502618261634893,1
Maitri,-29.035457263909905,24.27267045239811,63.62201303402895,994.7486083273805,-10.34481243542331,4453.656564251344,88.55751959318121,-30.734544195577772,0
Maitri,-18.4230456283501,52.799684262696836,68.71360707971371,966.7441906329313,-1.225330297094384,4838.734056727405,48.468313147441535,-22.11902352673888,0
Maitri,-19.874636710627538,23.493671184733763,34.17627953844179,975.3575118934137,1.256784156108164,8633.260727028433,27.775327443236897,-21.5191936935589,0
Dakshin_Gangotri,-30.73990391296303,35.12579442063323,44.07660842321475,968.840507005244,4.234042404725225,13083.216035414893,74.3701620518454,-33.198709522407356,0
Maitri,-44.939480843826985,13.430532009922528,33.14219303894837,961.7390179546965,6.58310243499857,6870.775493219814,63.475684520803945,-45.87961808452156,0
Bharati,-22.806444145517386,23.56428632841166,32.179325982879064,961.2029630247333,0.3387997667171692,4554.535309705516,95.07730959395262,-24.4559441885062,0
Bharati,-28.064042317109482,34.240878961419085,38.2946992924816,1000.3967274693708,2.634468676406881,3206.8786323851223,69.44371405786117,-30.46090384440882,0
Maitri,-53.355583715631376,40.09754278078871,54.77339881174636,975.216993629757,0.4825054015674399,9340.16508011961,79.64156390784233,-56.162411710286584,0
Bharati,-17.385073466669237,38.966399564113516,53.56670867260018,992.6952859186528,1.4162805909751337,5220.654738051686,72.19531835694357,-20.112721436157184,0
Maitri,-10.519868316358368,49.46967620976298,60.299326427498684,995.3816981130159,-0.747438024463163,3987.188674548798,51.810689289911366,-13.982745651041775,0
Maitri,12.925347128134256,25.391427797025422,31.478505002628857,986.3312829201453,1.5457659026594293,9805.148847184195,75.45776380151953,11.147947182342476,0
Dakshin_Gangotri,-30.867962549809917,29.253060573077768,40.34334456504283,996.0408695215268,-2.9196913110029765,10677.102483811115,55.107105460278405,-32.915676789925364,0
Bharati,-33.080678448236014,29.983904445220254,40.28753080206696,980.286183732391,7.92034201303672,2162.5664644705553,54.37311278560126,-35.179551759401434,0
Dakshin_Gangotri,-41.64131545658862,26.372330859932894,35.28868910260389,1007.2763077697828,-9.56491013022168,20.0,58.53632685783873,-43.48737861678392,1
Dakshin_Gangotri,-21.870371402694893,19.10337257067005,36.86837325305702,996.4683280595167,2.2835465380397797,5608.868400685578,57.22011190543881,-23.207607482641798,0
Bharati,-21.96522729162467,32.23686892406039,69.49914875380274,999.128863851315,1.2781934030138857,1439.0488922461209,71.84308732995396,-24.2218081163089,1
Dakshin_Gangotri,-37.16944502180124,45.51237574814317,73.83002745151683,961.2296465643826,1.4851270998303034,891.7734291937049,69.12011588250631,-40.35531132417126,1
Dakshin_Gangotri,-27.6239482300576,36.25875914178577,70.67795383467092,985.2648757380986,-4.731269649172029,1837.373960432904,79.26211987136455,-30.162061369982602,1
Maitri,-54.67998500334035,24.69422470270736,34.01731161236695,943.2995373959495,-6.712582485573183,10186.118006127464,51.38722004412223,-56.40858073252986,0
Dakshin_Gangotri,-11.104348782501303,32.55585617241167,64.30273854712358,1008.0204587976631,2.4231002908998036,8601.539880495951,71.22460175294465,-13.38325871457012,0
Bharati,-36.560188895082504,23.913864951231602,41.18662311492327,967.5334637392683,5.3640039406370414,15829.91489001701,67.77999685596585,-38.234159441668716,0
Bharati,-25.51984527119469,40.599693671069076,65.4633285882667,970.3059600626599,0.8809166494544575,3432.1518854621163,78.02103548091341,-28.361823828169527,0
Bharati,-46.40040131946669,46.25314217046539,65.83018175094693,952.6527387147106,3.221079039755998,11319.342679028838,78.74039987809508,-49.638121271399264,0
Bharati,-33.7353039919236,46.79948037846212,58.366808216360646,979.2745669101225,-1.8325783633096042,7974.225475097516,77.34421069030674,-37.01126761841595,0
Maitri,-29.193867302762907,27.716196004363642,49.91117219042409,974.6349557547354,1.3262949036199498,3774.4502585953933,60.14593224687232,-31.13400102306836,0
Bharati,-25.169362704412453,24.1794225518941,44.02872808807886,1016.4539533267366,4.902639632505745,5413.299194910802,75.37035824971467,-26.86192228304504,0
Dakshin_Gangotri,-17.804012267162324,49.469743286638355,49.469743286638355,997.1847077393261,-1.254189861915053,3755.4469598280853,67.30196057971158,-21.266894297227008,0
Maitri,-3.4138737477066954,26.63815866298286,40.39691635185158,969.7069777390208,4.742872407412011,7034.8941576535235,94.71300425376131,-5.278544854115496,0
Bharati,-14.009335858459657,32.29266989927126,56.016711765054055,946.6753409577495,-6.538289077608806,9946.806300333017,76.65476737669971,-16.269822751408647,0
Bharati,-10.567531852806326,36.070726739914875,53.84494287185375,934.32658975512,-2.452012077640629,4525.71454994158,76.19069057204923,-13.092482724600366,0
Bharati,-3.308438350852928,30.965209919996262,50.659919629974226,959.4749344010294,2.183664499811587,9393.537300396074,55.78656650235529,-5.476003045252666,0
Bharati,-16.45438177715954,43.45753029565575,50.94329202420626,953.3756690475863,7.611242708629158,11084.921656364164,66.14396679006768,-19.496408897855442,0
Maitri,-25.55060793428493,14.302803862206913,31.864909926253723,986.9722683783538,0.05709566039079151,11975.667712473401,78.8819197798808,-26.551804204639414,0
Bharati,-9.86332140617417,38.763842508749654,52.80041639684026,977.1010594807844,-4.135670191939338,1308.2210993287845,73.81905252479037,-12.576790381786648,1
Maitri,-8.90486071057515,20.521084349102214,33.48655200307114,980.3465255209753,7.520315398916367,5803.394786176807,73.65718390419505,-10.341336615012304,0
Dakshin_Gangotri,-15.271512430509471,25.16557996354443,33.373015683210674,961.0215618303613,-0.5045667184908167,8837.731245416664,48.69445757110658,-17.03310302795758,0
Maitri,-46.81941395554154,33.85153740024754,58.00016094687915,983.0406478948065,2.659115495427223,1653.0603429911025,62.788884475453955,-49.18902157355887,1
Bharati,-37.62190229641971,12.321413994697563,30.776099823154382,951.5918703831944,-1.3376991572763555,761.6950684398753,70.87617832438792,-38.484401276048544,1
Dakshin_Gangotri,-29.122811560457258,28.479820761527012,45.925298510920456,978.234001819161,0.5691036049115633,5894.356499091104,93.02523484213997,-31.11639901376415,0
Maitri,-13.305684688961511,26.069341725031162,61.57718834994694,996.6049432592177,-2.2484685457630813,4348.142869959975,46.633852791808785,-15.130538609713692,1
Dakshin_Gangotri,-25.320196286058398,29.266752982187917,49.004744677362545,972.6913443602249,9.030574226394023,5310.622440526747,59.33873393981886,-27.368868994811553,0
Maitri,-7.946970498241551,25.343874104803508,52.348840981237444,988.8728764813658,4.764927091749725,4114.609584525635,46.52681094304006,-9.721041685577797,0
Maitri,-5.271450568835782,32.39871607909614,50.128044354707114,940.4627044285892,7.072491705538214,14639.564125062705,79.88112584931869,-7.539360694372512,0
Maitri,-7.012442969841906,23.468911203513393,34.93727432339648,938.8583040617406,-3.153847309655989,4153.408587580414,92.79235809588263,-8.655266754087844,0
Bharati,-6.916891532795699,30.375202322214673,34.78382910577108,986.5451747119283,-7.300093560621949,8342.517406886123,80.4077983831317,-9.043155695350727,0
Maitri,-40.55490856988077,33.812170133083455,51.22607141306127,1000.9403808652404,-1.1718172905252502,8074.3854649976665,83.65828351415877,-42.921760479196614,0
Dakshin_Gangotri,-17.760467508163362,50.34198675644126,50.34198675644126,975.2353205300775,10.065888022961241,20.0,59.51946873646321,-21.28440658111425,1
Dakshin_Gangotri,-34.11293561433124,55.69084276218285,73.41551352109475,1022.9041684451913,-1.2874924486380976,11864.476795488907,80.5414662136576,-38.01129460768404,0
Maitri,-49.73599497038798,14.977230928346298,33.13121485829493,951.1320397850908,4.207152298036295,8503.193731600364,63.41299076336565,-50.78440113537222,0
Maitri,-29.312066980837542,52.23454761477606,65.05887181630528,966.4003238312248,-4.09937632309297,6627.80649843991,75.89621734529915,-32.96848531387187,0
Bharati,-5.12894551559123,19.03999998553533,33.116336376281524,982.801833961018,-3.3160278831557535,10229.733077682482,82.53633748031488,-6.461745514578704,0
Dakshin_Gangotri,-18.088869848223048,30.50050372758673,32.9888085469958,989.2874969433728,-0.3191690730433154,5808.871889751477,70.62108332326497,-20.223905109154117,0
Dakshin_Gangotri,5.26714057408838,12.800715025611716,41.656751226318974,968.3219459895035,8.438776105170412,9527.725201765672,87.30246957647205,4.37109052229556,0
Bharati,-22.341547820978327,9.420414253635139,21.04790469253988,958.8147000114229,4.400931356157018,20.0,72.54611932403071,-23.000976818732788,1
Dakshin_Gangotri,11.717041303893609,79.47458208503146,84.75365462099779,992.4052573047079,-8.212749013031784,9270.105789117533,79.1043942795038,6.153820557941407,0
Dakshin_Gangotri,-22.33718161724423,30.90842620322388,51.35503685555878,982.664813119421,2.6669231516292458,6734.536544907334,100.0,-24.5007714514699,0
Maitri,-24.662795557693954,27.58771798953616,43.6952790674395,973.1075795558355,-4.59493940695443,6797.064517651789,82.46232498199404,-26.593935816961483,0
Maitri,-44.190851318822446,35.761107807342164,47.177759962066254,989.9762911676258,-2.7262461414478683,2630.856634349059,63.75921450574551,-46.694128865336396,0
Dakshin_Gangotri,-8.341558895608483,27.916104774662195,38.27577111938779,977.2730430022352,2.0415616210461187,5124.684874124083,67.79286253715755,-10.295686229834836,1
Maitri,-32.53187693410718,45.981271342584165,60.92488441517105,977.2051563360694,5.593742842097329,5007.517368022957,88.09648935035706,-35.75056592808807,0
Dakshin_Gangotri,-34.705714591130906,34.77770903838578,63.23586874373944,976.4684613769662,5.397062432773705,1443.5051655413945,90.64059446799698,-37.14015422381791,1
Dakshin_Gangotri,-5.781541543561421,42.39135750212329,62.08682160698873,963.5788449300256,1.3262665374294342,7433.204898139802,74.45315062934051,-8.74893656871005,0
Dakshin_Gangotri,-7.626659968060643,20.63208067764043,35.28799787256554,961.5451303603994,1.3824698066559968,12292.711962394496,52.093784902643776,-9.070905615495473,0
Dakshin_Gangotri,-8.019229491839816,13.81593987824922,37.34027863546162,969.4859536073327,5.384848260685874,314.84610120192883,60.74619737617742,-8.986345283317261,1
Dakshin_Gangotri,-30.432867010824715,48.517564773393914,63.79288368467633,980.6414194600839,-6.302176201805526,7960.979524853086,77.71117583907588,-33.82909654496229,0
Bharati,-25.764637979578776,36.51700744737666,55.53253020573017,942.5745298768192,7.309420648681672,4318.247326190558,83.70567359044871,-28.320828500895143,1
Dakshin_Gangotri,-25.897815965437772,16.35382584971767,32.86510316958437,998.8948940306867,-2.943926674897619,3856.355059966362,90.07156526652354,-27.042583774918008,0
Maitri,-13.262227289914028,16.503105945302163,37.40091012544062,980.368825149556,1.0424545898380708,6299.054861973274,44.51713269432342,-14.41744470608518,0
Bharati,-1.69652997258655,32.74699505921476,43.30555331714539,958.698208574916,-1.9850121353131271,6359.680722008098,88.07204816407778,-3.988819626731583,0
Dakshin_Gangotri,-19.477801672023894,40.78771255109669,44.39428391547093,1012.3319034427072,-4.624037195717404,6738.71459708876,96.40511188967109,-22.332941550600662,0
Maitri,4.623366280360376,18.96647040702357,43.03495191117155,980.8358465792381,1.8463619081493243,1476.5371549135953,39.09662434242003,3.295713351868726,0
Maitri,-11.542083729504078,61.52469020411102,91.57397338224067,953.2970234215891,0.946142775685982,10359.695493264398,74.92034716182238,-15.848812043791849,0
Maitri,-28.521990911716273,43.375908880407756,47.457098042810784,1011.4344182770692,-0.4215721569308551,6324.551709904982,86.36664795616659,-31.558304533344817,0
Maitri,-12.569328908065376,50.18179848571983,66.97471522718553,1007.0973632623808,-0.6106622563345202,8375.303102998383,53.82864044742553,-16.082054802065763,0
Dakshin_Gangotri,0.5891041806315975,32.333675160783784,42.844973267741004,961.824379821861,6.10378823209009,10858.39388546495,67.50885109041698,-1.6742530806232674,0
Dakshin_Gangotri,4.974334750120015,30.99832991142001,54.83211683142764,973.5403976380836,8.771212360611344,20.0,83.4031173034216,2.804451656320614,1
Dakshin_Gangotri,-7.196629831013787,15.563814249056572,33.0302715973404,970.8482616747337,5.011610286643748,8521.836745320652,67.15909836624968,-8.286096828447747,0
Dakshin_Gangotri,-24.614883195130012,20.728873559732204,69.00359642403166,942.2106251379467,1.1096342301123403,5343.269931925585,69.54554440349878,-26.065904344311267,0
Bharati,-28.250398810838806,29.09292542827168,41.07859057516659,986.4937501178813,-6.549067178953572,10075.501960351368,78.31210670980936,-30.286903590817825,0
Maitri,-16.358957446579137,36.984601407426865,67.35752477717817,996.902908108307,2.508622788068747,2794.6656826804588,57.45301028424138,-18.947879545099017,0
Dakshin_Gangotri,0.10961742906569327,33.78443985772588,65.13074631123723,993.1377762620975,2.685561410484779,9741.38505283138,58.99658711779129,-2.2552933609751182,0
Dakshin_Gangotri,-18.493463166783226,10.377315526301567,30.713290116802206,980.6550760042916,3.0853317176204613,1779.9772714750543,82.02596376989011,-19.219875253624334,0
Bharati,-18.182021921967838,18.40753945059274,33.778372644374684,998.8431812057522,-4.5639237701292865,7608.853507911891,89.23411660593186,-19.47054968350933,0
Dakshin_Gangotri,-24.229032185243614,34.86356709771796,50.811944072618246,957.2930831730006,3.4002558632222857,7137.031225232104,80.97780767556866,-26.669481882083872,0
Dakshin_Gangotri,-29.91836593946819,37.44267432481567,52.54472284587226,1016.3656318382604,6.246344770971963,5378.309983550171,95.41852955098496,-32.539353142205286,0
Maitri,-27.432017599658767,25.1205874216241,51.45358454575551,964.5583578673663,-3.930489196464698,1871.6585976945235,81.2951639357257,-29.190458719172454,1
Bharati,-22.96861022131705,41.57195310493087,47.845590134153774,966.7798470165314,2.738629190715133,4525.207511106135,100.0,-25.87864693866221,0
Maitri,0.771499943597334,41.27221058464179,54.66237085386283,968.4956847518397,-3.247106559137481,9691.465455523037,75.98684344756482,-2.117554797327591,0
Maitri,-28.595706677962028,76.85224365977227,89.03038408253718,967.0370657028714,-0.417078699684809,11951.094670700531,78.79041634698612,-33.975363734146086,0
Bharati,-24.21081886132929,31.101321848639873,31.101321848639873,976.1455188705543,-3.794764809445324,13816.640321076582,81.04804149875163,-26.387911390734082,0
Maitri,-37.98066490609763,24.63905283338951,48.22820193101362,975.3711036588886,-1.4028492466070552,8107.181214115037,65.57949140776657,-39.7053986044349,0
Maitri,-14.250534002902672,19.028619375748107,44.657813189681505,982.5927996927182,-1.3718346331149178,7005.705367636447,63.3589765023664,-15.58253735920504,0
Dakshin_Gangotri,-4.499812319225761,14.47830916114954,23.136124825533877,963.6260572131752,1.6490997829407894,7795.6949658930835,61.49873300847942,-5.513293960506228,0
Bharati,-0.6325323106486636,40.431986381898525,65.73331094844598,983.3320871204033,3.561433323610745,13714.075402182849,66.66403684425855,-3.46277135738156,0
Maitri,-21.949532129564343,38.27208871063876,38.27208871063876,958.1914541222446,4.864710458234314,8082.488287267617,100.0,-24.628578339309055,0
Bharati,-16.384685750811467,15.493254547273494,30.732799579297847,994.6494943997172,-2.6078641290253555,6348.814253881863,100.0,-17.469213569120612,0
Bharati,-27.30325483255057,40.563112971023045,54.30052826413583,994.4014016540743,1.4394740503631325,4898.783246178456,70.0810799385874,-30.142672740522183,0
Dakshin_Gangotri,-17.07971980458216,33.199044647810794,49.07653173180672,979.8842617912127,-4.3926575951818885,5360.83658209782,68.69201387826925,-19.403652929928917,0
Maitri,-20.290522712511784,26.511780204333224,42.337231906854186,967.0060575729458,-0.4427521487888087,7545.596360335434,42.797194625836724,-22.14634732681511,0
Bharati,-24.12603419122769,9.885406894301292,24.114990262087176,986.2226662530202,0.17096341263014064,2994.2466045280985,60.08609068487799,-24.81801267382878,0
Maitri,-22.93369461584306,38.08669003744406,49.20896088328377,962.2470567481199,-3.690147426785682,3494.246189235191,62.859947213340604,-25.599762918464144,1
Dakshin_Gangotri,-18.22116574909527,65.63781414791453,79.55075446333689,980.6908046267292,2.236423005086695,5744.715909173952,68.40473530588196,-22.815812739449285,0
Maitri,-29.412286522683463,20.326774304206484,48.95898669522063,976.9636943489114,-0.6230184648777806,4192.339436711122,66.45476965943487,-30.835160723977918,0
Dakshin_Gangotri,-28.6374518811705,33.2282572936188,42.441067794529786,1032.5981686732853,0.6174768004582286,8385.949723096455,78.22138269295685,-30.963429891723816,0
Bharati,0.6104302050733033,39.56849260553838,77.12189273740304,955.4589496803047,4.898034105951687,8695.698090289025,86.62423216750122,-2.1593642773143835,0
Maitri,15.658201532695742,7.371833756295364,16.02018922916293,926.6538008654454,-1.7107067711789576,7050.056477581798,64.08305334929877,15.142173169755067,0
Dakshin_Gangotri,-43.06550422801065,18.60893575873835,36.009527927907484,967.2483911378852,3.4007930926813104,7959.574937940117,96.55389172801581,-44.36812973112234,0
Bharati,-43.892068065640885,13.239163771352898,33.95122880305186,945.6893676171283,5.7715127842513505,6470.373455646588,80.1850035976806,-44.81880952963559,0
Bharati,-39.357292417122245,65.44478336997857,77.52722431644413,965.4661027810213,5.526414007126176,20.0,88.32420197206207,-43.93842725302075,1
Bharati,-26.549326225578326,7.130547444387475,35.954179568897835,954.0479172472167,-0.7525407850178314,2496.534550789998,68.40679703315823,-27.048464546685448,0
Bharati,-11.563292334441146,26.451577749403068,46.903695583183115,961.9099867493146,-3.890648713901718,8829.378817564146,83.19690254265484,-13.41490277689936,0
Dakshin_Gangotri,-16.13120586927592,35.09074668266884,48.04172309182941,958.7018068197851,-2.8397266320392247,2644.732373157318,81.80265653073512,-18.58755813706274,0
Maitri,-22.419532948292975,20.238256721274286,48.95090445172244,999.2590296619458,-6.346730133042986,9421.664073285832,97.01377949775633,-23.836210918782175,0
Bharati,-17.065966795631518,8.04870902048467,12.89379121530241,979.0294104530989,2.744074857792348,9646.514759379743,84.79039405253198,-17.629376427065445,0
Bharati,-35.38129234942554,27.01510323847277,36.36026804312122,1001.5090560628379,2.9923430164040243,4938.027377666456,87.80562781614366,-37.272349576118636,0
Dakshin_Gangotri,-28.661841576289284,20.061885258913488,40.68758957819091,980.8096296834079,0.46959460275044207,3637.824566633377,67.06483408419507,-30.06617354441323,0
Maitri,-25.30141822563695,37.00985042899087,60.02451468313622,998.5717984592843,-5.5045435286027065,6038.3644047324315,92.93884634031873,-27.892107755666313,0
Dakshin_Gangotri,-48.76324508307779,43.70293813265261,61.929156984207125,973.9570979312545,-1.4611372632596424,5823.954261459736,55.85768760816994,-51.82245075236347,0
Bharati,-42.41965307083894,15.557876587856681,29.285953366288847,1011.8910406108465,5.521036613980099,8508.012908330504,66.40440150747288,-43.50870443198891,0
Dakshin_Gangotri,-41.82349091916488,21.175644631313244,33.66120395188445,989.4193635756546,2.438655934387269,20.0,79.21951797275548,-43.30578604335681,1
Maitri,-13.538376644743385,21.744451545683575,48.058460805437456,964.4035775806691,3.1321927862287424,3063.72238131044,57.70940556200921,-15.060488252941235,0
Dakshin_Gangotri,-21.319675771413756,43.39126228109449,60.79520877645689,992.3829920381734,13.232237300752466,1950.4140993261522,61.15231122860129,-24.35706413109037,1
Maitri,-15.834081998890854,31.39611655093182,37.6737288269248,980.5419679181701,1.3122986659619527,20.0,61.15980838884891,-18.031810157456082,1
Dakshin_Gangotri,-52.59482484703696,15.905633267174329,21.60660963522341,975.9498463574178,-8.634616340805907,4020.7463315825607,80.67996486261308,-53.70821917573917,1
Maitri,-47.25350029077405,50.146901911662205,80.2815150376015,981.9204256769624,-4.404399806784471,20.0,72.61569315251695,-50.7637834245904,1
Maitri,-15.05176839615257,20.206160559123198,28.018544439235573,995.0249946823066,1.2222226313188358,4450.060220313353,89.45598145667098,-16.466199635291193,0
Bharati,-66.68004462499076,23.116162547759565,40.8434732186077,937.6497483267113,0.07495638127416447,4048.160369482247,100.0,-68.29817600333392,1
Dakshin_Gangotri,-6.630559636002932,17.973773376298713,46.48283772366938,972.9811910454549,-0.687950797688891,7813.519257418389,79.05655962056213,-7.888723772343842,0
Maitri,-52.349757152841846,32.60049579347668,53.021568701271605,993.6534142919513,-0.6177268320276295,4999.335812086347,67.3278295122207,-54.63179185838521,0
Bharati,-12.349826621125324,25.110131788056616,32.533707711355774,984.964545300461,-3.1377414883920633,20.0,80.52499633574632,-14.107535846289286,0
Dakshin_Gangotri,-38.32876937135444,57.375311524406605,62.218370572569455,957.4723802119743,1.4952575528079142,7386.1541171047975,61.5644239400028,-42.3450411780629,0
Dakshin_Gangotri,-9.266444272426263,31.609465143985638,65.30834987244924,932.6447525898224,5.577443040021195,15679.55813128125,74.04503587915272,-11.479106832505257,0
Dakshin_Gangotri,23.122413708747423,18.571487658092618,23.159841738732744,1014.0185333359165,6.929354607710278,10300.318768978137,100.0,21.82240957268094,0
Dakshin_Gangotri,-59.09766445181688,29.895282822608703,39.36259048359631,976.2583590124741,6.815933975223906,8716.94379237131,71.95355637548911,-61.19033424939949,0
Bharati,-14.569342782090274,61.37670021284747,80.10173659902611,1010.2809901749808,-3.8238666827181653,5218.180361316885,79.53976194813659,-18.865711796989597,0
Bharati,-52.12244070390609,14.897159017843103,27.70837452707824,995.8992549964543,-0.08070124677155611,4036.3722543612516,72.57711003559649,-53.16524183515511,0
Maitri,-18.59846616673744,38.068118118074736,58.80617016703094,964.1277288688628,-1.2553603102156827,3758.8638678415005,68.85626564776416,-21.26323443500267,1
Maitri,-28.10158245327841,9.971218480559891,10.293497226314615,929.9713242183268,2.3678925214038222,6962.568674203881,82.21353092278946,-28.799567746917603,0
Maitri,-23.05326516307235,55.395795569602754,68.29180173053877,970.757011516111,-0.3307855470664261,1456.2629473244833,55.936362247050134,-26.930970852944544,1
Maitri,-38.675294144923555,23.430850964505318,45.207738437930836,979.2551526699556,-0.9025099519719514,6881.394517223472,72.50719360325212,-40.315453712438924,0
Bharati,-13.291883357552495,18.290421050060267,40.101151820233326,989.013200431552,5.818317154489546,3345.4637813838126,54.63828408246183,-14.572212831056714,0
Maitri,-46.725367569555715,59.53163254900175,68.80709978596148,957.7824278670824,0.39351369345689824,20.0,98.16710930684997,-50.89258184798584,1
Maitri,-6.375441056518898,28.89131675750495,33.674216311526614,983.5601316610538,0.49673449819039966,3289.0293766754166,89.80810894301887,-8.397833229544243,0
Bharati,-31.13875459915274,29.459081140293144,46.59621221448188,983.5528381515965,1.6529527171272524,11004.78968482593,63.47742569345016,-33.20089027897326,0
Dakshin_Gangotri,-46.040360161046344,23.61570748233656,25.491081026096108,999.7190633252326,2.704775077518306,6553.512476224374,47.16252403468323,-47.6934596848099,0
Dakshin_Gangotri,-1.0759476498895282,24.156809303969872,51.99951526360894,973.863859728047,2.7278234854469368,20.0,82.35553156340498,-2.766924301167419,1
Dakshin_Gangotri,-26.010139792137295,9.344009435534117,25.918097077943735,988.8551879256912,6.208549369195211,3305.4883589397073,74.3442446877266,-26.664220452624683,0
Dakshin_Gangotri,3.614539556630394,37.78755710045672,45.81944133823705,985.7687389828686,-5.142464093985852,9613.041106375984,100.0,0.9694105595984235,0
Bharati,-6.679658060299868,13.290822339680032,17.7458082658191,997.5117334623523,1.2978494261056093,4806.533205827371,96.02602293425264,-7.61001562407747,0
Bharati,-36.97218557179652,46.776706997519064,55.44614033959533,963.6017914596422,-0.4095178541380785,8095.1739641390095,84.52723472724169,-40.24655506162286,0
Maitri,-26.274847014051232,16.455457350111185,16.455457350111185,918.5828802382281,-1.2035149746705611,4418.825072356213,67.07642234665536,-27.426729028559016,0
Maitri,-23.184430905046383,30.84760886069807,50.79539956274789,975.2627397895411,3.0311225131726287,6735.762588308103,71.07608250955717,-25.34376352529525,0
Dakshin_Gangotri,-2.1054520002034103,21.57094441277913,28.5424785032397,975.3806758176647,5.1861717491754,6141.182292990774,79.53163315910246,-3.6154181090979494,0
Bharati,-18.437234299493277,23.61259901368556,42.60931663124619,956.8496227223575,-2.367037423004144,3416.4503754040356,80.325493989789,-20.090116230451265,0
Maitri,-22.35561068355311,26.03317857726491,46.40863575188865,949.8387858072438,6.747750017838295,8285.923732924866,64.38499447488837,-24.177933183961652,0
Dakshin_Gangotri,-27.998193806474614,34.889800087174244,59.54977240600242,968.5059808968315,-5.726590600346893,12126.15640038201,54.53909106775272,-30.44047981257681,0
Dakshin_Gangotri,-25.758355537819586,58.68749092018842,76.2059668901373,977.7024552417683,2.3610457539735443,7538.576025260363,100.0,-29.866479902232776,0
Dakshin_Gangotri,-5.431118714825132,23.30958855988405,49.56193227151914,981.908557746357,-3.5627432186194463,6415.842894106287,75.50787963755594,-7.062789914017015,0
Dakshin_Gangotri,-24.944419738037883,8.338824848327269,37.1999291957249,934.293889274066,-2.5670878158415635,2627.2984292808087,81.36284238650993,-25.528137477420792,0
Dakshin_Gangotri,-30.92495906947262,52.47348268948694,70.0556343943868,944.9292003638959,0.24031801187567062,9752.847788486071,62.13847307470574,-34.598102857736706,0
Dakshin_Gangotri,-33.4676074842053,40.65206538493152,58.837331133851116,1002.5911104119449,-1.595291686657887,3955.7872920557784,95.49295936762917,-36.31325206115051,0
Dakshin_Gangotri,-33.30647730754243,16.101446775356333,25.52670878587102,976.207837129416,-11.453106590680575,8242.747956540332,90.6011949887898,-34.43357858181737,0
Dakshin_Gangotri,-46.03143994064148,14.522757948785825,19.64651094319572,979.9513272985296,2.4458782459500346,9046.793043740887,75.90714010528201,-47.04803299705648,0
Bharati,-36.25562962489718,35.68533238330795,63.506077476419016,953.334867406692,3.119042339041451,9950.03236823457,78.15169233882591,-38.75360289172874,0
Bharati,-2.523695865245152,32.61498154006851,53.67241866446542,979.9119266466796,-0.6442536482322874,10024.507517345011,79.27475490793265,-4.806744573049948,0
Dakshin_Gangotri,-28.09898890851245,65.87292580336917,87.74121636585946,972.4865803801553,-0.958554208645199,9879.835333700235,76.47276077211016,-32.71009371474829,0
Dakshin_Gangotri,-14.433824971658524,37.975133445814805,47.0680373781599,967.6293569777407,-1.4915603737933079,975.107503958734,83.36858338801864,-17.09208431286556,1
Maitri,-62.181347768512516,20.841718077269928,52.08093311339235,950.7633165932907,-6.8458610783468705,2563.6893847453157,80.64879037189587,-63.64026803392141,1
Bharati,-16.475330365511812,18.34763115012441,31.06149190507744,962.6302573733651,-7.269153029678931,510.101486778085,72.36145992412,-17.75966454602052,1
Dakshin_Gangotri,-27.420290565536707,30.3345375038243,37.31613037563758,1019.4403493604455,3.2145268458436536,240.71878040147476,57.47132141353384,-29.54370819080441,1
Dakshin_Gangotri,-32.22160034335763,9.637434208050543,18.900692956085464,973.0105883392729,4.258802811702804,12101.24083460067,74.61991548434199,-32.89622073792117,0
Maitri,-22.285600638683025,11.820942493153314,42.53285866034571,995.7923923812796,2.387318059829924,2056.2841757196015,86.2538924775069,-23.113066613203756,1
Maitri,-32.437378807180416,15.02609648626075,18.9156202261628,976.0720440242534,1.5170147234376818,1493.8824540627347,85.08237326670664,-33.48920556121867,0
Bharati,-56.85812379832534,20.557915958140256,28.046690857578643,973.757679457032,3.1308782613254915,5776.52492039023,94.6862126521018,-58.29717791539515,0
Dakshin_Gangotri,-11.16628088242094,28.653590412774662,72.63868359875339,967.2799473120449,2.8644409294614217,3016.0965303816142,96.2735089774514,-13.172032211315166,0
Maitri,-21.354736579777104,39.229234129217545,63.63961149246629,1006.9126398853995,-3.1406190610321607,15047.615801132735,85.52436592179814,-24.100782968822333,0
Bharati,-29.709136821217776,54.018416648373275,61.68785819412115,987.4614379246221,0.8898429670696724,4906.299723524939,77.8116360861847,-33.4904259866039,0
Bharati,-39.49278058108656,48.93139825089767,53.116924664109746,964.2078178956071,-1.1842908005124448,7780.694004457981,80.15255328450715,-42.9179784586494,0
Bharati,-47.04786274160703,45.18638958238047,45.18638958238047,972.1177996714457,-1.1314510581871702,2878.1147348169366,66.38440836458226,-50.21091001237366,1
Bharati,-21.641609393979135,23.131222844680746,39.102364306896185,1001.5181402255807,4.560818618847274,20.0,86.98915389085276,-23.260794993106785,1
Bharati,-0.7983855966196138,18.62431216972721,40.90451571428201,923.2292317508678,6.298645598844123,3085.1470217199208,94.855118713976,-2.1020874485005185,0
Bharati,-21.95250284888443,35.31952515079532,65.50750724980497,986.2100444043093,-9.385369455747352,3128.090949504214,90.62441538825198,-24.4248696094401,0
Maitri,-45.74142409139239,36.45058738917934,36.45058738917934,990.7520295097885,-1.0202970281714872,3100.067619838417,83.34540622615522,-48.29296520863494,0
